Exch,Exchange Segment,Symbol,Token,Instrument Type,Instrument Name,Formatted Ins Name,Lot Size,Tick Size,Trading Symbol
BSE,bse_cm,ABB,500002,E,ABB INDIA LIMITED,ABB,1,0.05,ABB
BSE,bse_cm,AEGISLOG,500003,E,AEGIS LOGISTICS LTD.,AEGISLOG,1,0.05,AEGISLOG
BSE,bse_cm,ARE&M,500008,E,Amara Raja Energy & Mobility L,ARE&M,1,0.05,ARE&M
BSE,bse_cm,AMBALALSA,500009,E,AMBALAL SARABHAI ENTERPRISES L,AMBALALSA,1,0.01,AMBALALSA
BSE,bse_cm,ANDHRAPET,500012,E,ANDHRA PETROCHEMICALS LTD.,ANDHRAPET,1,0.01,ANDHRAPET
BSE,bse_cm,ANSALAPI,500013,E,ANSAL PROPERTIES & INFRASTRUCT,ANSALAPI,1,0.01,ANSALAPI
BSE,bse_cm,UTIQUE,500014,E,UTIQUE ENTERPRISES LIMITED,UTIQUE,1,0.01,UTIQUE
BSE,bse_cm,ARUNAHTEL,500016,E,ARUNA HOTELS LTD.,ARUNAHTEL,1,0.01,ARUNAHTEL
BSE,bse_cm,BOMDYEING,500020,E,BOMBAY DYEING & MFG.CO.LTD.,BOMDYEING,1,0.05,BOMDYEING
BSE,bse_cm,ASIANHOTNR,500023,E,ASIAN HOTELS (NORTH) LIMITED,ASIANHOTNR,1,0.05,ASIANHOTNR
BSE,bse_cm,ATUL,500027,E,ATUL LTD.,ATUL,1,0.05,ATUL
BSE,bse_cm,ATVPR,500028,E,ATV PROJECTS INDIA LTD.,ATVPR,1,0.01,ATVPR
BSE,bse_cm,BAJAJELEC,500031,E,BAJAJ ELECTRICALS LTD.,BAJAJELEC,1,0.05,BAJAJELEC
BSE,bse_cm,BAJAJHIND,500032,E,BAJAJ HINDUSTHAN SUGAR LIMITED,BAJAJHIND,1,0.01,BAJAJHIND
BSE,bse_cm,FORCEMOT,500033,E,FORCE MOTORS LTD.,FORCEMOT,1,0.05,FORCEMOT
BSE,bse_cm,BAJFINANCE,500034,E,BAJAJ FINANCE LIMITED,BAJFINANCE,1,0.05,BAJFINANCE
BSE,bse_cm,BALRAMCHIN,500038,E,BALRAMPUR CHINI MILLS LTD,BALRAMCHIN,1,0.05,BALRAMCHIN
BSE,bse_cm,BANCOINDIA,500039,E,BANCO PRODUCTS (INDIA) LTD.,BANCOINDIA,1,0.05,BANCOINDIA
BSE,bse_cm,ABREL,500040,E,ADITYA BIRLA REAL ESTATE LIMIT,ABREL,1,0.05,ABREL
BSE,bse_cm,BANARISUG,500041,E,BANNARI AMMAN SUGARS LTD.,BANARISUG,1,0.05,BANARISUG
BSE,bse_cm,BASF,500042,E,BASF INDIA LTD.,BASF,1,0.05,BASF
BSE,bse_cm,BATAINDIA,500043,E,BATA INDIA LTD.,BATAINDIA,1,0.05,BATAINDIA
BSE,bse_cm,BEML,500048,E,BEML LTD.,BEML,1,0.05,BEML
BSE,bse_cm,BEL,500049,E,BHARAT ELECTRONICS LTD.,BEL,1,0.05,BEL
BSE,bse_cm,BHAGGAS,500051,E,BHAGAWATI GAS LIMITED,BHAGGAS,1,0.01,BHAGGAS
BSE,bse_cm,BEPL,500052,E,BHANSALI ENGINEERING POLYMERS,BEPL,1,0.01,BEPL
BSE,bse_cm,BIHSPONG,500058,E,BIHAR SPONGE IRON LTD.,BIHSPONG,1,0.01,BIHSPONG
BSE,bse_cm,BILVYAPAR,500059,E,BIL VYAPAR LIMITED,BILVYAPAR,1,0.01,BILVYAPAR
BSE,bse_cm,BIRLACABLE,500060,E,Birla Cable Limited,BIRLACABLE,1,0.05,BIRLACABLE
BSE,bse_cm,BLUESTARCO,500067,E,BLUE STAR LTD.,BLUESTARCO,1,0.05,BLUESTARCO
BSE,bse_cm,DISAQ,500068,E,DISA INDIA LTD.,DISAQ,1,0.05,DISAQ
BSE,bse_cm,QUESTCAP,500069,E,QUEST CAPITAL MARKETS LIMITED,QUESTCAP,1,0.05,QUESTCAP
BSE,bse_cm,BPL,500074,E,BPL LTD.,BPL,1,0.01,BPL
BSE,bse_cm,OAL,500078,E,ORIENTAL AROMATICS LIMITED,OAL,1,0.05,OAL
BSE,bse_cm,CENTEXT,500083,E,CENTURY EXTRUSIONS LTD.,CENTEXT,1,0.01,CENTEXT
BSE,bse_cm,CESC,500084,E,CESC LTD.,CESC,1,0.05,CESC
BSE,bse_cm,CHAMBLFERT,500085,E,CHAMBAL FERTILISERS & CHEMICAL,CHAMBLFERT,1,0.05,CHAMBLFERT
BSE,bse_cm,EXIDEIND,500086,E,EXIDE INDUSTRIES LTD.,EXIDEIND,1,0.05,EXIDEIND
BSE,bse_cm,CIPLA,500087,E,CIPLA LTD.,CIPLA,1,0.05,CIPLA
BSE,bse_cm,DICIND,500089,E,DIC INDIA LTD.,DICIND,1,0.05,DICIND
BSE,bse_cm,CRISIL,500092,E,CRISIL LTD.,CRISIL,1,0.05,CRISIL
BSE,bse_cm,CGPOWER,500093,E,CG Power and Industrial Soluti,CGPOWER,1,0.05,CGPOWER
BSE,bse_cm,DABUR,500096,E,DABUR INDIA LTD.,DABUR,1,0.05,DABUR
BSE,bse_cm,DALMIASUG,500097,E,DALMIA BHARAT SUGAR AND INDUST,DALMIASUG,1,0.05,DALMIASUG
BSE,bse_cm,ARVIND,500101,E,ARVIND LTD.,ARVIND,1,0.05,ARVIND
BSE,bse_cm,BHEL,500103,E,BHARAT HEAVY ELECTRICALS LTD.,BHEL,1,0.05,BHEL
BSE,bse_cm,HINDPETRO,500104,E,HINDUSTAN PETROLEUM CORPORATIO,HINDPETRO,1,0.05,HINDPETRO
BSE,bse_cm,IFCI,500106,E,IFCI LTD.,IFCI,1,0.01,IFCI
BSE,bse_cm,MTNL,500108,E,MAHANAGAR TELEPHONE NIGAM LTD.,MTNL,1,0.01,MTNL
BSE,bse_cm,MRPL,500109,E,MANGALORE REFINERY & PETROCHEM,MRPL,1,0.05,MRPL
BSE,bse_cm,CHENNPETRO,500110,E,CHENNAI PETROLEUM CORPORATION,CHENNPETRO,1,0.05,CHENNPETRO
BSE,bse_cm,SBIN,500112,E,STATE BANK OF INDIA,SBIN,1,0.05,SBIN
BSE,bse_cm,SAIL,500113,E,STEEL AUTHORITY OF INDIA LTD.,SAIL,1,0.05,SAIL
BSE,bse_cm,TITAN,500114,E,TITAN COMPANY LIMITED,TITAN,1,0.05,TITAN
BSE,bse_cm,IDBI,500116,E,IDBI BANK LTD.,IDBI,1,0.01,IDBI
BSE,bse_cm,DCW,500117,E,DCW LTD.,DCW,1,0.01,DCW
BSE,bse_cm,DHAMPURSUG,500119,E,DHAMPUR SUGAR MILLS LTD.,DHAMPURSUG,1,0.05,DHAMPURSUG
BSE,bse_cm,DIAMINESQ,500120,E,DIAMINES & CHEMICALS LTD.,DIAMINESQ,1,0.05,DIAMINESQ
BSE,bse_cm,ELANTAS,500123,E,ELANTAS BECK INDIA LTD.,ELANTAS,1,0.05,ELANTAS
BSE,bse_cm,DRREDDY,500124,E,DR.REDDYS LABORATORIES LTD.,DRREDDY,1,0.05,DRREDDY
BSE,bse_cm,EIDPARRY,500125,E,E.I.D.-PARRY (INDIA) LTD.,EIDPARRY,1,0.05,EIDPARRY
BSE,bse_cm,PGHL,500126,E,PROCTER & GAMBLE HEALTH LIMITE,PGHL,1,0.05,PGHL
BSE,bse_cm,ELECTCAST,500128,E,ELECTROSTEEL CASTINGS LTD.,ELECTCAST,1,0.01,ELECTCAST
BSE,bse_cm,ESABINDIA,500133,E,ESAB INDIA LTD.,ESABINDIA,1,0.05,ESABINDIA
BSE,bse_cm,EPL,500135,E,EPL LIMITED,EPL,1,0.05,EPL
BSE,bse_cm,ESTER,500136,E,ESTER INDUSTRIES LTD.,ESTER,1,0.01,ESTER
BSE,bse_cm,FGP,500142,E,FGP LTD.,FGP,1,0.01,FGP
BSE,bse_cm,PHCAP,500143,E,P H CAPITAL LIMITED,PHCAP,1,0.05,PHCAP
BSE,bse_cm,FINCABLES,500144,E,FINOLEX CABLES LTD.,FINCABLES,1,0.05,FINCABLES
BSE,bse_cm,COCKERILL,500147,E,JOHN COCKERILL INDIA LIMITED,COCKERILL,1,0.05,COCKERILL
BSE,bse_cm,UFLEX,500148,E,UFLEX LTD.,UFLEX,1,0.05,UFLEX
BSE,bse_cm,FOSECOIND,500150,E,FOSECO INDIA LTD.,FOSECOIND,1,0.05,FOSECOIND
BSE,bse_cm,GOLDENTOBC,500151,E,GOLDEN TOBACCO LTD.,GOLDENTOBC,1,0.01,GOLDENTOBC
BSE,bse_cm,GANESHBE,500153,E,GANESH BENZOPLAST LTD.,GANESHBE,1,0.05,GANESHBE
BSE,bse_cm,METROGLOBL,500159,E,METROGLOBAL LIMITED,METROGLOBL,1,0.05,METROGLOBL
BSE,bse_cm,GTL,500160,E,GTL LTD.,GTL,1,0.01,GTL
BSE,bse_cm,GODFRYPHLP,500163,E,GODFREY PHILLIPS INDIA LTD.,GODFRYPHLP,1,0.05,GODFRYPHLP
BSE,bse_cm,GODREJIND,500164,E,GODREJ INDUSTRIES LTD.,GODREJIND,1,0.05,GODREJIND
BSE,bse_cm,KANSAINER,500165,E,KANSAI NEROLAC PAINTS LTD.,KANSAINER,1,0.05,KANSAINER
BSE,bse_cm,GOODRICKE,500166,E,GOODRICKE GROUP LTD.,GOODRICKE,1,0.05,GOODRICKE
BSE,bse_cm,GOODYEAR,500168,E,GOODYEAR INDIA LTD.,GOODYEAR,1,0.05,GOODYEAR
BSE,bse_cm,GTNINDS,500170,E,GTN INDUSTRIES LTD.,GTNINDS,1,0.01,GTNINDS
BSE,bse_cm,GHCL,500171,E,GHCL LTD.,GHCL,1,0.05,GHCL
BSE,bse_cm,GFLLIMITED,500173,E,GFL LIMITED,GFLLIMITED,1,0.01,GFLLIMITED
BSE,bse_cm,GLFL,500174,E,GUJARAT LEASE FINANCING LTD.,GLFL,1,0.01,GLFL
BSE,bse_cm,HCL-INSYS,500179,E,HCL INFOSYSTEMS LTD.,HCL-INSYS,1,0.01,HCL-INSYS
BSE,bse_cm,HDFCBANK,500180,E,HDFC BANK LTD.,HDFCBANK,1,0.05,HDFCBANK
BSE,bse_cm,HEROMOTOCO,500182,E,HERO MOTOCORP LTD.,HEROMOTOCO,1,0.05,HEROMOTOCO
BSE,bse_cm,HFCL,500183,E,HFCL LIMITED,HFCL,1,0.05,HFCL
BSE,bse_cm,HSCL,500184,E,Himadri Speciality Chemical Lt,HSCL,1,0.05,HSCL
BSE,bse_cm,HCC,500185,E,HINDUSTAN CONSTRUCTION CO.LTD.,HCC,1,0.01,HCC
BSE,bse_cm,HINDOILEXP,500186,E,HINDUSTAN OIL EXPLORATION CO.L,HINDOILEXP,1,0.05,HINDOILEXP
BSE,bse_cm,AGI,500187,E,AGI GREENPAC LIMITED,AGI,1,0.05,AGI
BSE,bse_cm,HINDZINC,500188,E,HINDUSTAN ZINC LTD.,HINDZINC,1,0.05,HINDZINC
BSE,bse_cm,NDLVENTURE,500189,E,NDL Ventures Limited,NDLVENTURE,1,0.05,NDLVENTURE
BSE,bse_cm,HMT,500191,E,HMT LTD.,HMT,1,0.01,HMT
BSE,bse_cm,PRAGBOS,500192,E,PRAG BOSIMI SYNTHETICS LTD.,PRAGBOS,1,0.01,PRAGBOS
BSE,bse_cm,HLVLTD,500193,E,HLV LIMITED,HLVLTD,1,0.01,HLVLTD
BSE,bse_cm,IGPL,500199,E,I G PETROCHEMICALS LTD.,IGPL,1,0.05,IGPL
BSE,bse_cm,INDIAGLYCO,500201,E,INDIA GLYCOLS LTD.,INDIAGLYCO,1,0.05,INDIAGLYCO
BSE,bse_cm,INDLEASE,500202,E,INDIA LEASE DEVELOPMENT LTD.,INDLEASE,1,0.01,INDLEASE
BSE,bse_cm,MARGOFIN,500206,E,MARGO FINANCE LIMITED,MARGOFIN,1,0.01,MARGOFIN
BSE,bse_cm,INDORAMA,500207,E,INDO RAMA SYNTHETICS (INDIA) L,INDORAMA,1,0.01,INDORAMA
BSE,bse_cm,INFY,500209,E,INFOSYS LTD.,INFY,1,0.05,INFY
BSE,bse_cm,INGERRAND,500210,E,INGERSOLL-RAND (INDIA) LTD.,INGERRAND,1,0.05,INGERRAND
BSE,bse_cm,ITHL,500213,E,INTERNATIONAL TRAVEL HOUSE LTD,ITHL,1,0.05,ITHL
BSE,bse_cm,IONEXCHANG,500214,E,ION EXCHANGE (INDIA) LTD.,IONEXCHANG,1,0.05,IONEXCHANG
BSE,bse_cm,SUNDROP,500215,E,SUNDROP BRANDS LIMITED,SUNDROP,1,0.05,SUNDROP
BSE,bse_cm,JISLJALEQS,500219,E,JAIN IRRIGATION SYSTEMS LTD.,JISLJALEQS,1,0.01,JISLJALEQS
BSE,bse_cm,JASCH,500220,E,JASCH INDUSTRIES LTD.,JASCH,1,0.05,JASCH
BSE,bse_cm,JINDALPOLY,500227,E,JINDAL POLY FILMS LIMITED,JINDALPOLY,1,0.05,JINDALPOLY
BSE,bse_cm,JSWSTEEL,500228,E,JSW STEEL LTD.,JSWSTEEL,1,0.05,JSWSTEEL
BSE,bse_cm,KAJARIACER,500233,E,KAJARIA CERAMICS LTD.,KAJARIACER,1,0.05,KAJARIACER
BSE,bse_cm,KAKATCEM,500234,E,KAKATIYA CEMENT SUGAR & INDUST,KAKATCEM,1,0.05,KAKATCEM
BSE,bse_cm,KSL,500235,E,KALYANI STEELS LTD.,KSL,1,0.05,KSL
BSE,bse_cm,WHIRLPOOL,500238,E,WHIRLPOOL OF INDIA LTD.,WHIRLPOOL,1,0.05,WHIRLPOOL
BSE,bse_cm,KGDENIM,500239,E,KG DENIM LTD.,KGDENIM,1,0.01,KGDENIM
BSE,bse_cm,KINETICENG,500240,E,KINETIC ENGINEERING LTD.,KINETICENG,1,0.05,KINETICENG
BSE,bse_cm,KIRLOSBROS,500241,E,KIRLOSKAR BROTHERS LTD.,KIRLOSBROS,1,0.05,KIRLOSBROS
BSE,bse_cm,KIRLOSIND,500243,E,KIRLOSKAR INDUSTRIES LTD,KIRLOSIND,1,0.05,KIRLOSIND
BSE,bse_cm,KIRLFER,500245,E,KIRLOSKAR FERROUS INDUSTRIES L,KIRLFER,1,0.05,KIRLFER
BSE,bse_cm,ENVAIREL,500246,E,ENVAIR ELECTRODYNE LTD.,ENVAIREL,1,0.01,ENVAIREL
BSE,bse_cm,KOTAKBANK,500247,E,KOTAK MAHINDRA BANK LTD.,KOTAKBANK,1,0.05,KOTAKBANK
BSE,bse_cm,KRIFILIND,500248,E,KRISHNA FILAMENT INDUSTRIES LI,KRIFILIND,1,0.01,KRIFILIND
BSE,bse_cm,KSB,500249,E,KSB LIMITED,KSB,1,0.05,KSB
BSE,bse_cm,LGBBROSLTD,500250,E,L.G.BALAKRISHNAN & BROS.LTD.,LGBBROSLTD,1,0.05,LGBBROSLTD
BSE,bse_cm,TRENT,500251,E,TRENT LTD.,TRENT,1,0.05,TRENT
BSE,bse_cm,LMW,500252,E,LMW Limited,LMW,1,0.05,LMW
BSE,bse_cm,LICHSGFIN,500253,E,LIC HOUSING FINANCE LTD.,LICHSGFIN,1,0.05,LICHSGFIN
BSE,bse_cm,LUPIN,500257,E,LUPIN LTD.,LUPIN,1,0.05,LUPIN
BSE,bse_cm,LYKALABS,500259,E,LYKA LABS LTD.,LYKALABS,1,0.01,LYKALABS
BSE,bse_cm,RAMCOCEM,500260,E,THE RAMCO CEMENTS LIMITED,RAMCOCEM,1,0.05,RAMCOCEM
BSE,bse_cm,HYBRIDFIN,500262,E,HYBRID FINANCIAL SERVICES LIMI,HYBRIDFIN,1,0.01,HYBRIDFIN
BSE,bse_cm,MAFATIND,500264,E,MAFATLAL INDUSTRIES LTD.,MAFATIND,1,0.05,MAFATIND
BSE,bse_cm,MAHSEAMLES,500265,E,MAHARASHTRA SEAMLESS LTD.,MAHSEAMLES,1,0.05,MAHSEAMLES
BSE,bse_cm,MAHSCOOTER,500266,E,MAHARASHTRA SCOOTERS LTD.,MAHSCOOTER,1,0.05,MAHSCOOTER
BSE,bse_cm,MAJESAUT,500267,E,MAJESTIC AUTO LTD.,MAJESAUT,1,0.05,MAJESAUT
BSE,bse_cm,MANALIPETC,500268,E,MANALI PETROCHEMICAL LTD.,MANALIPETC,1,0.01,MANALIPETC
BSE,bse_cm,BARODARY,500270,E,BARODA RAYON CORPORATION LTD.,BARODARY,1,0.05,BARODARY
BSE,bse_cm,MFSL,500271,E,Max Financial Services Limited,MFSL,1,0.05,MFSL
BSE,bse_cm,MIDINDIA,500277,E,MID INDIA INDUSTRIES LTD.,MIDINDIA,1,0.01,MIDINDIA
BSE,bse_cm,ONIDA,500279,E,ONIDA ELECTRONICS LIMITED,ONIDA,1,0.01,ONIDA
BSE,bse_cm,CENTENKA,500280,E,CENTURY ENKA LTD.,CENTENKA,1,0.05,CENTENKA
BSE,bse_cm,MODTHREAD,500282,E,MODERN THREADS (INDIA) LTD.,MODTHREAD,1,0.01,MODTHREAD
BSE,bse_cm,LORDSCHLO,500284,E,LORDS CHLORO ALKALI LTD.,LORDSCHLO,1,0.05,LORDSCHLO
BSE,bse_cm,SPICEJET,500285,E,SPICEJET LTD.,SPICEJET,1,0.01,SPICEJET
BSE,bse_cm,MOREPENLAB,500288,E,MOREPEN LABORATORIES LTD.,MOREPENLAB,1,0.01,MOREPENLAB
BSE,bse_cm,MRF,500290,E,MRF LTD.,MRF,1,0.05,MRF
BSE,bse_cm,HEIDELBERG,500292,E,HEIDELBERGCEMENT INDIA LTD.,HEIDELBERG,1,0.05,HEIDELBERG
BSE,bse_cm,NCC,500294,E,NCC LIMITED,NCC,1,0.05,NCC
BSE,bse_cm,VEDL,500295,E,VEDANTA LIMITED,VEDL,1,0.05,VEDL
BSE,bse_cm,NAHARSPING,500296,E,NAHAR SPINNING MILLS LTD.,NAHARSPING,1,0.05,NAHARSPING
BSE,bse_cm,NAPEROL,500298,E,Naperol Investments Limited,NAPEROL,1,0.05,NAPEROL
BSE,bse_cm,GRASIM,500300,E,GRASIM INDUSTRIES LTD.,GRASIM,1,0.05,GRASIM
BSE,bse_cm,NIITLTD,500304,E,NIIT LTD.,NIITLTD,1,0.05,NIITLTD
BSE,bse_cm,JAYKAY,500306,E,Jaykay Enterprises Limited,JAYKAY,1,0.05,JAYKAY
BSE,bse_cm,NIRLON,500307,E,NIRLON LTD.,NIRLON,1,0.05,NIRLON
BSE,bse_cm,ONGC,500312,E,OIL AND NATURAL GAS CORPORATIO,ONGC,1,0.05,ONGC
BSE,bse_cm,OILCOUNTUB,500313,E,OIL COUNTRY TUBULAR LTD.,OILCOUNTUB,1,0.01,OILCOUNTUB
BSE,bse_cm,ORIENTHOT,500314,E,ORIENTAL HOTELS LTD.,ORIENTHOT,1,0.05,ORIENTHOT
BSE,bse_cm,OSWALAGRO,500317,E,OSWAL AGRO MILLS LTD.,OSWALAGRO,1,0.01,OSWALAGRO
BSE,bse_cm,INDSUCR,500319,E,INDIAN SUCROSE LTD.,INDSUCR,1,0.01,INDSUCR
BSE,bse_cm,PANCM,500322,E,PANYAM CEMENTS & MINERAL INDUS,PANCM,1,0.01,PANCM
BSE,bse_cm,RELIANCE,500325,E,RELIANCE INDUSTRIES LTD.,RELIANCE,1,0.05,RELIANCE
BSE,bse_cm,PILITA,500327,E,Pil Italica Lifestyle Limited,PILITA,1,0.01,PILITA
BSE,bse_cm,RAYMOND,500330,E,RAYMOND LTD.,RAYMOND,1,0.05,RAYMOND
BSE,bse_cm,PIDILITIND,500331,E,PIDILITE INDUSTRIES LTD.,PIDILITIND,1,0.05,PIDILITIND
BSE,bse_cm,PIXTRANS,500333,E,PIX TRANSMISSIONS LTD.,PIXTRANS,1,0.05,PIXTRANS
BSE,bse_cm,BIRLACORPN,500335,E,BIRLA CORPORATION LTD.,BIRLACORPN,1,0.05,BIRLACORPN
BSE,bse_cm,SURYAROSNI,500336,E,SURYA ROSHNI LTD.,SURYAROSNI,1,0.05,SURYAROSNI
BSE,bse_cm,PRIMESECU,500337,E,PRIME SECURITIES LTD.,PRIMESECU,1,0.05,PRIMESECU
BSE,bse_cm,PRSMJOHNSN,500338,E,PRISM JOHNSON LIMITED.,PRSMJOHNSN,1,0.05,PRSMJOHNSN
BSE,bse_cm,RAIN,500339,E,RAIN INDUSTRIES LIMITED,RAIN,1,0.05,RAIN
BSE,bse_cm,PRUDMOULI,500342,E,PRUDENTIAL SUGAR CORPORATION L,PRUDMOULI,1,0.01,PRUDMOULI
BSE,bse_cm,AMJLAND,500343,E,AMJ LAND HOLDINGS LIMITED,AMJLAND,1,0.01,AMJLAND
BSE,bse_cm,PUNJCOMMU,500346,E,PUNJAB COMMUNICATIONS LTD.,PUNJCOMMU,1,0.01,PUNJCOMMU
BSE,bse_cm,RSWM,500350,E,RSWM LTD.,RSWM,1,0.05,RSWM
BSE,bse_cm,RAJSREESUG,500354,E,RAJSHREE SUGARS & CHEMICALS LT,RAJSREESUG,1,0.01,RAJSREESUG
BSE,bse_cm,RALLIS,500355,E,RALLIS INDIA LTD.,RALLIS,1,0.05,RALLIS
BSE,bse_cm,RAMANEWS,500356,E,SHREE RAMA NEWSPRINT LTD.,RAMANEWS,1,0.01,RAMANEWS
BSE,bse_cm,RAMAPPR-B,500357,E,RAMA PAPER MILLS LTD.,RAMAPPR-B,1,0.01,RAMAPPR-B
BSE,bse_cm,RAPICUT,500360,E,RAPICUT CARBIDES LTD.,RAPICUT,1,0.05,RAPICUT
BSE,bse_cm,WELSPLSOL,500365,E,WELSPUN SPECIALTY SOLUTIONS LI,WELSPLSOL,1,0.01,WELSPLSOL
BSE,bse_cm,RUBFILA,500367,E,RUBFILA INTERNATIONAL LTD.,RUBFILA,1,0.01,RUBFILA
BSE,bse_cm,PATANJALI,500368,E,Patanjali Foods Limited,PATANJALI,1,0.05,PATANJALI
BSE,bse_cm,SALORAINTL,500370,E,SALORA INTERNATIONAL LTD.,SALORAINTL,1,0.01,SALORAINTL
BSE,bse_cm,SAMTELIN,500371,E,SAMTEL INDIA LTD.,SAMTELIN,1,0.01,SAMTELIN
BSE,bse_cm,JINDALSAW,500378,E,JINDAL SAW LTD.,JINDALSAW,1,0.05,JINDALSAW
BSE,bse_cm,JKLAKSHMI,500380,E,JK LAKSHMI CEMENT LTD.,JKLAKSHMI,1,0.05,JKLAKSHMI
BSE,bse_cm,SHREECEM,500387,E,SHREE CEMENT LTD.,SHREECEM,1,0.05,SHREECEM
BSE,bse_cm,SKPMIL,500388,E,SHREE KRISHNA PAPER MILLS & IN,SKPMIL,1,0.01,SKPMIL
BSE,bse_cm,TATAPOWER,500400,E,TATA POWER CO.LTD.,TATAPOWER,1,0.05,TATAPOWER
BSE,bse_cm,SPMLINFRA,500402,E,SPML INFRA LIMITED,SPMLINFRA,1,0.05,SPMLINFRA
BSE,bse_cm,SUNDRMFAST,500403,E,SUNDRAM FASTENERS LTD.,SUNDRMFAST,1,0.05,SUNDRMFAST
BSE,bse_cm,SUNFLAG,500404,E,SUNFLAG IRON & STEEL CO.LTD.,SUNFLAG,1,0.05,SUNFLAG
BSE,bse_cm,SPLPETRO,500405,E,SUPREME PETROCHEM LTD.,SPLPETRO,1,0.05,SPLPETRO
BSE,bse_cm,SWARAJENG,500407,E,SWARAJ ENGINES LTD.,SWARAJENG,1,0.05,SWARAJENG
BSE,bse_cm,TATAELXSI,500408,E,TATA ELXSI LTD.,TATAELXSI,1,0.05,TATAELXSI
BSE,bse_cm,ACC,500410,E,ACC LTD.,ACC,1,0.05,ACC
BSE,bse_cm,THERMAX,500411,E,THERMAX LTD.,THERMAX,1,0.05,THERMAX
BSE,bse_cm,TIRUMALCHM,500412,E,THIRUMALAI CHEMICALS LTD.,TIRUMALCHM,1,0.05,TIRUMALCHM
BSE,bse_cm,THOMASCOOK,500413,E,THOMAS COOK (INDIA) LTD.,THOMASCOOK,1,0.05,THOMASCOOK
BSE,bse_cm,TIMEX,500414,E,TIMEX GROUP INDIA LTD.,TIMEX,1,0.05,TIMEX
BSE,bse_cm,TOKYOPLAST,500418,E,TOKYO PLAST INTERNATIONAL LTD.,TOKYOPLAST,1,0.01,TOKYOPLAST
BSE,bse_cm,TORNTPHARM,500420,E,TORRENT PHARMACEUTICALS LTD.,TORNTPHARM,1,0.05,TORNTPHARM
BSE,bse_cm,TPINDIA,500421,E,TPI INDIA LTD.,TPINDIA,1,0.01,TPINDIA
BSE,bse_cm,TRANSCHEM,500422,E,TRANSCHEM LTD.,TRANSCHEM,1,0.05,TRANSCHEM
BSE,bse_cm,AMBUJACEM,500425,E,AMBUJA CEMENTS LTD.,AMBUJACEM,1,0.05,AMBUJACEM
BSE,bse_cm,UTLINDS,500426,E,UTL INDUSTRIES LIMITED,UTLINDS,1,0.01,UTLINDS
BSE,bse_cm,UNIENTER,500429,E,UNIPHOS ENTERPRISES LTD.,UNIENTER,1,0.05,UNIENTER
BSE,bse_cm,VHL,500439,E,VARDHMAN HOLDINGS LTD.,VHL,1,0.05,VHL
BSE,bse_cm,HINDALCO,500440,E,HINDALCO INDUSTRIES LTD.,HINDALCO,1,0.05,HINDALCO
BSE,bse_cm,WSTCSTPAPR,500444,E,West Coast Paper Mills Limited,WSTCSTPAPR,1,0.05,WSTCSTPAPR
BSE,bse_cm,HOCL,500449,E,HINDUSTAN ORGANIC CHEMICALS LT,HOCL,1,0.01,HOCL
BSE,bse_cm,MPILCORPL,500450,E,MPIL CORPORATION LTD.,MPILCORPL,1,0.05,MPILCORPL
BSE,bse_cm,PASUPTAC,500456,E,PASUPATI ACRYLON LTD.,PASUPTAC,1,0.01,PASUPTAC
BSE,bse_cm,TEAM24,500458,E,TEAM24 CONSUMER PRODUCTS LIMIT,TEAM24,1,0.01,TEAM24
BSE,bse_cm,PGHH,500459,E,PROCTER & GAMBLE HYGIENE & HEA,PGHH,1,0.05,PGHH
BSE,bse_cm,MUKANDLTD,500460,E,MUKAND LTD.,MUKANDLTD,1,0.05,MUKANDLTD
BSE,bse_cm,BBOX,500463,E,BLACK BOX LIMITED,BBOX,1,0.05,BBOX
BSE,bse_cm,UCAL,500464,E,UCAL LIMITED,UCAL,1,0.05,UCAL
BSE,bse_cm,HARRMALAYA,500467,E,HARRISONS MALAYALAM LTD.,HARRMALAYA,1,0.05,HARRMALAYA
BSE,bse_cm,FEDERALBNK,500469,E,FEDERAL BANK LTD.,FEDERALBNK,1,0.05,FEDERALBNK
BSE,bse_cm,TATASTEEL,500470,E,TATA STEEL LTD.,TATASTEEL,1,0.05,TATASTEEL
BSE,bse_cm,SKFINDIA,500472,E,SKF INDIA LIMITED,SKFINDIA,1,0.05,SKFINDIA
BSE,bse_cm,ASHOKLEY,500477,E,ASHOK LEYLAND LTD.,ASHOKLEY,1,0.05,ASHOKLEY
BSE,bse_cm,CUMMINSIND,500480,E,CUMMINS INDIA LTD.,CUMMINSIND,1,0.05,CUMMINSIND
BSE,bse_cm,TATACOMM,500483,E,TATA COMMUNICATIONS LTD.,TATACOMM,1,0.05,TATACOMM
BSE,bse_cm,ABBOTINDIA,500488,E,ABBOTT INDIA LTD.,ABBOTINDIA,1,0.05,ABBOTINDIA
BSE,bse_cm,BAJAJHLDNG,500490,E,BAJAJ HOLDINGS & INVESTMENT LT,BAJAJHLDNG,1,0.05,BAJAJHLDNG
BSE,bse_cm,BHARATFORG,500493,E,BHARAT FORGE LTD.,BHARATFORG,1,0.05,BHARATFORG
BSE,bse_cm,ESCORTS,500495,E,Escorts Kubota Limited,ESCORTS,1,0.05,ESCORTS
BSE,bse_cm,HINDMOTORS,500500,E,HINDUSTAN MOTORS LTD.,HINDMOTORS,1,0.01,HINDMOTORS
BSE,bse_cm,LT,500510,E,LARSEN & TOUBRO LTD.,LT,1,0.05,LT
BSE,bse_cm,M&M,500520,E,MAHINDRA & MAHINDRA LTD.,M&M,1,0.05,M&M
BSE,bse_cm,BOSCHLTD,500530,E,BOSCH LTD.,BOSCHLTD,1,0.05,BOSCHLTD
BSE,bse_cm,PREMIER,500540,E,PREMIER LTD.,PREMIER,1,0.01,PREMIER
BSE,bse_cm,BPCL,500547,E,BHARAT PETROLEUM CORPORATION L,BPCL,1,0.05,BPCL
BSE,bse_cm,SIEMENS,500550,E,SIEMENS LTD.,SIEMENS,1,0.05,SIEMENS
BSE,bse_cm,TMPV,500570,E,TATA MOTORS PASSENGER VEHICLES,TMPV,1,0.05,TMPV
BSE,bse_cm,VOLTAS,500575,E,VOLTAS LTD.,VOLTAS,1,0.05,VOLTAS
BSE,bse_cm,GESHIP,500620,E,GREAT EASTERN SHIPPING CO.LTD.,GESHIP,1,0.05,GESHIP
BSE,bse_cm,DEEPAKFERT,500645,E,DEEPAK FERTILISERS & PETROCHEM,DEEPAKFERT,1,0.05,DEEPAKFERT
BSE,bse_cm,EXCELINDUS,500650,E,EXCEL INDUSTRIES LTD.,EXCELINDUS,1,0.05,EXCELINDUS
BSE,bse_cm,GRWRHITECH,500655,E,GARWARE HI-TECH FILMS LIMITED,GRWRHITECH,1,0.05,GRWRHITECH
BSE,bse_cm,GLAXO,500660,E,GLAXOSMITHKLINE PHARMACEUTICAL,GLAXO,1,0.05,GLAXO
BSE,bse_cm,GNFC,500670,E,GUJARAT NARMADA VALLEY FERTILI,GNFC,1,0.05,GNFC
BSE,bse_cm,NOVARTIND,500672,E,NOVARTIS INDIA LTD.,NOVARTIND,1,0.05,NOVARTIND
BSE,bse_cm,SANOFI,500674,E,SANOFI INDIA LTD,SANOFI,1,0.05,SANOFI
BSE,bse_cm,PFIZER,500680,E,PFIZER LTD.,PFIZER,1,0.05,PFIZER
BSE,bse_cm,GSFC,500690,E,GUJARAT STATE FERTILIZERS & CH,GSFC,1,0.05,GSFC
BSE,bse_cm,HINDUNILVR,500696,E,HINDUSTAN UNILEVER LTD.,HINDUNILVR,1,0.05,HINDUNILVR
BSE,bse_cm,JSWDULUX,500710,E,JSW Dulux Limited,JSWDULUX,1,0.05,JSWDULUX
BSE,bse_cm,NOCIL,500730,E,NOCIL LTD.,NOCIL,1,0.05,NOCIL
BSE,bse_cm,TATACHEM,500770,E,TATA CHEMICALS LTD.,TATACHEM,1,0.05,TATACHEM
BSE,bse_cm,TNPETRO,500777,E,TAMILNADU PETROPRODUCTS LTD.,TNPETRO,1,0.01,TNPETRO
BSE,bse_cm,ZUARIIND,500780,E,Zuari Industries Limited,ZUARIIND,1,0.05,ZUARIIND
BSE,bse_cm,NESTLEIND,500790,E,NESTLE INDIA LTD.,NESTLEIND,1,0.05,NESTLEIND
BSE,bse_cm,TATACONSUM,500800,E,TATA CONSUMER PRODUCTS LIMITED,TATACONSUM,1,0.05,TATACONSUM
BSE,bse_cm,ASIANPAINT,500820,E,ASIAN PAINTS LTD.,ASIANPAINT,1,0.05,ASIANPAINT
BSE,bse_cm,BRITANNIA,500825,E,BRITANNIA INDUSTRIES LTD.,BRITANNIA,1,0.05,BRITANNIA
BSE,bse_cm,COLPAL,500830,E,COLGATE-PALMOLIVE (INDIA) LTD.,COLPAL,1,0.05,COLPAL
BSE,bse_cm,EIHOTEL,500840,E,EIH LTD.,EIHOTEL,1,0.05,EIHOTEL
BSE,bse_cm,INDHOTEL,500850,E,THE INDIAN HOTELS COMPANY LTD,INDHOTEL,1,0.05,INDHOTEL
BSE,bse_cm,CASTROLIND,500870,E,CASTROL INDIA LTD.,CASTROLIND,1,0.05,CASTROLIND
BSE,bse_cm,ITC,500875,E,ITC LTD.,ITC,1,0.05,ITC
BSE,bse_cm,APOLLOTYRE,500877,E,APOLLO TYRES LTD.,APOLLOTYRE,1,0.05,APOLLOTYRE
BSE,bse_cm,CEATLTD,500878,E,CEAT LTD.,CEATLTD,1,0.05,CEATLTD
BSE,bse_cm,MODIRUBBER,500890,E,MODI RUBBER LTD.,MODIRUBBER,1,0.05,MODIRUBBER
BSE,bse_cm,FINPIPE,500940,E,FINOLEX INDUSTRIES LTD.,FINPIPE,1,0.05,FINPIPE
BSE,bse_cm,SUNRINV,501110,E,SUNRISE INDUSTRIAL TRADERS LTD,SUNRINV,1,0.01,SUNRINV
BSE,bse_cm,ZGOLDINV,501111,E,GOLD ROCK INVESTMENTS LTD.,ZGOLDINV,1,0.01,ZGOLDINV
BSE,bse_cm,DSINVEST,501148,E,DALAL STREET INVESTMENTS LTD.,DSINVEST,1,0.05,DSINVEST
BSE,bse_cm,CENTRUM,501150,E,CENTRUM CAPITAL LTD.,CENTRUM,1,0.01,CENTRUM
BSE,bse_cm,KARTKIN,501151,E,KARTIK INVESTMENTS TRUST LTD.,KARTKIN,1,0.05,KARTKIN
BSE,bse_cm,TCIFINANCE,501242,E,TCI FINANCE LTD.,TCIFINANCE,1,0.01,TCIFINANCE
BSE,bse_cm,ANTARIKSH,501270,E,ANTARIKSH INDUSTRIES LIMITED,ANTARIKSH,1,0.01,ANTARIKSH
BSE,bse_cm,IITL,501295,E,INDUSTRIAL INVESTMENT TRUST LT,IITL,1,0.05,IITL
BSE,bse_cm,INDPRUD,501298,E,INDUSTRIAL & PRUDENTIAL INVEST,INDPRUD,1,0.05,INDPRUD
BSE,bse_cm,TATAINVEST,501301,E,TATA INVESTMENT CORPORATION LT,TATAINVEST,1,0.05,TATAINVEST
BSE,bse_cm,JAYBHCR,501311,E,JAYABHARAT CREDIT LTD.,JAYBHCR,1,0.01,JAYBHCR
BSE,bse_cm,PRISMX,501314,E,PRISMX GLOBAL VENTURES LIMITED,PRISMX,1,0.01,PRISMX
BSE,bse_cm,MOTOGENFIN,501343,E,MOTOR & GENERAL FINANCE LTD.,MOTOGENFIN,1,0.01,MOTOGENFIN
BSE,bse_cm,RAPIDIN,501351,E,RAPID INVESTMENTS LTD.,RAPIDIN,1,0.01,RAPIDIN
BSE,bse_cm,WALCHPF,501370,E,WALCHAND PEOPLEFIRST LTD.,WALCHPF,1,0.05,WALCHPF
BSE,bse_cm,EENTER,501386,E,E and E ENTERPRISES LIMITED,EENTER,1,0.01,EENTER
BSE,bse_cm,WHBRADY,501391,E,W.H.BRADY & CO.LTD.,WHBRADY,1,0.05,WHBRADY
BSE,bse_cm,TECHNVISN,501421,E,TechNVision Ventures Limited,TECHNVISN,1,0.05,TECHNVISN
BSE,bse_cm,SHAILY,501423,E,SHAILY ENGINEERING PLASTICS LT,SHAILY,1,0.05,SHAILY
BSE,bse_cm,BBTC,501425,E,The Bombay Burmah Trading Corp,BBTC,1,0.05,BBTC
BSE,bse_cm,BOMBCYC,501430,E,BOMBAY CYCLE & MOTOR AGENCY LT,BOMBCYC,1,0.05,BOMBCYC
BSE,bse_cm,GREAVESCOT,501455,E,GREAVES COTTON LTD.,GREAVESCOT,1,0.05,GREAVESCOT
BSE,bse_cm,MULLER,501477,E,MULLER & PHIPPS (INDIA) LTD.,MULLER,1,0.05,MULLER
BSE,bse_cm,SFTL,501479,E,SPRINGFORM TECHNOLOGY LIMITED,SFTL,50,0.01,SFTL
BSE,bse_cm,AMALGAM,501622,E,AMALGAMATED ELECTRICITY CO.LTD,AMALGAM,1,0.01,AMALGAM
BSE,bse_cm,ANANDPROJ,501630,E,ANAND PROJECTS LTD,ANANDPROJ,1,0.01,ANANDPROJ
BSE,bse_cm,INDIANVSH,501700,E,INDIANIVESH LTD.,INDIANVSH,1,0.01,INDIANVSH
BSE,bse_cm,COASTCORP,501831,E,COASTAL CORPORATION LTD.,COASTCORP,1,0.01,COASTCORP
BSE,bse_cm,CHOWGULSTM,501833,E,CHOWGULE STEAMSHIPS LTD.,CHOWGULSTM,1,0.01,CHOWGULSTM
BSE,bse_cm,GARWAOFFS,501848,E,GARWARE OFFSHORE SERVICES LIMI,GARWAOFFS,1,0.01,GARWAOFFS
BSE,bse_cm,DHENUBUILD,501945,E,DHENU BUILDCON INFRA LTD.,DHENUBUILD,1,0.01,DHENUBUILD
BSE,bse_cm,ASIIL,502015,E,ASI INDUSTRIES LIMITED,ASIIL,1,0.01,ASIIL
BSE,bse_cm,SAGCEM,502090,E,SAGAR CEMENTS LTD.,SAGCEM,1,0.05,SAGCEM
BSE,bse_cm,DECCANCE,502137,E,DECCAN CEMENTS LTD.,DECCANCE,1,0.05,DECCANCE
BSE,bse_cm,MANGLMCEM,502157,E,MANGALAM CEMENT LTD.,MANGLMCEM,1,0.05,MANGLMCEM
BSE,bse_cm,NCLIND,502168,E,NCL INDUSTRIES LTD.,NCLIND,1,0.05,NCLIND
BSE,bse_cm,SAURASHCEM,502175,E,SAURASHTRA CEMENT LTD.,SAURASHCEM,1,0.01,SAURASHCEM
BSE,bse_cm,SHREDIGCEM,502180,E,SHREE DIGVIJAY CEMENT CO.LTD.,SHREDIGCEM,1,0.01,SHREDIGCEM
BSE,bse_cm,BORORENEW,502219,E,BOROSIL RENEWABLES LIMITED,BORORENEW,1,0.05,BORORENEW
BSE,bse_cm,LERTHAI,502250,E,LERTHAI FINANCE LIMITED,LERTHAI,1,0.05,LERTHAI
BSE,bse_cm,TRIVENIGQ,502281,E,TRIVENI GLASS LTD.,TRIVENIGQ,1,0.01,TRIVENIGQ
BSE,bse_cm,NILACHAL,502294,E,NILACHAL REFRACTORIES LTD.,NILACHAL,1,0.01,NILACHAL
BSE,bse_cm,ANDHRAPAP,502330,E,ANDHRA PAPER LIMITED,ANDHRAPAP,1,0.01,ANDHRAPAP
BSE,bse_cm,BALKRISIND,502355,E,BALKRISHNA INDUSTRIES LTD.,BALKRISIND,1,0.05,BALKRISIND
BSE,bse_cm,ORIENTPPR,502420,E,ORIENT PAPER & INDUSTRIES LTD.,ORIENTPPR,1,0.01,ORIENTPPR
BSE,bse_cm,CITADEL,502445,E,CITADEL REALTY AND DEVELOPERS,CITADEL,1,0.01,CITADEL
BSE,bse_cm,ROLLT,502448,E,ROLLATAINERS LTD.,ROLLT,1,0.01,ROLLT
BSE,bse_cm,SESHAPAPER,502450,E,SESHASAYEE PAPER & BOARDS LTD.,SESHAPAPER,1,0.05,SESHAPAPER
BSE,bse_cm,NATHIND,502587,E,NATH INDUSTRIES LIMITED,NATHIND,1,0.01,NATHIND
BSE,bse_cm,VAPIENTER,502589,E,VAPI ENTERPRISE LIMITED,VAPIENTER,1,0.05,VAPIENTER
BSE,bse_cm,DCM,502820,E,DCM LTD.,DCM,1,0.01,DCM
BSE,bse_cm,ZGAEKWAR,502850,E,GAEKWAR MILLS LTD.,ZGAEKWAR,1,0.01,ZGAEKWAR
BSE,bse_cm,FORBESCO,502865,E,FORBES & COMPANY LTD.,FORBESCO,1,0.05,FORBESCO
BSE,bse_cm,HPCOTTON,502873,E,H.P.COTTON TEXTILE MILLS LTD.,HPCOTTON,1,0.05,HPCOTTON
BSE,bse_cm,UNITEDINT,502893,E,UNITED INTERACTIVE LTD.,UNITEDINT,1,0.01,UNITEDINT
BSE,bse_cm,JAMSHRI,502901,E,JAMSHRI REALTY LIMITED,JAMSHRI,1,0.01,JAMSHRI
BSE,bse_cm,KATRSPG,502933,E,KATARE SPINNING MILLS LTD.,KATRSPG,1,0.05,KATRSPG
BSE,bse_cm,KESORAMIND,502937,E,KESORAM INDUSTRIES LTD.,KESORAMIND,1,0.01,KESORAMIND
BSE,bse_cm,LAKSHMIMIL,502958,E,LAKSHMI MILLS COMPANY LTD.,LAKSHMIMIL,1,0.05,LAKSHMIMIL
BSE,bse_cm,VTL,502986,E,VARDHMAN TEXTILES LTD.,VTL,1,0.05,VTL
BSE,bse_cm,PENINLAND,503031,E,PENINSULA LAND LTD.,PENINLAND,1,0.01,PENINLAND
BSE,bse_cm,PASUSPG,503092,E,PASUPATI SPG.& WVG.MILLS LTD.,PASUSPG,1,0.01,PASUSPG
BSE,bse_cm,PHOENIXLTD,503100,E,THE PHOENIX MILLS LTD,PHOENIXLTD,1,0.05,PHOENIXLTD
BSE,bse_cm,MARATHON,503101,E,MARATHON NEXTGEN REALTY LTD.,MARATHON,1,0.05,MARATHON
BSE,bse_cm,RAJABAH,503127,E,RAJA BAHADUR INTERNATIONAL LTD,RAJABAH,1,0.05,RAJABAH
BSE,bse_cm,RELCHEMQ,503162,E,RELIANCE CHEMOTEX INDUSTRIES L,RELCHEMQ,1,0.05,RELCHEMQ
BSE,bse_cm,RUBYMILLS,503169,E,RUBY MILLS LTD.,RUBYMILLS,1,0.05,RUBYMILLS
BSE,bse_cm,SIMPLXREA,503229,E,SIMPLEX REALTY LTD.,SIMPLXREA,1,0.05,SIMPLXREA
BSE,bse_cm,SWANCORP,503310,E,Swan Corp Limited,SWANCORP,1,0.05,SWANCORP
BSE,bse_cm,VICTMILL,503349,E,VICTORIA MILLS LTD.,VICTMILL,1,0.05,VICTMILL
BSE,bse_cm,ZSVTRADI,503622,E,S.V.TRADING & AGENCIES LTD.,ZSVTRADI,1,0.01,ZSVTRADI
BSE,bse_cm,ZSVARAJT,503624,E,SVARAJ TRADING & AGENCIES LTD.,ZSVARAJT,1,0.01,ZSVARAJT
BSE,bse_cm,MANGLAM,503626,E,Manglam Global Corporations Li,MANGLAM,1,0.01,MANGLAM
BSE,bse_cm,SALSAIN,503635,E,SHREE SALASAR INVESTMENT LTD.,SALSAIN,1,0.05,SALSAIN
BSE,bse_cm,APOLLOIN,503639,E,Apollo Ingredients Limited,APOLLOIN,1,0.01,APOLLOIN
BSE,bse_cm,ZODIACVEN,503641,E,ZODIAC VENTURES LIMITED,ZODIACVEN,1,0.01,ZODIACVEN
BSE,bse_cm,VEERENRGY,503657,E,VEER ENERGY & INFRASTRUCTURE L,VEERENRGY,1,0.01,VEERENRGY
BSE,bse_cm,SW1,503659,E,SW INVESTMENTS LTD,SW1,1,0.05,SW1
BSE,bse_cm,TILAK,503663,E,Tilak Ventures Limited,TILAK,1,0.01,TILAK
BSE,bse_cm,UNIJOLL,503671,E,UNIJOLLY INVESTMENTS CO.LTD.,UNIJOLL,1,0.01,UNIJOLL
BSE,bse_cm,WAGEND,503675,E,WAGEND INFRA VENTURE LIMITED,WAGEND,1,0.01,WAGEND
BSE,bse_cm,ELCIDIN,503681,E,ELCID INVESTMENTS LTD.,ELCIDIN,1,0.05,ELCIDIN
BSE,bse_cm,MEDIAONE,503685,E,MEDIAONE GLOBAL ENTERTAINMENT,MEDIAONE,1,0.01,MEDIAONE
BSE,bse_cm,HEALINV,503689,E,HEALTHY INVESTMENTS LTD.,HEALINV,1,0.01,HEALINV
BSE,bse_cm,SHRENTI,503696,E,SHREENATH INVESTMENTS CO.LTD.,SHRENTI,1,0.01,SHRENTI
BSE,bse_cm,BANSWRAS,503722,E,BANSWARA SYNTEX LTD.,BANSWRAS,1,0.05,BANSWRAS
BSE,bse_cm,MODWOOL,503772,E,MODELLA WOOLLENS LTD.,MODWOOL,1,0.01,MODWOOL
BSE,bse_cm,MODIPON,503776,E,MODIPON LTD.,MODIPON,1,0.01,MODIPON
BSE,bse_cm,SHRIDINE,503804,E,SHRI DINESH MILLS LTD.,SHRIDINE,1,0.05,SHRIDINE
BSE,bse_cm,SRF,503806,E,SRF LTD.,SRF,1,0.05,SRF
BSE,bse_cm,SIYSIL,503811,E,SIYARAM SILK MILLS LTD.,SIYSIL,1,0.05,SIYSIL
BSE,bse_cm,SWADPOL,503816,E,SWADESHI POLYTEX LTD.,SWADPOL,1,0.01,SWADPOL
BSE,bse_cm,SHRAJSYNQ,503837,E,SHREE RAJASTHAN SYNTEX LTD.,SHRAJSYNQ,1,0.01,SHRAJSYNQ
BSE,bse_cm,SHRMFGC,503863,E,SHREE MANUFACTURING CO.LTD.,SHRMFGC,1,0.01,SHRMFGC
BSE,bse_cm,ZSATYASL,503893,E,SATYAM SILK MILLS LTD.,ZSATYASL,1,0.01,ZSATYASL
BSE,bse_cm,BBL,503960,E,BHARAT BIJLEE LTD.,BBL,1,0.05,BBL
BSE,bse_cm,ELPROINTL,504000,E,ELPRO INTERNATIONAL LTD.,ELPROINTL,1,0.05,ELPROINTL
BSE,bse_cm,GEE,504028,E,GEE LTD.,GEE,1,0.05,GEE
BSE,bse_cm,HIRECT,504036,E,HIND RECTIFIERS LTD.,HIRECT,1,0.05,HIRECT
BSE,bse_cm,NIPPOBATRY,504058,E,INDO-NATIONAL LTD.,NIPPOBATRY,1,0.05,NIPPOBATRY
BSE,bse_cm,ZENSARTECH,504067,E,ZENSAR TECHNOLOGIES LTD.,ZENSARTECH,1,0.05,ZENSARTECH
BSE,bse_cm,JYOTI,504076,E,JYOTI LTD.,JYOTI,1,0.01,JYOTI
BSE,bse_cm,JSLINDL,504080,E,JSL INDUSTRIES LTD.,JSLINDL,1,0.05,JSLINDL
BSE,bse_cm,KAYCEEI,504084,E,KAYCEE INDUSTRIES LTD.,KAYCEEI,1,0.05,KAYCEEI
BSE,bse_cm,INDOKEM,504092,E,INDOKEM LTD.,INDOKEM,1,0.05,INDOKEM
BSE,bse_cm,PANAENERG,504093,E,PANASONIC ENERGY INDIA COMPANY,PANAENERG,1,0.05,PANAENERG
BSE,bse_cm,NELCO,504112,E,NELCO LTD.,NELCO,1,0.05,NELCO
BSE,bse_cm,PERMAGN,504132,E,PERMANENT MAGNETS LTD.,PERMAGN,1,0.05,PERMAGN
BSE,bse_cm,HIGHENE,504176,E,HIGH ENERGY BATTERIES (INDIA),HIGHENE,1,0.05,HIGHENE
BSE,bse_cm,STDBAT,504180,E,STANDARD BATTERIES LTD.,STDBAT,1,0.01,STDBAT
BSE,bse_cm,UNIVCABLES,504212,E,UNIVERSAL CABLES LTD.,UNIVCABLES,1,0.05,UNIVCABLES
BSE,bse_cm,WSI,504220,E,W.S.INDUSTRIES (INDIA) LTD.,WSI,1,0.01,WSI
BSE,bse_cm,DLTNCBL,504240,E,DELTON CABLES LTD.,DLTNCBL,1,0.05,DLTNCBL
BSE,bse_cm,LAKSELEC,504258,E,LAKSHMI ELECTRICAL CONTROL SYS,LAKSELEC,1,0.05,LAKSELEC
BSE,bse_cm,MODULEX,504273,E,MODULEX CONSTRUCTION TECHNOLOG,MODULEX,1,0.01,MODULEX
BSE,bse_cm,DELTAMAGNT,504286,E,DELTA MANUFACTURING LIMITED,DELTAMAGNT,1,0.01,DELTAMAGNT
BSE,bse_cm,LONGSPUR,504340,E,Longspur International Venture,LONGSPUR,1,0.01,LONGSPUR
BSE,bse_cm,RELTD,504341,E,RAVINDRA ENERGY LIMITED,RELTD,1,0.05,RELTD
BSE,bse_cm,EMPOWER,504351,E,EMPOWER INDIA LTD.,EMPOWER,1,0.01,EMPOWER
BSE,bse_cm,ZMULTIPU,504356,E,MULTIPURPOSE TRADING & AGENCIE,ZMULTIPU,1,0.01,ZMULTIPU
BSE,bse_cm,RIDHISYN,504365,E,RIDHI SYNTHETICS LTD.,RIDHISYN,1,0.01,RIDHISYN
BSE,bse_cm,GRANDMA,504369,E,GRANDMA TRADING & AGENCIES LTD,GRANDMA,1,0.01,GRANDMA
BSE,bse_cm,ARDIALL,504370,E,Ardi Alliances Limited,ARDIALL,1,0.01,ARDIALL
BSE,bse_cm,IDREAM,504375,E,IDream Film Infrastructure Com,IDREAM,50,0.05,IDREAM
BSE,bse_cm,NYSSACORP,504378,E,NYSSA CORPORATION LIMITED,NYSSACORP,1,0.01,NYSSACORP
BSE,bse_cm,FLOMIC,504380,E,FLOMIC GLOBAL LOGISTICS LIMITE,FLOMIC,1,0.01,FLOMIC
BSE,bse_cm,KRISHNA,504392,E,KRISHNA VENTURES LIMITED,KRISHNA,1,0.01,KRISHNA
BSE,bse_cm,GANHOLD,504397,E,GANESH HOLDINGS LTD.,GANHOLD,1,0.01,GANHOLD
BSE,bse_cm,UNIABEXAL,504605,E,UNI ABEX ALLOY PRODUCTS LTD.,UNIABEXAL,1,0.05,UNIABEXAL
BSE,bse_cm,SARDAEN,504614,E,SARDA ENERGY & MINERALS LTD.,SARDAEN,1,0.05,SARDAEN
BSE,bse_cm,BGWTATO,504646,E,BHAGWATI AUTOCAST LTD.,BGWTATO,1,0.05,BGWTATO
BSE,bse_cm,BOMBWIR,504648,E,BOMBAY WIRE ROPES LTD.,BOMBWIR,1,0.01,BOMBWIR
BSE,bse_cm,GALADA,504697,E,GALADA POWER & TELECOMMUNICATI,GALADA,1,0.01,GALADA
BSE,bse_cm,AZADIND,504731,E,AZAD INDIA MOBILITY LIMITED,AZADIND,1,0.01,AZADIND
BSE,bse_cm,INDIANHUME,504741,E,INDIAN HUME PIPE CO.LTD.,INDIANHUME,1,0.05,INDIANHUME
BSE,bse_cm,INLCM,504746,E,INDIAN LINK CHAIN MANUFACTURES,INLCM,1,0.05,INLCM
BSE,bse_cm,INVPRECQ,504786,E,INVESTMENT & PRECISION CASTING,INVPRECQ,1,0.05,INVPRECQ
BSE,bse_cm,INFORTEC,504810,E,INFORMED TECHNOLOGIES INDIA LT,INFORTEC,1,0.01,INFORTEC
BSE,bse_cm,KAIRA,504840,E,KAIRA CAN CO.LTD.,KAIRA,1,0.05,KAIRA
BSE,bse_cm,ORIENTCER,504879,E,ORIENT CERATECH LIMITED,ORIENTCER,1,0.01,ORIENTCER
BSE,bse_cm,NATIONSTD,504882,E,NATIONAL STANDARD (INDIA) LTD.,NATIONSTD,1,0.05,NATIONSTD
BSE,bse_cm,RATHIST,504903,E,RATHI STEEL & POWER LTD.,RATHIST,1,0.01,RATHIST
BSE,bse_cm,DUNCANENG,504908,E,Duncan Engineering Limited,DUNCANENG,1,0.05,DUNCANENG
BSE,bse_cm,SANDUMA,504918,E,SANDUR MANGANESE & IRON ORES L,SANDUMA,1,0.05,SANDUMA
BSE,bse_cm,STOVACQ,504959,E,STOVEC INDUSTRIES LTD.,STOVACQ,1,0.05,STOVACQ
BSE,bse_cm,CHOLAHLDNG,504973,E,CHOLAMANDALAM FINANCIAL HOLDIN,CHOLAHLDNG,1,0.05,CHOLAHLDNG
BSE,bse_cm,ZWELCAST,504988,E,WELCAST STEELS LTD.,ZWELCAST,1,0.05,ZWELCAST
BSE,bse_cm,WMINIMT,504998,E,WESTERN MINISTIL LTD.,WMINIMT,50,0.01,WMINIMT
BSE,bse_cm,AUTOAXLES,505010,E,AUTOMOTIVE AXLES LTD.,AUTOAXLES,1,0.05,AUTOAXLES
BSE,bse_cm,ATLASCYCLE,505029,E,ATLAS CYCLES (HARYANA) LTD.,ATLASCYCLE,1,0.01,ATLASCYCLE
BSE,bse_cm,AUTOPRD,505032,E,AUTOMOBILE PRODUCTS OF INDIA L,AUTOPRD,1,0.01,AUTOPRD
BSE,bse_cm,ACGL,505036,E,AUTOMOBILE CORPORATION OF GOA,ACGL,1,0.05,ACGL
BSE,bse_cm,SETCO,505075,E,SETCO AUTOMOTIVE LTD.,SETCO,1,0.01,SETCO
BSE,bse_cm,TALBROAUTO,505160,E,TALBROS AUTOMOTIVE COMPONENTS,TALBROAUTO,1,0.05,TALBROAUTO
BSE,bse_cm,ZFSTEERING,505163,E,Z.F.STEERING GEAR (INDIA) LTD.,ZFSTEERING,1,0.05,ZFSTEERING
BSE,bse_cm,SMLMAH,505192,E,SML Mahindra Limited,SMLMAH,1,0.05,SMLMAH
BSE,bse_cm,TIL,505196,E,TIL LTD.,TIL,1,0.05,TIL
BSE,bse_cm,EICHERMOT,505200,E,EICHER MOTORS LTD.,EICHERMOT,1,0.05,EICHERMOT
BSE,bse_cm,JAINEX,505212,E,JAINEX AAMCOL LTD.,JAINEX,1,0.05,JAINEX
BSE,bse_cm,ALFREDHE,505216,E,ALFRED HERBERT (INDIA) LTD.,ALFREDHE,1,0.05,ALFREDHE
BSE,bse_cm,VELJAN,505232,E,VELJAN DENISON LIMITED,VELJAN,1,0.05,VELJAN
BSE,bse_cm,DYNAMATECH,505242,E,DYNAMATIC TECHNOLOGIES LTD.,DYNAMATECH,1,0.05,DYNAMATECH
BSE,bse_cm,GGDPROP,505250,E,G. G. Dandekar Properties Limi,GGDPROP,1,0.01,GGDPROP
BSE,bse_cm,GMMPFAUDLR,505255,E,GMM PFAUDLER LTD.,GMMPFAUDLR,1,0.05,GMMPFAUDLR
BSE,bse_cm,KIRLPNU,505283,E,KIRLOSKAR PNEUMATIC CO.LTD.,KIRLPNU,1,0.05,KIRLPNU
BSE,bse_cm,KPT,505299,E,KPT INDUSTRIES LIMITED,KPT,1,0.05,KPT
BSE,bse_cm,LAKSHMIEW,505302,E,LAKSHMI ENGINEERING AND WAREHO,LAKSHMIEW,1,0.05,LAKSHMIEW
BSE,bse_cm,MANUGRAPH,505324,E,MANUGRAPH INDIA LTD.,MANUGRAPH,1,0.01,MANUGRAPH
BSE,bse_cm,HARSHILAGR,505336,E,HARSHIL AGROTECH LIMITED,HARSHILAGR,1,0.01,HARSHILAGR
BSE,bse_cm,MONOT,505343,E,MONOTYPE INDIA LTD.,MONOT,1,0.01,MONOT
BSE,bse_cm,NESCO,505355,E,NESCO LTD.,NESCO,1,0.05,NESCO
BSE,bse_cm,INTEGRAEN,505358,E,INTEGRA ENGINEERING INDIA LTD.,INTEGRAEN,1,0.05,INTEGRAEN
BSE,bse_cm,SEMAC,505368,E,Semac Construction Limited,SEMAC,1,0.05,SEMAC
BSE,bse_cm,TEXINFRA,505400,E,TEXMACO INFRASTRUCTURE & HOLDI,TEXINFRA,1,0.05,TEXINFRA
BSE,bse_cm,WENDT,505412,E,WENDT (INDIA) LTD.,WENDT,1,0.05,WENDT
BSE,bse_cm,PSITINFRA,505502,E,PS IT INFRASTRUCTURE & SERVICE,PSITINFRA,1,0.01,PSITINFRA
BSE,bse_cm,GHVINFRA,505504,E,GHV INFRA PROJECTS LIMITED,GHVINFRA,1,0.05,GHVINFRA
BSE,bse_cm,RESPONIND,505509,E,RESPONSIVE INDUSTRIES LTD.,RESPONIND,1,0.05,RESPONIND
BSE,bse_cm,SHYMINV,505515,E,SHYAMKAMAL INVESTMENTS LTD.,SHYMINV,1,0.01,SHYMINV
BSE,bse_cm,ZHEMHOLD,505520,E,HEM HOLDINGS & TRADING LTD.,ZHEMHOLD,1,0.05,ZHEMHOLD
BSE,bse_cm,MAHACORP,505523,E,MAHARASHTRA CORPORATION LTD.,MAHACORP,1,0.01,MAHACORP
BSE,bse_cm,DOLATALGO,505526,E,DOLAT ALGOTECH LIMITED,DOLATALGO,1,0.01,DOLATALGO
BSE,bse_cm,WESTLIFE,505533,E,WESTLIFE FOODWORLD LIMITED,WESTLIFE,1,0.05,WESTLIFE
BSE,bse_cm,ZEEL,505537,E,ZEE ENTERTAINMENT ENTERPRISES,ZEEL,1,0.05,ZEEL
BSE,bse_cm,ZKOVALIN,505585,E,KOVALAM INVESTMENT & TRADING C,ZKOVALIN,1,0.01,ZKOVALIN
BSE,bse_cm,SVPGLOB,505590,E,SVP GLOBAL TEXTILES LIMITED,SVPGLOB,1,0.01,SVPGLOB
BSE,bse_cm,MULTIIN,505594,E,MULTIPLUS HOLDINGS LTD.,MULTIIN,1,0.01,MULTIIN
BSE,bse_cm,SKYLMILAR,505650,E,SKYLINE MILLARS LTD.,SKYLMILAR,1,0.01,SKYLMILAR
BSE,bse_cm,BIMETAL,505681,E,BIMETAL BEARINGS LTD.,BIMETAL,1,0.05,BIMETAL
BSE,bse_cm,TAPARIA,505685,E,TAPARIA TOOLS LTD.,TAPARIA,1,0.01,TAPARIA
BSE,bse_cm,BHARATGEAR,505688,E,BHARAT GEARS LTD.,BHARATGEAR,1,0.05,BHARATGEAR
BSE,bse_cm,BRADYM,505690,E,BRADY & MORRIS ENGINEERING CO.,BRADYM,1,0.05,BRADYM
BSE,bse_cm,LATIMMETAL,505693,E,La Tim Metal & Industries Limi,LATIMMETAL,1,0.01,LATIMMETAL
BSE,bse_cm,ELECON,505700,E,ELECON ENGINEERING CO.LTD.,ELECON,1,0.05,ELECON
BSE,bse_cm,GRAUWEIL,505710,E,GRAUER & WEIL (INDIA) LTD.,GRAUWEIL,1,0.01,GRAUWEIL
BSE,bse_cm,HIMTEK,505712,E,HIM TEKNOFORGE LIMITED,HIMTEK,1,0.05,HIMTEK
BSE,bse_cm,GABRIEL,505714,E,GABRIEL INDIA LTD.,GABRIEL,1,0.05,GABRIEL
BSE,bse_cm,HERCULES,505720,E,Hercules Investments Limited,HERCULES,1,0.05,HERCULES
BSE,bse_cm,ALGOQUANT,505725,E,ALGOQUANT FINTECH LIMITED,ALGOQUANT,1,0.01,ALGOQUANT
BSE,bse_cm,IFBIND,505726,E,IFB INDUSTRIES LTD.,IFBIND,1,0.05,IFBIND
BSE,bse_cm,SINGERIND,505729,E,SINGER INDIA LTD.,SINGERIND,1,0.01,SINGERIND
BSE,bse_cm,INTLCOMBQ,505737,E,INTERNATIONAL COMBUSTION (INDI,INTLCOMBQ,1,0.05,INTLCOMBQ
BSE,bse_cm,FMGOETZE,505744,E,FEDERAL-MOGUL GOETZE (INDIA) L,FMGOETZE,1,0.05,FMGOETZE
BSE,bse_cm,JOSTS,505750,E,JOSTS ENGINEERING CO.LTD.,JOSTS,1,0.05,JOSTS
BSE,bse_cm,SCHAEFFLER,505790,E,Schaeffler India Limited,SCHAEFFLER,1,0.05,SCHAEFFLER
BSE,bse_cm,MPCOSEMB,505797,E,MIPCO SEAMLESS RINGS (GUJARAT),MPCOSEMB,1,0.01,MPCOSEMB
BSE,bse_cm,RANEHOLDIN,505800,E,RANE HOLDINGS LTD.,RANEHOLDIN,1,0.05,RANEHOLDIN
BSE,bse_cm,ROLCOEN,505807,E,ROLCON ENGINEERING CO.LTD.,ROLCOEN,50,0.05,ROLCOEN
BSE,bse_cm,SNL,505827,E,SNL BEARINGS LTD.,SNL,1,0.05,SNL
BSE,bse_cm,JAIPAN,505840,E,JAIPAN INDUSTRIES LTD.,JAIPAN,1,0.01,JAIPAN
BSE,bse_cm,MANCREDIT,505850,E,MANGAL CREDIT AND FINCORP LTD.,MANCREDIT,1,0.05,MANCREDIT
BSE,bse_cm,TRF,505854,E,TRF LTD.,TRF,1,0.05,TRF
BSE,bse_cm,WPIL,505872,E,WPIL LTD.,WPIL,1,0.05,WPIL
BSE,bse_cm,KENNAMET,505890,E,KENNAMETAL INDIA LTD.,KENNAMET,1,0.05,KENNAMET
BSE,bse_cm,HINDHARD,505893,E,HINDUSTAN HARDY LIMITED,HINDHARD,1,0.05,HINDHARD
BSE,bse_cm,TRITONV,505978,E,TRITON VALVES LTD.,TRITONV,1,0.05,TRITONV
BSE,bse_cm,SUDAI,506003,E,SUDAL INDUSTRIES LTD.,SUDAI,1,0.01,SUDAI
BSE,bse_cm,PRAKASH,506022,E,PRAKASH INDUSTRIES LTD.,PRAKASH,1,0.05,PRAKASH
BSE,bse_cm,HVL,506024,E,HARIYANA VENTURES LIMITED,HVL,50,0.05,HVL
BSE,bse_cm,ZPRBHSTE,506042,E,PRABHU STEEL INDUSTRIES LTD.,ZPRBHSTE,1,0.05,ZPRBHSTE
BSE,bse_cm,ARSHIYA,506074,E,ARSHIYA LIMITED,ARSHIYA,1,0.01,ARSHIYA
BSE,bse_cm,GRINDWELL,506076,E,GRINDWELL NORTON LTD.,GRINDWELL,1,0.05,GRINDWELL
BSE,bse_cm,LAKPRE,506079,E,LAKSHMI PRECISION SCREWS LTD.,LAKPRE,1,0.01,LAKPRE
BSE,bse_cm,STANROS,506105,E,STANROSE MAFATLAL INVESTMENTS,STANROS,1,0.01,STANROS
BSE,bse_cm,GENESYS,506109,E,GENESYS INTERNATIONAL CORPORAT,GENESYS,1,0.05,GENESYS
BSE,bse_cm,ALNATRD,506120,E,ALNA TRADING & EXPORTS LTD.,ALNATRD,50,0.01,ALNATRD
BSE,bse_cm,VOLKAI,506122,E,Kairosoft AI Solutions Limited,VOLKAI,1,0.01,VOLKAI
BSE,bse_cm,PARNAXLAB,506128,E,PARNAX LAB LTD.,PARNAXLAB,1,0.05,PARNAXLAB
BSE,bse_cm,GOURMET,506134,E,GOURMET GATEWAY INDIA LIMITED,GOURMET,1,0.01,GOURMET
BSE,bse_cm,VIVIDHA,506146,E,VISAGAR POLYTEX LTD.,VIVIDHA,1,0.01,VIVIDHA
BSE,bse_cm,ISHWATR,506161,E,ISHWARSHAKTI HOLDINGS & TRADER,ISHWATR,1,0.01,ISHWATR
BSE,bse_cm,TERRAFORM,506162,E,TERRAFORM MAGNUM LTD.,TERRAFORM,50,0.01,TERRAFORM
BSE,bse_cm,APIS,506166,E,APIS INDIA LTD.,APIS,1,0.01,APIS
BSE,bse_cm,VELOX,506178,E,Velox Shipping and Logistics L,VELOX,1,0.01,VELOX
BSE,bse_cm,EMERGENT,506180,E,EMERGENT INDUSTRIAL SOLUTIONS ,EMERGENT,1,0.05,EMERGENT
BSE,bse_cm,KANANIIND,506184,E,KANANI INDUSTRIES LTD.,KANANIIND,1,0.01,KANANIIND
BSE,bse_cm,GSLTD,506186,E,GALAXY SUPERMARKET LIMITED,GSLTD,1,0.01,GSLTD
BSE,bse_cm,ZSARVAMA,506190,E,SARVAMANGAL MERCANTILE CO.LTD.,ZSARVAMA,1,0.01,ZSARVAMA
BSE,bse_cm,ARIHANTSUP,506194,E,ARIHANT SUPERSTRUCTURES LIMITE,ARIHANTSUP,1,0.05,ARIHANTSUP
BSE,bse_cm,VIKSHEN,506196,E,VIKSIT ENGINEERING LTD.,VIKSHEN,1,0.01,VIKSHEN
BSE,bse_cm,BLISSGVS,506197,E,BLISS GVS PHARMA LTD.,BLISSGVS,1,0.05,BLISSGVS
BSE,bse_cm,STYRENIX,506222,E,Styrenix Performance Materials,STYRENIX,1,0.05,STYRENIX
BSE,bse_cm,ALEMBICLTD,506235,E,ALEMBIC LTD.,ALEMBICLTD,1,0.01,ALEMBICLTD
BSE,bse_cm,AMNPLST,506248,E,AMINES & PLASTICIZERS LTD.,AMNPLST,1,0.05,AMNPLST
BSE,bse_cm,ANUHPHR,506260,E,ANUH PHARMA LTD.,ANUHPHR,1,0.01,ANUHPHR
BSE,bse_cm,MODISONLTD,506261,E,MODISON LIMITED,MODISONLTD,1,0.05,MODISONLTD
BSE,bse_cm,BAYERCROP,506285,E,BAYER CROPSCIENCE LTD.,BAYERCROP,1,0.05,BAYERCROP
BSE,bse_cm,STARSOURCE,506365,E,STARSOURCE MULTITRADE LIMITED,STARSOURCE,1,0.01,STARSOURCE
BSE,bse_cm,SUDARCOLOR,506390,E,Sudarshan Colorants India Limi,SUDARCOLOR,1,0.05,SUDARCOLOR
BSE,bse_cm,COROMANDEL,506395,E,COROMANDEL INTERNATIONAL LTD.,COROMANDEL,1,0.05,COROMANDEL
BSE,bse_cm,DEEPAKNTR,506401,E,DEEPAK NITRITE LTD.,DEEPAKNTR,1,0.05,DEEPAKNTR
BSE,bse_cm,DMCC,506405,E,DMCC SPECIALITY CHEMICALS LIMI,DMCC,1,0.05,DMCC
BSE,bse_cm,FERMENTA,506414,E,FERMENTA BIOTECH LIMITED,FERMENTA,1,0.05,FERMENTA
BSE,bse_cm,GOCLCORP,506480,E,GOCL Corporation Limited,GOCLCORP,1,0.05,GOCLCORP
BSE,bse_cm,JAYCH,506520,E,JAYSHREE CHEMICALS LTD.,JAYCH,1,0.01,JAYCH
BSE,bse_cm,KANORICHEM,506525,E,KANORIA CHEMICALS & INDUSTRIES,KANORICHEM,1,0.05,KANORICHEM
BSE,bse_cm,KELENRG,506528,E,KELTECH ENERGIES LTD.,KELENRG,1,0.05,KELENRG
BSE,bse_cm,KEMP,506530,E,KEMP & COMPANY LTD.,KEMP,1,0.05,KEMP
BSE,bse_cm,NITTAGELA,506532,E,NITTA GELATIN INDIA LTD.,NITTAGELA,1,0.05,NITTAGELA
BSE,bse_cm,MPAGI,506543,E,M.P.AGRO INDUSTRIES LTD.,MPAGI,1,0.01,MPAGI
BSE,bse_cm,AGVENTURES,506579,E,AG VENTURES LIMITED,AGVENTURES,1,0.05,AGVENTURES
BSE,bse_cm,PBGLOBAL,506580,E,PB Global Limited,PBGLOBAL,1,0.01,PBGLOBAL
BSE,bse_cm,PCBL,506590,E,PCBL Chemical Limited,PCBL,1,0.05,PCBL
BSE,bse_cm,AMAL,506597,E,AMAL LTD.,AMAL,1,0.05,AMAL
BSE,bse_cm,POLYCHEM,506605,E,POLYCHEM LTD.,POLYCHEM,1,0.05,POLYCHEM
BSE,bse_cm,PUNJABCHEM,506618,E,PUNJAB CHEMICALS AND CROP PROT,PUNJABCHEM,1,0.05,PUNJABCHEM
BSE,bse_cm,ZR2,506640,E,ZR2 BIOENERGY LIMITED,ZR2,1,0.05,ZR2
BSE,bse_cm,SADHNANIQ,506642,E,SADHANA NITROCHEM LTD.,SADHNANIQ,1,0.01,SADHNANIQ
BSE,bse_cm,SUDARSCHEM,506655,E,SUDARSHAN CHEMICAL INDUSTRIES,SUDARSCHEM,1,0.05,SUDARSCHEM
BSE,bse_cm,TECILCHEM,506680,E,TECIL CHEMICALS & HYDRO POWER,TECILCHEM,1,0.01,TECILCHEM
BSE,bse_cm,ULTRAMAR,506685,E,ULTRAMARINE & PIGMENTS LTD.,ULTRAMAR,1,0.05,ULTRAMAR
BSE,bse_cm,TRANSPEK,506687,E,TRANSPEK INDUSTRY LTD.,TRANSPEK,1,0.05,TRANSPEK
BSE,bse_cm,UNICHEMLAB,506690,E,UNICHEM LABORATORIES LTD.,UNICHEMLAB,1,0.05,UNICHEMLAB
BSE,bse_cm,MYSORPETRO,506734,E,MYSORE PETRO CHEMICALS LTD.,MYSORPETRO,1,0.01,MYSORPETRO
BSE,bse_cm,ALKYLAMINE,506767,E,ALKYL AMINES CHEMICALS LTD.,ALKYLAMINE,1,0.05,ALKYLAMINE
BSE,bse_cm,TUTIALKA,506808,E,TUTICORIN ALKALI CHEMICALS AND,TUTIALKA,1,0.01,TUTIALKA
BSE,bse_cm,ASTRAZEN,506820,E,ASTRAZENECA PHARMA INDIA LTD.,ASTRAZEN,1,0.05,ASTRAZEN
BSE,bse_cm,PRIMO,506852,E,Primo Chemicals Limited,PRIMO,1,0.01,PRIMO
BSE,bse_cm,TANFACIND,506854,E,TANFAC INDUSTRIES LTD.,TANFACIND,1,0.05,TANFACIND
BSE,bse_cm,GUJPETR,506858,E,GUJARAT PETROSYNTHESE LTD.,GUJPETR,1,0.01,GUJPETR
BSE,bse_cm,SWADEIN,506863,E,SWADESHI INDUSTRIES LEASING CO,SWADEIN,1,0.01,SWADEIN
BSE,bse_cm,GUJTHEM,506879,E,GUJARAT THEMIS BIOSYN LTD.,GUJTHEM,1,0.05,GUJTHEM
BSE,bse_cm,MAKERSL,506919,E,MAKERS LABORATORIES LTD.,MAKERSL,1,0.05,MAKERSL
BSE,bse_cm,CONTCHM,506935,E,CONTINENTAL CHEMICALS LTD.,CONTCHM,1,0.01,CONTCHM
BSE,bse_cm,IGLFXPL-B,506945,E,INDO GULF INDUSTRIES LTD.,IGLFXPL-B,50,0.01,IGLFXPL-B
BSE,bse_cm,ADVPETR-B,506947,E,ADVANCE PETROCHEMICALS LTD.,ADVPETR-B,1,0.05,ADVPETR-B
BSE,bse_cm,RAJSPTR,506975,E,RAJASTHAN PETRO SYNTHETICS LTD,RAJSPTR,100,0.01,RAJSPTR
BSE,bse_cm,APTPACK,506979,E,APT PACKAGING LTD.,APTPACK,1,0.01,APTPACK
BSE,bse_cm,BLUECHIPT,506981,E,BLUE CHIP TEX INDUSTRIES LTD.,BLUECHIPT,1,0.05,BLUECHIPT
BSE,bse_cm,JAGAJITIND,507155,E,JAGATJIT INDUSTRIES LTD.,JAGAJITIND,1,0.05,JAGAJITIND
BSE,bse_cm,KESARENT,507180,E,KESAR ENTERPRISES LTD.,KESARENT,1,0.01,KESARENT
BSE,bse_cm,TI,507205,E,TILAKNAGAR INDUSTRIES LTD.,TI,1,0.05,TI
BSE,bse_cm,EMERALL,507265,E,Emerald Leisures Limited,EMERALL,1,0.05,EMERALL
BSE,bse_cm,RAVALSUGAR,507300,E,The Ravalgaon Sugar Farm Limit,RAVALSUGAR,1,0.05,RAVALSUGAR
BSE,bse_cm,SAKHTISUG,507315,E,SAKTHI SUGARS LTD.,SAKHTISUG,1,0.01,SAKHTISUG
BSE,bse_cm,WALCHANNAG,507410,E,WALCHANDNAGAR INDUSTRIES LTD.,WALCHANNAG,1,0.05,WALCHANNAG
BSE,bse_cm,IFBAGRO,507438,E,IFB AGRO INDUSTRIES LTD.,IFBAGRO,1,0.05,IFBAGRO
BSE,bse_cm,KFBL,507474,E,KOTHARI FERMENTATION & BIOCHEM,KFBL,1,0.01,KFBL
BSE,bse_cm,CAPRO,507486,E,CAPROLACTAM CHEMICALS LTD.,CAPRO,1,0.01,CAPRO
BSE,bse_cm,GMBREW,507488,E,G.M.BREWERIES LTD.,GMBREW,1,0.05,GMBREW
BSE,bse_cm,RANASUG,507490,E,RANA SUGARS LTD.,RANASUG,1,0.01,RANASUG
BSE,bse_cm,PICCASUG,507498,E,PICCADILY SUGAR & ALLIED INDUS,PICCASUG,1,0.01,PICCASUG
BSE,bse_cm,SDBL,507514,E,SOM DISTILLERIES & BREWERIES L,SDBL,1,0.01,SDBL
BSE,bse_cm,CJGEL,507515,E,C.J.GELATINE PRODUCTS LTD.,CJGEL,1,0.01,CJGEL
BSE,bse_cm,ASALCBR,507526,E,ASSOCIATED ALCOHOLS & BREWERIE,ASALCBR,1,0.05,ASALCBR
BSE,bse_cm,THAKKERS,507530,E,THAKKERS GROUP LIMITED,THAKKERS,1,0.01,THAKKERS
BSE,bse_cm,CORAGRO,507543,E,COROMANDEL AGRO PRODUCTS & OIL,CORAGRO,50,0.01,CORAGRO
BSE,bse_cm,FOODSIN,507552,E,FOODS & INNS LTD.,FOODSIN,1,0.01,FOODSIN
BSE,bse_cm,IVP,507580,E,IVP LTD.,IVP,1,0.05,IVP
BSE,bse_cm,KLRFM,507598,E,KOVILPATTI LAKSHMI ROLLER FLOU,KLRFM,1,0.05,KLRFM
BSE,bse_cm,OLYOI,507609,E,OLYMPIC OIL INDUSTRIES LTD.,OLYOI,1,0.01,OLYOI
BSE,bse_cm,MLKFOOD,507621,E,MILKFOOD LTD.,MLKFOOD,1,0.01,MLKFOOD
BSE,bse_cm,POLSON,507645,E,POLSON LTD.,POLSON,1,0.05,POLSON
BSE,bse_cm,SIGNGCL,507663,E,SIGNATURE GREEN CORPORATION LI,SIGNGCL,1,0.01,SIGNGCL
BSE,bse_cm,WIPRO,507685,E,WIPRO LTD.,WIPRO,1,0.05,WIPRO
BSE,bse_cm,ORIBEVER,507690,E,ORIENT BEVERAGES LTD.,ORIBEVER,1,0.05,ORIBEVER
BSE,bse_cm,DHANUKA,507717,E,DHANUKA AGRITECH LTD.,DHANUKA,1,0.05,DHANUKA
BSE,bse_cm,TTKHLTCARE,507747,E,TTK HEALTHCARE LTD.,TTKHLTCARE,1,0.05,TTKHLTCARE
BSE,bse_cm,TGVSL,507753,E,TGV SRAAC Limited,TGVSL,1,0.05,TGVSL
BSE,bse_cm,LIMECHM,507759,E,LIME CHEMICALS LTD.,LIMECHM,1,0.01,LIMECHM
BSE,bse_cm,KANPRPLA,507779,E,KANPUR PLASTIPACK LTD.,KANPRPLA,1,0.05,KANPRPLA
BSE,bse_cm,TAINWALCHM,507785,E,TAINWALA CHEMICALS & PLASTICS,TAINWALCHM,1,0.05,TAINWALCHM
BSE,bse_cm,JAGSNPHARM,507789,E,JAGSONPAL PHARMACEUTICALS LTD.,JAGSNPHARM,1,0.05,JAGSNPHARM
BSE,bse_cm,KHAICHEM,507794,E,KHAITAN CHEMICALS & FERTILIZER,KHAICHEM,1,0.01,KHAICHEM
BSE,bse_cm,UNTTEMI,507808,E,UNITED LEASING & INDUSTRIES LT,UNTTEMI,50,0.01,UNTTEMI
BSE,bse_cm,NOL,507813,E,NATIONAL OXYGEN LTD.,NOL,1,0.01,NOL
BSE,bse_cm,GILLETTE,507815,E,GILLETTE INDIA LTD.,GILLETTE,1,0.05,GILLETTE
BSE,bse_cm,WIREFABR,507817,E,WIRES & FABRIKS (SA) LTD.,WIREFABR,1,0.05,WIREFABR
BSE,bse_cm,ANSALHSG,507828,E,ANSAL HOUSING LIMITED,ANSALHSG,1,0.01,ANSALHSG
BSE,bse_cm,COMPUPN,507833,E,COMPUTER POINT LTD.,COMPUPN,1,0.01,COMPUPN
BSE,bse_cm,MCCHRLS-B,507836,E,MAC CHARLES (INDIA) LTD.,MCCHRLS-B,1,0.05,MCCHRLS-B
BSE,bse_cm,ADDIND,507852,E,ADDI INDUSTRIES LTD.,ADDIND,1,0.01,ADDIND
BSE,bse_cm,PIONRINV,507864,E,PIONEER INVESTCORP LTD.,PIONRINV,1,0.01,PIONRINV
BSE,bse_cm,ASHNOOR,507872,E,ASHNOOR TEXTILE MILLS LTD.,ASHNOOR,1,0.01,ASHNOOR
BSE,bse_cm,UNITECH,507878,E,UNITECH LTD.,UNITECH,1,0.01,UNITECH
BSE,bse_cm,VIPIND,507880,E,V.I.P.INDUSTRIES LTD.,VIPIND,1,0.05,VIPIND
BSE,bse_cm,FIBERWEB,507910,E,FIBERWEB (INDIA) LTD.,FIBERWEB,1,0.01,FIBERWEB
BSE,bse_cm,GYFTR,507912,E,GYFTR LIMITED,GYFTR,1,0.05,GYFTR
BSE,bse_cm,EASTBUILD,507917,E,EAST BUILDTECH LTD.,EASTBUILD,1,0.01,EASTBUILD
BSE,bse_cm,MNPLFIN,507938,E,MANIPAL FINANCE CORPORATION LT,MNPLFIN,100,0.01,MNPLFIN
BSE,bse_cm,BAJAJST,507944,E,BAJAJ STEEL INDUSTRIES LTD.,BAJAJST,1,0.05,BAJAJST
BSE,bse_cm,KIDUJA,507946,E,KIDUJA INDIA LTD.,KIDUJA,1,0.01,KIDUJA
BSE,bse_cm,KEYCORP,507948,E,KEY CORP LTD.,KEYCORP,1,0.01,KEYCORP
BSE,bse_cm,SHIKHARLETR,507952,E,SHIKHAR LEASING & TRADING LTD.,SHIKHARLETR,1,0.01,SHIKHARLETR
BSE,bse_cm,GUJHOTE,507960,E,GUJARAT HOTELS LTD.,GUJHOTE,1,0.05,GUJHOTE
BSE,bse_cm,FYNX,507962,E,FYNX CAPITAL LIMITED,FYNX,1,0.01,FYNX
BSE,bse_cm,RASRESOR,507966,E,RAS RESORTS & APART HOTELS LTD,RASRESOR,1,0.01,RASRESOR
BSE,bse_cm,JOLYPLS,507968,E,JOLLY PLASTIC INDUSTRIES LTD.,JOLYPLS,1,0.01,JOLYPLS
BSE,bse_cm,PARMCOS-B,507970,E,PARAMOUNT COSMETICS (INDIA) LT,PARMCOS-B,1,0.01,PARMCOS-B
BSE,bse_cm,JINDHOT,507981,E,JINDAL HOTELS LTD.,JINDHOT,1,0.01,JINDHOT
BSE,bse_cm,JPTRLES,507987,E,JUPITER INDUSTRIES & LEASING L,JPTRLES,100,0.01,JPTRLES
BSE,bse_cm,SIMMOND,507998,E,SIMMONDS MARSHALL LTD.,SIMMOND,1,0.05,SIMMOND
BSE,bse_cm,BNALTD,508136,E,B & A LTD.,BNALTD,1,0.05,BNALTD
BSE,bse_cm,HAWKINCOOK,508486,E,HAWKINS COOKERS LTD.,HAWKINCOOK,1,0.05,HAWKINCOOK
BSE,bse_cm,WARRENTEA,508494,E,WARREN TEA LTD.,WARRENTEA,1,0.01,WARRENTEA
BSE,bse_cm,COCHMAL,508571,E,COCHIN MALABAR ESTATES & INDUS,COCHMAL,1,0.05,COCHMAL
BSE,bse_cm,BESTEAST,508664,E,BEST EASTERN HOTELS LTD.,BESTEAST,1,0.01,BESTEAST
BSE,bse_cm,NEAGI,508670,E,NEELAMALAI AGRO INDUSTRIES LTD,NEAGI,1,0.05,NEAGI
BSE,bse_cm,ISTLTD,508807,E,IST LTD.,ISTLTD,1,0.05,ISTLTD
BSE,bse_cm,COSMOFIRST,508814,E,Cosmo First Limited,COSMOFIRST,1,0.05,COSMOFIRST
BSE,bse_cm,NEWMKTAVE,508867,E,NEW MARKETS AVENUE LIMITED,NEWMKTAVE,1,0.01,NEWMKTAVE
BSE,bse_cm,APOLLOHOSP,508869,E,APOLLO HOSPITALS ENTERPRISE LT,APOLLOHOSP,1,0.05,APOLLOHOSP
BSE,bse_cm,NITINCAST,508875,E,Nitin Castings Limited,NITINCAST,1,0.05,NITINCAST
BSE,bse_cm,NEXOME,508905,E,NEXOME CAPITAL MARKETS LIMITED,NEXOME,1,0.05,NEXOME
BSE,bse_cm,EVERESTIND,508906,E,EVEREST INDUSTRIES LTD.,EVERESTIND,1,0.05,EVERESTIND
BSE,bse_cm,IRONWOOD,508918,E,IRONWOOD EDUCATION LIMITED,IRONWOOD,1,0.01,IRONWOOD
BSE,bse_cm,AYMSYNTEX,508933,E,AYM Syntex Limited,AYMSYNTEX,1,0.05,AYMSYNTEX
BSE,bse_cm,PANCARBON,508941,E,PANASONIC CARBON INDIA CO.LTD.,PANCARBON,1,0.05,PANCARBON
BSE,bse_cm,FINKURVE,508954,E,FINKURVE FINANCIAL SERVICES LT,FINKURVE,1,0.01,FINKURVE
BSE,bse_cm,HBLEAS,508956,E,HB LEASING & FINANCE CO.LTD.,HBLEAS,1,0.01,HBLEAS
BSE,bse_cm,SHRICON,508961,E,SHRICON INDUSTRIES LTD.,SHRICON,1,0.05,SHRICON
BSE,bse_cm,SULABEN,508969,E,SULABH ENGINEERS & SERVICES LT,SULABEN,1,0.01,SULABEN
BSE,bse_cm,FRONTCAP,508980,E,FRONTIER CAPITAL LIMITED,FRONTCAP,1,0.01,FRONTCAP
BSE,bse_cm,NAVNETEDUL,508989,E,NAVNEET EDUCATION LIMITED,NAVNETEDUL,1,0.05,NAVNETEDUL
BSE,bse_cm,TRANOCE,509003,E,TRANSOCEANIC PROPERTIES LTD.,TRANOCE,1,0.01,TRANOCE
BSE,bse_cm,AUSOMENT,509009,E,AUSOM ENTERPRISE LIMITED,AUSOMENT,1,0.05,AUSOMENT
BSE,bse_cm,THAKRAL,509015,E,THAKRAL SERVICES (INDIA) LTD.,THAKRAL,1,0.01,THAKRAL
BSE,bse_cm,RUCHINFRA,509020,E,RUCHI INFRASTRUCTURE LTD.,RUCHINFRA,1,0.01,RUCHINFRA
BSE,bse_cm,GOLDLEG,509024,E,GOLDEN LEGAND LEASING & FINANC,GOLDLEG,1,0.01,GOLDLEG
BSE,bse_cm,VJTFEDU,509026,E,VJTF EDUSERVICES LTD.,VJTFEDU,1,0.01,VJTFEDU
BSE,bse_cm,VOLLF,509038,E,VOLTAIRE LEASING & FINANCE LTD,VOLLF,1,0.01,VOLLF
BSE,bse_cm,NETLINK,509040,E,NETLINK SOLUTIONS (INDIA) LTD.,NETLINK,1,0.05,NETLINK
BSE,bse_cm,TRILIANCE,509046,E,TRILIANCE POLYMERS LIMITED,TRILIANCE,1,0.01,TRILIANCE
BSE,bse_cm,LANCORHOL,509048,E,LANCOR HOLDINGS LTD.,LANCORHOL,1,0.01,LANCORHOL
BSE,bse_cm,INDINFO,509051,E,INDIAN INFOTECH & SOFTWARE LTD,INDINFO,1,0.01,INDINFO
BSE,bse_cm,BANASFN,509053,E,BANAS FINANCE LTD.,BANASFN,1,0.01,BANASFN
BSE,bse_cm,VISAKAIND,509055,E,VISAKA INDUSTRIES LTD.,VISAKAIND,1,0.01,VISAKAIND
BSE,bse_cm,INFOMEDIA,509069,E,INFOMEDIA PRESS LTD.,INFOMEDIA,1,0.01,INFOMEDIA
BSE,bse_cm,HATHWAYB,509073,E,HATHWAY BHAWANI CABLETEL & DAT,HATHWAYB,1,0.01,HATHWAYB
BSE,bse_cm,GUFICBIO,509079,E,GUFIC BIOSCIENCES LTD.,GUFICBIO,1,0.05,GUFICBIO
BSE,bse_cm,GRPLTD,509152,E,GRP LTD.,GRPLTD,1,0.05,GRPLTD
BSE,bse_cm,INDAG,509162,E,INDAG RUBBER LTD.,INDAG,1,0.05,INDAG
BSE,bse_cm,MMRUBBR-B,509196,E,MM RUBBER COMPANY LTD.,MMRUBBR-B,1,0.01,MMRUBBR-B
BSE,bse_cm,PTL,509220,E,PTL ENTERPRISES LTD.,PTL,1,0.01,PTL
BSE,bse_cm,TVSSRICHAK,509243,E,TVS SRICHAKRA LTD.,TVSSRICHAK,1,0.05,TVSSRICHAK
BSE,bse_cm,SEL,509423,E,SANATHNAGAR ENTERPRISES LIMITE,SEL,1,0.01,SEL
BSE,bse_cm,BENARAS,509438,E,BENARES HOTELS LTD.,BENARAS,1,0.05,BENARAS
BSE,bse_cm,BHAGWOX,509449,E,BHAGWATI OXYGEN LTD.,BHAGWOX,1,0.01,BHAGWOX
BSE,bse_cm,BOMOXY-B1,509470,E,BOMBAY OXYGEN INVESTMENTS LIMI,BOMOXY-B1,1,0.05,BOMOXY-B1
BSE,bse_cm,CRAVATEX,509472,E,CRAVATEX LTD.,CRAVATEX,1,0.05,CRAVATEX
BSE,bse_cm,BERGEPAINT,509480,E,BERGER PAINTS INDIA LTD.,BERGEPAINT,1,0.05,BERGEPAINT
BSE,bse_cm,CAPRIHANS,509486,E,CAPRIHANS INDIA LTD.,CAPRIHANS,1,0.01,CAPRIHANS
BSE,bse_cm,GRAPHITE,509488,E,GRAPHITE INDIA LTD.,GRAPHITE,1,0.05,GRAPHITE
BSE,bse_cm,CEMPRO,509496,E,Cemindia Projects Limited,CEMPRO,1,0.05,CEMPRO
BSE,bse_cm,EMPIND,509525,E,EMPIRE INDUSTRIES LTD.,EMPIND,1,0.05,EMPIND
BSE,bse_cm,GRAVISSHO,509546,E,GRAVISS HOSPITALITY LIMITED,GRAVISSHO,1,0.01,GRAVISSHO
BSE,bse_cm,GARFIBRES,509557,E,GARWARE TECHNICAL FIBRES LIMIT,GARFIBRES,1,0.05,GARFIBRES
BSE,bse_cm,GARWAMAR,509563,E,GARWARE MARINE INDUSTRIES LTD.,GARWAMAR,1,0.01,GARWAMAR
BSE,bse_cm,GOACARBON,509567,E,GOA CARBON LTD.,GOACARBON,1,0.05,GOACARBON
BSE,bse_cm,HARDCAS,509597,E,HARDCASTLE & WAUD MFG.CO.LTD.,HARDCAS,1,0.05,HARDCAS
BSE,bse_cm,HEG,509631,E,HEG LTD.,HEG,1,0.05,HEG
BSE,bse_cm,HINDCOMPOS,509635,E,HINDUSTAN COMPOSITES LTD.,HINDCOMPOS,1,0.05,HINDCOMPOS
BSE,bse_cm,ZHINDHSG,509650,E,HINDUSTAN HOUSING CO.LTD.,ZHINDHSG,1,0.01,ZHINDHSG
BSE,bse_cm,BIRLANU,509675,E,BIRLANU LIMITED,BIRLANU,1,0.05,BIRLANU
BSE,bse_cm,INDIANCARD,509692,E,INDIAN CARD CLOTHING CO.LTD.,INDIANCARD,1,0.05,INDIANCARD
BSE,bse_cm,INTLCONV,509709,E,INTERNATIONAL CONVEYORS LTD.,INTLCONV,1,0.01,INTLCONV
BSE,bse_cm,JAYSREETEA,509715,E,JAY SHREE TEA & INDUSTRIES LTD,JAYSREETEA,1,0.01,JAYSREETEA
BSE,bse_cm,KOTIC,509732,E,KOTHARI INDUSTRIAL CORPORATION,KOTIC,1,0.05,KOTIC
BSE,bse_cm,MODRNSH,509760,E,MODERN SHARES & STOCKBROKERS L,MODRNSH,1,0.01,MODRNSH
BSE,bse_cm,MAPROIN,509762,E,MAPRO INDUSTRIES LTD.,MAPROIN,1,0.01,MAPROIN
BSE,bse_cm,OSEASPR,509782,E,OSEASPRE CONSULTANTS LTD.,OSEASPR,1,0.01,OSEASPR
BSE,bse_cm,HUHTAMAKI,509820,E,HUHTAMAKI INDIA LIMITED,HUHTAMAKI,1,0.05,HUHTAMAKI
BSE,bse_cm,PREMSYN,509835,E,PREMIER SYNTHETICS LTD.,PREMSYN,1,0.01,PREMSYN
BSE,bse_cm,RJSHAH,509845,E,R.J.SHAH & CO.LTD.,RJSHAH,50,0.05,RJSHAH
BSE,bse_cm,SHAHCON,509870,E,SHAH CONSTRUCTION CO.LTD.,SHAHCON,1,0.01,SHAHCON
BSE,bse_cm,SHALPAINTS,509874,E,SHALIMAR PAINTS LTD.,SHALPAINTS,1,0.01,SHALPAINTS
BSE,bse_cm,SINNAR,509887,E,SINNAR BIDI UDYOG LTD.,SINNAR,1,0.05,SINNAR
BSE,bse_cm,HINDMILL,509895,E,HINDOOSTAN MILLS LTD.,HINDMILL,1,0.05,HINDMILL
BSE,bse_cm,ZSOUTGAS,509910,E,The Southern Gas Limited,ZSOUTGAS,5,0.01,ZSOUTGAS
BSE,bse_cm,TECHCON,509917,E,TECHNOJET CONSULTANTS LTD.,TECHCON,1,0.01,TECHCON
BSE,bse_cm,SUPREMEIND,509930,E,SUPREME INDUSTRIES LTD.,SUPREMEIND,1,0.05,SUPREMEIND
BSE,bse_cm,THACKER,509945,E,THACKER & CO.LTD.,THACKER,1,0.05,THACKER
BSE,bse_cm,TRADWIN,509953,E,TRADE WINGS LTD.,TRADWIN,1,0.05,TRADWIN
BSE,bse_cm,UPHOT,509960,E,U.P.HOTELS LTD.,UPHOT,1,0.05,UPHOT
BSE,bse_cm,VSTIND,509966,E,VST INDUSTRIES LTD.,VSTIND,1,0.05,VSTIND
BSE,bse_cm,SWASTIVI,510245,E,SWASTI VINAYAKA SYNTHETICS LTD,SWASTIVI,1,0.01,SWASTIVI
BSE,bse_cm,MSLGLOBAL,511000,E,MSL GLOBAL LIMITED,MSLGLOBAL,1,0.01,MSLGLOBAL
BSE,bse_cm,YAMNINV,511012,E,YAMINI INVESTMENTS COMPANY LTD,YAMNINV,1,0.01,YAMNINV
BSE,bse_cm,PREMCAP,511016,E,PREMIER CAPITAL SERVICES LTD.,PREMCAP,1,0.01,PREMCAP
BSE,bse_cm,ZMILGFIN,511018,E,MILGREY FINANCE & INVESTMENT L,ZMILGFIN,1,0.01,ZMILGFIN
BSE,bse_cm,JINDRILL,511034,E,JINDAL DRILLING & INDUSTRIES L,JINDRILL,1,0.05,JINDRILL
BSE,bse_cm,ZARCOLEA,511038,E,ARCO LEASING LTD.,ZARCOLEA,1,0.01,ZARCOLEA
BSE,bse_cm,KUSUMEL,511048,E,KUSAM ELECTRICAL INDUSTRIES LT,KUSUMEL,1,0.01,KUSUMEL
BSE,bse_cm,JUMBFNL,511060,E,JUMBO FINANCE LTD.,JUMBFNL,1,0.01,JUMBFNL
BSE,bse_cm,SAKTHIFIN,511066,E,SAKTHI FINANCE LTD.,SAKTHIFIN,1,0.01,SAKTHIFIN
BSE,bse_cm,EASYFIN,511074,E,EASY FINCORP LIMITED,EASYFIN,1,0.05,EASYFIN
BSE,bse_cm,AEROENTER,511076,E,AEROFLEX ENTERPRISES LIMITED,AEROENTER,1,0.05,AEROENTER
BSE,bse_cm,JMDVL,511092,E,JMD Ventures Limited,JMDVL,1,0.01,JMDVL
BSE,bse_cm,TVOLCON,511096,E,TIVOLI CONSTRUCTION LTD.,TVOLCON,1,0.01,TVOLCON
BSE,bse_cm,SHIVATEX,511108,E,SHIVA TEXYARN LTD.,SHIVATEX,1,0.05,SHIVATEX
BSE,bse_cm,VBDESAI,511110,E,V.B.DESAI FINANCIAL SERVICES L,VBDESAI,1,0.01,VBDESAI
BSE,bse_cm,1STCUS,511122,E,FIRST CUSTODIAN FUND (INDIA) L,1STCUS,1,0.01,1STCUS
BSE,bse_cm,KAMANWALA,511131,E,KAMANWALA HOUSING CONSTRUCTION,KAMANWALA,1,0.01,KAMANWALA
BSE,bse_cm,WSFX,511147,E,WSFX Global Pay Limited,WSFX,1,0.01,WSFX
BSE,bse_cm,ANJANIFOODS,511153,E,Anjani Foods Limited,ANJANIFOODS,1,0.01,ANJANIFOODS
BSE,bse_cm,RKDAGRRTL,511169,E,RKD AGRI AND RETAIL LIMITED,RKDAGRRTL,1,0.01,RKDAGRRTL
BSE,bse_cm,PARSHWANA,511176,E,PARSHWANATH CORPORATION LTD.,PARSHWANA,1,0.01,PARSHWANA
BSE,bse_cm,RAJVI,511185,E,RAJVI LOGITRADE LIMITED,RAJVI,1,0.01,RAJVI
BSE,bse_cm,MILLENNIUM,511187,E,Millennium Online Solutions (I,MILLENNIUM,1,0.01,MILLENNIUM
BSE,bse_cm,ICDSLTD,511194,E,ICDS LTD.,ICDSLTD,1,0.01,ICDSLTD
BSE,bse_cm,CANFINHOME,511196,E,CAN FIN HOMES LTD.,CANFINHOME,1,0.05,CANFINHOME
BSE,bse_cm,MUNCAPM,511200,E,MUNOTH CAPITAL MARKET LTD.,MUNCAPM,1,0.05,MUNCAPM
BSE,bse_cm,IVC,511208,E,IL&FS INVESTMENT MANAGERS LTD.,IVC,1,0.01,IVC
BSE,bse_cm,SHRIRAMFIN,511218,E,Shriram Finance Limited,SHRIRAMFIN,1,0.05,SHRIRAMFIN
BSE,bse_cm,CHOLAFIN,511243,E,CHOLAMANDALAM INVESTMENT AND F,CHOLAFIN,1,0.05,CHOLAFIN
BSE,bse_cm,BOMTALKIES,511246,E,BOMBAY TALKIES LIMITED,BOMTALKIES,1,0.01,BOMTALKIES
BSE,bse_cm,SAGARSYST,511254,E,SAGAR SYSTECH LTD.,SAGARSYST,1,0.01,SAGARSYST
BSE,bse_cm,ICONIKSPEV,511260,E,ICONIK SPORTS AND EVENTS LIMIT,ICONIKSPEV,1,0.01,ICONIKSPEV
BSE,bse_cm,VLSFINANCE,511333,E,VLS FINANCE LTD.,VLSFINANCE,1,0.05,VLSFINANCE
BSE,bse_cm,INDCEMCAP,511355,E,INDIA CEMENTS CAPITAL LTD.,INDCEMCAP,1,0.01,INDCEMCAP
BSE,bse_cm,ADMANUM,511359,E,AD-MANUM FINANCE LTD.,ADMANUM,1,0.01,ADMANUM
BSE,bse_cm,MEHIF,511377,E,MEHTA INTEGRATED FINANCE LTD.,MEHIF,1,0.01,MEHIF
BSE,bse_cm,INTRGLB,511391,E,INTER GLOBE FINANCE LTD.,INTRGLB,1,0.01,INTRGLB
BSE,bse_cm,MCLTD,511401,E,MUNOTH COMMUNICATION LIMITED,MCLTD,1,0.01,MCLTD
BSE,bse_cm,SHRISTI,511411,E,SHRISTI INFRASTRUCTURE DEVELOP,SHRISTI,1,0.01,SHRISTI
BSE,bse_cm,CREST,511413,E,CREST,CREST,1,0.05,CREST
BSE,bse_cm,VAKRANGEE,511431,E,VAKRANGEE LIMITED,VAKRANGEE,1,0.01,VAKRANGEE
BSE,bse_cm,GUJCRED,511441,E,GUJARAT CREDIT CORPORATION LTD,GUJCRED,1,0.01,GUJCRED
BSE,bse_cm,SYLPH,511447,E,Sylph Industries Limited,SYLPH,1,0.01,SYLPH
BSE,bse_cm,DHARFIN,511451,E,DHARANI FINANCE LTD.,DHARFIN,1,0.01,DHARFIN
BSE,bse_cm,ALEXANDER,511463,E,Alexander Stamps And Coin Limi,ALEXANDER,1,0.01,ALEXANDER
BSE,bse_cm,INDBANK,511473,E,INDBANK MERCHANT BANKING SERVI,INDBANK,1,0.01,INDBANK
BSE,bse_cm,SHRYDUS,511493,E,SHRYDUS INDUSTRIES LIMITED,SHRYDUS,1,0.01,SHRYDUS
BSE,bse_cm,BHARAT,511501,E,Bharat Bhushan Finance & Commo,BHARAT,1,0.01,BHARAT
BSE,bse_cm,CAPTRUST,511505,E,CAPITAL TRUST LTD.,CAPTRUST,1,0.01,CAPTRUST
BSE,bse_cm,USHAKIRA,511507,E,USHAKIRAN FINANCE LTD.,USHAKIRA,1,0.01,USHAKIRA
BSE,bse_cm,VIVOBIOT,511509,E,VIVO BIO TECH LTD.,VIVOBIOT,1,0.01,VIVOBIOT
BSE,bse_cm,VEERHEALTH,511523,E,VEERHEALTH CARE LIMITED,VEERHEALTH,1,0.01,VEERHEALTH
BSE,bse_cm,PANINDIAC,511525,E,PAN INDIA CORPORATION LTD.,PANINDIAC,1,0.01,PANINDIAC
BSE,bse_cm,SAHARAHOUS,511533,E,SAHARA HOUSINGFINA CORPORATION,SAHARAHOUS,1,0.01,SAHARAHOUS
BSE,bse_cm,NDASEC,511535,E,NDA SECURITIES LTD.,NDASEC,1,0.01,NDASEC
BSE,bse_cm,SUPRATRE,511539,E,Supra Trends Limited,SUPRATRE,1,0.01,SUPRATRE
BSE,bse_cm,GSBFIN,511543,E,GSB FINANCE LTD.,GSBFIN,1,0.01,GSBFIN
BSE,bse_cm,MORARKFI,511549,E,MORARKA FINANCE LTD.,MORARKFI,1,0.01,MORARKFI
BSE,bse_cm,MONARCH,511551,E,Monarch Networth Capital Limit,MONARCH,1,0.05,MONARCH
BSE,bse_cm,PROFINC,511557,E,PRO FIN CAPITAL SERVICES LTD.,PROFINC,1,0.01,PROFINC
BSE,bse_cm,TEAMGTY,511559,E,TEAM INDIA GUARANTY LIMITED,TEAMGTY,1,0.05,TEAMGTY
BSE,bse_cm,SANCF,511563,E,SANCHAY FINVEST LTD.,SANCF,1,0.01,SANCF
BSE,bse_cm,CRESCENTIS,511571,E,Crescentis Capital Limited,CRESCENTIS,1,0.05,CRESCENTIS
BSE,bse_cm,MANTRA,511577,E,Mantra Capital Limited,MANTRA,1,0.01,MANTRA
BSE,bse_cm,BEFOUNDMOL,511585,E,BEFOUND MOVEMENT LIMITED,BEFOUNDMOL,1,0.01,BEFOUNDMOL
BSE,bse_cm,AVONMORE,511589,E,AVONMORE CAPITAL & MANAGEMENT,AVONMORE,1,0.01,AVONMORE
BSE,bse_cm,LIBORDFIN,511593,E,LIBORD FINANCE LTD,LIBORDFIN,1,0.01,LIBORDFIN
BSE,bse_cm,YASHMGM,511601,E,YASH MANAGEMENT & SATELLITE LT,YASHMGM,1,0.01,YASHMGM
BSE,bse_cm,ARIHANTCAP,511605,E,ARIHANT CAPITAL MARKETS LTD.,ARIHANTCAP,1,0.01,ARIHANTCAP
BSE,bse_cm,ISLCONSUL,511609,E,ISL CONSULTING LTD.,ISLCONSUL,1,0.01,ISLCONSUL
BSE,bse_cm,DCMFINSERV,511611,E,DCM FINANCIAL SERVICES LTD.,DCMFINSERV,1,0.01,DCMFINSERV
BSE,bse_cm,RRFIN,511626,E,RR FINANCIAL CONSULTANTS LTD.,RRFIN,1,0.01,RRFIN
BSE,bse_cm,FEDDERSHOL,511628,E,FEDDERS HOLDING LIMITED,FEDDERSHOL,1,0.01,FEDDERSHOL
BSE,bse_cm,SAMBHAAV,511630,E,SAMBHAAV MEDIA LTD.,SAMBHAAV,1,0.01,SAMBHAAV
BSE,bse_cm,DJSSS,511636,E,DJS STOCK & SHARES LTD.,DJSSS,1,0.01,DJSSS
BSE,bse_cm,OMEGAIN,511644,E,OMEGA INTERACTIVE TECHNOLOGIES,OMEGAIN,1,0.01,OMEGAIN
BSE,bse_cm,SUGALDAM,511654,E,SUGAL & DAMANI SHARE BROKERS L,SUGALDAM,1,0.01,SUGALDAM
BSE,bse_cm,NETTLINX,511658,E,NETTLINX LTD.,NETTLINX,1,0.01,NETTLINX
BSE,bse_cm,BGIL,511664,E,BGIL FILMS & TECHNOLOGIES LTD.,BGIL,1,0.01,BGIL
BSE,bse_cm,SCANSTL,511672,E,Scan Steels Limited,SCANSTL,1,0.01,SCANSTL
BSE,bse_cm,GICHSGFIN,511676,E,GIC HOUSING FINANCE LTD.,GICHSGFIN,1,0.05,GICHSGFIN
BSE,bse_cm,AJCON,511692,E,AJCON GLOBAL SERVICES LTD.,AJCON,1,0.01,AJCON
BSE,bse_cm,CHRTEDCA,511696,E,CHARTERED CAPITAL & INVESTMENT,CHRTEDCA,1,0.05,CHRTEDCA
BSE,bse_cm,STANCAP,511700,E,STANDARD CAPITAL MARKETS LTD.,STANCAP,1,0.01,STANCAP
BSE,bse_cm,YOGI,511702,E,YOGI LIMITED,YOGI,1,0.05,YOGI
BSE,bse_cm,CUBIFIN,511710,E,CUBICAL FINANCIAL SERVICES LTD,CUBIFIN,1,0.01,CUBIFIN
BSE,bse_cm,RELICTEC,511712,E,RELIC TECHNOLOGIES LTD.,RELICTEC,1,0.01,RELICTEC
BSE,bse_cm,NIMBSPROJ,511714,E,NIMBUS PROJECTS LTD.,NIMBSPROJ,1,0.05,NIMBSPROJ
BSE,bse_cm,INVIGO,511716,E,Invigorated Business Consultin,INVIGO,1,0.01,INVIGO
BSE,bse_cm,BAIDFIN,511724,E,BAID FINSERV LIMITED,BAIDFIN,1,0.01,BAIDFIN
BSE,bse_cm,VIPULLTD,511726,E,VIPUL LTD.,VIPULLTD,1,0.01,VIPULLTD
BSE,bse_cm,KZLFIN,511728,E,K.Z.LEASING & FINANCE LTD.,KZLFIN,1,0.01,KZLFIN
BSE,bse_cm,MEHSECU,511738,E,MEHTA SECURITIES LTD.,MEHSECU,1,0.01,MEHSECU
BSE,bse_cm,RFL,511740,E,RUPAREL FOOD PRODUCTS LIMITED,RFL,1,0.05,RFL
BSE,bse_cm,UGROCAP,511742,E,UGRO CAPITAL LIMITED,UGROCAP,1,0.01,UGROCAP
BSE,bse_cm,SAHLIBHFI,511754,E,SHALIBHADRA FINANCE LTD.,SAHLIBHFI,1,0.01,SAHLIBHFI
BSE,bse_cm,ABIRAFN,511756,E,ABIRAMI FINANCIAL SERVICES (IN,ABIRAFN,1,0.01,ABIRAFN
BSE,bse_cm,MANSIFIN,511758,E,MANSI FINANCE (CHENNAI) LTD.,MANSIFIN,1,0.01,MANSIFIN
BSE,bse_cm,AASTAFIN,511764,E,Aastamangalam Finance Limited,AASTAFIN,1,0.01,AASTAFIN
BSE,bse_cm,MUTHOOTCAP,511766,E,MUTHOOT CAPITAL SERVICES LTD.,MUTHOOTCAP,1,0.05,MUTHOOTCAP
BSE,bse_cm,MASTERTR,511768,E,MASTER TRUST LTD.,MASTERTR,1,0.01,MASTERTR
BSE,bse_cm,ZNILKENG,512004,E,NILKANTH ENGINEERING LTD.,ZNILKENG,50,0.01,ZNILKENG
BSE,bse_cm,EFCIL,512008,E,EFC (I) LIMITED,EFCIL,1,0.05,EFCIL
BSE,bse_cm,SOBME,512014,E,SOBHAGYA MERCHANTILE LTD.,SOBME,1,0.05,SOBME
BSE,bse_cm,TTGIL,512018,E,TOMORROW TECHNOLOGIES GLOBAL I,TTGIL,1,0.01,TTGIL
BSE,bse_cm,ZSARACOM,512020,E,SARASWATI COMMERCIAL (INDIA) L,ZSARACOM,1,0.05,ZSARACOM
BSE,bse_cm,WINROC,512022,E,WINRO COMMERCIAL (INDIA) LTD.,WINROC,1,0.05,WINROC
BSE,bse_cm,ASGARD,512025,E,ASGARD ALCOBEV LIMITED,ASGARD,1,0.01,ASGARD
BSE,bse_cm,VEGA,512026,E,VEGA JEWELLERS LIMITED,VEGA,1,0.01,VEGA
BSE,bse_cm,SKYBIOTECH,512036,E,SKYBIOTECH HEALTHCARE LIMITED,SKYBIOTECH,1,0.05,SKYBIOTECH
BSE,bse_cm,TCC,512038,E,TCC CONCEPT LIMITED,TCC,1,0.05,TCC
BSE,bse_cm,ROYALIND,512047,E,ROYAL INDIA CORPORATION LIMITE,ROYALIND,1,0.01,ROYALIND
BSE,bse_cm,DHANSAFAL,512048,E,DHANSAFAL FINSERVE LIMITED,DHANSAFAL,1,0.01,DHANSAFAL
BSE,bse_cm,SHYAM,512060,E,VENTURA GUARANTY LTD.,SHYAM,50,0.01,SHYAM
BSE,bse_cm,TANDHANIN,512062,E,TANDHAN INDUSTRIES LIMITED,TANDHANIN,1,0.05,TANDHANIN
BSE,bse_cm,WARDHEALTH,512063,E,WARDWIZARD HEALTHCARE LIMITED,WARDHEALTH,50,0.01,WARDHEALTH
BSE,bse_cm,VISVEN,512064,E,VISHVPRABHA VENTURES LIMITED,VISVEN,1,0.01,VISVEN
BSE,bse_cm,MRUTR,512065,E,MRUGESH TRADING LTD.,MRUTR,1,0.01,MRUTR
BSE,bse_cm,DECNGOLD,512068,E,DECCAN GOLD MINES LTD.,DECNGOLD,1,0.05,DECNGOLD
BSE,bse_cm,UPL,512070,E,UPL LIMITED,UPL,1,0.05,UPL
BSE,bse_cm,GDIL,512091,E,GLOBAL DEFENCE INDUSTRIES LIMI,GDIL,1,0.01,GDIL
BSE,bse_cm,CRANESSOFT,512093,E,CRANES SOFTWARE INTERNATIONAL,CRANESSOFT,1,0.01,CRANESSOFT
BSE,bse_cm,SAICOM,512097,E,SAIANAND COMMERCIAL LIMITED,SAICOM,1,0.01,SAICOM
BSE,bse_cm,EY,512099,E,EYANTRA VENTURES LIMITED,EY,1,0.05,EY
BSE,bse_cm,TRIPR,512101,E,TRIOCHEM PRODUCTS LTD.,TRIPR,1,0.01,TRIPR
BSE,bse_cm,NIDHGRN,512103,E,NIDHI GRANITES LTD.,NIDHGRN,1,0.05,NIDHGRN
BSE,bse_cm,AVIVA,512109,E,AVIVA INDUSTRIES LTD.,AVIVA,1,0.01,AVIVA
BSE,bse_cm,ROSEMER,512115,E,ROSE MERC.LTD.,ROSEMER,1,0.01,ROSEMER
BSE,bse_cm,TWIROST,512117,E,TWIN ROSES TRADES & AGENCIES L,TWIROST,1,0.01,TWIROST
BSE,bse_cm,SIGIND,512131,E,SIGNET INDUSTRIES LIMITED,SIGIND,1,0.01,SIGIND
BSE,bse_cm,KAJALSY,512147,E,KAJAL SYNTHETICS & SILK MILLS,KAJALSY,1,0.01,KAJALSY
BSE,bse_cm,AVANCE,512149,E,AVANCE TECHNOLOGIES LTD.,AVANCE,1,0.01,AVANCE
BSE,bse_cm,MLINDLTD,512153,E,M LAKHAMSI INDUSTRIES LIMITED,MLINDLTD,1,0.01,MLINDLTD
BSE,bse_cm,TERRAREAL,512157,E,TERRAFORM REALSTATE LIMITED,TERRAREAL,50,0.01,TERRAREAL
BSE,bse_cm,SECURKLOUD,512161,E,SECUREKLOUD TECHNOLOGIES LIMIT,SECURKLOUD,1,0.01,SECURKLOUD
BSE,bse_cm,ABANSENT,512165,E,ABANS ENTERPRISES LTD,ABANSENT,1,0.01,ABANSENT
BSE,bse_cm,CAPRICORN,512169,E,CAPRICORN SYSTEMS GLOBAL SOLUT,CAPRICORN,1,0.01,CAPRICORN
BSE,bse_cm,VAMA,512175,E,VAMA INDUSTRIES LTD.,VAMA,1,0.01,VAMA
BSE,bse_cm,SUNTECK,512179,E,SUNTECK REALTY LTD.,SUNTECK,1,0.05,SUNTECK
BSE,bse_cm,BENTCOM,512195,E,BENTLEY COMMERCIAL ENTERPRISES,BENTCOM,50,0.01,BENTCOM
BSE,bse_cm,SILVERO,512197,E,SILVER OAK COMMERCIAL LTD.,SILVERO,1,0.01,SILVERO
BSE,bse_cm,CLASELE,512213,E,CLASSIC ELECTRICALS LTD.,CLASELE,1,0.01,CLASELE
BSE,bse_cm,PRISMMEDI,512217,E,PRISM MEDICO AND PHARMACY LTD.,PRISMMEDI,1,0.01,PRISMMEDI
BSE,bse_cm,SPVGLOBAL,512221,E,SPV GLOBAL TRADING LIMITED,SPVGLOBAL,1,0.01,SPVGLOBAL
BSE,bse_cm,VERITAS,512229,E,VERITAS (INDIA) LTD.,VERITAS,1,0.05,VERITAS
BSE,bse_cm,JAICORPLTD,512237,E,JAI CORP LTD.,JAICORPLTD,1,0.05,JAICORPLTD
BSE,bse_cm,ZNIVITRD,512245,E,NIVI TRADING LTD.,ZNIVITRD,50,0.01,ZNIVITRD
BSE,bse_cm,ASHCAP,512247,E,ASHIRWAD CAPITAL LTD.,ASHCAP,1,0.01,ASHCAP
BSE,bse_cm,SVARTCORP,512257,E,SWASTI VINAYAKA ART AND HERITA,SVARTCORP,1,0.01,SVARTCORP
BSE,bse_cm,BAJGLOB,512261,E,BAJAJ GLOBAL LTD.,BAJGLOB,1,0.01,BAJGLOB
BSE,bse_cm,AVONMERC,512265,E,AVON MERCANTILE LTD.,AVONMERC,1,0.01,AVONMERC
BSE,bse_cm,MMWL,512267,E,MEDIA MATRIX WORLDWIDE LTD.,MMWL,1,0.01,MMWL
BSE,bse_cm,TASHIND,512271,E,TASHI INDIA LTD.,TASHIND,1,0.05,TASHIND
BSE,bse_cm,AUTOINT,512277,E,AUTORIDERS INTERNATIONAL LTD.,AUTOINT,1,0.05,AUTOINT
BSE,bse_cm,ZSPEEDCO,512291,E,SPEEDAGE COMMERCIALS LTD.,ZSPEEDCO,50,0.01,ZSPEEDCO
BSE,bse_cm,BHAGYANGR,512296,E,BHAGYANAGAR INDIA LTD.,BHAGYANGR,1,0.05,BHAGYANGR
BSE,bse_cm,CHMBBRW,512301,E,CHAMBAL BREWERIES & DISTILLERI,CHMBBRW,1,0.01,CHMBBRW
BSE,bse_cm,ZMANSOON,512303,E,MANSOON TRADING CO.LTD.,ZMANSOON,50,0.01,ZMANSOON
BSE,bse_cm,TYPHOON,512307,E,TYPHOON HOLDINGS LTD.,TYPHOON,1,0.01,TYPHOON
BSE,bse_cm,SGMART,512329,E,SG MART LIMITED,SGMART,1,0.05,SGMART
BSE,bse_cm,ARAVALIS,512344,E,ARAVALI SECURITIES & FINANCE L,ARAVALIS,1,0.01,ARAVALIS
BSE,bse_cm,LEXGLOBAL,512345,E,LEXORA GLOBAL LIMITED,LEXGLOBAL,1,0.05,LEXGLOBAL
BSE,bse_cm,CUPIDALBV,512361,E,CUPID BREWERIES AND DISTILLERI,CUPIDALBV,1,0.01,CUPIDALBV
BSE,bse_cm,ZSHERAPR,512367,E,SHERATON PROPERTIES & FINANCE,ZSHERAPR,100,0.01,ZSHERAPR
BSE,bse_cm,MAGANTR,512377,E,MAGNANIMOUS TRADE & FINANCE LT,MAGANTR,1,0.01,MAGANTR
BSE,bse_cm,CRSL,512379,E,CRESSANDA RAILWAY SOLUTIONS LI,CRSL,1,0.01,CRSL
BSE,bse_cm,STARTECK,512381,E,STARTECK FINANCE LIMITED,STARTECK,1,0.05,STARTECK
BSE,bse_cm,SHARDUL,512393,E,SHARDUL SECURITIES LTD.,SHARDUL,1,0.01,SHARDUL
BSE,bse_cm,SERA,512399,E,SERA INVESTMENTS & FINANCE IND,SERA,1,0.01,SERA
BSE,bse_cm,BENGALS,512404,E,BENGAL STEEL INDUSTRIES LTD.,BENGALS,50,0.01,BENGALS
BSE,bse_cm,UNIWSEC,512408,E,UNIWORTH SECURITIES LTD.,UNIWSEC,1,0.01,UNIWSEC
BSE,bse_cm,MERCTRD,512415,E,MERCURY TRADE LINKS LTD.,MERCTRD,1,0.01,MERCTRD
BSE,bse_cm,NIRAVCOM,512425,E,NIRAV COMMERCIALS LTD.,NIRAVCOM,1,0.05,NIRAVCOM
BSE,bse_cm,WHITHAL,512431,E,WHITE HALL COMMERCIAL CO.LTD.,WHITHAL,1,0.01,WHITHAL
BSE,bse_cm,ASUTENT,512433,E,ASUTOSH ENTERPRISES LTD.,ASUTENT,100,0.01,ASUTENT
BSE,bse_cm,APOLLOFI,512437,E,APOLLO FINVEST (INDIA) LTD.,APOLLOFI,1,0.05,APOLLOFI
BSE,bse_cm,ESQRMON,512439,E,ESQUIRE MONEY GUARANTEES LTD.,ESQRMON,1,0.01,ESQRMON
BSE,bse_cm,ENBETRD,512441,E,Enbee Trade &amp; Finance Ltd,ENBETRD,1,0.01,ENBETRD
BSE,bse_cm,GANONPRO,512443,E,Ganon Products Limited,GANONPRO,1,0.01,GANONPRO
BSE,bse_cm,DEVITRD,512445,E,DEVINSU TRADING LTD.,DEVITRD,1,0.01,DEVITRD
BSE,bse_cm,SHRJAGP,512453,E,SHRI JAGDAMBA POLYMERS LTD.,SHRJAGP,1,0.05,SHRJAGP
BSE,bse_cm,LLOYDSME,512455,E,LLOYDS METALS AND ENERGY LTD.,LLOYDSME,1,0.05,LLOYDSME
BSE,bse_cm,PUNCTRD,512461,E,PUNCTUAL TRADING LTD.,PUNCTRD,100,0.01,PUNCTRD
BSE,bse_cm,LLOYDSENT,512463,E,LLOYDS ENTERPRISES LIMITED,LLOYDSENT,1,0.01,LLOYDSENT
BSE,bse_cm,BETXIND,512477,E,BETEX INDIA LTD.,BETXIND,1,0.05,BETXIND
BSE,bse_cm,VIRYA,512479,E,VIRYA RESOURCES LIMITED,VIRYA,1,0.05,VIRYA
BSE,bse_cm,DHANCOT,512485,E,DHANLAXMI COTEX LTD.,DHANCOT,1,0.05,DHANCOT
BSE,bse_cm,OASISEC,512489,E,OASIS SECURITIES LTD.,OASISEC,1,0.01,OASISEC
BSE,bse_cm,GARNETINT,512493,E,GARNET INTERNATIONAL LTD.,GARNETINT,1,0.01,GARNETINT
BSE,bse_cm,SHALPRO,512499,E,SHALIMAR PRODUCTIONS LTD.,SHALPRO,1,0.01,SHALPRO
BSE,bse_cm,MEENST,512505,E,MEENAKSHI STEEL INDUSTRIES LTD,MEENST,1,0.01,MEENST
BSE,bse_cm,VARUNME,512511,E,VARUN MERCANTILE LTD.,VARUNME,1,0.01,VARUNME
BSE,bse_cm,VINVANI,512517,E,VINAYAK VANIJYA LTD.,VINVANI,1,0.01,VINVANI
BSE,bse_cm,DONEAR,512519,E,DONEAR INDUSTRIES LTD.,DONEAR,1,0.01,DONEAR
BSE,bse_cm,SUPER,512527,E,SUPER SALES INDIA LTD.,SUPER,1,0.05,SUPER
BSE,bse_cm,VIYASH,512529,E,VIYASH SCIENTIFIC LIMITED,VIYASH,1,0.05,VIYASH
BSE,bse_cm,STCINDIA,512531,E,STATE TRADING CORPORATION OF I,STCINDIA,1,0.05,STCINDIA
BSE,bse_cm,ZENITHEXPO,512553,E,ZENITH EXPORTS LTD.,ZENITHEXPO,1,0.05,ZENITHEXPO
BSE,bse_cm,KOHINOOR,512559,E,KOHINOOR FOODS LTD.,KOHINOOR,1,0.01,KOHINOOR
BSE,bse_cm,NEELKANTH,512565,E,NEELKANTH LIMITED,NEELKANTH,1,0.01,NEELKANTH
BSE,bse_cm,AVANTIFEED,512573,E,AVANTI FEEDS LTD.,AVANTIFEED,1,0.05,AVANTIFEED
BSE,bse_cm,ZODJRDMKJ,512587,E,ZODIAC-JRD-MKJ LTD.,ZODJRDMKJ,1,0.01,ZODJRDMKJ
BSE,bse_cm,SITAENT,512589,E,SITA ENTERPRISES LTD.,SITAENT,1,0.05,SITAENT
BSE,bse_cm,PULSRIN,512591,E,PULSAR INTERNATIONAL LTD.,PULSRIN,1,0.01,PULSRIN
BSE,bse_cm,MANBRO,512595,E,Manbro Industries Limited,MANBRO,1,0.01,MANBRO
BSE,bse_cm,KEYFINSERV,512597,E,KEYNOTE FINANCIAL SERVICES LIM,KEYFINSERV,1,0.05,KEYFINSERV
BSE,bse_cm,ADANIENT,512599,E,ADANI ENTERPRISES LTD.,ADANIENT,1,0.05,ADANIENT
BSE,bse_cm,ASTALLTD,512600,E,ASTAL LABORATORIES LIMITED,ASTALLTD,1,0.01,ASTALLTD
BSE,bse_cm,HARIAEXPO,512604,E,HARIA EXPORTS LTD.,HARIAEXPO,1,0.01,HARIAEXPO
BSE,bse_cm,BHANDARI,512608,E,BHANDARI HOSIERY EXPORTS LTD.,BHANDARI,1,0.01,BHANDARI
BSE,bse_cm,RLF,512618,E,RLF LTD.,RLF,1,0.01,RLF
BSE,bse_cm,REGENTRP,512624,E,Regent Enterprises Limited,REGENTRP,1,0.01,REGENTRP
BSE,bse_cm,ORBTEXP,512626,E,ORBIT EXPORTS LTD.,ORBTEXP,1,0.05,ORBTEXP
BSE,bse_cm,SAVERA,512634,E,SAVERA INDUSTRIES LTD.,SAVERA,1,0.05,SAVERA
BSE,bse_cm,CHROME,513005,E,Chrome Silicon Limited,CHROME,1,0.01,CHROME
BSE,bse_cm,ZJEETMAC,513012,E,JEET MACHINE TOOLS LTD.,ZJEETMAC,1,0.01,ZJEETMAC
BSE,bse_cm,NAVA,513023,E,NAVA LIMITED,NAVA,1,0.05,NAVA
BSE,bse_cm,ZHINUDYP,513039,E,HINDUSTHAN UDYOG LTD.,ZHINUDYP,1,0.01,ZHINUDYP
BSE,bse_cm,REMIEDEL,513043,E,REMI EDELSTAHL TUBULARS LIMITE,REMIEDEL,1,0.05,REMIEDEL
BSE,bse_cm,GSAUTO,513059,E,G.S.AUTO INTERNATIONAL LTD.,GSAUTO,1,0.01,GSAUTO
BSE,bse_cm,TRANSFRE,513063,E,TRANS-FREIGHT CONTAINERS LTD.,TRANSFRE,1,0.01,TRANSFRE
BSE,bse_cm,SBCL,513097,E,SHIVALIK BIMETAL CONTROLS LTD.,SBCL,1,0.05,SBCL
BSE,bse_cm,GANDHITUBE,513108,E,GANDHI SPECIAL TUBES LTD.,GANDHITUBE,1,0.05,GANDHITUBE
BSE,bse_cm,AMFORG,513117,E,AMFORGE INDUSTRIES LTD.,AMFORG,1,0.01,AMFORG
BSE,bse_cm,ONIXSOLAR,513119,E,ONIX SOLAR ENERGY LIMITED,ONIXSOLAR,1,0.05,ONIXSOLAR
BSE,bse_cm,ORICONENT,513121,E,ORICON ENTERPRISES LTD.,ORICONENT,1,0.01,ORICONENT
BSE,bse_cm,ACROW,513149,E,ACROW INDIA LTD.,ACROW,1,0.05,ACROW
BSE,bse_cm,STLSTRINF,513173,E,STEEL STRIPS INFRASTRUCTURES L,STLSTRINF,1,0.01,STLSTRINF
BSE,bse_cm,PENIND,513228,E,PENNAR INDUSTRIES LTD.,PENIND,1,0.05,PENIND
BSE,bse_cm,JYOTISTRUC,513250,E,JYOTI STRUCTURES LTD.,JYOTISTRUC,1,0.01,JYOTISTRUC
BSE,bse_cm,JAYUSH,513252,E,JAY USHIN LTD.,JAYUSH,1,0.05,JAYUSH
BSE,bse_cm,SSWL,513262,E,STEEL STRIPS WHEELS LTD.,SSWL,1,0.05,SSWL
BSE,bse_cm,MANINDS,513269,E,MAN INDUSTRIES (INDIA) LTD.,MANINDS,1,0.05,MANINDS
BSE,bse_cm,IMEC,513295,E,IMEC SERVICES LIMITED,IMEC,1,0.05,IMEC
BSE,bse_cm,MDRNSTL,513303,E,MODERN STEELS LTD.,MDRNSTL,1,0.01,MDRNSTL
BSE,bse_cm,BELDING,513307,E,BELDING INDIA LIMITED,BELDING,1,0.05,BELDING
BSE,bse_cm,GUJTLRM,513337,E,GUJARAT TOOLROOM LTD.,GUJTLRM,1,0.01,GUJTLRM
BSE,bse_cm,AJMERA,513349,E,AJMERA REALTY & INFRA INDIA LT,AJMERA,1,0.05,AJMERA
BSE,bse_cm,COCHINM,513353,E,COCHIN MINERALS & RUTILE LTD.,COCHINM,1,0.05,COCHINM
BSE,bse_cm,INDIAHOMES,513361,E,India Homes Limited,INDIAHOMES,1,0.01,INDIAHOMES
BSE,bse_cm,KVFORGE,513369,E,KRISHANVEER FORGE LIMITED,KVFORGE,1,0.05,KVFORGE
BSE,bse_cm,CARBORUNIV,513375,E,CARBORUNDUM UNIVERSAL LTD.,CARBORUNIV,1,0.05,CARBORUNIV
BSE,bse_cm,MMTC,513377,E,MMTC LTD.,MMTC,1,0.01,MMTC
BSE,bse_cm,VALLABHSQ,513397,E,VALLABH STEELS LTD.,VALLABHSQ,1,0.01,VALLABHSQ
BSE,bse_cm,SMFIL,513418,E,SMITHS & FOUNDERS (INDIA) LIMI,SMFIL,1,0.01,SMFIL
BSE,bse_cm,BLOIN,513422,E,BLOOM INDUSTRIES LTD.,BLOIN,1,0.01,BLOIN
BSE,bse_cm,MAITRI,513430,E,Maitri Enterprises Limited,MAITRI,1,0.01,MAITRI
BSE,bse_cm,SHAHALLOYS,513436,E,SHAH ALLOYS LTD.,SHAHALLOYS,1,0.01,SHAHALLOYS
BSE,bse_cm,ELANGO,513452,E,ELANGO INDUSTRIES LTD.,ELANGO,1,0.01,ELANGO
BSE,bse_cm,KANSHST,513456,E,KANISHK STEEL INDUSTRIES LTD.,KANSHST,1,0.01,KANSHST
BSE,bse_cm,MAHALXSE,513460,E,MAHALAXMI SEAMLESS LTD.,MAHALXSE,1,0.01,MAHALXSE
BSE,bse_cm,SIMPLEXCAS,513472,E,SIMPLEX CASTINGS LTD.,SIMPLEXCAS,1,0.05,SIMPLEXCAS
BSE,bse_cm,SSWRL,513488,E,SHREE STEEL WIRE ROPES LTD.,SSWRL,1,0.01,SSWRL
BSE,bse_cm,SIZEMASTER,513496,E,SIZEMASTERS TECHNOLOGY LIMITED,SIZEMASTER,1,0.05,SIZEMASTER
BSE,bse_cm,SOUTHMG,513498,E,SOUTHERN MAGNESIUM & CHEMICALS,SOUTHMG,1,0.01,SOUTHMG
BSE,bse_cm,BAROEXT,513502,E,BARODA EXTRUSION LTD.,BAROEXT,1,0.01,BAROEXT
BSE,bse_cm,GUJCONT,513507,E,GUJARAT CONTAINERS LTD.,GUJCONT,100,0.05,GUJCONT
BSE,bse_cm,KALYANIFRG,513509,E,KALYANI FORGE LTD.,KALYANIFRG,1,0.05,KALYANIFRG
BSE,bse_cm,PANCHMAHQ,513511,E,PANCHMAHAL STEEL LTD.,PANCHMAHQ,1,0.05,PANCHMAHQ
BSE,bse_cm,ADITYA,513513,E,ADITYA ISPAT LTD.,ADITYA,1,0.01,ADITYA
BSE,bse_cm,STEELCAS,513517,E,STEELCAST LTD.,STEELCAS,1,0.05,STEELCAS
BSE,bse_cm,PITTIENG,513519,E,PITTI ENGINEERING LIMITED,PITTIENG,1,0.05,PITTIENG
BSE,bse_cm,GLITTEKG,513528,E,GLITTEK GRANITES LTD.,GLITTEKG,1,0.01,GLITTEKG
BSE,bse_cm,PRADPME,513532,E,PRADEEP METALS LTD.,PRADPME,1,0.05,PRADPME
BSE,bse_cm,GNRL,513536,E,GUJARAT NATURAL RESOURCES LIMI,GNRL,1,0.05,GNRL
BSE,bse_cm,MSCTC,513544,E,MARDIA SAMYOUNG CAPILLARY TUBE,MSCTC,1,0.01,MSCTC
BSE,bse_cm,SHRDAIS,513548,E,SHARDA ISPAT LTD.,SHRDAIS,1,0.05,SHRDAIS
BSE,bse_cm,MAHASTEEL,513554,E,MAHAMAYA STEEL INDUSTRIES LTD.,MAHASTEEL,1,0.05,MAHASTEEL
BSE,bse_cm,NOVIS,513566,E,NOVA IRON & STEEL LTD.,NOVIS,1,0.01,NOVIS
BSE,bse_cm,STERPOW,513575,E,STERLING POWERGENSYS LTD,STERPOW,1,0.01,STERPOW
BSE,bse_cm,FFPL,513579,E,FOUNDRY FUEL PRODUCTS LTD.,FFPL,1,0.01,FFPL
BSE,bse_cm,HINDCOPPER,513599,E,HINDUSTAN COPPER LTD.,HINDCOPPER,1,0.05,HINDCOPPER
BSE,bse_cm,TULSYAN,513629,E,TULSYAN NEC LTD.,TULSYAN,1,0.01,TULSYAN
BSE,bse_cm,AXELPOLY,513642,E,AXEL POLYMERS LTD.,AXELPOLY,1,0.01,AXELPOLY
BSE,bse_cm,NLCINDIA,513683,E,NLC India Limited,NLCINDIA,1,0.05,NLCINDIA
BSE,bse_cm,SPECTRA,513687,E,SPECTRA INDUSTRIES LTD.,SPECTRA,1,0.01,SPECTRA
BSE,bse_cm,KAJARIR,513693,E,KIC METALIKS LTD.,KAJARIR,1,0.01,KAJARIR
BSE,bse_cm,SOLIDSTON,513699,E,SOLID STONE COMPANY LTD.,SOLIDSTON,1,0.01,SOLIDSTON
BSE,bse_cm,SHILGRAVQ,513709,E,SHILP GRAVURES LTD.,SHILGRAVQ,1,0.05,SHILGRAVQ
BSE,bse_cm,WHITEORG,513713,E,White Organic Agro Limited,WHITEORG,1,0.01,WHITEORG
BSE,bse_cm,MFSINTRCRP,513721,E,MFS INTERCORP LTD.,MFSINTRCRP,1,0.01,MFSINTRCRP
BSE,bse_cm,AROGRANITE,513729,E,ARO GRANITE INDUSTRIES LTD.,AROGRANITE,1,0.01,AROGRANITE
BSE,bse_cm,RUDRAECO,514010,E,RUDRA ECOVATION LIMITED,RUDRAECO,1,0.01,RUDRAECO
BSE,bse_cm,RAJKSYN,514028,E,RAJKAMAL SYNTHETICS LTD.,RAJKSYN,1,0.01,RAJKSYN
BSE,bse_cm,DEEPAKSP,514030,E,DEEPAK SPINNERS LTD.,DEEPAKSP,1,0.05,DEEPAKSP
BSE,bse_cm,LOYALTEX,514036,E,LOYAL TEXTILE MILLS LTD.,LOYALTEX,1,0.05,LOYALTEX
BSE,bse_cm,HIMATSEIDE,514043,E,HIMATSINGKA SEIDE LTD.,HIMATSEIDE,1,0.01,HIMATSEIDE
BSE,bse_cm,BSL,514045,E,BSL LTD.,BSL,1,0.05,BSL
BSE,bse_cm,NEWTRAC,514060,E,NEWTRAC FOODS & BEVERAGES LIMI,NEWTRAC,1,0.01,NEWTRAC
BSE,bse_cm,PBMPOLY,514087,E,PBM POLYTEX LTD.,PBMPOLY,1,0.01,PBMPOLY
BSE,bse_cm,ADINATH,514113,E,ADINATH TEXTILES LTD.,ADINATH,1,0.01,ADINATH
BSE,bse_cm,SURYALA,514138,E,SURYALATA SPINNING MILLS LTD.,SURYALA,1,0.05,SURYALA
BSE,bse_cm,TTL,514142,E,T T LTD.,TTL,1,0.01,TTL
BSE,bse_cm,WELSPUNLIV,514162,E,WELSPUN LIVING LIMITED,WELSPUNLIV,1,0.05,WELSPUNLIV
BSE,bse_cm,INDIANACRY,514165,E,INDIAN ACRYLICS LTD.,INDIANACRY,1,0.01,INDIANACRY
BSE,bse_cm,GANECOS,514167,E,GANESHA ECOSPHERE LTD.,GANECOS,1,0.05,GANECOS
BSE,bse_cm,CEETAIN,514171,E,CEETA INDUSTRIES LTD.,CEETAIN,1,0.01,CEETAIN
BSE,bse_cm,VARDMNPOLY,514175,E,VARDHMAN POLYTEX LTD.,VARDMNPOLY,1,0.01,VARDMNPOLY
BSE,bse_cm,RISHYRN,514177,E,RISHAB SPECIAL YARNS LTD.,RISHYRN,1,0.01,RISHYRN
BSE,bse_cm,BLACKROSE,514183,E,BLACK ROSE INDUSTRIES LTD.,BLACKROSE,1,0.05,BLACKROSE
BSE,bse_cm,STCORP,514197,E,S&T CORPORATION LTD.,STCORP,1,0.01,STCORP
BSE,bse_cm,SUMEETINDS,514211,E,SUMEET INDUSTRIES LTD.,SUMEETINDS,1,0.01,SUMEETINDS
BSE,bse_cm,RAMGOPOLY,514223,E,RAMGOPAL POLYTEX LTD.,RAMGOPOLY,1,0.01,RAMGOPOLY
BSE,bse_cm,SANGAMIND,514234,E,SANGAM (INDIA) LTD.,SANGAMIND,1,0.05,SANGAMIND
BSE,bse_cm,TTLEL,514236,E,TTL ENTERPRISES LIMITED,TTLEL,1,0.01,TTLEL
BSE,bse_cm,MKVENTURES,514238,E,MKVENTURES CAPITAL LIMITED,MKVENTURES,1,0.05,MKVENTURES
BSE,bse_cm,KUSHIND,514240,E,Kush Industries Limited,KUSHIND,1,0.01,KUSHIND
BSE,bse_cm,SRECR,514248,E,SREECHEM RESINS LTD.,SRECR,100,0.01,SRECR
BSE,bse_cm,SURBHIN,514260,E,SURBHI INDUSTRIES LTD.,SURBHIN,1,0.01,SURBHIN
BSE,bse_cm,SEASONST,514264,E,SEASONS TEXTILES LTD.,SEASONST,1,0.01,SEASONST
BSE,bse_cm,ZENIFIB,514266,E,ZENITH FIBRES LTD.,ZENIFIB,1,0.01,ZENIFIB
BSE,bse_cm,BHILSPIN,514272,E,BHILWARA SPINNERS LTD.,BHILSPIN,1,0.05,BHILSPIN
BSE,bse_cm,VGL,514274,E,VARVEE GLOBAL LIMITED,VGL,1,0.01,VGL
BSE,bse_cm,SANTETX,514280,E,SANRHEA TECHNICAL TEXTILES LTD,SANTETX,1,0.05,SANTETX
BSE,bse_cm,ASHIMASYN,514286,E,ASHIMA LTD.,ASHIMASYN,1,0.01,ASHIMASYN
BSE,bse_cm,PIONEEREMB,514300,E,PIONEER EMBROIDERIES LTD.,PIONEEREMB,1,0.01,PIONEEREMB
BSE,bse_cm,VIPPYSP,514302,E,VIPPY SPINPRO LTD.,VIPPYSP,1,0.05,VIPPYSP
BSE,bse_cm,JAIHIND,514312,E,JAIHIND INDUSTRIES LIMITED,JAIHIND,1,0.01,JAIHIND
BSE,bse_cm,RAGHUSYN,514316,E,RAGHUVIR SYNTHETICS LTD.,RAGHUSYN,1,0.05,RAGHUSYN
BSE,bse_cm,JATTAINDUS,514318,E,JATTASHANKAR INDUSTIES LTD.,JATTAINDUS,1,0.05,JATTAINDUS
BSE,bse_cm,KAMADGIRI,514322,E,KAMADGIRI FASHION LTD.,KAMADGIRI,1,0.05,KAMADGIRI
BSE,bse_cm,OMNITEX,514324,E,OMNITEX INDUSTRIES (INDIA) LTD,OMNITEX,1,0.05,OMNITEX
BSE,bse_cm,PATSPINLTD,514326,E,PATSPIN INDIA LTD.,PATSPINLTD,1,0.01,PATSPINLTD
BSE,bse_cm,ONEGLOBAL,514330,E,ONE GLOBAL SERVICE PROVIDER LI,ONEGLOBAL,1,0.05,ONEGLOBAL
BSE,bse_cm,NEOINFRA,514332,E,NEO INFRACON LTD.,NEOINFRA,1,0.01,NEOINFRA
BSE,bse_cm,CCME,514336,E,CCME GLOBAL LIMITED,CCME,1,0.05,CCME
BSE,bse_cm,PREMIERPOL,514354,E,PREMIER POLYFILM LTD.,PREMIERPOL,1,0.01,PREMIERPOL
BSE,bse_cm,EVERFIN,514358,E,EVERLON FINANCIALS LIMITED,EVERFIN,1,0.05,EVERFIN
BSE,bse_cm,KRRAIL,514360,E,K&R RAIL ENGINEERING LIMITED,KRRAIL,1,0.01,KRRAIL
BSE,bse_cm,YARNSYN,514378,E,YARN SYNDICATE LTD.,YARNSYN,1,0.01,YARNSYN
BSE,bse_cm,GUJCOTEX,514386,E,GUJARAT COTEX LTD.,GUJCOTEX,1,0.01,GUJCOTEX
BSE,bse_cm,GARWSYN,514400,E,GARWARE SYNTHETICS LTD.,GARWSYN,1,0.01,GARWSYN
BSE,bse_cm,ECOHOTELS,514402,E,ECO HOTELS AND RESORTS LIMITED,ECOHOTELS,1,0.01,ECOHOTELS
BSE,bse_cm,SARUPINDUS,514412,E,SARUP INDUSTRIES LTD.,SARUPINDUS,1,0.05,SARUPINDUS
BSE,bse_cm,OXFORDIN,514414,E,OXFORD INDUSTRIES LTD.,OXFORDIN,1,0.01,OXFORDIN
BSE,bse_cm,MANORG,514418,E,MANGALAM ORGANICS LIMITED,MANORG,1,0.05,MANORG
BSE,bse_cm,HINDADH,514428,E,HINDUSTAN ADHESIVES LTD.,HINDADH,1,0.05,HINDADH
BSE,bse_cm,BPAGRI,514440,E,Blue Pearl Agriventures Limite,BPAGRI,1,0.01,BPAGRI
BSE,bse_cm,SRIKPRIND,514442,E,SRI KPR INDUSTRIES LTD.,SRIKPRIND,1,0.01,SRIKPRIND
BSE,bse_cm,JYOTIRES,514448,E,JYOTI RESINS & ADHESIVES LTD.,JYOTIRES,1,0.05,JYOTIRES
BSE,bse_cm,MHLXMIRU,514450,E,MAHALAXMI RUBTECH LTD.,MHLXMIRU,1,0.05,MHLXMIRU
BSE,bse_cm,SOUTLAT,514454,E,SOUTHERN LATEX LTD.,SOUTLAT,1,0.01,SOUTLAT
BSE,bse_cm,WINSOMTX,514470,E,WINSOME TEXTILE INDUSTRIES LTD,WINSOMTX,1,0.01,WINSOMTX
BSE,bse_cm,MODINSU,515008,E,MODERN INSULATORS LTD.,MODINSU,1,0.05,MODINSU
BSE,bse_cm,REGENCERAM,515018,E,REGENCY CERAMICS LTD.,REGENCERAM,1,0.01,REGENCERAM
BSE,bse_cm,ASAHIINDIA,515030,E,ASAHI INDIA GLASS LTD.,ASAHIINDIA,1,0.05,ASAHIINDIA
BSE,bse_cm,MURUDCERA,515037,E,MURUDESHWAR CERAMICS LTD.,MURUDCERA,1,0.01,MURUDCERA
BSE,bse_cm,SEKURITIND,515043,E,SAINT-GOBAIN SEKURIT INDIA LTD,SEKURITIND,1,0.05,SEKURITIND
BSE,bse_cm,ANANTRAJ,515055,E,ANANT RAJ LIMITED,ANANTRAJ,1,0.05,ANANTRAJ
BSE,bse_cm,MADHUDIN,515059,E,MADHUSUDAN INDUSTRIES LTD.,MADHUDIN,1,0.01,MADHUDIN
BSE,bse_cm,RESTILE,515085,E,RESTILE CERAMICS LTD.,RESTILE,1,0.01,RESTILE
BSE,bse_cm,MADHAV,515093,E,MADHAV MARBLES & GRANITES LTD.,MADHAV,1,0.01,MADHAV
BSE,bse_cm,HALDYNGL,515147,E,HALDYN GLASS LTD,HALDYNGL,1,0.05,HALDYNGL
BSE,bse_cm,DUROPLY,516003,E,DUROPLY INDUSTRIES LIMITED,DUROPLY,1,0.05,DUROPLY
BSE,bse_cm,SHREYANIND,516016,E,SHREYANS INDUSTRIES LTD.,SHREYANIND,1,0.05,SHREYANIND
BSE,bse_cm,AGIOPAPER,516020,E,AGIO PAPER & INDUSTRIES LTD.,AGIOPAPER,1,0.01,AGIOPAPER
BSE,bse_cm,STARPAPER,516022,E,STAR PAPER MILLS LTD.,STARPAPER,1,0.05,STARPAPER
BSE,bse_cm,PAKKA,516030,E,PAKKA LIMITED,PAKKA,1,0.01,PAKKA
BSE,bse_cm,TAHMARENT,516032,E,TAHMAR ENTERPRISES LIMITED,TAHMARENT,1,0.01,TAHMARENT
BSE,bse_cm,KSSMART,516038,E,KS Smart Technologies Limited,KSSMART,1,0.05,KSSMART
BSE,bse_cm,NATPLY,516062,E,NATIONAL PLYWOOD INDUSTRIES LT,NATPLY,1,0.01,NATPLY
BSE,bse_cm,ARROWGREEN,516064,E,Arrow Greentech Limited,ARROWGREEN,1,0.05,ARROWGREEN
BSE,bse_cm,VISHNU,516072,E,VISHNU CHEMICALS LTD.,VISHNU,1,0.05,VISHNU
BSE,bse_cm,JUMBO,516078,E,JUMBO BAG LTD.,JUMBO,1,0.01,JUMBO
BSE,bse_cm,NRAIL,516082,E,N.R.AGARWAL INDUSTRIES LTD.,NRAIL,1,0.05,NRAIL
BSE,bse_cm,3PLAND,516092,E,3P LAND HOLDINGS LTD.,3PLAND,1,0.01,3PLAND
BSE,bse_cm,SANPA,516096,E,SANGAL PAPERS LTD.,SANPA,1,0.05,SANPA
BSE,bse_cm,VENTURA,516098,E,VENTURA TEXTILES LTD.,VENTURA,1,0.01,VENTURA
BSE,bse_cm,SHKARTP,516106,E,SHREE KARTHIK PAPERS LTD.,SHKARTP,1,0.01,SHKARTP
BSE,bse_cm,STHINPA,516108,E,SOUTH INDIA PAPER MILLS LTD.,STHINPA,1,0.05,STHINPA
BSE,bse_cm,FAMILYCARE,516110,E,FAMILY CARE HOSPITALS LIMITED,FAMILYCARE,1,0.01,FAMILYCARE
BSE,bse_cm,VINDHYATEL,517015,E,VINDHYA TELELINKS LTD.,VINDHYATEL,1,0.05,VINDHYATEL
BSE,bse_cm,RIR,517035,E,RIR POWER ELECTRONICS LIMITED,RIR,1,0.05,RIR
BSE,bse_cm,ADOR,517041,E,ADOR WELDING LTD.,ADOR,1,0.05,ADOR
BSE,bse_cm,SALZERELEC,517059,E,SALZER ELECTRONICS LTD.,SALZERELEC,1,0.05,SALZERELEC
BSE,bse_cm,JETKINGQ,517063,E,JETKING INFOTRAIN LTD.,JETKINGQ,1,0.01,JETKINGQ
BSE,bse_cm,INDAGIV,517077,E,IND-AGIV COMMERCE LTD.,INDAGIV,1,0.01,INDAGIV
BSE,bse_cm,APLAB,517096,E,APLAB LTD.,APLAB,1,0.01,APLAB
BSE,bse_cm,PCS,517119,E,PCS TECHNOLOGY LTD.,PCS,1,0.01,PCS
BSE,bse_cm,USHAMART,517146,E,USHA MARTIN LTD.,USHAMART,1,0.05,USHAMART
BSE,bse_cm,SPELS,517166,E,SPEL SEMICONDUCTOR LTD.,SPELS,1,0.05,SPELS
BSE,bse_cm,SUBROS,517168,E,SUBROS LTD.,SUBROS,1,0.05,SUBROS
BSE,bse_cm,EDVENSWA,517170,E,Edvenswa Enterprises Limited,EDVENSWA,1,0.01,EDVENSWA
BSE,bse_cm,PERVASIVE,517172,E,Pervasive Commodities Limited,PERVASIVE,1,0.01,PERVASIVE
BSE,bse_cm,HONAUT,517174,E,HONEYWELL AUTOMATION INDIA LTD,HONAUT,1,0.05,HONAUT
BSE,bse_cm,SWITCHTE,517201,E,SWITCHING TECHNOLOGIES GUNTHER,SWITCHTE,1,0.05,SWITCHTE
BSE,bse_cm,LUMAXIND,517206,E,LUMAX INDUSTRIES LTD.,LUMAXIND,1,0.05,LUMAXIND
BSE,bse_cm,DIGISPICE,517214,E,DIGISPICE TECHNOLOGIES LIMITED,DIGISPICE,1,0.01,DIGISPICE
BSE,bse_cm,CALCOM,517236,E,CALCOM VISION LTD.,CALCOM,1,0.01,CALCOM
BSE,bse_cm,DYNAVSN,517238,E,DYNAVISION LTD.,DYNAVSN,1,0.05,DYNAVSN
BSE,bse_cm,BCCFUBA,517246,E,BCC FUBA INDIA LTD.,BCCFUBA,1,0.05,BCCFUBA
BSE,bse_cm,PRECISIO,517258,E,PRECISION ELECTRONICS LTD.,PRECISIO,1,0.05,PRECISIO
BSE,bse_cm,FINELINE,517264,E,FINE-LINE CIRCUITS LTD.,FINELINE,1,0.01,FINELINE
BSE,bse_cm,HBLENGINE,517271,E,HBL ENGINEERING LIMITED,HBLENGINE,1,0.05,HBLENGINE
BSE,bse_cm,S&SPOWER,517273,E,S&S POWER SWITCHGEAR LTD.,S&SPOWER,1,0.05,S&SPOWER
BSE,bse_cm,RNITAI,517286,E,RNIT AI SOLUTIONS LIMITED,RNITAI,1,0.01,RNITAI
BSE,bse_cm,GUJARATPOLY,517288,E,Gujarat Poly Electronics Limit,GUJARATPOLY,1,0.01,GUJARATPOLY
BSE,bse_cm,GIPCL,517300,E,GUJARAT INDUSTRIES POWER CO.LT,GIPCL,1,0.05,GIPCL
BSE,bse_cm,MAGNUS,517320,E,MAGNUS STEEL AND INFRA LIMITED,MAGNUS,1,0.01,MAGNUS
BSE,bse_cm,MOTHERSON,517334,E,Samvardhana Motherson Internat,MOTHERSON,1,0.05,MOTHERSON
BSE,bse_cm,MODMA,517336,E,MODERN MALLEABLES LTD.,MODMA,100,0.01,MODMA
BSE,bse_cm,MINDTECK,517344,E,MINDTECK (INDIA) LTD.,MINDTECK,1,0.05,MINDTECK
BSE,bse_cm,HAVELLS,517354,E,HAVELLS INDIA LTD.,HAVELLS,1,0.05,HAVELLS
BSE,bse_cm,ACIIN,517356,E,ACI INFOCOM LTD.,ACIIN,1,0.01,ACIIN
BSE,bse_cm,SBECSYS,517360,E,SBEC SYSTEMS (INDIA) LTD.,SBECSYS,1,0.01,SBECSYS
BSE,bse_cm,INCAP,517370,E,INCAP LTD.,INCAP,1,0.05,INCAP
BSE,bse_cm,GUJINTRX,517372,E,GUJARAT INTRUX LTD.,GUJINTRX,1,0.05,GUJINTRX
BSE,bse_cm,IGARASHI,517380,E,IGARASHI MOTORS INDIA LTD.,IGARASHI,1,0.05,IGARASHI
BSE,bse_cm,SYMPHONY,517385,E,SYMPHONY LIMITED,SYMPHONY,1,0.05,SYMPHONY
BSE,bse_cm,REGANTO,517393,E,REGANTO ENTERPRISES LIMITED,REGANTO,1,0.01,REGANTO
BSE,bse_cm,PANELEC,517397,E,PAN ELECTRONICS INDIA LTD.,PANELEC,1,0.01,PANELEC
BSE,bse_cm,VXLINSTR,517399,E,VXL INSTRUMENTS LTD.,VXLINSTR,1,0.01,VXLINSTR
BSE,bse_cm,SHYAMTEL,517411,E,SHYAM TELECOM LTD.,SHYAMTEL,1,0.01,SHYAMTEL
BSE,bse_cm,LEENEE,517415,E,LEE & NEE SOFTWARES (EXPORTS),LEENEE,1,0.01,LEENEE
BSE,bse_cm,PATELSAI,517417,E,PATELS AIRTEMP (INDIA) LTD.,PATELSAI,1,0.05,PATELSAI
BSE,bse_cm,BUTTERFLY,517421,E,BUTTERFLY GANDHIMATHI APPLIANC,BUTTERFLY,1,0.05,BUTTERFLY
BSE,bse_cm,ATHENAGLO,517429,E,Athena Global Technologies Lim,ATHENAGLO,1,0.01,ATHENAGLO
BSE,bse_cm,NARMP,517431,E,NARMADA MACPLAST DRIP IRRIGATI,NARMP,1,0.01,NARMP
BSE,bse_cm,DUTRON,517437,E,DUTRON POLYMERS LTD.,DUTRON,1,0.05,DUTRON
BSE,bse_cm,RSSOFTWARE,517447,E,R.S.SOFTWARE INDIA LTD.,RSSOFTWARE,1,0.01,RSSOFTWARE
BSE,bse_cm,MAGNAELQ,517449,E,MAGNA ELECTRO CASTINGS LTD.,MAGNAELQ,1,0.05,MAGNAELQ
BSE,bse_cm,MARSONS,517467,E,MARSONS LIMITED,MARSONS,1,0.05,MARSONS
BSE,bse_cm,ELNET,517477,E,ELNET TECHNOLOGIES LTD.,ELNET,1,0.05,ELNET
BSE,bse_cm,ACCEL,517494,E,ACCEL LIMITED,ACCEL,1,0.01,ACCEL
BSE,bse_cm,WEBELSOLAR,517498,E,WEBSOL ENERGY SYSTEM LTD.,WEBELSOLAR,1,0.05,WEBELSOLAR
BSE,bse_cm,ROTO,517500,E,ROTO PUMPS LTD.,ROTO,1,0.01,ROTO
BSE,bse_cm,TTKPRESTIG,517506,E,TTK PRESTIGE LTD.,TTKPRESTIG,1,0.05,TTKPRESTIG
BSE,bse_cm,DHINDIA,517514,E,D&H INDIA LTD,DHINDIA,1,0.05,DHINDIA
BSE,bse_cm,RAJRATAN,517522,E,RAJRATAN GLOBAL WIRE LTD.,RAJRATAN,1,0.05,RAJRATAN
BSE,bse_cm,SURANAT&P,517530,E,SURANA TELECOM AND POWER LIMIT,SURANAT&P,1,0.01,SURANAT&P
BSE,bse_cm,ONWARDTEC,517536,E,ONWARD TECHNOLOGIES LTD.,ONWARDTEC,1,0.05,ONWARDTEC
BSE,bse_cm,CENTUM,517544,E,CENTUM ELECTRONICS LTD.,CENTUM,1,0.05,CENTUM
BSE,bse_cm,ALFATRAN,517546,E,ALFA TRANSFORMERS LTD.,ALFATRAN,1,0.01,ALFATRAN
BSE,bse_cm,NHCFOODS,517554,E,NHC FOODS LTD.,NHCFOODS,1,0.01,NHCFOODS
BSE,bse_cm,PVP,517556,E,PVP VENTURES LTD.,PVP,1,0.01,PVP
BSE,bse_cm,TRIGYN,517562,E,TRIGYN TECHNOLOGIES LTD.,TRIGYN,1,0.01,TRIGYN
BSE,bse_cm,KEI,517569,E,KEI INDUSTRIES LTD.,KEI,1,0.05,KEI
BSE,bse_cm,KEERTHI,518011,E,KEERTHI INDUSTRIES LTD.,KEERTHI,1,0.01,KEERTHI
BSE,bse_cm,SRICC,518053,E,Sri Chakra Cement Limited,SRICC,1,0.01,SRICC
BSE,bse_cm,SURAJ,518075,E,SURAJ PRODUCTS LTD.,SURAJ,1,0.05,SURAJ
BSE,bse_cm,APCL,518091,E,ANJANI PORTLAND CEMENT LTD.,APCL,1,0.05,APCL
BSE,bse_cm,MODINATUR,519003,E,MODI NATURALS LIMITED,MODINATUR,1,0.05,MODINATUR
BSE,bse_cm,PRSNTIN,519014,E,PRASHANT INDIA LTD.,PRSNTIN,1,0.01,PRSNTIN
BSE,bse_cm,SHAHFOOD,519031,E,SHAH FOODS LTD.,SHAHFOOD,1,0.05,SHAHFOOD
BSE,bse_cm,ZKHANDEN,519064,E,KHANDELWAL EXTRACTION LTD.,ZKHANDEN,1,0.05,ZKHANDEN
BSE,bse_cm,TASTYBITE,519091,E,TASTY BITE EATABLES LTD.,TASTYBITE,1,0.05,TASTYBITE
BSE,bse_cm,RITESHIN,519097,E,RITESH INTERNATIONAL LTD.,RITESHIN,1,0.01,RITESHIN
BSE,bse_cm,AVTNPL,519105,E,AVT NATURAL PRODUCTS LTD.,AVTNPL,1,0.01,AVTNPL
BSE,bse_cm,HNDFDS,519126,E,HINDUSTAN FOODS LTD.,HNDFDS,1,0.05,HNDFDS
BSE,bse_cm,NAHARINDUS,519136,E,NAHAR INDUSTRIAL ENTERPRISES L,NAHARINDUS,1,0.05,NAHARINDUS
BSE,bse_cm,VADILENT,519152,E,VADILAL ENTERPRISES LTD.,VADILENT,1,0.05,VADILENT
BSE,bse_cm,VADILALIND,519156,E,VADILAL INDUSTRIES LTD.,VADILALIND,1,0.05,VADILALIND
BSE,bse_cm,ASHAI,519174,E,ASHIANA AGRO INDUSTRIES LTD.,ASHAI,1,0.01,ASHAI
BSE,bse_cm,ADFFOODS,519183,E,ADF FOODS LTD.,ADFFOODS,1,0.05,ADFFOODS
BSE,bse_cm,RGRL,519191,E,Retro Green Revolution Limited,RGRL,1,0.01,RGRL
BSE,bse_cm,WILLIMFI,519214,E,WILLIAMSON FINANCIAL SERVICES,WILLIMFI,1,0.01,WILLIMFI
BSE,bse_cm,AJANTSOY,519216,E,AJANTA SOYA LTD.,AJANTSOY,1,0.01,AJANTSOY
BSE,bse_cm,WILLAMAGOR,519224,E,WILLIAMSON MAGOR & COMPANY LTD,WILLAMAGOR,1,0.01,WILLAMAGOR
BSE,bse_cm,KISAAN,519230,E,KISAAN PARIVAR INDUSTRIES LIMI,KISAAN,1,0.01,KISAAN
BSE,bse_cm,SIEL,519234,E,SUPERIOR INDUSTRIAL ENTERPRISE,SIEL,1,0.01,SIEL
BSE,bse_cm,SPTRSHI,519238,E,SAPTARISHI AGRO INDUSTRIES LTD,SPTRSHI,1,0.01,SPTRSHI
BSE,bse_cm,SANWARIA,519260,E,SANWARIA CONSUMER LIMITED,SANWARIA,1,0.01,SANWARIA
BSE,bse_cm,PRIMAGR,519262,E,PRIMA AGRO LTD.,PRIMAGR,1,0.01,PRIMAGR
BSE,bse_cm,TARAI,519285,E,TARAI FOODS LTD.,TARAI,1,0.01,TARAI
BSE,bse_cm,MODAIRY,519287,E,MODERN DAIRIES LTD.,MODAIRY,1,0.01,MODAIRY
BSE,bse_cm,BAMBINO,519295,E,BAMBINO AGRO INDUSTRIES LTD.,BAMBINO,1,0.05,BAMBINO
BSE,bse_cm,PRIMIND,519299,E,PRIME INDUSTRIES LTD.,PRIMIND,1,0.01,PRIMIND
BSE,bse_cm,VIKASWSP,519307,E,VIKAS WSP LTD.,VIKASWSP,1,0.01,VIKASWSP
BSE,bse_cm,VSFPROJ,519331,E,VSF PROJECTS LTD.,VSFPROJ,1,0.01,VSFPROJ
BSE,bse_cm,BANSTEA,519353,E,BANSISONS TEA INDUSTRIES LTD.,BANSTEA,100,0.01,BANSTEA
BSE,bse_cm,POONADAL,519359,E,POONA DAL & OIL INDUSTRIES LTD,POONADAL,1,0.01,POONADAL
BSE,bse_cm,TRANSFD,519367,E,TRANSGLOBE FOODS LTD.,TRANSFD,1,0.05,TRANSFD
BSE,bse_cm,ANIKINDS,519383,E,ANIK INDUSTRIES LTD.,ANIKINDS,1,0.01,ANIKINDS
BSE,bse_cm,SHINDL,519397,E,SHARAT INDUSTRIES LTD.,SHINDL,1,0.05,SHINDL
BSE,bse_cm,DATIWARE,519413,E,DATIWARE MARITIME INFRA LIMITE,DATIWARE,100,0.01,DATIWARE
BSE,bse_cm,KMGMILK,519415,E,KMG MILK FOOD LTD.,KMGMILK,100,0.01,KMGMILK
BSE,bse_cm,KSE,519421,E,KSE LTD.,KSE,1,0.05,KSE
BSE,bse_cm,VIRATCRA,519457,E,VIRAT CRANE INDUSTRIES LTD.,VIRATCRA,1,0.01,VIRATCRA
BSE,bse_cm,IBINFO,519463,E,IB INFOTECH ENTERPRISES LTD.,IBINFO,1,0.01,IBINFO
BSE,bse_cm,AMBARPIL,519471,E,Ambar Protein Industries Limit,AMBARPIL,1,0.05,AMBARPIL
BSE,bse_cm,CHORDIA,519475,E,CHORDIA FOOD PRODUCTS LTD.,CHORDIA,1,0.01,CHORDIA
BSE,bse_cm,CIANAGRO,519477,E,CIAN Agro Ind & Infra Ltd,CIANAGRO,1,0.05,CIANAGRO
BSE,bse_cm,OMEAG,519479,E,OMEGA AG-SEEDS (PUNJAB) LTD.,OMEAG,1,0.01,OMEAG
BSE,bse_cm,TAIIND,519483,E,TAI INDUSTRIES LTD.,TAIIND,1,0.01,TAIIND
BSE,bse_cm,NKIND,519494,E,N.K.INDUSTRIES LTD.,NKIND,1,0.01,NKIND
BSE,bse_cm,BKV,519500,E,BKV INDUSTRIES LTD.,BKV,1,0.01,BKV
BSE,bse_cm,NCCBLUE,519506,E,NCC BLUE WATER PRODUCTS LTD.,NCCBLUE,100,0.01,NCCBLUE
BSE,bse_cm,NORBTEAEXP,519528,E,NORBEN TEA & EXPORTS LTD.,NORBTEAEXP,1,0.01,NORBTEAEXP
BSE,bse_cm,ASIANTNE,519532,E,ASIAN TEA & EXPORTS LTD.,ASIANTNE,1,0.01,ASIANTNE
BSE,bse_cm,HERITGFOOD,519552,E,HERITAGE FOODS LIMITED,HERITGFOOD,1,0.05,HERITGFOOD
BSE,bse_cm,SIMRAN,519566,E,SIMRAN FARMS LTD.,SIMRAN,1,0.05,SIMRAN
BSE,bse_cm,HINDUST,519574,E,HINDUSTAN AGRIGENETICS LTD.,HINDUST,1,0.01,HINDUST
BSE,bse_cm,CCL,519600,E,CCL PRODUCTS (INDIA) LTD.,CCL,1,0.05,CCL
BSE,bse_cm,KELLTONTEC,519602,E,KELLTON TECH SOLUTIONS LTD.,KELLTONTEC,1,0.01,KELLTONTEC
BSE,bse_cm,SURFI,519604,E,SURYO FOODS & INDUSTRIES LTD.,SURFI,1,0.01,SURFI
BSE,bse_cm,INTEGFD,519606,E,INTEGRATED PROTEINS LTD.,INTEGFD,1,0.05,INTEGFD
BSE,bse_cm,LAKESHORE,519612,E,LAKE SHORE REALTY LIMITED,LAKESHORE,1,0.01,LAKESHORE
BSE,bse_cm,RICOAUTO,520008,E,RICO AUTO INDUSTRIES LTD.,RICOAUTO,1,0.05,RICOAUTO
BSE,bse_cm,OMAXAUTO,520021,E,OMAX AUTOS LTD.,OMAXAUTO,1,0.05,OMAXAUTO
BSE,bse_cm,MUNJALSHOW,520043,E,MUNJAL SHOWA LTD.,MUNJALSHOW,1,0.05,MUNJALSHOW
BSE,bse_cm,JAMNAAUTO,520051,E,JAMNA AUTO INDUSTRIES LTD.,JAMNAAUTO,1,0.05,JAMNAAUTO
BSE,bse_cm,TVSHLTD,520056,E,TVS Holdings Limited,TVSHLTD,1,0.05,TVSHLTD
BSE,bse_cm,JTEKTINDIA,520057,E,JTEKT India Ltd,JTEKTINDIA,1,0.05,JTEKTINDIA
BSE,bse_cm,MUNJALAU,520059,E,MUNJAL AUTO INDUSTRIES LTD.,MUNJALAU,1,0.01,MUNJALAU
BSE,bse_cm,JAYBARMARU,520066,E,JAY BHARAT MARUTI LTD.,JAYBARMARU,1,0.05,JAYBARMARU
BSE,bse_cm,RACLGEAR,520073,E,RACL Geartech Limited,RACLGEAR,1,0.05,RACLGEAR
BSE,bse_cm,SAMKRG,520075,E,SAMKRG PISTONS & RINGS LTD.,SAMKRG,1,0.05,SAMKRG
BSE,bse_cm,ECSTSTL,520081,E,EAST COAST STEEL LTD.,ECSTSTL,100,0.01,ECSTSTL
BSE,bse_cm,SICALLOG,520086,E,SICAL LOGISTICS LTD.,SICALLOG,1,0.01,SICALLOG
BSE,bse_cm,RATNAMANI,520111,E,RATNAMANI METALS & TUBES LTD.,RATNAMANI,1,0.05,RATNAMANI
BSE,bse_cm,VESUVIUS,520113,E,VESUVIUS INDIA LTD.,VESUVIUS,1,0.05,VESUVIUS
BSE,bse_cm,ASAL,520119,E,AUTOMOTIVE STAMPINGS & ASSEMBL,ASAL,1,0.05,ASAL
BSE,bse_cm,ABCINDQ,520123,E,ABC INDIA LTD.,ABCINDQ,1,0.01,ABCINDQ
BSE,bse_cm,BALTE,520127,E,BALURGHAT TECHNOLOGIES LTD.,BALTE,1,0.01,BALTE
BSE,bse_cm,COARO,520131,E,COASTAL ROADWAYS LTD.,COARO,100,0.01,COARO
BSE,bse_cm,SIBARAUT,520141,E,SIBAR AUTO PARTS LTD.,SIBARAUT,1,0.01,SIBARAUT
BSE,bse_cm,TRANSWORLD,520151,E,TRANSWORLD SHIPPING LINES LIMI,TRANSWORLD,1,0.05,TRANSWORLD
BSE,bse_cm,STARLOG,520155,E,Starlog Enterprises Limited,STARLOG,1,0.01,STARLOG
BSE,bse_cm,SHVSUIT,521003,E,SHIVA SUITINGS LTD.,SHVSUIT,100,0.01,SHVSUIT
BSE,bse_cm,TITANIN,521005,E,TITAN INTECH LIMITED,TITANIN,1,0.01,TITANIN
BSE,bse_cm,EUROTEXIND,521014,E,EUROTEX INDUSTRIES & EXPORTS L,EUROTEXIND,1,0.01,EUROTEXIND
BSE,bse_cm,ICIL,521016,E,INDO COUNT INDUSTRIES LTD.,ICIL,1,0.05,ICIL
BSE,bse_cm,MARALOVER,521018,E,MARAL OVERSEAS LTD.,MARALOVER,1,0.01,MARALOVER
BSE,bse_cm,SOMATEX,521034,E,SOMA TEXTILES & INDUSTRIES LTD,SOMATEX,1,0.01,SOMATEX
BSE,bse_cm,SOURCEIND,521036,E,SOURCE INDUSTRIES (INDIA) LTD.,SOURCEIND,1,0.01,SOURCEIND
BSE,bse_cm,ADVLIFE,521048,E,ADVANCE LIFESTYLES LTD.,ADVLIFE,1,0.01,ADVLIFE
BSE,bse_cm,KAKTEX,521054,E,KAKATIYA TEXTILES LTD.,KAKTEX,1,0.01,KAKTEX
BSE,bse_cm,OCTAVE,521062,E,PERFECT-OCTAVE MEDIA PROJECTS,OCTAVE,1,0.01,OCTAVE
BSE,bse_cm,TRIDENT,521064,E,TRIDENT LTD.,TRIDENT,1,0.01,TRIDENT
BSE,bse_cm,HISARSP,521068,E,HISAR SPINNING MILLS LTD.,HISARSP,100,0.01,HISARSP
BSE,bse_cm,ALOKINDS,521070,E,ALOK INDUSTRIES LTD.,ALOKINDS,1,0.01,ALOKINDS
BSE,bse_cm,PASARI,521080,E,PASARI SPINNING MILLS LTD.,PASARI,1,0.01,PASARI
BSE,bse_cm,AMARJOTHI,521097,E,AMARJOTHI SPINNING MILLS LTD.,AMARJOTHI,1,0.05,AMARJOTHI
BSE,bse_cm,OLYMPTX,521105,E,OLYMPIA INDUSTRIES LTD.,OLYMPTX,1,0.01,OLYMPTX
BSE,bse_cm,NAGREEKEXP,521109,E,NAGREEKA EXPORTS LTD.,NAGREEKEXP,1,0.01,NAGREEKEXP
BSE,bse_cm,SUDTIND-B,521113,E,SUDITI INDUSTRIES LTD.,SUDTIND-B,1,0.01,SUDTIND-B
BSE,bse_cm,SBFL,521131,E,Shree Bhavya Fabrics Limited,SBFL,1,0.01,SBFL
BSE,bse_cm,GEMSPIN,521133,E,GEM SPINNERS INDIA LTD.,GEMSPIN,100,0.01,GEMSPIN
BSE,bse_cm,EUREKAI,521137,E,EUREKA INDUSTRIES LTD.,EUREKAI,1,0.01,EUREKAI
BSE,bse_cm,ADITYASP,521141,E,ADITYA SPINNERS LTD.,ADITYASP,1,0.01,ADITYASP
BSE,bse_cm,PRIMEURB,521149,E,PRIME URBAN DEVELOPMENT INDIA,PRIMEURB,1,0.01,PRIMEURB
BSE,bse_cm,DHANFAB,521151,E,DHANLAXMI FABRICS LTD.,DHANFAB,1,0.01,DHANFAB
BSE,bse_cm,SLSTLQ,521161,E,SRI LAKSHMI SARASWATHI TEXTILE,SLSTLQ,1,0.01,SLSTLQ
BSE,bse_cm,ZODIACLOTH,521163,E,ZODIAC CLOTHING CO.LTD.,ZODIACLOTH,1,0.01,ZODIACLOTH
BSE,bse_cm,SRMCL,521178,E,SRI RAMAKRISHNA MILLS (COIMBAT,SRMCL,1,0.01,SRMCL
BSE,bse_cm,SUPERSPIN,521180,E,SUPER SPINNING MILLS LTD.,SUPERSPIN,1,0.01,SUPERSPIN
BSE,bse_cm,SILINV,521194,E,SIL INVESTMENTS LTD.,SILINV,1,0.05,SILINV
BSE,bse_cm,SURYALAXMI,521200,E,SURYALAKSHMI COTTON MILLS LTD.,SURYALAXMI,1,0.01,SURYALAXMI
BSE,bse_cm,SAMTEX,521206,E,SAMTEX FASHIONS LTD.,SAMTEX,1,0.01,SAMTEX
BSE,bse_cm,CITYMAN,521210,E,CITYMAN LTD.,CITYMAN,1,0.01,CITYMAN
BSE,bse_cm,DHANROTO,521216,E,DHANALAXMI ROTO SPINNERS LTD.,DHANROTO,1,0.01,DHANROTO
BSE,bse_cm,DAMODARIND,521220,E,DAMODAR INDUSTRIES LTD.,DAMODARIND,1,0.01,DAMODARIND
BSE,bse_cm,SANBLUE,521222,E,SANBLUE CORPORATION LTD.,SANBLUE,1,0.01,SANBLUE
BSE,bse_cm,UNIROYAL,521226,E,UNIROYAL INDUSTRIES LTD.,UNIROYAL,1,0.01,UNIROYAL
BSE,bse_cm,TATIAGLOB,521228,E,TATIA GLOBAL VENNTURE LTD.,TATIAGLOB,1,0.01,TATIAGLOB
BSE,bse_cm,SUNILTX,521232,E,SUNIL INDUSTRIES LTD.,SUNILTX,100,0.01,SUNILTX
BSE,bse_cm,SRINACHA,521234,E,SRI NACHAMMAI COTTON MILLS LTD,SRINACHA,1,0.01,SRINACHA
BSE,bse_cm,BGDL,521238,E,BHARAT GLOBAL DEVELOPERS LIMIT,BGDL,1,0.01,BGDL
BSE,bse_cm,SAMBANDAM,521240,E,SAMBANDAM SPINNING MILLS LTD.,SAMBANDAM,1,0.05,SAMBANDAM
BSE,bse_cm,MKPMOB,521244,E,MKP Mobility Limited,MKPMOB,1,0.05,MKPMOB
BSE,bse_cm,PARASPETRO,521246,E,PARAS PETROFILS LTD.,PARASPETRO,1,0.01,PARASPETRO
BSE,bse_cm,KITEX,521248,E,KITEX GARMENTS LTD.,KITEX,1,0.05,KITEX
BSE,bse_cm,CRANEX,522001,E,CRANEX LTD.,CRANEX,1,0.05,CRANEX
BSE,bse_cm,BATLIBOI,522004,E,BATLIBOI LTD.,BATLIBOI,1,0.01,BATLIBOI
BSE,bse_cm,AUSTENG,522005,E,AUSTIN ENGINEERING CO.LTD.,AUSTENG,1,0.05,AUSTENG
BSE,bse_cm,UNIDT,522014,E,UNITED DRILLING TOOLS LTD.,UNIDT,1,0.05,UNIDT
BSE,bse_cm,FLUIDOM,522017,E,FLUIDOMAT LTD.,FLUIDOM,1,0.05,FLUIDOM
BSE,bse_cm,EMAINDIA,522027,E,EMA INDIA LTD.,EMAINDIA,1,0.05,EMAINDIA
BSE,bse_cm,WINDMACHIN,522029,E,WINDSOR MACHINES LTD.,WINDMACHIN,1,0.05,WINDMACHIN
BSE,bse_cm,SHANTIGEAR,522034,E,SHANTHI GEARS LTD.,SHANTIGEAR,1,0.05,SHANTIGEAR
BSE,bse_cm,MIVENMACH,522036,E,MIVEN MACHINE TOOLS LTD.,MIVENMACH,1,0.01,MIVENMACH
BSE,bse_cm,HONDAPOWER,522064,E,HONDA INDIA POWER PRODUCTS LIM,HONDAPOWER,1,0.05,HONDAPOWER
BSE,bse_cm,HITECHGEAR,522073,E,The Hi-Tech Gears Ltd,HITECHGEAR,1,0.05,HITECHGEAR
BSE,bse_cm,ELGIEQUIP,522074,E,ELGI EQUIPMENTS LTD.,ELGIEQUIP,1,0.05,ELGIEQUIP
BSE,bse_cm,UVDRHOR,522091,E,UNITED VAN DER HORST LTD.,UVDRHOR,1,0.01,UVDRHOR
BSE,bse_cm,KLBRENG-B,522101,E,KILBURN ENGINEERING LTD.,KLBRENG-B,1,0.05,KLBRENG-B
BSE,bse_cm,BIRLAPREC,522105,E,BIRLA PRECISION TECHNOLOGIES L,BIRLAPREC,1,0.01,BIRLAPREC
BSE,bse_cm,YUKEN,522108,E,YUKEN INDIA LTD.,YUKEN,1,0.05,YUKEN
BSE,bse_cm,TIMKEN,522113,E,TIMKEN INDIA LTD.,TIMKEN,1,0.05,TIMKEN
BSE,bse_cm,VOITHPAPR,522122,E,VOITH PAPER FABRICS INDIA LTD.,VOITHPAPR,1,0.05,VOITHPAPR
BSE,bse_cm,ARTSON,522134,E,ARTSON LIMITED,ARTSON,1,0.05,ARTSON
BSE,bse_cm,SOLIMAC,522152,E,SOLITAIRE MACHINE TOOLS LTD.,SOLIMAC,1,0.01,SOLIMAC
BSE,bse_cm,DIACABS,522163,E,DIAMOND POWER INFRASTRUCTURE L,DIACABS,1,0.05,DIACABS
BSE,bse_cm,INDSILHYD,522165,E,INDSIL HYDRO POWER AND MANGANE,INDSILHYD,1,0.01,INDSILHYD
BSE,bse_cm,ITL,522183,E,ITL INDUSTRIES LTD.,ITL,1,0.05,ITL
BSE,bse_cm,FRONTSP,522195,E,FRONTIER SPRINGS LTD.,FRONTSP,1,0.05,FRONTSP
BSE,bse_cm,PRAJIND,522205,E,PRAJ INDUSTRIES LTD.,PRAJIND,1,0.05,PRAJIND
BSE,bse_cm,RASANDIK,522207,E,RASANDIK ENGINEERING INDUSTRIE,RASANDIK,1,0.01,RASANDIK
BSE,bse_cm,YOGISUNG,522209,E,YOGI SUNG-WON (INDIA) LTD.,YOGISUNG,1,0.01,YOGISUNG
BSE,bse_cm,HLEGLAS,522215,E,HLE GLASCOAT LIMITED,HLEGLAS,1,0.05,HLEGLAS
BSE,bse_cm,GUJAPOLLO,522217,E,GUJARAT APOLLO INDUSTRIES LTD.,GUJAPOLLO,1,0.05,GUJAPOLLO
BSE,bse_cm,TANAA,522229,E,TANEJA AEROSPACE & AVIATION LT,TANAA,1,0.05,TANAA
BSE,bse_cm,CONART,522231,E,CONART ENGINEERS LTD.,CONART,1,0.01,CONART
BSE,bse_cm,MINALIND,522235,E,MINAL INDUSTRIES LIMITED,MINALIND,1,0.01,MINALIND
BSE,bse_cm,SHIVAGR,522237,E,SHIVAGRICO IMPLEMENTS LTD.,SHIVAGR,1,0.01,SHIVAGR
BSE,bse_cm,MMFL,522241,E,M.M.FORGINGS LTD.,MMFL,1,0.05,MMFL
BSE,bse_cm,MAYURUNIQ,522249,E,MAYUR UNIQUOTERS LTD.,MAYURUNIQ,1,0.05,MAYURUNIQ
BSE,bse_cm,CENLUB,522251,E,CENLUB INDUSTRIES LTD.,CENLUB,1,0.05,CENLUB
BSE,bse_cm,RAJOOENG,522257,E,RAJOO ENGINEERS LTD.,RAJOOENG,1,0.01,RAJOOENG
BSE,bse_cm,DOLPHIN,522261,E,DOLPHIN OFFSHORE ENTERPRISES (,DOLPHIN,1,0.05,DOLPHIN
BSE,bse_cm,VJLAXMIE,522267,E,VEEJAY LAKSHMI ENGINEERING WOR,VJLAXMIE,1,0.01,VJLAXMIE
BSE,bse_cm,AHMDSTE,522273,E,AHMEDABAD STEELCRAFT LTD.,AHMDSTE,1,0.05,AHMDSTE
BSE,bse_cm,GVT&D,522275,E,GE Vernova T&D India Limited,GVT&D,1,0.05,GVT&D
BSE,bse_cm,RAMRAT,522281,E,RAM RATNA WIRES LTD.,RAMRAT,1,0.05,RAMRAT
BSE,bse_cm,JAYNECOIND,522285,E,JAYASWAL NECO INDUSTRIES LTD.,JAYNECOIND,1,0.01,JAYNECOIND
BSE,bse_cm,KPIL,522287,E,KALPATARU PROJECTS INTERNATION,KPIL,1,0.05,KPIL
BSE,bse_cm,NMSGLOBAL,522289,E,NMS GLOBAL LIMITED,NMSGLOBAL,1,0.01,NMSGLOBAL
BSE,bse_cm,CANDOUR,522292,E,CANDOUR TECHTEX LIMITED,CANDOUR,1,0.01,CANDOUR
BSE,bse_cm,TIGLOB,522294,E,T & I GLOBAL LTD.,TIGLOB,1,0.05,TIGLOB
BSE,bse_cm,CONTROLPR,522295,E,CONTROL PRINT LIMITED,CONTROLPR,1,0.05,CONTROLPR
BSE,bse_cm,BEMHY,522650,E,BEMCO HYDRAULICS LTD.,BEMHY,1,0.01,BEMHY
BSE,bse_cm,ANSALBU,523007,E,ANSAL BUILDWELL LTD.,ANSALBU,1,0.01,ANSALBU
BSE,bse_cm,WEIZMANIND,523011,E,WEIZMANN LTD.,WEIZMANIND,1,0.01,WEIZMANIND
BSE,bse_cm,BNRSEC,523019,E,B.N.RATHI SECURITIES LTD.,BNRSEC,1,0.01,BNRSEC
BSE,bse_cm,RISHITECH,523021,E,RISHI TECHTEX LTD.,RISHITECH,1,0.01,RISHITECH
BSE,bse_cm,SINCLAIR,523023,E,SINCLAIRS HOTELS LIMITED,SINCLAIR,1,0.01,SINCLAIR
BSE,bse_cm,SAFARI,523025,E,SAFARI INDUSTRIES (INDIA) LTD.,SAFARI,1,0.05,SAFARI
BSE,bse_cm,ADSDIAG,523031,E,ADS DIAGNOSTIC LTD.,ADSDIAG,100,0.01,ADSDIAG
BSE,bse_cm,ZBINTXPP,523054,E,BINAYAK TEX PROCESSORS LTD.,ZBINTXPP,1,0.05,ZBINTXPP
BSE,bse_cm,JJFINCOR,523062,E,J.J.FINANCE CORPORATION LTD.,JJFINCOR,1,0.01,JJFINCOR
BSE,bse_cm,COSMOFE,523100,E,COSMO FERRITES LTD.,COSMOFE,1,0.05,COSMOFE
BSE,bse_cm,CROPSTER,523105,E,CROPSTER AGRO LIMITED,CROPSTER,1,0.01,CROPSTER
BSE,bse_cm,FUTURSEC,523113,E,FUTURISTIC SECURITIES LTD.,FUTURSEC,1,0.01,FUTURSEC
BSE,bse_cm,SANCTRN,523116,E,SANCO TRANS LTD.,SANCTRN,1,0.05,SANCTRN
BSE,bse_cm,THRIVE,523120,E,THRIVE FUTURE HABITATS LIMITED,THRIVE,1,0.01,THRIVE
BSE,bse_cm,EIHAHOTELS,523127,E,EIH ASSOCIATED HOTELS LTD.,EIHAHOTELS,1,0.05,EIHAHOTELS
BSE,bse_cm,MEDICAPQ,523144,E,MEDI-CAPS LTD.,MEDICAPQ,1,0.01,MEDICAPQ
BSE,bse_cm,OTCO,523151,E,OTCO INTERNATIONAL LTD.,OTCO,1,0.01,OTCO
BSE,bse_cm,FOSECOC,523160,E,FOSECO CRUCIBLE INDIA LIMITED,FOSECOC,1,0.05,FOSECOC
BSE,bse_cm,BAPACK,523186,E,B&A PACKAGING INDIA LIMITED,BAPACK,1,0.05,BAPACK
BSE,bse_cm,ABAN,523204,E,ABAN OFFSHORE LTD.,ABAN,1,0.01,ABAN
BSE,bse_cm,KOKUYOCMLN,523207,E,KOKUYO CAMLIN LTD.,KOKUYOCMLN,1,0.01,KOKUYOCMLN
BSE,bse_cm,SRMENERGY,523222,E,SRM ENERGY LTD.,SRMENERGY,1,0.01,SRMENERGY
BSE,bse_cm,BHARATSE,523229,E,BHARAT SEATS LTD.,BHARATSE,1,0.05,BHARATSE
BSE,bse_cm,CONTPTR,523232,E,CONTINENTAL PETROLEUMS LTD.,CONTPTR,1,0.01,CONTPTR
BSE,bse_cm,NBFOOT,523242,E,NB FOOTWEAR LTD.,NBFOOT,100,0.01,NBFOOT
BSE,bse_cm,MACPLASQ,523248,E,MACHINO PLASTICS LTD.,MACPLASQ,1,0.05,MACPLASQ
BSE,bse_cm,PEARLPOLY,523260,E,PEARL POLYMERS LTD.,PEARLPOLY,1,0.01,PEARLPOLY
BSE,bse_cm,VENKEYS,523261,E,VENKYS (INDIA) LTD.,VENKEYS,1,0.05,VENKEYS
BSE,bse_cm,ADVANIHOTR,523269,E,ADVANI HOTELS & RESORTS (INDIA,ADVANIHOTR,1,0.01,ADVANIHOTR
BSE,bse_cm,GVFILM,523277,E,GV FILMS LTD.,GVFILM,1,0.01,GVFILM
BSE,bse_cm,SUPERHOUSE,523283,E,SUPERHOUSE LTD.,SUPERHOUSE,1,0.05,SUPERHOUSE
BSE,bse_cm,RAMAVISION,523289,E,RAMA VISION LTD.,RAMAVISION,1,0.05,RAMAVISION
BSE,bse_cm,TCPLPACK,523301,E,TCPL PACKAGING LTD.,TCPLPACK,1,0.05,TCPLPACK
BSE,bse_cm,SHRIGANG,523309,E,SHRI GANG INDUSTRIES AND ALLIE,SHRIGANG,1,0.01,SHRIGANG
BSE,bse_cm,PURITY,523315,E,PURITY FLEX PACK LTD.,PURITY,100,0.01,PURITY
BSE,bse_cm,BALMLAWRIE,523319,E,BALMER LAWRIE AND COMPANY LIMI,BALMLAWRIE,1,0.05,BALMLAWRIE
BSE,bse_cm,KOVAI,523323,E,KOVAI MEDICAL CENTER & HOSPITA,KOVAI,1,0.05,KOVAI
BSE,bse_cm,ELDEHSG,523329,E,ELDECO HOUSING & INDUSTRIES LT,ELDEHSG,1,0.05,ELDEHSG
BSE,bse_cm,MICROSE,523343,E,MICROSE INDIA LTD.,MICROSE,1,0.01,MICROSE
BSE,bse_cm,DCMSHRIRAM,523367,E,DCM SHRIRAM LIMITED,DCMSHRIRAM,1,0.05,DCMSHRIRAM
BSE,bse_cm,DCMSRIND,523369,E,DCM SHRIRAM INDUSTRIES LTD.,DCMSRIND,1,0.01,DCMSRIND
BSE,bse_cm,MAWANASUG,523371,E,MAWANA SUGARS LTD.,MAWANASUG,1,0.05,MAWANASUG
BSE,bse_cm,MINID,523373,E,MINI DIAMONDS (INDIA) LTD.,MINID,1,0.01,MINID
BSE,bse_cm,MAHAPEXLTD,523384,E,MAHA RASHTRA APEX CORPORATION,MAHAPEXLTD,1,0.01,MAHAPEXLTD
BSE,bse_cm,NILKAMAL,523385,E,NILKAMAL LTD.,NILKAMAL,1,0.05,NILKAMAL
BSE,bse_cm,HOM,523387,E,HOMRE LIMITED,HOM,1,0.01,HOM
BSE,bse_cm,NAHARPOLY,523391,E,NAHAR POLYFILMS LTD.,NAHARPOLY,1,0.05,NAHARPOLY
BSE,bse_cm,3MINDIA,523395,E,3M INDIA LTD.,3MINDIA,1,0.05,3MINDIA
BSE,bse_cm,BOSCH-HCIL,523398,E,BOSCH HOME COMFORT INDIA LIMIT,BOSCH-HCIL,1,0.05,BOSCH-HCIL
BSE,bse_cm,JMFINANCIL,523405,E,JM FINANCIAL LTD.,JMFINANCIL,1,0.05,JMFINANCIL
BSE,bse_cm,ADCINDIA,523411,E,ADC INDIA COMMUNICATIONS LIMIT,ADCINDIA,1,0.05,ADCINDIA
BSE,bse_cm,TNTELE,523419,E,TAMILNADU TELECOMMUNICATIONS L,TNTELE,1,0.01,TNTELE
BSE,bse_cm,SUNRAJDI,523425,E,SUNRAJ DIAMOND EXPORTS LTD.,SUNRAJDI,1,0.01,SUNRAJDI
BSE,bse_cm,RIIL,523445,E,RELIANCE INDUSTRIAL INFRASTRUC,RIIL,1,0.05,RIIL
BSE,bse_cm,LINDEINDIA,523457,E,Linde India Limited,LINDEINDIA,1,0.05,LINDEINDIA
BSE,bse_cm,INDBNK,523465,E,IND BANK HOUSING LTD.,INDBNK,1,0.01,INDBNK
BSE,bse_cm,JAIMATAG,523467,E,JAI MATA GLASS LTD.,JAIMATAG,1,0.01,JAIMATAG
BSE,bse_cm,LOTUSCHO,523475,E,LOTUS CHOCOLATE CO.LTD.,LOTUSCHO,1,0.05,LOTUSCHO
BSE,bse_cm,PACIFICI,523483,E,PACIFIC INDUSTRIES LTD.,PACIFICI,1,0.05,PACIFICI
BSE,bse_cm,CMMHOSP,523489,E,CHENNAI MEENAKSHI MULTISPECIAL,CMMHOSP,1,0.01,CMMHOSP
BSE,bse_cm,UNIOFFICE,523519,E,UNIVERSAL OFFICE AUTOMATION LT,UNIOFFICE,1,0.01,UNIOFFICE
BSE,bse_cm,APMIN,523537,E,APM INDUSTRIES LTD.,APMIN,1,0.01,APMIN
BSE,bse_cm,PRECWIRE,523539,E,PRECISION WIRES INDIA LTD.,PRECWIRE,1,0.05,PRECWIRE
BSE,bse_cm,KRYPTONQ,523550,E,KRYPTON INDUSTRIES LTD.,KRYPTONQ,1,0.01,KRYPTONQ
BSE,bse_cm,SWISSMLTRY,523558,E,SWISS MILITARY CONSUMER GOODS ,SWISSMLTRY,1,0.01,SWISSMLTRY
BSE,bse_cm,MARBU,523566,E,MARTIN BURN LTD.,MARBU,1,0.01,MARBU
BSE,bse_cm,FEL,523574,E,Future Enterprises Limited,FEL,1,0.01,FEL
BSE,bse_cm,INDTONER,523586,E,INDIAN TONERS & DEVELOPERS LTD,INDTONER,1,0.05,INDTONER
BSE,bse_cm,KUNSTOFF,523594,E,KUNSTSTOFFE INDUSTRIES LTD.,KUNSTOFF,1,0.01,KUNSTOFF
BSE,bse_cm,SCI,523598,E,SHIPPING CORPORATION OF INDIA,SCI,1,0.05,SCI
BSE,bse_cm,SIKA,523606,E,SIKA INTERPLANT SYSTEMS LTD.,SIKA,1,0.05,SIKA
BSE,bse_cm,ITI,523610,E,ITI LTD.,ITI,1,0.05,ITI
BSE,bse_cm,DREDGECORP,523618,E,DREDGING CORPORATION OF INDIA,DREDGECORP,1,0.05,DREDGECORP
BSE,bse_cm,PHRMASI,523620,E,PHAARMASIA LTD.,PHRMASI,1,0.01,PHRMASI
BSE,bse_cm,NFL,523630,E,NATIONAL FERTILIZERS LTD.,NFL,1,0.01,NFL
BSE,bse_cm,IPRINGLTD,523638,E,IP RINGS LTD.,IPRINGLTD,1,0.05,IPRINGLTD
BSE,bse_cm,PIIND,523642,E,P.I.INDUSTRIES LTD.,PIIND,1,0.05,PIIND
BSE,bse_cm,PLASTIBLEN,523648,E,PLASTIBLENDS INDIA LTD.,PLASTIBLEN,1,0.05,PLASTIBLEN
BSE,bse_cm,YASHINNO,523650,E,YASH INNOVENTURES LIMITED,YASHINNO,1,0.01,YASHINNO
BSE,bse_cm,WATERBASE,523660,E,WATERBASE LTD.,WATERBASE,1,0.01,WATERBASE
BSE,bse_cm,FLEXFO,523672,E,FLEX FOODS LTD.,FLEXFO,1,0.01,FLEXFO
BSE,bse_cm,GOLKUNDIA,523676,E,GOLKUNDA DIAMONDS & JEWELLERY,GOLKUNDIA,1,0.05,GOLKUNDIA
BSE,bse_cm,APCOTEXIND,523694,E,APCOTEX INDUSTRIES LTD.,APCOTEXIND,1,0.05,APCOTEXIND
BSE,bse_cm,FORTISMLR,523696,E,FORTIS MALAR HOSPITALS LIMITED,FORTISMLR,1,0.01,FORTISMLR
BSE,bse_cm,MASTEK,523704,E,MASTEK LTD.,MASTEK,1,0.05,MASTEK
BSE,bse_cm,EIMCOELECO,523708,E,EIMCO ELECON (INDIA) LTD.,EIMCOELECO,1,0.05,EIMCOELECO
BSE,bse_cm,SAYAJIHOTL,523710,E,SAYAJI HOTELS LIMITED,SAYAJIHOTL,1,0.05,SAYAJIHOTL
BSE,bse_cm,ASHIANA,523716,E,ASHIANA HOUSING LTD.,ASHIANA,1,0.05,ASHIANA
BSE,bse_cm,SVAMSOF,523722,E,SVAM SOFTWARE LTD.,SVAMSOF,1,0.01,SVAMSOF
BSE,bse_cm,ECOBOAR,523732,E,ECOBOARD INDUSTRIES LTD.,ECOBOAR,1,0.01,ECOBOAR
BSE,bse_cm,DVL,523736,E,Dhunseri Ventures Limited,DVL,1,0.05,DVL
BSE,bse_cm,TIHIL,523752,E,TRANS INDIA HOUSE IMPEX LIMITE,TIHIL,1,0.01,TIHIL
BSE,bse_cm,MAHEPC,523754,E,MAHINDRA EPC IRRIGATION LIMITE,MAHEPC,1,0.05,MAHEPC
BSE,bse_cm,MITSHI,523782,E,Mitshi India Limited,MITSHI,1,0.01,MITSHI
BSE,bse_cm,SHUKJEW,523790,E,SHUKRA JEWELLERS LTD.,SHUKJEW,100,0.01,SHUKJEW
BSE,bse_cm,MAZDA,523792,E,MAZDA LTD.,MAZDA,1,0.05,MAZDA
BSE,bse_cm,VHLTD,523796,E,VICEROY HOTELS LTD.,VHLTD,1,0.05,VHLTD
BSE,bse_cm,SOVERDIA,523826,E,SOVEREIGN DIAMONDS LTD.,SOVERDIA,1,0.01,SOVERDIA
BSE,bse_cm,MENONBE,523828,E,MENON BEARINGS LTD.,MENONBE,1,0.05,MENONBE
BSE,bse_cm,MUKATPIP,523832,E,MUKAT PIPES LTD.,MUKATPIP,1,0.01,MUKATPIP
BSE,bse_cm,GUJRAFFIA,523836,E,GUJARAT RAFFIA INDUSTRIES LTD.,GUJRAFFIA,1,0.01,GUJRAFFIA
BSE,bse_cm,SIMPLEXINF,523838,E,SIMPLEX INFRASTRUCTURES LTD.,SIMPLEXINF,1,0.05,SIMPLEXINF
BSE,bse_cm,INNOVTEC,523840,E,INNOVATIVE TECH PACK LTD.,INNOVTEC,1,0.01,INNOVTEC
BSE,bse_cm,SUPTANERY,523842,E,SUPER TANNERY LIMITED,SUPTANERY,1,0.01,SUPTANERY
BSE,bse_cm,CONSTRONIC,523844,E,CONSTRONICS INFRA LIMITED,CONSTRONIC,1,0.01,CONSTRONIC
BSE,bse_cm,AXTEL,523850,E,AXTEL INDUSTRIES LTD.,AXTEL,1,0.05,AXTEL
BSE,bse_cm,GRANDOAK,523862,E,GRAND OAK CANYONS DISTILLERY L,GRANDOAK,1,0.01,GRANDOAK
BSE,bse_cm,EASTINDIA,523874,E,East India Drums and Barrels M,EASTINDIA,1,0.01,EASTINDIA
BSE,bse_cm,MEGAMONT,523888,E,MEGAMONT LIMITED,MEGAMONT,1,0.05,MEGAMONT
BSE,bse_cm,POONAWALLA,524000,E,POONAWALLA FINCORP LIMITED,POONAWALLA,1,0.05,POONAWALLA
BSE,bse_cm,KINGFA,524019,E,Kingfa Science & Technology (I,KINGFA,1,0.05,KINGFA
BSE,bse_cm,PATIDAR,524031,E,PATIDAR BUILDCON LIMITED,PATIDAR,1,0.01,PATIDAR
BSE,bse_cm,RAMAPHO,524037,E,RAMA PHOSPHATES LTD.,RAMAPHO,1,0.05,RAMAPHO
BSE,bse_cm,VENLONENT,524038,E,VENLON ENTERPRISES LTD.,VENLONENT,1,0.01,VENLONENT
BSE,bse_cm,PETPLST,524046,E,PET PLASTICS LTD.,PETPLST,1,0.05,PETPLST
BSE,bse_cm,POLYPLEX,524051,E,POLYPLEX CORPORATION LTD.,POLYPLEX,1,0.05,POLYPLEX
BSE,bse_cm,PANIDPR,524055,E,PANTHER INDUSTRIAL PRODUCTS LT,PANIDPR,1,0.01,PANIDPR
BSE,bse_cm,ALBERTDAVD,524075,E,ALBERT DAVID LTD.,ALBERTDAVD,1,0.05,ALBERTDAVD
BSE,bse_cm,HARLETH,524080,E,HARYANA LEATHER CHEMICALS LTD.,HARLETH,1,0.01,HARLETH
BSE,bse_cm,CARYSIL,524091,E,CARYSIL LIMITED,CARYSIL,1,0.05,CARYSIL
BSE,bse_cm,KABRAEXTRU,524109,E,KABRA EXTRUSIONTECHNIK LTD.,KABRAEXTRU,1,0.05,KABRAEXTRU
BSE,bse_cm,VINYLINDIA,524129,E,VINYL CHEMICALS (INDIA) LTD.,VINYLINDIA,1,0.05,VINYLINDIA
BSE,bse_cm,PCCOSMA,524136,E,PEE CEE COSMA SOPE LTD.,PCCOSMA,1,0.05,PCCOSMA
BSE,bse_cm,TCMLMTD,524156,E,TCM LTD.,TCMLMTD,1,0.01,TCMLMTD
BSE,bse_cm,IOLCP,524164,E,IOL CHEMICALS & PHARMACEUTICAL,IOLCP,1,0.05,IOLCP
BSE,bse_cm,KESARPE,524174,E,KESAR PETROPRODUCTS LTD.,KESARPE,1,0.01,KESARPE
BSE,bse_cm,VINATIORGA,524200,E,VINATI ORGANICS LTD.,VINATIORGA,1,0.05,VINATIORGA
BSE,bse_cm,LACTOSE,524202,E,LACTOSE (INDIA) LTD.,LACTOSE,1,0.05,LACTOSE
BSE,bse_cm,TEEAI,524204,E,TEESTA AGRO INDUSTRIES LTD.,TEEAI,1,0.05,TEEAI
BSE,bse_cm,AARTIIND,524208,E,AARTI INDUSTRIES LTD.,AARTIIND,1,0.05,AARTIIND
BSE,bse_cm,PNTKYOR,524210,E,PENTOKEY ORGANY (INDIA) LTD.,PNTKYOR,1,0.01,PNTKYOR
BSE,bse_cm,WANBURY,524212,E,WANBURY LTD.,WANBURY,1,0.05,WANBURY
BSE,bse_cm,RESONANCE,524218,E,RESONANCE SPECIALTIES LTD.,RESONANCE,1,0.05,RESONANCE
BSE,bse_cm,GAEL,524226,E,GUJARAT AMBUJA EXPORTS LTD.,GAEL,1,0.05,GAEL
BSE,bse_cm,RCF,524230,E,RASHTRIYA CHEMICALS & FERTILIZ,RCF,1,0.05,RCF
BSE,bse_cm,GUJINJEC,524238,E,GUJARAT INJECT (KERALA) LTD.,GUJINJEC,1,0.05,GUJINJEC
BSE,bse_cm,KOPRAN,524280,E,KOPRAN LTD.,KOPRAN,1,0.05,KOPRAN
BSE,bse_cm,AIMCOPEST,524288,E,AIMCO PESTICIDES LTD.,AIMCOPEST,1,0.01,AIMCOPEST
BSE,bse_cm,GUJTERC,524314,E,GUJARAT TERCE LABORATORIES LTD,GUJTERC,1,0.01,GUJTERC
BSE,bse_cm,KABRADG,524322,E,KABRA DRUGS LTD.,KABRADG,1,0.01,KABRADG
BSE,bse_cm,SEYAIND,524324,E,SEYA INDUSTRIES LTD.,SEYAIND,1,0.01,SEYAIND
BSE,bse_cm,JAYAGROGN,524330,E,JAYANT AGRO-ORGANICS LTD.,JAYAGROGN,1,0.05,JAYAGROGN
BSE,bse_cm,BCLIND,524332,E,BCL INDUSTRIES LIMITED,BCLIND,1,0.01,BCLIND
BSE,bse_cm,SHHARICH,524336,E,SHREE HARI CHEMICALS EXPORT LT,SHHARICH,1,0.05,SHHARICH
BSE,bse_cm,INDOBORAX,524342,E,INDO BORAX & CHEMICALS LTD.,INDOBORAX,1,0.05,INDOBORAX
BSE,bse_cm,AARTIDRUGS,524348,E,AARTI DRUGS LTD.,AARTIDRUGS,1,0.05,AARTIDRUGS
BSE,bse_cm,BODALCHEM,524370,E,BODAL CHEMICALS LTD.,BODALCHEM,1,0.01,BODALCHEM
BSE,bse_cm,ORCHPHARMA,524372,E,Orchid Pharma Limited,ORCHPHARMA,1,0.05,ORCHPHARMA
BSE,bse_cm,VIMTALABS,524394,E,VIMTA LABS LTD.,VIMTALABS,1,0.05,VIMTALABS
BSE,bse_cm,BIOFILCHEM,524396,E,BIOFIL CHEMICALS & PHARMACEUTI,BIOFILCHEM,1,0.01,BIOFILCHEM
BSE,bse_cm,ISHITADR,524400,E,ISHITA DRUGS & INDUSTRIES LTD.,ISHITADR,1,0.01,ISHITADR
BSE,bse_cm,MARKSANS,524404,E,MARKSANS PHARMA LTD.,MARKSANS,1,0.05,MARKSANS
BSE,bse_cm,UNIVSTAR,524408,E,UNIVERSAL STARCH-CHEM ALLIED L,UNIVSTAR,1,0.05,UNIVSTAR
BSE,bse_cm,AAREYDRUGS,524412,E,AAREY DRUGS & PHARMACEUTICALS,AAREYDRUGS,1,0.01,AAREYDRUGS
BSE,bse_cm,NORRIS,524414,E,NORRIS MEDICINES LTD.,NORRIS,1,0.01,NORRIS
BSE,bse_cm,ASINPET,524434,E,ASIAN PETROPRODUCTS & EXPORTS,ASINPET,1,0.01,ASINPET
BSE,bse_cm,CAMEXLTD,524440,E,CAMEX LTD.,CAMEXLTD,1,0.01,CAMEXLTD
BSE,bse_cm,EVEXIA,524444,E,EVEXIA LIFECARE LIMITED,EVEXIA,1,0.01,EVEXIA
BSE,bse_cm,INDOEURO,524458,E,INDO EURO INDCHEM LTD.,INDOEURO,1,0.01,INDOEURO
BSE,bse_cm,SYNCOMF,524470,E,SYNCOM FORMULATIONS (INDIA) LT,SYNCOMF,1,0.01,SYNCOMF
BSE,bse_cm,RIDDHI,524480,E,RIDDHI SIDDHI GLUCO BIOLS LTD.,RIDDHI,1,0.05,RIDDHI
BSE,bse_cm,SVCIND,524488,E,SVC INDUSTRIES LIMITED,SVCIND,1,0.01,SVCIND
BSE,bse_cm,IPCALAB,524494,E,IPCA LABORATORIES LTD.,IPCALAB,1,0.05,IPCALAB
BSE,bse_cm,KILITCH,524500,E,KILITCH DRUGS (INDIA) LTD.,KILITCH,1,0.05,KILITCH
BSE,bse_cm,RAAJMEDI,524502,E,RAAJ MEDISAFE INDIA LTD.,RAAJMEDI,100,0.01,RAAJMEDI
BSE,bse_cm,REVAMEDIA,524504,E,REVATI MEDIA LIMITED,REVAMEDIA,1,0.01,REVAMEDIA
BSE,bse_cm,CORALAB,524506,E,CORAL LABORATORIES LTD.,CORALAB,1,0.05,CORALAB
BSE,bse_cm,TULASEEBIOE,524514,E,TULASEE BIO-ETHANOL LTD.,TULASEEBIOE,100,0.01,TULASEEBIOE
BSE,bse_cm,BACPHAR,524516,E,BACIL PHARMA LTD.,BACPHAR,1,0.01,BACPHAR
BSE,bse_cm,KREBSBIO,524518,E,KREBS BIOCHEMICALS & INDUSTRIE,KREBSBIO,1,0.01,KREBSBIO
BSE,bse_cm,KMCSHIL,524520,E,KMC SPECIALITY HOSPITALS (INDI,KMCSHIL,1,0.05,KMCSHIL
BSE,bse_cm,LAFFANSQ,524522,E,LAFFANS PETROCHEMICALS LTD.,LAFFANSQ,1,0.01,LAFFANSQ
BSE,bse_cm,BHASKAGR,524534,E,BHASKAR AGROCHEMICALS LTD.,BHASKAGR,1,0.05,BHASKAGR
BSE,bse_cm,SUKHJITS,524542,E,SUKHJIT STARCH & CHEMICALS LTD,SUKHJITS,1,0.05,SUKHJITS
BSE,bse_cm,SHARMEH,524548,E,SHARMA EAST INDIA HOSPITALS &,SHARMEH,1,0.01,SHARMEH
BSE,bse_cm,NEULANDLAB,524558,E,NEULAND LABORATORIES LTD.,NEULANDLAB,1,0.05,NEULANDLAB
BSE,bse_cm,GAYATRIBI,524564,E,GAYATRI BIOORGANICS LTD.,GAYATRIBI,1,0.01,GAYATRIBI
BSE,bse_cm,PODDARMENT,524570,E,PODDAR PIGMENTS LTD.,PODDARMENT,1,0.05,PODDARMENT
BSE,bse_cm,PHARMAID,524572,E,PHARMAIDS PHARMACEUTICALS LTD.,PHARMAID,1,0.01,PHARMAID
BSE,bse_cm,VIVIDIND,524576,E,VIVID GLOBAL INDUSTRIES LTD.,VIVIDIND,1,0.01,VIVIDIND
BSE,bse_cm,PRIYALT,524580,E,PRIYA LTD.,PRIYALT,1,0.01,PRIYALT
BSE,bse_cm,TIRUSTA,524582,E,TIRUPATI STARCH & CHEMICALS LT,TIRUSTA,1,0.05,TIRUSTA
BSE,bse_cm,JAYSYNTH,524592,E,JAYSYNTH ORGOCHEM LIMITED,JAYSYNTH,1,0.01,JAYSYNTH
BSE,bse_cm,AEONXDIGI,524594,E,Aeonx Digital Technology Limit,AEONXDIGI,1,0.05,AEONXDIGI
BSE,bse_cm,AKSHARCHEM,524598,E,AKSHARCHEM (INDIA) LTD.,AKSHARCHEM,1,0.05,AKSHARCHEM
BSE,bse_cm,BANDARAM,524602,E,BANDARAM PHARMA PACKTECH LIMIT,BANDARAM,1,0.01,BANDARAM
BSE,bse_cm,ADLINE,524604,E,ADLINE CHEM LAB LIMITED,ADLINE,100,0.01,ADLINE
BSE,bse_cm,BERLDRG,524606,E,BERYL DRUGS LTD.,BERLDRG,1,0.01,BERLDRG
BSE,bse_cm,INDXTRA,524614,E,IEL LIMITED,INDXTRA,1,0.01,INDXTRA
BSE,bse_cm,ISTRNETWK,524622,E,ISTREET NETWORK LIMITED,ISTRNETWK,1,0.01,ISTRNETWK
BSE,bse_cm,GAGAN,524624,E,GAGAN GASES LTD.,GAGAN,1,0.01,GAGAN
BSE,bse_cm,PARKERAC,524628,E,PARKER AGROCHEM EXPORTS LTD.,PARKERAC,1,0.01,PARKERAC
BSE,bse_cm,SHUKRAPHAR,524632,E,Shukra Pharmaceuticals Limited,SHUKRAPHAR,1,0.01,SHUKRAPHAR
BSE,bse_cm,ALUFLUOR,524634,E,ALUFLUORIDE LTD.,ALUFLUOR,1,0.05,ALUFLUOR
BSE,bse_cm,OXYGENTAPH,524636,E,OXYGENTA PHARMACEUTICAL LIMITE,OXYGENTAPH,1,0.01,OXYGENTAPH
BSE,bse_cm,ARCHITORG,524640,E,ARCHIT ORGANOSYS LTD.,ARCHITORG,1,0.01,ARCHITORG
BSE,bse_cm,INDOAMIN,524648,E,INDO AMINES LTD.,INDOAMIN,1,0.05,INDOAMIN
BSE,bse_cm,NATCAPSUQ,524654,E,NATURAL CAPSULES LTD.,NATCAPSUQ,1,0.05,NATCAPSUQ
BSE,bse_cm,WELCURE,524661,E,WELCURE DRUGS & PHARMACEUTICAL,WELCURE,1,0.01,WELCURE
BSE,bse_cm,BIBCL,524663,E,BHARAT IMMUNOLOGICALS & BIOLOG,BIBCL,1,0.01,BIBCL
BSE,bse_cm,SOTL,524667,E,SAVITA OIL TECHNOLOGIES LTD.,SOTL,1,0.05,SOTL
BSE,bse_cm,HESTERBIO,524669,E,HESTER BIOSCIENCES LTD.,HESTERBIO,1,0.05,HESTERBIO
BSE,bse_cm,KABSON,524675,E,KABSONS INDUSTRIES LTD.,KABSON,1,0.01,KABSON
BSE,bse_cm,BASANTGL,524687,E,BASANT AGRO TECH (INDIA) LTD.,BASANTGL,1,0.01,BASANTGL
BSE,bse_cm,SANDUPHQ,524703,E,SANDU PHARMACEUTICALS LTD.,SANDUPHQ,1,0.01,SANDUPHQ
BSE,bse_cm,NACLIND,524709,E,NACL Industries Limited,NACLIND,1,0.05,NACLIND
BSE,bse_cm,VISTAPH,524711,E,VISTA PHARMACEUTICALS LTD.,VISTAPH,1,0.01,VISTAPH
BSE,bse_cm,SUNPHARMA,524715,E,SUN PHARMACEUTICAL INDUSTRIES,SUNPHARMA,1,0.05,SUNPHARMA
BSE,bse_cm,TITANBIO,524717,E,TITAN BIOTECH LTD.,TITANBIO,1,0.05,TITANBIO
BSE,bse_cm,ARVAYA,524723,E,Arvaya Healthcare Limited,ARVAYA,1,0.01,ARVAYA
BSE,bse_cm,SDL,524727,E,Span Divergent Limited,SDL,1,0.01,SDL
BSE,bse_cm,JENBURPH,524731,E,JENBURKT PHARMACEUTICALS LTD.,JENBURPH,1,0.05,JENBURPH
BSE,bse_cm,HIKAL,524735,E,HIKAL LTD.,HIKAL,1,0.05,HIKAL
BSE,bse_cm,CAPLIPOINT,524742,E,CAPLIN POINT LABORATORIES LTD.,CAPLIPOINT,1,0.05,CAPLIPOINT
BSE,bse_cm,FISCHER,524743,E,FISCHER MEDICAL VENTURES LIMIT,FISCHER,1,0.01,FISCHER
BSE,bse_cm,LINKPH,524748,E,LINK PHARMA CHEM LTD.,LINKPH,1,0.01,LINKPH
BSE,bse_cm,DECIPHER,524752,E,DECIPHER LABS LIMITED,DECIPHER,1,0.01,DECIPHER
BSE,bse_cm,EMMESSA,524768,E,EMMESSAR BIOTECH & NUTRITION L,EMMESSA,1,0.01,EMMESSA
BSE,bse_cm,NGLFINE,524774,E,NGL FINE-CHEM LTD.,NGLFINE,1,0.05,NGLFINE
BSE,bse_cm,EVERESTO,524790,E,EVEREST ORGANICS LTD.,EVERESTO,1,0.05,EVERESTO
BSE,bse_cm,AUROPHARMA,524804,E,AUROBINDO PHARMA LTD.,AUROPHARMA,1,0.05,AUROPHARMA
BSE,bse_cm,PHYTO,524808,E,PHYTO CHEM (INDIA) LTD.,PHYTO,1,0.01,PHYTO
BSE,bse_cm,NATCOPHARM,524816,E,NATCO PHARMA LTD.,NATCOPHARM,1,0.05,NATCOPHARM
BSE,bse_cm,DYNAMIND,524818,E,DYNAMIC INDUSTRIES LTD.,DYNAMIND,1,0.05,DYNAMIND
BSE,bse_cm,PANAMAPET,524820,E,PANAMA PETROCHEM LTD.,PANAMAPET,1,0.05,PANAMAPET
BSE,bse_cm,BALPHARMA,524824,E,BAL PHARMA LTD.,BALPHARMA,1,0.01,BALPHARMA
BSE,bse_cm,BDH,524828,E,BDH INDUSTRIES LTD.,BDH,1,0.05,BDH
BSE,bse_cm,JAUSPOL,526001,E,JAUSS POLYMERS LTD.,JAUSPOL,1,0.01,JAUSPOL
BSE,bse_cm,GLOBUSCON,526025,E,GLOBUS CONSTRUCTORS & DEVELOPE,GLOBUSCON,1,0.01,GLOBUSCON
BSE,bse_cm,CUBEXTUB,526027,E,CUBEX TUBINGS LTD.,CUBEXTUB,1,0.01,CUBEXTUB
BSE,bse_cm,POLYCHMP,526043,E,POLYMECHPLAST MACHINES LTD.,POLYCHMP,1,0.01,POLYCHMP
BSE,bse_cm,STELLANT,526071,E,STELLANT SECURITIES (INDIA) LT,STELLANT,1,0.05,STELLANT
BSE,bse_cm,GALXBRG,526073,E,GALAXY BEARINGS LTD.,GALXBRG,1,0.05,GALXBRG
BSE,bse_cm,VINRKLB,526075,E,REKVINA LABORATORIES LTD.,VINRKLB,1,0.01,VINRKLB
BSE,bse_cm,SCAGRO,526081,E,SC Agrotech Limited,SCAGRO,1,0.01,SCAGRO
BSE,bse_cm,RALEGRA,526095,E,RAVILEELA GRANITES LTD.,RALEGRA,1,0.01,RALEGRA
BSE,bse_cm,UNRYLMA,526113,E,UNIROYAL MARINE EXPORTS LTD.,UNRYLMA,1,0.01,UNRYLMA
BSE,bse_cm,KARANWO,526115,E,KARAN WOO-SIN LTD.,KARANWO,1,0.01,KARANWO
BSE,bse_cm,SHERVANI,526117,E,SHERVANI INDUSTRIAL SYNDICATE,SHERVANI,1,0.05,SHERVANI
BSE,bse_cm,BNAGROCHEM,526125,E,BN AGROCHEM LIMITED,BNAGROCHEM,1,0.05,BNAGROCHEM
BSE,bse_cm,SUPERTEX,526133,E,SUPERTEX INDUSTRIES LTD.,SUPERTEX,1,0.01,SUPERTEX
BSE,bse_cm,SHETR,526137,E,SHETRON LTD.,SHETR,1,0.01,SHETR
BSE,bse_cm,TRABI,526139,E,TRANSGENE BIOTEK LTD.,TRABI,1,0.01,TRABI
BSE,bse_cm,MPL,526143,E,MPL PLASTICS LTD.,MPL,1,0.01,MPL
BSE,bse_cm,NIKHILAD,526159,E,NIKHIL ADHESIVES LTD.,NIKHILAD,1,0.01,NIKHILAD
BSE,bse_cm,SPENTA,526161,E,SPENTA INTERNATIONAL LTD.,SPENTA,1,0.01,SPENTA
BSE,bse_cm,MULTIBASE,526169,E,MULTIBASE INDIA LTD.,MULTIBASE,1,0.05,MULTIBASE
BSE,bse_cm,ANDREWYU,526173,E,ANDREW YULE & COMPANY LTD.,ANDREWYU,1,0.01,ANDREWYU
BSE,bse_cm,LUDLOWJUT,526179,E,LUDLOW JUTE & SPECIALITIES LTD,LUDLOWJUT,1,0.05,LUDLOWJUT
BSE,bse_cm,ASHRAM,526187,E,ASHRAM ONLINE.COM LTD.,ASHRAM,1,0.01,ASHRAM
BSE,bse_cm,ROYALCU,526193,E,ROYAL CUSHION VINYL PRODUCTS L,ROYALCU,1,0.01,ROYALCU
BSE,bse_cm,SURJIND,526211,E,SURAJ INDUSTRIES LTD.,SURJIND,1,0.01,SURJIND
BSE,bse_cm,HITECHCORP,526217,E,Hitech Corporation Limited,HITECHCORP,1,0.05,HITECHCORP
BSE,bse_cm,FILATEX,526227,E,FILATEX INDIA LTD.,FILATEX,1,0.01,FILATEX
BSE,bse_cm,STDSFAC,526231,E,STANDARD SURFACTANTS LTD.,STDSFAC,1,0.01,STDSFAC
BSE,bse_cm,MORGAN,526237,E,MORGAN VENTURES LTD.,MORGAN,1,0.01,MORGAN
BSE,bse_cm,AMRAPLIN,526241,E,AMRAPALI INDUSTRIES LTD.,AMRAPLIN,1,0.01,AMRAPLIN
BSE,bse_cm,PREMEXPLN,526247,E,PREMIER EXPLOSIVES LTD.,PREMEXPLN,1,0.05,PREMEXPLN
BSE,bse_cm,MIDEASTP,526251,E,MID EAST PORTFOLIO MANAGEMENT,MIDEASTP,1,0.01,MIDEASTP
BSE,bse_cm,MOLDTECH,526263,E,MOLD-TEK TECHNOLOGIES LTD.,MOLDTECH,1,0.05,MOLDTECH
BSE,bse_cm,CRSTCHM,526269,E,CRESTCHEM LTD.,CRSTCHM,1,0.05,CRSTCHM
BSE,bse_cm,MPHASIS,526299,E,MPHASIS LTD.,MPHASIS,1,0.05,MPHASIS
BSE,bse_cm,DIVSHKT,526315,E,DIVYASHAKTI LIMITED,DIVSHKT,1,0.01,DIVSHKT
BSE,bse_cm,ORIENTLTD,526325,E,ORIENT PRESS LTD.,ORIENTLTD,1,0.01,ORIENTLTD
BSE,bse_cm,ADVMULT,526331,E,ADVANCE MULTITECH LTD.,ADVMULT,1,0.01,ADVMULT
BSE,bse_cm,SHREYASI,526335,E,SHREYAS INTERMEDIATES LTD.,SHREYASI,1,0.01,SHREYASI
BSE,bse_cm,PANJON,526345,E,PANJON LTD.,PANJON,1,0.01,PANJON
BSE,bse_cm,CRAFTROOT,526349,E,CRAFTROOT RETAIL LIMITED,CRAFTROOT,1,0.01,CRAFTROOT
BSE,bse_cm,DUROPACK,526355,E,DUROPACK LTD.,DUROPACK,1,0.01,DUROPACK
BSE,bse_cm,SWARNSAR,526365,E,SWARNSARITA JEWELS INDIA LIMIT,SWARNSAR,1,0.01,SWARNSAR
BSE,bse_cm,GANESHHOU,526367,E,GANESH HOUSING LIMITED,GANESHHOU,1,0.05,GANESHHOU
BSE,bse_cm,NMDC,526371,E,NMDC LTD.,NMDC,1,0.01,NMDC
BSE,bse_cm,CINDHO,526373,E,CINDRELLA HOTELS LTD.,CINDHO,1,0.01,CINDHO
BSE,bse_cm,PATINTLOG,526381,E,PATEL INTEGRATED LOGISTICS LTD,PATINTLOG,1,0.01,PATINTLOG
BSE,bse_cm,ALPHAGEO,526397,E,ALPHAGEO (INDIA) LTD.,ALPHAGEO,1,0.05,ALPHAGEO
BSE,bse_cm,HAMPTON,526407,E,HAMPTON SKY REALTY LIMITED,HAMPTON,1,0.01,HAMPTON
BSE,bse_cm,KKALPANAIND,526409,E,KKALPANA INDUSTRIES (INDIA) LT,KKALPANAIND,1,0.01,KKALPANAIND
BSE,bse_cm,OKPLA,526415,E,OK PLAY INDIA LTD.,OKPLA,1,0.01,OKPLA
BSE,bse_cm,KRITI,526423,E,KRITI INDUSTRIES (INDIA) LTD.,KRITI,1,0.01,KRITI
BSE,bse_cm,ASMTEC,526433,E,ASM TECHNOLOGIES LTD.,ASMTEC,1,0.05,ASMTEC
BSE,bse_cm,PERFEPA,526435,E,PERFECTPAC LTD.,PERFEPA,1,0.01,PERFEPA
BSE,bse_cm,AMBIT,526439,E,AMBITIOUS PLASTOMAC COMPANY LT,AMBIT,1,0.01,AMBIT
BSE,bse_cm,VISIONCINE,526441,E,VISION CINEMAS LTD.,VISIONCINE,1,0.01,VISIONCINE
BSE,bse_cm,AEIM,526443,E,Artificial Electronics Intelli,AEIM,1,0.05,AEIM
BSE,bse_cm,INDRANIB,526445,E,INDRAYANI BIOTECH LTD.,INDRANIB,1,0.01,INDRANIB
BSE,bse_cm,EUROLED,526468,E,EURO LEDER FASHION LTD.,EUROLED,1,0.01,EUROLED
BSE,bse_cm,WINSOMBR,526471,E,WINSOME BREWERIES LTD.,WINSOMBR,1,0.01,WINSOMBR
BSE,bse_cm,ELEFLOR,526473,E,ELEGANT FLORICULTURE & AGROTEC,ELEFLOR,1,0.01,ELEFLOR
BSE,bse_cm,SAENTER,526477,E,SOUTH ASIAN ENTERPRISES LTD.,SAENTER,1,0.01,SAENTER
BSE,bse_cm,SKYIND,526479,E,SKY INDUSTRIES LTD.,SKYIND,1,0.01,SKYIND
BSE,bse_cm,PHOENXINTL,526481,E,PHOENIX INTERNATIONAL LTD.,PHOENXINTL,1,0.01,PHOENXINTL
BSE,bse_cm,BHUDEVI,526488,E,BHUDEVI INFRA PROJECTS LIMITED,BHUDEVI,1,0.05,BHUDEVI
BSE,bse_cm,PRATIK,526490,E,PRATIK PANELS LTD.,PRATIK,1,0.01,PRATIK
BSE,bse_cm,RISHIROOP,526492,E,Rishiroop Limited,RISHIROOP,1,0.01,RISHIROOP
BSE,bse_cm,PROMACT,526494,E,Promact Plastics Limited,PROMACT,1,0.01,PROMACT
BSE,bse_cm,STRGRENWO,526500,E,STERLING GREEN WOODS LTD.,STRGRENWO,1,0.01,STRGRENWO
BSE,bse_cm,SYSTMTXC,526506,E,SYSTEMATIX CORPORATE SERVICES,SYSTMTXC,1,0.01,SYSTMTXC
BSE,bse_cm,SHAHISHIP,526508,E,Shahi Shipping Limited,SHAHISHIP,1,0.01,SHAHISHIP
BSE,bse_cm,ALPINEHOU,526519,E,ALPINE HOUSING DEVELOPMENT COR,ALPINEHOU,1,0.01,ALPINEHOU
BSE,bse_cm,WWALUM,526525,E,WORLDWIDE ALUMINIUM LIMITED,WWALUM,1,0.01,WWALUM
BSE,bse_cm,IIRM,526530,E,IIRM HOLDINGS INDIA LIMITED,IIRM,1,0.05,IIRM
BSE,bse_cm,SFPIL,526532,E,SQUARE FOUR PROJECTS INDIA LIM,SFPIL,1,0.01,SFPIL
BSE,bse_cm,SGLRES,526544,E,SGL RESOURCES LIMITED,SGLRES,1,0.01,SGLRES
BSE,bse_cm,CHOKSILA,526546,E,CHOKSI LABORATORIES LTD.,CHOKSILA,1,0.05,CHOKSILA
BSE,bse_cm,CCHHL,526550,E,COUNTRY CLUB HOSPITALITY AND H,CCHHL,1,0.01,CCHHL
BSE,bse_cm,SALGUTI,526554,E,SALGUTI INDUSTRIES LTD.,SALGUTI,1,0.01,SALGUTI
BSE,bse_cm,REMAGNET,526570,E,MIDWEST ENERGY LIMITED,REMAGNET,1,0.05,REMAGNET
BSE,bse_cm,ENTRINT,526574,E,ENTERPRISE INTERNATIONAL LTD.,ENTRINT,1,0.01,ENTRINT
BSE,bse_cm,TPLPLASTEH,526582,E,TPL PLASTECH LTD.,TPLPLASTEH,1,0.01,TPLPLASTEH
BSE,bse_cm,PHOTOQUP,526588,E,PHOTOQUIP INDIA LTD.,PHOTOQUP,1,0.01,PHOTOQUP
BSE,bse_cm,LIBERTSHOE,526596,E,LIBERTY SHOES LTD.,LIBERTSHOE,1,0.05,LIBERTSHOE
BSE,bse_cm,LIPPISYS,526604,E,LIPPI SYSTEMS LTD.,LIPPISYS,1,0.05,LIPPISYS
BSE,bse_cm,ELECTHERM,526608,E,ELECTROTHERM (INDIA) LTD.,ELECTHERM,1,0.05,ELECTHERM
BSE,bse_cm,BLUEDART,526612,E,BLUE DART EXPRESS LTD.,BLUEDART,1,0.05,BLUEDART
BSE,bse_cm,EXPOEAPL,526614,E,EXPO ENGINEERING AND PROJECTS ,EXPOEAPL,1,0.01,EXPOEAPL
BSE,bse_cm,NATPLAS,526616,E,NATIONAL PLASTIC INDUSTRIES LT,NATPLAS,1,0.01,NATPLAS
BSE,bse_cm,MFLINDIA,526622,E,MFL INDIA LTD.,MFLINDIA,1,0.01,MFLINDIA
BSE,bse_cm,AJWAFUN,526628,E,AJWA FUN WORLD & RESORT LTD.,AJWAFUN,100,0.01,AJWAFUN
BSE,bse_cm,TEXELIN,526638,E,TEXEL INDUSTRIES LTD.,TEXELIN,1,0.01,TEXELIN
BSE,bse_cm,RAYALEMA,526640,E,ROYALE MANOR HOTELS & INDUSTRI,RAYALEMA,1,0.01,RAYALEMA
BSE,bse_cm,MIRZAINT,526642,E,MIRZA INTERNATIONAL LTD.,MIRZAINT,1,0.01,MIRZAINT
BSE,bse_cm,TFCILTD,526650,E,TOURISM FINANCE CORPORATION OF,TFCILTD,1,0.01,TFCILTD
BSE,bse_cm,THAKDEV,526654,E,THAKKERS DEVELOPERS LTD.,THAKDEV,1,0.05,THAKDEV
BSE,bse_cm,ARENTERP,526662,E,RAJDARSHAN INDUSTRIES LTD.,ARENTERP,1,0.01,ARENTERP
BSE,bse_cm,BIL,526666,E,BHARTIYA INTERNATIONAL LTD.,BIL,1,0.05,BIL
BSE,bse_cm,KAMATHOTEL,526668,E,KAMAT HOTELS (INDIA) LTD.,KAMATHOTEL,1,0.05,KAMATHOTEL
BSE,bse_cm,TIRTPLS,526675,E,TIRTH PLASTIC LTD.,TIRTPLS,1,0.01,TIRTPLS
BSE,bse_cm,KEEPLEARN,526677,E,DSJ KEEP LEARNING LIMITED,KEEPLEARN,1,0.01,KEEPLEARN
BSE,bse_cm,ECOPLAST,526703,E,ECOPLAST LTD.,ECOPLAST,1,0.05,ECOPLAST
BSE,bse_cm,ELEMARB,526705,E,ELEGANT MARBLES & GRANI INDUST,ELEMARB,1,0.05,ELEMARB
BSE,bse_cm,BITS,526709,E,BITS LTD.,BITS,1,0.01,BITS
BSE,bse_cm,ADARSHPL,526711,E,ADARSH PLANT PROTECT LTD.,ADARSHPL,1,0.01,ADARSHPL
BSE,bse_cm,HPBL,526717,E,HCP PLASTENE BULKPACK LIMITED,HPBL,1,0.05,HPBL
BSE,bse_cm,NICCOPAR,526721,E,NICCO PARKS & RESORTS LTD.,NICCOPAR,1,0.01,NICCOPAR
BSE,bse_cm,NTCIND,526723,E,NTC INDUSTRIES LTD.,NTCIND,1,0.05,NTCIND
BSE,bse_cm,SANDESH,526725,E,SANDESH LTD.,SANDESH,1,0.05,SANDESH
BSE,bse_cm,GARNET,526727,E,GARNET CONSTRUCTION LTD.,GARNET,1,0.01,GARNET
BSE,bse_cm,GOLDIAM,526729,E,GOLDIAM INTERNATIONAL LTD.,GOLDIAM,1,0.05,GOLDIAM
BSE,bse_cm,BRIGHTBR,526731,E,BRIGHT BROTHERS LTD.,BRIGHTBR,1,0.05,BRIGHTBR
BSE,bse_cm,SHAWGELTIN,526739,E,NARMADA GELATINES LTD.,SHAWGELTIN,1,0.05,SHAWGELTIN
BSE,bse_cm,PGFOILQ,526747,E,PG FOILS LTD.,PGFOILQ,1,0.05,PGFOILQ
BSE,bse_cm,GRATEXI,526751,E,GRATEX INDUSTRIES LTD.,GRATEXI,1,0.01,GRATEXI
BSE,bse_cm,VELHO,526755,E,VELAN HOTELS LTD.,VELHO,1,0.01,VELHO
BSE,bse_cm,HOWARHO,526761,E,HOWARD HOTELS LTD.,HOWARHO,1,0.01,HOWARHO
BSE,bse_cm,VALIANT,526775,E,VALIANT COMMUNICATIONS LTD.,VALIANT,1,0.05,VALIANT
BSE,bse_cm,DRAGARWQ,526783,E,DR.AGARWALS EYE HOSPITAL LTD.,DRAGARWQ,1,0.05,DRAGARWQ
BSE,bse_cm,MHSGRMS,526795,E,MAHASAGAR TRAVELS LTD.,MHSGRMS,100,0.01,MHSGRMS
BSE,bse_cm,GREENPLY,526797,E,GREENPLY INDUSTRIES LTD.,GREENPLY,1,0.05,GREENPLY
BSE,bse_cm,SEAMECLTD,526807,E,SEAMEC LTD.,SEAMECLTD,1,0.05,SEAMECLTD
BSE,bse_cm,RAGHUNAT,526813,E,RAGHUNATH INTERNATIONAL LTD.,RAGHUNAT,1,0.01,RAGHUNAT
BSE,bse_cm,CHEVIOT,526817,E,CHEVIOT CO.LTD.,CHEVIOT,1,0.05,CHEVIOT
BSE,bse_cm,DAICHI,526821,E,DAI-ICHI KARKARIA LTD.,DAICHI,1,0.05,DAICHI
BSE,bse_cm,RAJINFRA,526823,E,RAJESWARI INFRASTRUCTURE LIMIT,RAJINFRA,1,0.01,RAJINFRA
BSE,bse_cm,SPICEISLIN,526827,E,SPICE ISLANDS INDUSTRIES LIMIT,SPICEISLIN,1,0.05,SPICEISLIN
BSE,bse_cm,CONFIPET,526829,E,CONFIDENCE PETROLEUM INDIA LTD,CONFIPET,1,0.01,CONFIPET
BSE,bse_cm,SIPL,526839,E,SHELTER INFRA PROJECTS LTD.,SIPL,1,0.01,SIPL
BSE,bse_cm,SHAKTIPR,526841,E,SHAKTI PRESS LTD.,SHAKTIPR,1,0.01,SHAKTIPR
BSE,bse_cm,ASHSI,526847,E,ASHIRWAD STEELS & INDUSTRIES L,ASHSI,1,0.01,ASHSI
BSE,bse_cm,BANARBEADS,526849,E,BANARAS BEADS LTD.,BANARBEADS,1,0.05,BANARBEADS
BSE,bse_cm,AREXMIS,526851,E,AREX INDUSTRIES LTD.,AREXMIS,1,0.05,AREXMIS
BSE,bse_cm,BI,526853,E,BILCARE LTD.,BI,1,0.01,BI
BSE,bse_cm,ISFL,526859,E,ISF LIMITED,ISFL,1,0.01,ISFL
BSE,bse_cm,RISHILASE,526861,E,RISHI LASER LTD.,RISHILASE,1,0.05,RISHILASE
BSE,bse_cm,JAINCO,526865,E,JAINCO PROJECTS (INDIA) LTD.,JAINCO,1,0.01,JAINCO
BSE,bse_cm,KUMPFIN,526869,E,KUMBHAT FINANCIAL SERVICES LTD,KUMPFIN,1,0.01,KUMPFIN
BSE,bse_cm,INTECCAP,526871,E,INTEC CAPITAL LTD.,INTECCAP,1,0.01,INTECCAP
BSE,bse_cm,RAJSEC,526873,E,RAJASTHAN SECURITIES LIMITED,RAJSEC,1,0.01,RAJSEC
BSE,bse_cm,SIDDHEGA,526877,E,SIDDHESWARI GARMENTS LTD.,SIDDHEGA,1,0.01,SIDDHEGA
BSE,bse_cm,63MOONS,526881,E,63 Moons Technologies Limited,63MOONS,1,0.05,63MOONS
BSE,bse_cm,SARLAPOLY,526885,E,SARLA PERFORMANCE FIBERS LTD.,SARLAPOLY,1,0.01,SARLAPOLY
BSE,bse_cm,INDOCRED,526887,E,INDO CREDIT CAPITAL LTD.,INDOCRED,1,0.01,INDOCRED
BSE,bse_cm,MKTCREAT,526891,E,MARKET CREATORS LTD.,MKTCREAT,1,0.01,MKTCREAT
BSE,bse_cm,HFIL,526899,E,HIMALAYA FOOD INTERNATIONAL LI,HFIL,1,0.01,HFIL
BSE,bse_cm,SONALAD,526901,E,SONAL ADHESIVES LTD.,SONALAD,1,0.01,SONALAD
BSE,bse_cm,PADMAIND,526905,E,Padmanabh Industries Ltd,PADMAIND,1,0.01,PADMAIND
BSE,bse_cm,21STCENMGM,526921,E,TWENTYFIRST CENTURY MANAGEMENT,21STCENMGM,1,0.01,21STCENMGM
BSE,bse_cm,HRYNSHP,526931,E,HARIYANA SHIP BREAKERS LTD.,HRYNSHP,1,0.05,HRYNSHP
BSE,bse_cm,KALIND,526935,E,Kalind Limited,KALIND,1,0.01,KALIND
BSE,bse_cm,VAICC,526941,E,VAISHNO CEMENT CO.LTD.,VAICC,100,0.01,VAICC
BSE,bse_cm,TYROON,526945,E,TYROON TEA CO.LTD.,TYROON,1,0.01,TYROON
BSE,bse_cm,LAOPALA,526947,E,LA OPALA RG LTD.,LAOPALA,1,0.05,LAOPALA
BSE,bse_cm,STYLAMIND,526951,E,STYLAM INDUSTRIES LIMITED,STYLAMIND,1,0.05,STYLAMIND
BSE,bse_cm,VENUSREM,526953,E,VENUS REMEDIES LTD.,VENUSREM,1,0.05,VENUSREM
BSE,bse_cm,LASTMILE,526961,E,LAST MILE ENTERPRISES LIMITED,LASTMILE,1,0.01,LASTMILE
BSE,bse_cm,GUJCRAFT,526965,E,GUJARAT CRAFT INDUSTRIES LTD.,GUJCRAFT,1,0.01,GUJCRAFT
BSE,bse_cm,HEERAISP,526967,E,HEERA ISPAT LTD.,HEERAISP,1,0.01,HEERAISP
BSE,bse_cm,DHOOTIN,526971,E,DHOOT INDUSTRIAL FINANCE LTD.,DHOOTIN,1,0.05,DHOOTIN
BSE,bse_cm,CRIMSON,526977,E,CRIMSON METAL ENGINEERING COMP,CRIMSON,100,0.01,CRIMSON
BSE,bse_cm,SHBAJRG,526981,E,SHRI BAJRANG ALLIANCE LIMITED,SHBAJRG,1,0.05,SHBAJRG
BSE,bse_cm,URJA,526987,E,URJA GLOBAL LTD.,URJA,1,0.01,URJA
BSE,bse_cm,ASHAPURMIN,527001,E,ASHAPURA MINECHEM LTD.,ASHAPURMIN,1,0.05,ASHAPURMIN
BSE,bse_cm,SHREEPAC,527005,E,SHREE PACETRONIX LTD.,SHREEPAC,1,0.05,SHREEPAC
BSE,bse_cm,GUJALKALI,530001,E,GUJARAT ALKALIES & CHEMICALS L,GUJALKALI,1,0.05,GUJALKALI
BSE,bse_cm,INDIACEM,530005,E,INDIA CEMENTS LTD.,INDIACEM,1,0.05,INDIACEM
BSE,bse_cm,JKTYRE,530007,E,JK TYRE & INDUSTRIES LTD.,JKTYRE,1,0.05,JKTYRE
BSE,bse_cm,SIL,530017,E,STANDARD INDUSTRIES LTD.,SIL,1,0.01,SIL
BSE,bse_cm,JUBLPHARMA,530019,E,JUBILANT PHARMOVA LIMITED,JUBLPHARMA,1,0.05,JUBLPHARMA
BSE,bse_cm,THEINVEST,530023,E,THE INVESTMENT TRUST OF INDIA ,THEINVEST,1,0.01,THEINVEST
BSE,bse_cm,SAMYAKINT,530025,E,SAMYAK INTERNATIONAL LTD.,SAMYAKINT,1,0.01,SAMYAKINT
BSE,bse_cm,AADIIND,530027,E,AADI INDUSTRIES LTD.,AADIIND,1,0.01,AADIIND
BSE,bse_cm,SPARKLEGR,530037,E,SPARKLE GOLD ROCK LIMITED,SPARKLEGR,1,0.01,SPARKLEGR
BSE,bse_cm,ACKNIT,530043,E,ACKNIT INDUSTRIES LTD.,ACKNIT,1,0.05,ACKNIT
BSE,bse_cm,TITANSEC,530045,E,TITAN SECURITIES LTD.,TITANSEC,1,0.01,TITANSEC
BSE,bse_cm,REALECO,530053,E,REAL ECO-ENERGY LIMITED,REALECO,1,0.01,REALECO
BSE,bse_cm,VIVANZA,530057,E,Vivanza Biosciences Limited,VIVANZA,1,0.01,VIVANZA
BSE,bse_cm,YASHRAJC,530063,E,YASHRAJ CONTAINEURS LTD.,YASHRAJC,1,0.01,YASHRAJC
BSE,bse_cm,LORDSHOTL,530065,E,LORDS ISHWAR HOTELS LIMITED,LORDSHOTL,1,0.01,LORDSHOTL
BSE,bse_cm,CSLFINANCE,530067,E,CSL Finance Limited,CSLFINANCE,1,0.05,CSLFINANCE
BSE,bse_cm,SANGHVIMOV,530073,E,SANGHVI MOVERS LTD.,SANGHVIMOV,1,0.05,SANGHVIMOV
BSE,bse_cm,ANTELOPUS,530075,E,Antelopus Selan Energy Limited,ANTELOPUS,1,0.05,ANTELOPUS
BSE,bse_cm,PURETROP,530077,E,PURETROP FRUITS LIMITED,PURETROP,1,0.05,PURETROP
BSE,bse_cm,FAZE3Q,530079,E,FAZE THREE LTD.,FAZE3Q,1,0.05,FAZE3Q
BSE,bse_cm,ANUPAM,530109,E,ANUPAM FINSERV LIMITED,ANUPAM,1,0.01,ANUPAM
BSE,bse_cm,RAJPACK,530111,E,RAJ PACKAGING INDUSTRIES LTD.,RAJPACK,1,0.01,RAJPACK
BSE,bse_cm,PRIVISCL,530117,E,PRIVI SPECIALITY CHEMICALS LIM,PRIVISCL,1,0.05,PRIVISCL
BSE,bse_cm,NATRAJPR,530119,E,NATRAJ PROTEINS LTD.,NATRAJPR,1,0.01,NATRAJPR
BSE,bse_cm,SAMRATPH,530125,E,SAMRAT PHARMACHEM LTD.,SAMRATPH,1,0.05,SAMRATPH
BSE,bse_cm,NPRFIN,530127,E,NPR FINANCE LTD.,NPRFIN,1,0.01,NPRFIN
BSE,bse_cm,NILE,530129,E,NILE LTD.,NILE,1,0.05,NILE
BSE,bse_cm,AMCOIND,530133,E,AMCO INDIA LTD.,AMCOIND,1,0.01,AMCOIND
BSE,bse_cm,OPTIEMUS,530135,E,OPTIEMUS INFRACOM LTD,OPTIEMUS,1,0.05,OPTIEMUS
BSE,bse_cm,KREONFIN,530139,E,KREON FINNANCIAL SERVICES LTD.,KREONFIN,1,0.01,KREONFIN
BSE,bse_cm,GYANDEV,530141,E,GYAN DEVELOPERS & BUILDERS LTD,GYANDEV,1,0.01,GYANDEV
BSE,bse_cm,KISAN,530145,E,KISAN MOULDINGS LTD.,KISAN,1,0.01,KISAN
BSE,bse_cm,KERALAYUR,530163,E,KERALA AYURVEDA LTD.,KERALAYUR,1,0.05,KERALAYUR
BSE,bse_cm,MONGIPA,530167,E,MOONGIPA CAPITAL FINANCE LTD.,MONGIPA,1,0.01,MONGIPA
BSE,bse_cm,MOHITPPR,530169,E,MOHIT PAPER MILLS LTD.,MOHITPPR,1,0.01,MOHITPPR
BSE,bse_cm,DAULAT,530171,E,DAULAT SECURITIES LTD.,DAULAT,1,0.01,DAULAT
BSE,bse_cm,ODYSSEY,530175,E,ODYSSEY TECHNOLOGIES LTD.,ODYSSEY,1,0.01,ODYSSEY
BSE,bse_cm,RSCINT,530179,E,RSC INTERNATIONAL LTD.,RSCINT,1,0.01,RSCINT
BSE,bse_cm,SURATRAML,530185,E,Surat Trade and Mercantile Lim,SURATRAML,1,0.01,SURATRAML
BSE,bse_cm,ATHARVENT,530187,E,ATHARV ENTERPRISES LTD.,ATHARVENT,1,0.01,ATHARVENT
BSE,bse_cm,FUNDVISER,530197,E,FUNDVISER CAPITAL (INDIA) LIMI,FUNDVISER,1,0.05,FUNDVISER
BSE,bse_cm,THEMISMED,530199,E,THEMIS MEDICARE LTD.,THEMISMED,1,0.05,THEMISMED
BSE,bse_cm,KALLAM,530201,E,KALLAM TEXTILES LTD,KALLAM,1,0.01,KALLAM
BSE,bse_cm,BRAWN,530207,E,BRAWN BIOTECH LTD.,BRAWN,1,0.01,BRAWN
BSE,bse_cm,FORINTL,530213,E,FORTUNE INTERNATIONAL LTD.,FORINTL,1,0.01,FORINTL
BSE,bse_cm,KINGSINFR,530215,E,KINGS INFRA VENTURES LIMITED,KINGSINFR,1,0.05,KINGSINFR
BSE,bse_cm,SWOJAS,530217,E,SWOJAS FOODS LIMITED,SWOJAS,1,0.01,SWOJAS
BSE,bse_cm,NUTRICIRCLE,530219,E,Nutricircle Limited,NUTRICIRCLE,1,0.05,NUTRICIRCLE
BSE,bse_cm,SUBSM,530231,E,SUBHASH SILK MILLS LTD.,SUBSM,1,0.01,SUBSM
BSE,bse_cm,AUROLAB,530233,E,AURO LABORATORIES LTD.,AUROLAB,1,0.05,AUROLAB
BSE,bse_cm,KJMCFIN,530235,E,KJMC FINANCIAL SERVICES LTD.,KJMCFIN,1,0.01,KJMCFIN
BSE,bse_cm,SUVEN,530239,E,SUVEN LIFE SCIENCES LTD.,SUVEN,1,0.05,SUVEN
BSE,bse_cm,ARYAMAN,530245,E,ARYAMAN FINANCIAL SERVICES LTD,ARYAMAN,1,0.05,ARYAMAN
BSE,bse_cm,BRIDGESE,530249,E,BRIDGE SECURITIES LTD.,BRIDGESE,1,0.01,BRIDGESE
BSE,bse_cm,RISAINTL,530251,E,RISA INTERNATIONAL LTD.,RISAINTL,1,0.01,RISAINTL
BSE,bse_cm,RAJTUBE,530253,E,RAJASTHAN TUBE MANUFACTURING C,RAJTUBE,1,0.01,RAJTUBE
BSE,bse_cm,KAYPOWR,530255,E,KAY POWER AND PAPER LTD.,KAYPOWR,1,0.01,KAYPOWR
BSE,bse_cm,INTSTOIL,530259,E,INTER STATE OIL CARRIER LTD.,INTSTOIL,1,0.01,INTSTOIL
BSE,bse_cm,GLOBALCA,530263,E,GLOBAL CAPITAL MARKETS LTD.,GLOBALCA,1,0.01,GLOBALCA
BSE,bse_cm,SAINIK,530265,E,SAINIK FINANCE & INDUSTRIES LT,SAINIK,1,0.01,SAINIK
BSE,bse_cm,ARIGATO,530267,E,ARIGATO UNIVERSE LIMITED,ARIGATO,1,0.01,ARIGATO
BSE,bse_cm,RICHUNV,530271,E,RICH UNIVERSE NETWORK LTD.,RICHUNV,1,0.01,RICHUNV
BSE,bse_cm,QUANTDIA,530281,E,QUANTUM DIGITAL VISION (INDIA),QUANTDIA,1,0.01,QUANTDIA
BSE,bse_cm,SPCAPIT,530289,E,SP CAPITAL FINANCING LTD.,SPCAPIT,1,0.01,SPCAPIT
BSE,bse_cm,PAOS,530291,E,PAOS INDUSTRIES LIMITED,PAOS,1,0.01,PAOS
BSE,bse_cm,SHRAJOI,530295,E,SHRI RAJIVLOCHAN OIL EXTRACTIO,SHRAJOI,1,0.01,SHRAJOI
BSE,bse_cm,KOTHARIPRO,530299,E,KOTHARI PRODUCTS LTD.,KOTHARIPRO,1,0.01,KOTHARIPRO
BSE,bse_cm,PICCADIL,530305,E,PICCADILY AGRO INDUSTRIES LTD.,PICCADIL,1,0.05,PICCADIL
BSE,bse_cm,CLSEL,530307,E,CHAMAN LAL SETIA EXPORTS LIMIT,CLSEL,1,0.05,CLSEL
BSE,bse_cm,CHANDRAP,530309,E,CHANDRA PRABHU INTERNATIONAL L,CHANDRAP,1,0.01,CHANDRAP
BSE,bse_cm,KIMIABL,530313,E,KIMIA BIOSCIENCES LIMITED,KIMIABL,1,0.01,KIMIABL
BSE,bse_cm,HINDTIN,530315,E,HINDUSTAN TIN WORKS LTD.,HINDTIN,1,0.05,HINDTIN
BSE,bse_cm,GODAVARI,530317,E,GODAVARI DRUGS LTD.,GODAVARI,1,0.05,GODAVARI
BSE,bse_cm,PREMCO,530331,E,PREMCO GLOBAL LTD.,PREMCO,1,0.05,PREMCO
BSE,bse_cm,MUKESHB,530341,E,MUKESH BABU FINANCIAL SERVICES,MUKESHB,1,0.05,MUKESHB
BSE,bse_cm,GENUSPOWER,530343,E,GENUS POWER INFRASTRUCTURES LT,GENUSPOWER,1,0.05,GENUSPOWER
BSE,bse_cm,ASIANENE,530355,E,ASIAN ENERGY SERVICES LTD,ASIANENE,1,0.05,ASIANENE
BSE,bse_cm,KBSINDIA,530357,E,KBS INDIA LIMITED,KBSINDIA,1,0.01,KBSINDIA
BSE,bse_cm,PRABHHANS,530361,E,PRABHHANS INDUSTRIES LIMITED,PRABHHANS,1,0.01,PRABHHANS
BSE,bse_cm,UGARSUGAR,530363,E,UGAR SUGAR WORKS LTD.,UGARSUGAR,1,0.01,UGARSUGAR
BSE,bse_cm,ORIENTBELL,530365,E,ORIENT BELL LIMITED,ORIENTBELL,1,0.05,ORIENTBELL
BSE,bse_cm,NRBBEARING,530367,E,NRB BEARINGS LTD.,NRBBEARING,1,0.05,NRBBEARING
BSE,bse_cm,VAMSHIRU,530369,E,VAMSHI RUBBER LTD.,VAMSHIRU,1,0.01,VAMSHIRU
BSE,bse_cm,NILAINFRA,530377,E,NILA INFRASTRUCTURES LTD.,NILAINFRA,1,0.01,NILAINFRA
BSE,bse_cm,DBSTOCKBRO,530393,E,DB (INTERNATIONAL) STOCK BROKE,DBSTOCKBRO,1,0.01,DBSTOCKBRO
BSE,bse_cm,VINYOFL,530401,E,VINYOFLEX LTD.,VINYOFL,1,0.01,VINYOFL
BSE,bse_cm,JINDCAP,530405,E,JINDAL CAPITAL LTD.,JINDCAP,1,0.01,JINDCAP
BSE,bse_cm,EPIC,530407,E,EPIC ENERGY LTD.,EPIC,1,0.01,EPIC
BSE,bse_cm,SUMEDHA,530419,E,SUMEDHA FISCAL SERVICES LTD.,SUMEDHA,1,0.01,SUMEDHA
BSE,bse_cm,KUWERIN,530421,E,KUWER INDUSTRIES LTD.,KUWERIN,1,0.01,KUWERIN
BSE,bse_cm,CHOKSI,530427,E,CHOKSI ASIA LIMITED,CHOKSI,1,0.05,CHOKSI
BSE,bse_cm,ASHISHPO,530429,E,ASHISH POLYPLAST LTD.,ASHISHPO,1,0.01,ASHISHPO
BSE,bse_cm,SHIVAAGRO,530433,E,SHIVA GLOBAL AGRO INDUSTRIES L,SHIVAAGRO,1,0.01,SHIVAAGRO
BSE,bse_cm,SIDDHA,530439,E,SIDDHA VENTURES LTD.,SIDDHA,1,0.01,SIDDHA
BSE,bse_cm,KIRANSY-B,530443,E,KIRAN SYNTEX LTD.,KIRANSY-B,1,0.01,KIRANSY-B
BSE,bse_cm,SUMERUIND,530445,E,SUMERU INDUSTRIES LTD.,SUMERUIND,1,0.01,SUMERUIND
BSE,bse_cm,RUNGTAIR,530449,E,RUNGTA IRRIGATION LTD.,RUNGTAIR,1,0.01,RUNGTAIR
BSE,bse_cm,GTTDATA,530457,E,GTT DATA SOLUTIONS LIMITED,GTTDATA,1,0.01,GTTDATA
BSE,bse_cm,VALSONQ,530459,E,VALSON INDUSTRIES LTD.,VALSONQ,1,0.01,VALSONQ
BSE,bse_cm,SABOOSOD,530461,E,SABOO SODIUM CHLORO LTD.,SABOOSOD,1,0.01,SABOOSOD
BSE,bse_cm,GSLSEC,530469,E,GSL SECURITIES LTD.,GSLSEC,1,0.01,GSLSEC
BSE,bse_cm,TINNARUBR,530475,E,TINNA RUBBER AND INFRASTRUCTUR,TINNARUBR,1,0.05,TINNARUBR
BSE,bse_cm,VIKRAMTH,530477,E,VIKRAM THERMO (INDIA) LTD.,VIKRAMTH,1,0.05,VIKRAMTH
BSE,bse_cm,STRATMONT,530495,E,STRATMONT INDUSTRIES LIMITED,STRATMONT,1,0.01,STRATMONT
BSE,bse_cm,AKCAPIT,530499,E,A.K.CAPITAL SERVICES LTD.,AKCAPIT,1,0.05,AKCAPIT
BSE,bse_cm,RELAXO,530517,E,RELAXO FOOTWEARS LTD.,RELAXO,1,0.05,RELAXO
BSE,bse_cm,VIRAT,530521,E,VIRAT INDUSTRIES LTD.,VIRAT,1,0.05,VIRAT
BSE,bse_cm,RRETAIL,530525,E,RAJNISH RETAIL LIMITED,RRETAIL,1,0.01,RRETAIL
BSE,bse_cm,TERAI,530533,E,TERAI TEA CO.LTD.,TERAI,1,0.05,TERAI
BSE,bse_cm,MANRAJH,530537,E,MANRAJ HOUSING FINANCE LTD.,MANRAJH,1,0.01,MANRAJH
BSE,bse_cm,COSCO,530545,E,COSCO (INDIA) LTD.,COSCO,1,0.05,COSCO
BSE,bse_cm,KENFIN,530547,E,KEN FINANCIAL SERVICES LTD.,KENFIN,1,0.01,KENFIN
BSE,bse_cm,SHILPAMED,530549,E,SHILPA MEDICARE LTD.,SHILPAMED,1,0.05,SHILPAMED
BSE,bse_cm,PARACABLES,530555,E,PARAMOUNT COMMUNICATIONS LTD.,PARACABLES,1,0.01,PARACABLES
BSE,bse_cm,NCLRESE,530557,E,NCL RESEARCH & FINANCIAL SERVI,NCLRESE,1,0.01,NCLRESE
BSE,bse_cm,EXPLICITFIN,530571,E,EXPLICIT FINANCE LTD.,EXPLICITFIN,1,0.01,EXPLICITFIN
BSE,bse_cm,LADDERUP,530577,E,LADDERUP FINANCE LTD.,LADDERUP,1,0.01,LADDERUP
BSE,bse_cm,UYFINCORP,530579,E,U. Y. FINCORP LIMITED,UYFINCORP,1,0.01,UYFINCORP
BSE,bse_cm,EKAMLEA,530581,E,EKAM LEASING & FINANCE CO.LTD.,EKAMLEA,1,0.01,EKAMLEA
BSE,bse_cm,SWASTIKA,530585,E,SWASTIKA INVESTMART LIMITED,SWASTIKA,1,0.01,SWASTIKA
BSE,bse_cm,PRIMAPLA,530589,E,PRIMA PLASTICS LTD.,PRIMAPLA,1,0.05,PRIMAPLA
BSE,bse_cm,TELECANOR,530595,E,TELECANOR GLOBAL LTD.,TELECANOR,1,0.01,TELECANOR
BSE,bse_cm,JAGSONSER,530601,E,JAGSONPAL SERVICES LIMITED,JAGSONSER,1,0.01,JAGSONSER
BSE,bse_cm,GARGFUR,530615,E,GARG FURNACE LTD.,GARGFUR,1,0.05,GARGFUR
BSE,bse_cm,SAMPRE,530617,E,SAMPRE NUTRITIONS LTD.,SAMPRE,1,0.01,SAMPRE
BSE,bse_cm,AAIL,530621,E,Akar Auto Industries Limited,AAIL,1,0.01,AAIL
BSE,bse_cm,VIPULORG,530627,E,Vipul Organics Limited,VIPULORG,1,0.05,VIPULORG
BSE,bse_cm,ECORECO,530643,E,ECO RECYCLING LTD.,ECORECO,1,0.05,ECORECO
BSE,bse_cm,GOODLUCK,530655,E,Goodluck India Limited,GOODLUCK,1,0.05,GOODLUCK
BSE,bse_cm,GOYALASS,530663,E,GOYAL ASSOCIATES LTD.,GOYALASS,1,0.01,GOYALASS
BSE,bse_cm,ZENITHHE,530665,E,ZENITH HEALTH CARE LTD.,ZENITHHE,1,0.01,ZENITHHE
BSE,bse_cm,YORKEXP,530675,E,YORK EXPORTS LTD.,YORKEXP,1,0.01,YORKEXP
BSE,bse_cm,SUPREME,530677,E,SUPREME HOLDINGS & HOSPITALITY,SUPREME,1,0.01,SUPREME
BSE,bse_cm,LYKISLTD,530689,E,LYKIS LIMITED,LYKISLTD,1,0.01,LYKISLTD
BSE,bse_cm,PRIMEPRO,530695,E,PRIME PROPERTY DEVELOPMENT COR,PRIMEPRO,1,0.01,PRIMEPRO
BSE,bse_cm,ZENLABS,530697,E,Zenlabs Ethica Limited,ZENLABS,1,0.01,ZENLABS
BSE,bse_cm,RAJRILTD,530699,E,RAJ RAYON INDUSTRIES LIMITED,RAJRILTD,1,0.01,RAJRILTD
BSE,bse_cm,ANIRIT,530705,E,ANIRIT VENTURES LIMITED,ANIRIT,1,0.01,ANIRIT
BSE,bse_cm,GOWRALE,530709,E,GOWRA LEASING & FINANCE LTD.,GOWRALE,1,0.05,GOWRALE
BSE,bse_cm,JAGANLAM,530711,E,JAGAN LAMPS LTD.,JAGANLAM,1,0.01,JAGANLAM
BSE,bse_cm,ASITCFIN,530723,E,ASIT C.MEHTA FINANCIAL SERVICE,ASITCFIN,1,0.05,ASITCFIN
BSE,bse_cm,ENCODE,530733,E,ENCODE PACKAGING INDIA LIMITED,ENCODE,1,0.01,ENCODE
BSE,bse_cm,SUPERBAK,530735,E,SUPER BAKERS (INDIA) LTD.,SUPERBAK,1,0.01,SUPERBAK
BSE,bse_cm,OVOBELE,530741,E,OVOBEL FOODS LTD.,OVOBELE,1,0.05,OVOBELE
BSE,bse_cm,ACSTECH,530745,E,ACS TECHNOLOGIES LIMITED,ACSTECH,1,0.01,ACSTECH
BSE,bse_cm,CHALLANI,530747,E,CHALLANI CAPITAL LIMITED,CHALLANI,1,0.01,CHALLANI
BSE,bse_cm,CORNE,530755,E,CORAL NEWSPRINTS LTD.,CORNE,1,0.01,CORNE
BSE,bse_cm,SHENTRA,530757,E,SHENTRACON CHEMICALS LTD.,SHENTRA,1,0.05,SHENTRA
BSE,bse_cm,STERTOOLS,530759,E,STERLING TOOLS LTD.,STERTOOLS,1,0.05,STERTOOLS
BSE,bse_cm,AGARWAL,530765,E,AGARWAL FORTUNE INDIA LIMITED,AGARWAL,1,0.01,AGARWAL
BSE,bse_cm,DYNAMICP,530779,E,DYNAMIC PORTFOLIO MANAGEMENT &,DYNAMICP,1,0.01,DYNAMICP
BSE,bse_cm,INLANPR,530787,E,INLAND PRINTERS LTD.,INLANPR,1,0.01,INLANPR
BSE,bse_cm,CEEJAY,530789,E,CEEJAY FINANCE LTD.,CEEJAY,1,0.05,CEEJAY
BSE,bse_cm,SUNCITYSY,530795,E,SUNCITY SYNTHETICS LTD.,SUNCITYSY,1,0.01,SUNCITYSY
BSE,bse_cm,SHGANEL,530797,E,SHREE GANESH ELASTOPLAST LTD.,SHGANEL,1,0.01,SHGANEL
BSE,bse_cm,ANNAINFRA,530799,E,ANNA INFRASTRUCTURES LTD.,ANNAINFRA,1,0.01,ANNAINFRA
BSE,bse_cm,BHAGERIA,530803,E,Bhageria Industries Limited,BHAGERIA,1,0.05,BHAGERIA
BSE,bse_cm,OIVL,530805,E,ONESOURCE INDUSTRIES AND VENTU,OIVL,1,0.01,OIVL
BSE,bse_cm,BNRUDY,530809,E,BNR UDYOG LTD.,BNRUDY,1,0.01,BNRUDY
BSE,bse_cm,KRBL,530813,E,KRBL LTD.,KRBL,1,0.05,KRBL
BSE,bse_cm,SSPDL,530821,E,SSPDL LTD.,SSPDL,1,0.01,SSPDL
BSE,bse_cm,DAIKAFFI,530825,E,DAIKAFFIL CHEMICALS INDIA LTD.,DAIKAFFI,1,0.01,DAIKAFFI
BSE,bse_cm,CILSEC,530829,E,CIL SECURITIES LIMITED,CILSEC,1,0.01,CILSEC
BSE,bse_cm,CLIOINFO,530839,E,CLIO INFOTECH LTD.,CLIOINFO,1,0.01,CLIOINFO
BSE,bse_cm,CUPID,530843,E,CUPID LTD.,CUPID,1,0.05,CUPID
BSE,bse_cm,SUNSHIEL,530845,E,SUNSHIELD CHEMICALS LTD.,SUNSHIEL,1,0.05,SUNSHIEL
BSE,bse_cm,HIPOLIN,530853,E,HIPOLIN LTD.,HIPOLIN,1,0.01,HIPOLIN
BSE,bse_cm,GDLLEAS,530855,E,GDL LEASING & FINANCE LTD.,GDLLEAS,1,0.01,GDLLEAS
BSE,bse_cm,CHEMBOND,530871,E,Chembond Material Technologies,CHEMBOND,1,0.05,CHEMBOND
BSE,bse_cm,CIFL,530879,E,CAPITAL INDIA FINANCE LIMITED,CIFL,1,0.01,CIFL
BSE,bse_cm,ABVL,530881,E,Arunjyoti Bio Ventures Limited,ABVL,1,0.01,ABVL
BSE,bse_cm,SUCROSA,530883,E,SUPER CROP SAFE LTD.,SUCROSA,1,0.01,SUCROSA
BSE,bse_cm,NGIND,530897,E,N.G.INDUSTRIES LTD.,NGIND,1,0.05,NGIND
BSE,bse_cm,ASIAPAK,530899,E,ASIA PACK LTD.,ASIAPAK,1,0.01,ASIAPAK
BSE,bse_cm,SICAPIT,530907,E,SI CAPITAL & FINANCIAL SERVICE,SICAPIT,1,0.01,SICAPIT
BSE,bse_cm,ERPSOFT,530909,E,ERP SOFT SYSTEMS LTD.,ERPSOFT,1,0.01,ERPSOFT
BSE,bse_cm,RRSECUR,530917,E,R.R.SECURITIES LTD.,RRSECUR,100,0.01,RRSECUR
BSE,bse_cm,REMSONSIND,530919,E,REMSONS INDUSTRIES LTD.,REMSONSIND,1,0.01,REMSONSIND
BSE,bse_cm,INTETHR,530921,E,INTEGRATED THERMOPLASTICS LTD.,INTETHR,100,0.01,INTETHR
BSE,bse_cm,RAMSONS,530925,E,RAMSONS PROJECTS LTD.,RAMSONS,1,0.01,RAMSONS
BSE,bse_cm,HARAFIN,530927,E,HARYANA FINANCIAL CORPORATION,HARAFIN,100,0.01,HARAFIN
BSE,bse_cm,STANPACK,530931,E,STANPACKS (INDIA) LTD.,STANPACK,1,0.01,STANPACK
BSE,bse_cm,AQYLON,530943,E,Aqylon Nexus Limited,AQYLON,1,0.01,AQYLON
BSE,bse_cm,RAMINFO,530951,E,RAMINFO LIMITED,RAMINFO,1,0.01,RAMINFO
BSE,bse_cm,SUNILAGR,530953,E,SUNIL AGRO FOODS LTD.,SUNILAGR,1,0.01,SUNILAGR
BSE,bse_cm,DIANATEA,530959,E,DIANA TEA CO.LTD.,DIANATEA,1,0.01,DIANATEA
BSE,bse_cm,VIKASECO,530961,E,Vikas EcoTech Limited,VIKASECO,1,0.01,VIKASECO
BSE,bse_cm,IOC,530965,E,INDIAN OIL CORPORATION LTD.,IOC,1,0.05,IOC
BSE,bse_cm,ALFAICA,530973,E,ALFA ICA (INDIA) LTD.,ALFAICA,1,0.01,ALFAICA
BSE,bse_cm,SKCIL,530977,E,Shri Keshav Cements and Infra ,SKCIL,1,0.05,SKCIL
BSE,bse_cm,INDIAHOME,530979,E,INDIA HOME LOAN LTD.,INDIAHOME,1,0.01,INDIAHOME
BSE,bse_cm,ROOPAIND,530991,E,ROOPA INDUSTRIES LTD.,ROOPAIND,1,0.01,ROOPAIND
BSE,bse_cm,SARTHAKGL,530993,E,SARTHAK GLOBAL LTD.,SARTHAKGL,1,0.01,SARTHAKGL
BSE,bse_cm,UNIQUEO,530997,E,UNIQUE ORGANICS LTD.,UNIQUEO,1,0.01,UNIQUEO
BSE,bse_cm,BALAMINES,530999,E,BALAJI AMINES LTD.,BALAMINES,1,0.05,BALAMINES
BSE,bse_cm,SWRNASE,531003,E,SWARNA SECURITIES LTD.,SWRNASE,1,0.01,SWRNASE
BSE,bse_cm,VENMAX,531015,E,VENMAX DRUGS AND PHARMACEUTICA,VENMAX,1,0.01,VENMAX
BSE,bse_cm,ARISE,531017,E,ARIHANTS SECURITIES LTD.,ARISE,1,0.01,ARISE
BSE,bse_cm,VISAGAR,531025,E,VISAGAR FINANCIAL SERVICES LTD,VISAGAR,1,0.01,VISAGAR
BSE,bse_cm,LIBORD,531027,E,LIBORD SECURITIES LTD.,LIBORD,1,0.01,LIBORD
BSE,bse_cm,REGAL,531033,E,REGAL ENTERTAINMENT & CONSULTA,REGAL,1,0.01,REGAL
BSE,bse_cm,EBIX,531035,E,EBIX LIMITED,EBIX,1,0.01,EBIX
BSE,bse_cm,SWADHATURE,531039,E,Swadha Nature Limited,SWADHATURE,1,0.01,SWADHATURE
BSE,bse_cm,COMPEAU,531041,E,COMPETENT AUTOMOBILES CO.LTD.,COMPEAU,1,0.05,COMPEAU
BSE,bse_cm,ZDHJERK,531043,E,DHANVANTRI JEEVAN REKHA LTD.,ZDHJERK,1,0.01,ZDHJERK
BSE,bse_cm,NEELKAN,531049,E,NEELKANTH ROCKMINERALS LTD.,NEELKAN,1,0.01,NEELKAN
BSE,bse_cm,VINTAGES,531051,E,VINTAGE SECURITIES LTD.,VINTAGES,1,0.01,VINTAGES
BSE,bse_cm,CONTILI,531067,E,CONTIL INDIA LTD.,CONTILI,1,0.01,CONTILI
BSE,bse_cm,VIJSOLX,531069,E,VIJAY SOLVEX LTD.,VIJSOLX,1,0.05,VIJSOLX
BSE,bse_cm,SHRIKRISH,531080,E,SHRI KRISHNA DEVCON LTD.,SHRIKRISH,1,0.01,SHRIKRISH
BSE,bse_cm,ALANKIT,531082,E,ALANKIT,ALANKIT,1,0.01,ALANKIT
BSE,bse_cm,NIHARINF,531083,E,NIHAR INFO GLOBAL LTD.,NIHARINF,1,0.01,NIHARINF
BSE,bse_cm,UNITDCR,531091,E,UNITED CREDIT LTD.,UNITDCR,1,0.01,UNITDCR
BSE,bse_cm,OMINFRAL,531092,E,OM INFRA LIMITED,OMINFRAL,1,0.01,OMINFRAL
BSE,bse_cm,CENTUPLE,531099,E,CENTUPLE GLOBAL LIMITED,CENTUPLE,1,0.01,CENTUPLE
BSE,bse_cm,ISHANCH,531109,E,Ishan Dyes and Chemicals Limit,ISHANCH,1,0.01,ISHANCH
BSE,bse_cm,GOTHIPL,531111,E,GOTHI PLASCON (INDIA) LTD.,GOTHIPL,100,0.01,GOTHIPL
BSE,bse_cm,BALUFORGE,531112,E,BALU FORGE INDUSTRIES LIMITED,BALUFORGE,1,0.05,BALUFORGE
BSE,bse_cm,CEENIK,531119,E,CEENIK EXPORTS (INDIA) LTD.,CEENIK,1,0.05,CEENIK
BSE,bse_cm,PATELENG,531120,E,PATEL ENGINEERING LTD.,PATELENG,1,0.01,PATELENG
BSE,bse_cm,KATIPATANG,531126,E,KATI PATANG LIFESTYLE LIMITED,KATIPATANG,1,0.01,KATIPATANG
BSE,bse_cm,MENAMANI,531127,E,MENA MANI INDUSTRIES LIMITED,MENAMANI,1,0.01,MENAMANI
BSE,bse_cm,INANI,531129,E,INANI MARBLES & INDUSTRIES LTD,INANI,1,0.01,INANI
BSE,bse_cm,GEMSI,531137,E,GEMSTONE INVESTMENTS LTD.,GEMSI,1,0.01,GEMSI
BSE,bse_cm,ELFORGE,531144,E,EL FORGE LTD.,ELFORGE,1,0.01,ELFORGE
BSE,bse_cm,MEDICAMEQ,531146,E,MEDICAMEN BIOTECH LTD.,MEDICAMEQ,1,0.05,MEDICAMEQ
BSE,bse_cm,ALICON,531147,E,ALICON CASTALLOY LIMITED,ALICON,1,0.05,ALICON
BSE,bse_cm,DILIGENT,531153,E,DILIGENT INDUSTRIES LTD.,DILIGENT,1,0.01,DILIGENT
BSE,bse_cm,EPSOMPRO,531155,E,EPSOM PROPERTIES LTD.,EPSOMPRO,1,0.01,EPSOMPRO
BSE,bse_cm,ALFAVIO,531156,E,ALFAVISION OVERSEAS (INDIA) LT,ALFAVIO,1,0.01,ALFAVIO
BSE,bse_cm,ORGCOAT,531157,E,ORGANIC COATINGS LTD.,ORGCOAT,1,0.01,ORGCOAT
BSE,bse_cm,CATVISION,531158,E,CATVISION  LIMITED,CATVISION,1,0.01,CATVISION
BSE,bse_cm,ABMKNO,531161,E,ABM KNOWLEDGEWARE LTD.,ABMKNO,1,0.05,ABMKNO
BSE,bse_cm,EMAMILTD,531162,E,EMAMI LTD.,EMAMILTD,1,0.05,EMAMILTD
BSE,bse_cm,KEMISTAR,531163,E,KEMISTAR CORPORATION LIMITED,KEMISTAR,1,0.01,KEMISTAR
BSE,bse_cm,ASSOCER,531168,E,ASSOCIATED CERAMICS LTD.,ASSOCER,1,0.05,ASSOCER
BSE,bse_cm,SKPSEC,531169,E,SKP SECURITIES LTD.,SKPSEC,1,0.05,SKPSEC
BSE,bse_cm,SYSCHEM,531173,E,SYSCHEM (INDIA) LTD.,SYSCHEM,1,0.01,SYSCHEM
BSE,bse_cm,MEFCOMCAP,531176,E,MEFCOM CAPITAL MARKETS LTD.,MEFCOMCAP,1,0.01,MEFCOMCAP
BSE,bse_cm,HEMANG,531178,E,HEMANG RESOURCES LIMITED,HEMANG,1,0.01,HEMANG
BSE,bse_cm,ARMANFIN,531179,E,ARMAN FINANCIAL SERVICES LTD.,ARMANFIN,1,0.05,ARMANFIN
BSE,bse_cm,EFORU,531190,E,EFORU ENTERTAINMENT LIMITED,EFORU,1,0.01,EFORU
BSE,bse_cm,FILTRON,531191,E,FILTRON ENGINEERS LTD.,FILTRON,1,0.01,FILTRON
BSE,bse_cm,GLANCE,531199,E,GLANCE FINANCE LTD.,GLANCE,1,0.05,GLANCE
BSE,bse_cm,SHILCTECH,531201,E,SHILCHAR TECHNOLOGIES LTD.,SHILCTECH,1,0.05,SHILCTECH
BSE,bse_cm,TRADEWELL,531203,E,TRADEWELL HOLDINGS LIMITED,TRADEWELL,1,0.01,TRADEWELL
BSE,bse_cm,SPRIGHT,531205,E,SPRIGHT AGRO LIMITED,SPRIGHT,1,0.01,SPRIGHT
BSE,bse_cm,NUCLEUS,531209,E,NUCLEUS SOFTWARE EXPORTS LTD.,NUCLEUS,1,0.05,NUCLEUS
BSE,bse_cm,COLINZ,531210,E,COLINZ LABORATORIES LTD.,COLINZ,1,0.01,COLINZ
BSE,bse_cm,NLFL,531212,E,NALIN LEASE FINANCE LTD.,NLFL,1,0.01,NLFL
BSE,bse_cm,MANAPPURAM,531213,E,Manappuram Finance Ltd,MANAPPURAM,1,0.05,MANAPPURAM
BSE,bse_cm,RTSPOWR,531215,E,RTS POWER CORPORATION LTD.,RTSPOWR,1,0.05,RTSPOWR
BSE,bse_cm,COMFINTE,531216,E,COMFORT INTECH LTD.,COMFINTE,1,0.01,COMFINTE
BSE,bse_cm,SHYAMACOMP,531219,E,Shyama Computronics and Servic,SHYAMACOMP,100,0.01,SHYAMACOMP
BSE,bse_cm,MAYURFL,531221,E,MAYUR FLOORINGS LTD.,MAYURFL,1,0.01,MAYURFL
BSE,bse_cm,ANJANI,531223,E,ANJANI SYNTHETICS LTD.,ANJANI,1,0.01,ANJANI
BSE,bse_cm,XTGLOBAL,531225,E,XTGLOBAL INFOTECH LIMITED,XTGLOBAL,1,0.01,XTGLOBAL
BSE,bse_cm,DECOMIC,531227,E,DECO-MICA LTD.,DECOMIC,1,0.01,DECOMIC
BSE,bse_cm,RANDER,531228,E,RANDER CORPORATION LTD.,RANDER,1,0.01,RANDER
BSE,bse_cm,RASIELEC,531233,E,RASI ELECTRODES LTD.,RASIELEC,1,0.01,RASIELEC
BSE,bse_cm,SCOOBEEDAY,531234,E,SCOOBEE DAY GARMENTS (INDIA) L,SCOOBEEDAY,1,0.01,SCOOBEEDAY
BSE,bse_cm,CITIPOR,531235,E,CITIPORT FINANCIAL SERVICES LT,CITIPOR,1,0.01,CITIPOR
BSE,bse_cm,DHRUVCA,531237,E,DHRUVA CAPITAL SERVICES LTD.,DHRUVCA,1,0.05,DHRUVCA
BSE,bse_cm,LINC,531241,E,LINC LIMITED,LINC,1,0.05,LINC
BSE,bse_cm,PRIMAIN,531246,E,PRIMA INDUSTRIES LTD.,PRIMAIN,1,0.01,PRIMAIN
BSE,bse_cm,INDGELA,531253,E,INDIA GELATINE & CHEMICALS LTD,INDGELA,1,0.05,INDGELA
BSE,bse_cm,OPTIFIN,531254,E,Optimus Finance Limited,OPTIFIN,1,0.01,OPTIFIN
BSE,bse_cm,PARAGONF,531255,E,PARAGON FINANCE LTD.,PARAGONF,1,0.01,PARAGONF
BSE,bse_cm,PRATIKSH,531257,E,PRATIKSHA CHEMICALS LTD.,PRATIKSH,1,0.01,PRATIKSH
BSE,bse_cm,ESHAMEDIA,531259,E,ESHA MEDIA RESEARCH LIMITED,ESHAMEDIA,1,0.01,ESHAMEDIA
BSE,bse_cm,EQUILATERA,531262,E,EQUILATERAL ENTERPRISES LIMITE,EQUILATERA,1,0.01,EQUILATERA
BSE,bse_cm,VSTTILLERS,531266,E,V.S.T.TILLERS TRACTORS LTD.,VSTTILLERS,1,0.05,VSTTILLERS
BSE,bse_cm,B2BSOFT,531268,E,B2B SOFTWARE TECHNOLOGIES LTD.,B2BSOFT,1,0.01,B2BSOFT
BSE,bse_cm,NIKKIGL,531272,E,NIKKI GLOBAL FINANCE LTD.,NIKKIGL,1,0.01,NIKKIGL
BSE,bse_cm,RADHEDE,531273,E,RADHE DEVELOPERS (INDIA) LTD.,RADHEDE,1,0.01,RADHEDE
BSE,bse_cm,KINETRU,531274,E,KINETIC TRUST LTD.,KINETRU,1,0.01,KINETRU
BSE,bse_cm,ELIXIR,531278,E,Elixir Capital Limited,ELIXIR,1,0.05,ELIXIR
BSE,bse_cm,TRISHAKT,531279,E,Trishakti Industries Limited,TRISHAKT,1,0.05,TRISHAKT
BSE,bse_cm,PANKAJPO,531280,E,PANKAJ POLYMERS LTD.,PANKAJPO,1,0.01,PANKAJPO
BSE,bse_cm,MARBLE,531281,E,MARBLE CITY INDIA LIMITED,MARBLE,1,0.05,MARBLE
BSE,bse_cm,CINDRELL,531283,E,CINDRELLA FINANCIAL SERVICES L,CINDRELL,1,0.01,CINDRELL
BSE,bse_cm,ADHHATA,531286,E,ADHATA GLOBAL LIMITED,ADHHATA,1,0.01,ADHHATA
BSE,bse_cm,NATPLASTI,531287,E,NATIONAL PLASTIC TECHNOLOGIES,NATPLASTI,1,0.05,NATPLASTI
BSE,bse_cm,LEADFIN,531288,E,LEAD FINANCIAL SERVICES LTD.,LEADFIN,1,0.01,LEADFIN
BSE,bse_cm,NATFIT,531289,E,NATIONAL FITTINGS LIMITED,NATFIT,1,0.05,NATFIT
BSE,bse_cm,ARTEFACT,531297,E,ARTEFACT PROJECTS LTD.,ARTEFACT,1,0.01,ARTEFACT
BSE,bse_cm,TUSALDAH,531301,E,TUSALDAH LIMITED,TUSALDAH,1,0.05,TUSALDAH
BSE,bse_cm,NUTECGLOB,531304,E,NUTECH GLOBAL LTD.,NUTECGLOB,1,0.01,NUTECGLOB
BSE,bse_cm,DHPIND,531306,E,DHP INDIA LTD.,DHPIND,1,0.05,DHPIND
BSE,bse_cm,RRIL,531307,E,RRIL LIMITED,RRIL,1,0.01,RRIL
BSE,bse_cm,AVAILFC,531310,E,AVAILABLE FINANCE LTD.,AVAILFC,1,0.05,AVAILFC
BSE,bse_cm,INTCAPL,531314,E,INTEGRA CAPITAL LIMITED,INTCAPL,1,0.01,INTCAPL
BSE,bse_cm,MGIL,531319,E,MARUTI GLOBAL INDUSTRIES LIMIT,MGIL,1,0.01,MGIL
BSE,bse_cm,HAVISHA,531322,E,SRI HAVISHA HOSPITALITY INFRAS,HAVISHA,1,0.01,HAVISHA
BSE,bse_cm,JAYIND,531323,E,JAYATMA INDUSTRIES LIMITED,JAYIND,1,0.01,JAYIND
BSE,bse_cm,ROSELABS,531324,E,ROSELABS FINANCE LTD.,ROSELABS,1,0.01,ROSELABS
BSE,bse_cm,KRETTOSYS,531328,E,KRETTO SYSCON LIMITED,KRETTOSYS,1,0.01,KRETTOSYS
BSE,bse_cm,VIKALPS,531334,E,VIKALP SECURITIES LTD.,VIKALPS,1,0.01,VIKALPS
BSE,bse_cm,ZYDUSWELL,531335,E,ZYDUS WELLNESS LTD.,ZYDUSWELL,1,0.05,ZYDUSWELL
BSE,bse_cm,MILESTONE,531338,E,MILESTONE GLOBAL LTD.,MILESTONE,1,0.01,MILESTONE
BSE,bse_cm,BERVINL,531340,E,BERVIN INVESTMENT & LEASING LT,BERVINL,1,0.01,BERVINL
BSE,bse_cm,GUJINV,531341,E,GUJARAT INVESTA LTD.,GUJINV,1,0.01,GUJINV
BSE,bse_cm,CONCOR,531344,E,CONTAINER CORPORATION OF INDIA,CONCOR,1,0.05,CONCOR
BSE,bse_cm,EASTRED,531346,E,EASTERN TREADS LTD.,EASTRED,1,0.01,EASTRED
BSE,bse_cm,PANACEABIO,531349,E,PANACEA BIOTEC LTD.,PANACEABIO,1,0.05,PANACEABIO
BSE,bse_cm,PEETISEC,531352,E,PEETI SECURITIES LTD.,PEETISEC,1,0.01,PEETISEC
BSE,bse_cm,MERCURYEV,531357,E,MERCURY EV-TECH LIMITED,MERCURYEV,1,0.01,MERCURYEV
BSE,bse_cm,CHOICEIN,531358,E,CHOICE INTERNATIONAL LTD.,CHOICEIN,1,0.05,CHOICEIN
BSE,bse_cm,SRAMSET,531359,E,SHRIRAM ASSET MANAGEMENT CO.LT,SRAMSET,1,0.05,SRAMSET
BSE,bse_cm,GOLECHA,531360,E,GOLECHHA GLOBAL FINANCE LTD.,GOLECHA,1,0.01,GOLECHA
BSE,bse_cm,EKANSH,531364,E,Ekansh Concepts Limited,EKANSH,1,0.05,EKANSH
BSE,bse_cm,SPAR,531370,E,SPARC ELECTREX LIMITED,SPAR,1,0.01,SPAR
BSE,bse_cm,BYKE,531373,E,THE BYKE HOSPITALITY LTD.,BYKE,1,0.01,BYKE
BSE,bse_cm,CSURGSU,531380,E,CENTENIAL SURGICAL SUTURE LTD.,CSURGSU,1,0.01,CSURGSU
BSE,bse_cm,ARIHANT,531381,E,ARIHANT FOUNDATIONS & HOUSING,ARIHANT,1,0.05,ARIHANT
BSE,bse_cm,HASTIFIN,531387,E,HASTI FINANCE LTD.,HASTIFIN,1,0.01,HASTIFIN
BSE,bse_cm,UPSURGE,531390,E,UPSURGE INVESTMENT & FINANCE L,UPSURGE,1,0.01,UPSURGE
BSE,bse_cm,PADAMCO,531395,E,PADAM COTTON YARNS LTD.,PADAMCO,1,0.01,PADAMCO
BSE,bse_cm,WOMENNET,531396,E,WOMEN NETWORKS LTD.,WOMENNET,1,0.01,WOMENNET
BSE,bse_cm,POLYCON,531397,E,POLYCON INTERNATIONAL LTD.,POLYCON,1,0.01,POLYCON
BSE,bse_cm,SOURCENTRL,531398,E,SOURCE NATURAL FOODS & HERBAL,SOURCENTRL,1,0.05,SOURCENTRL
BSE,bse_cm,GGAUTO,531399,E,G.G.AUTOMOTIVE GEARS LTD.,GGAUTO,1,0.05,GGAUTO
BSE,bse_cm,ALMONDZ,531400,E,ALMONDZ GLOBAL SECURITIES LTD.,ALMONDZ,1,0.01,ALMONDZ
BSE,bse_cm,LWSKNIT,531402,E,LWS KNITWEAR LTD.,LWSKNIT,1,0.01,LWSKNIT
BSE,bse_cm,ANSINDUS,531406,E,ANS INDUSTRIES LTD,ANSINDUS,1,0.01,ANSINDUS
BSE,bse_cm,TUNITEX,531411,E,TUNI TEXTILE MILLS LTD.,TUNITEX,1,0.01,TUNITEX
BSE,bse_cm,RADIXIND,531412,E,RADIX INDUSTRIES (INDIA) LIMIT,RADIXIND,1,0.05,RADIXIND
BSE,bse_cm,NARPROP,531416,E,NARENDRA PROPERTIES LTD.,NARPROP,1,0.01,NARPROP
BSE,bse_cm,MEGACOR,531417,E,MEGA CORPORATION LTD.,MEGACOR,1,0.01,MEGACOR
BSE,bse_cm,BMBMUMG,531420,E,BMB MUSIC & MAGNETICS LTD.,BMBMUMG,1,0.01,BMBMUMG
BSE,bse_cm,TNPL,531426,E,TAMIL NADU NEWSPRINT & PAPERS,TNPL,1,0.05,TNPL
BSE,bse_cm,SHAKTIPUMP,531431,E,SHAKTI PUMPS (INDIA) LTD.,SHAKTIPUMP,1,0.05,SHAKTIPUMP
BSE,bse_cm,SYTIXSE,531432,E,SYSTEMATIX SECURITIES LTD.,SYTIXSE,1,0.01,SYTIXSE
BSE,bse_cm,SUNGOLD,531433,E,SUNGOLD CAPITAL LTD.,SUNGOLD,1,0.01,SUNGOLD
BSE,bse_cm,SAFFRON,531436,E,SAFFRON INDUSTRIES LIMITED,SAFFRON,1,0.01,SAFFRON
BSE,bse_cm,PWASML,531437,E,Prakash Woollen & Synthetic Mi,PWASML,1,0.01,PWASML
BSE,bse_cm,GOLDTECH,531439,E,AION TECH SOLUTIONS LIMITED,GOLDTECH,1,0.01,GOLDTECH
BSE,bse_cm,LYONSCO,531441,E,LYONS CORPORATE MARKET LTD.,LYONSCO,1,0.01,LYONSCO
BSE,bse_cm,GRMOVER,531449,E,GRM OVERSEAS LTD.,GRMOVER,1,0.01,GRMOVER
BSE,bse_cm,MOHITIND,531453,E,MOHIT INDUSTRIES LTD.,MOHITIND,1,0.01,MOHITIND
BSE,bse_cm,POLYLINK,531454,E,POLYLINK POLYMERS (INDIA) LTD.,POLYLINK,1,0.01,POLYLINK
BSE,bse_cm,MINAXI,531456,E,MINAXI TEXTILES LTD.,MINAXI,1,0.01,MINAXI
BSE,bse_cm,BOSTON,531458,E,BOSTON COMMERCE LIMITED,BOSTON,1,0.01,BOSTON
BSE,bse_cm,CONTICON,531460,E,CONTINENTAL CONTROLS LTD.,CONTICON,1,0.01,CONTICON
BSE,bse_cm,NOUVEAU,531465,E,NOUVEAU GLOBAL VENTURES LTD.,NOUVEAU,1,0.01,NOUVEAU
BSE,bse_cm,DUKEOFS,531471,E,DUKE OFFSHORE LTD.,DUKEOFS,1,0.01,DUKEOFS
BSE,bse_cm,CYBELEIND,531472,E,CYBELE INDUSTRIES LTD.,CYBELEIND,1,0.01,CYBELEIND
BSE,bse_cm,FILME,531486,E,FILMCITY MEDIA LTD.,FILME,1,0.01,FILME
BSE,bse_cm,CGVAK,531489,E,CG-VAK SOFTWARE & EXPORTS LTD.,CGVAK,1,0.05,CGVAK
BSE,bse_cm,NAVKARURB,531494,E,NAVKAR URBANSTRUCTURE LIMITED,NAVKARURB,1,0.01,NAVKARURB
BSE,bse_cm,BLUECOAST,531495,E,BLUE COAST HOTELS LTD.,BLUECOAST,1,0.01,BLUECOAST
BSE,bse_cm,MADHUCON,531497,E,MADHUCON PROJECTS LTD.,MADHUCON,1,0.01,MADHUCON
BSE,bse_cm,RAJESHEXPO,531500,E,RAJESH EXPORTS LTD.,RAJESHEXPO,1,0.01,RAJESHEXPO
BSE,bse_cm,ESARIND,531502,E,ESAAR (INDIA) LTD.,ESARIND,1,0.01,ESARIND
BSE,bse_cm,MARIS,531503,E,MARIS SPINNERS LTD.,MARIS,1,0.01,MARIS
BSE,bse_cm,INDERGR,531505,E,INDERGIRI FINANCE LTD.,INDERGR,1,0.01,INDERGR
BSE,bse_cm,SKRABUL,531506,E,SHUKRA BULLIONS LTD.,SKRABUL,1,0.01,SKRABUL
BSE,bse_cm,EVEREADY,531508,E,EVEREADY INDUSTRIES INDIA LTD.,EVEREADY,1,0.05,EVEREADY
BSE,bse_cm,STEP2COR,531509,E,STEP TWO CORPORATION LTD.,STEP2COR,1,0.01,STEP2COR
BSE,bse_cm,ORIENTTR,531512,E,ORIENT TRADELINK LTD.,ORIENTTR,1,0.01,ORIENTTR
BSE,bse_cm,VIKASPROP,531518,E,VIKAS PROPPANT & GRANITE LTD.,VIKASPROP,1,0.01,VIKASPROP
BSE,bse_cm,DESHRAK,531521,E,DESH RAKSHAK AUSHDHALAYA LTD.,DESHRAK,100,0.01,DESHRAK
BSE,bse_cm,ACESOFT,531525,E,ACE SOFTWARE EXPORTS LTD.,ACESOFT,1,0.05,ACESOFT
BSE,bse_cm,SOFTRAKV,531529,E,SOFTRAK VENTURE INVESTMENT LTD,SOFTRAKV,1,0.01,SOFTRAKV
BSE,bse_cm,HATSUN,531531,E,HATSUN AGRO PRODUCT LTD.,HATSUN,1,0.05,HATSUN
BSE,bse_cm,ACCEDERE,531533,E,ACCEDERE LIMITED,ACCEDERE,1,0.01,ACCEDERE
BSE,bse_cm,MIZVEN,531537,E,MIZZEN VENTURES LIMITED,MIZVEN,1,0.05,MIZVEN
BSE,bse_cm,RISHDIGA,531539,E,RISHABH DIGHA STEEL & ALLIED P,RISHDIGA,1,0.01,RISHDIGA
BSE,bse_cm,MAINFRA,531540,E,MARUTI INFRASTRUCTURE LTD.,MAINFRA,1,0.01,MAINFRA
BSE,bse_cm,KOBO,531541,E,KOBO BIOTECH LIMITED,KOBO,1,0.01,KOBO
BSE,bse_cm,JINDWORLD,531543,E,JINDAL WORLDWIDE LTD.,JINDWORLD,1,0.01,JINDWORLD
BSE,bse_cm,SOMANYCERA,531548,E,SOMANY CERAMICS LTD.,SOMANYCERA,1,0.05,SOMANYCERA
BSE,bse_cm,JHACC,531550,E,JHAVERI CREDITS & CAPITAL LTD.,JHACC,1,0.05,JHACC
BSE,bse_cm,RAGHUTOB,531552,E,RAGHUNATH TOBACCO CO.LTD.,RAGHUTOB,1,0.01,RAGHUTOB
BSE,bse_cm,DRL,531553,E,DISHA RESOURCES LIMITED,DRL,1,0.01,DRL
BSE,bse_cm,CORALFINAC,531556,E,CORAL INDIA FINANCE & HOUSING,CORALFINAC,1,0.01,CORALFINAC
BSE,bse_cm,AMITSEC,531557,E,AMIT SECURITIES LTD.,AMITSEC,1,0.01,AMITSEC
BSE,bse_cm,PUSHPIN,531562,E,PUSHPSONS INDUSTRIES LTD.,PUSHPIN,100,0.01,PUSHPIN
BSE,bse_cm,ASHUTPM,531568,E,ASHUTOSH PAPER MILLS LTD.,ASHUTPM,1,0.01,ASHUTPM
BSE,bse_cm,SANJIVIN,531569,E,SANJIVANI PARANTERAL LTD.,SANJIVIN,1,0.05,SANJIVIN
BSE,bse_cm,RANJITSE,531572,E,RANJIT SECURITIES LTD.,RANJITSE,1,0.01,RANJITSE
BSE,bse_cm,VASINFRA,531574,E,VAS INFRASTRUCTURE LTD.,VASINFRA,1,0.01,VASINFRA
BSE,bse_cm,KMFBLDR,531578,E,KMF BUILDERS & DEVELOPERS LTD.,KMFBLDR,1,0.01,KMFBLDR
BSE,bse_cm,BERYLSE,531582,E,BERYL SECURITIES LTD.,BERYLSE,1,0.01,BERYLSE
BSE,bse_cm,RAP,531583,E,RAP CORP LIMITED,RAP,1,0.01,RAP
BSE,bse_cm,DEVINE,531585,E,DEVINE IMPEX LTD.,DEVINE,1,0.01,DEVINE
BSE,bse_cm,BAMPSL,531591,E,BAMPSL SECURITIES LTD.,BAMPSL,1,0.01,BAMPSL
BSE,bse_cm,GENPHARMA,531592,E,GENPHARMASEC LIMITED,GENPHARMA,1,0.01,GENPHARMA
BSE,bse_cm,INCON,531594,E,INCON ENGINEERS LTD.,INCON,1,0.01,INCON
BSE,bse_cm,CGCL,531595,E,CAPRI GLOBAL CAPITAL LIMITED,CGCL,1,0.05,CGCL
BSE,bse_cm,MIDPOLY,531597,E,MIDLAND POLYMERS LTD.,MIDPOLY,1,0.01,MIDPOLY
BSE,bse_cm,FDC,531599,E,FDC LTD.,FDC,1,0.05,FDC
BSE,bse_cm,GOGIACAPGL,531600,E,GOGIA CAPITAL GROWTH LIMITED,GOGIACAPGL,1,0.01,GOGIACAPGL
BSE,bse_cm,GORANIN,531608,E,GORANI INDUSTRIES LTD.,GORANIN,1,0.01,GORANIN
BSE,bse_cm,KGPETRO,531609,E,KG PETROCHEM LTD.,KGPETRO,1,0.05,KGPETRO
BSE,bse_cm,UFMINDL,531610,E,UFM INDUSTRIES LTD.,UFMINDL,1,0.01,UFMINDL
BSE,bse_cm,MAL,531613,E,Meyer Apparel Limited,MAL,1,0.01,MAL
BSE,bse_cm,COUNCODOS,531624,E,COUNTRY CONDOS LTD.,COUNCODOS,1,0.01,COUNCODOS
BSE,bse_cm,OROSMITHS,531626,E,OROSIL SMITHS INDIA LTD.,OROSMITHS,1,0.01,OROSMITHS
BSE,bse_cm,TEJASSVI,531628,E,TEJASSVI AAHARAM LIMITED,TEJASSVI,1,0.01,TEJASSVI
BSE,bse_cm,LINCOLN,531633,E,LINCOLN PHARMACEUTICALS LTD.,LINCOLN,1,0.05,LINCOLN
BSE,bse_cm,SILVOAK,531635,E,SILVER OAK (INDIA) LTD.,SILVOAK,1,0.01,SILVOAK
BSE,bse_cm,PRAVEG,531637,E,PRAVEG LIMITED,PRAVEG,1,0.05,PRAVEG
BSE,bse_cm,SURAJLTD,531638,E,SURAJ LTD.,SURAJLTD,1,0.05,SURAJLTD
BSE,bse_cm,SICL,531640,E,SUVIDHA INFRAESTATE CORPORATIO,SICL,100,0.01,SICL
BSE,bse_cm,MARICO,531642,E,MARICO LTD.,MARICO,1,0.05,MARICO
BSE,bse_cm,TOKYOFIN,531644,E,TOKYO FINANCE LTD.,TOKYOFIN,1,0.01,TOKYOFIN
BSE,bse_cm,NATGENI,531651,E,NATIONAL GENERAL INDUSTRIES LT,NATGENI,1,0.01,NATGENI
BSE,bse_cm,UVS,531652,E,UVS HOSPITALITY AND SERVICES L,UVS,1,0.01,UVS
BSE,bse_cm,ABATEAS,531658,E,ABATE AS INDUSTRIES LIMITED,ABATEAS,1,0.01,ABATEAS
BSE,bse_cm,HITTCO,531661,E,HITTCO TOOLS LTD.,HITTCO,1,0.01,HITTCO
BSE,bse_cm,YUVRAAJHPL,531663,E,YUVRAAJ HYGIENE PRODUCTS LTD.,YUVRAAJHPL,1,0.01,YUVRAAJHPL
BSE,bse_cm,RRMETAL,531667,E,RR METALMAKERS INDIA LIMITED,RRMETAL,1,0.01,RRMETAL
BSE,bse_cm,VISIONCO,531668,E,VISION CORPORATION LTD.,VISIONCO,1,0.01,VISIONCO
BSE,bse_cm,KARNAWATI,531671,E,Karnawati Innovation Limited,KARNAWATI,1,0.01,KARNAWATI
BSE,bse_cm,INANISEC,531672,E,INANI SECURITIES LTD.,INANISEC,1,0.01,INANISEC
BSE,bse_cm,ANKIN,531673,E,ANKA INDIA LTD.,ANKIN,1,0.01,ANKIN
BSE,bse_cm,EMROCK,531676,E,EMROCK CORPORATION LIMITED,EMROCK,1,0.05,EMROCK
BSE,bse_cm,MAYUR,531680,E,MAYUR LEATHER PRODUCTS LTD.,MAYUR,1,0.01,MAYUR
BSE,bse_cm,AMERISE,531681,E,AMERISE BIOSCIENCES LIMITED,AMERISE,1,0.01,AMERISE
BSE,bse_cm,FRONTFN,531685,E,FRONTLINE FINANCIAL SERVICES L,FRONTFN,1,0.01,FRONTFN
BSE,bse_cm,PRITHVIEXCH,531688,E,Prithvi Exchange (India) Limit,PRITHVIEXCH,1,0.05,PRITHVIEXCH
BSE,bse_cm,KHYATI,531692,E,KHYATI MULTIMEDIA-ENTERTAINMEN,KHYATI,1,0.01,KHYATI
BSE,bse_cm,RAINBOWF,531694,E,RAINBOW FOUNDATIONS LTD.,RAINBOWF,1,0.01,RAINBOWF
BSE,bse_cm,VSDCONF,531696,E,VSD CONFIN LTD.,VSDCONF,1,0.01,VSDCONF
BSE,bse_cm,TRICOMFRU,531716,E,TRICOM FRUIT PRODUCTS LIMITED,TRICOMFRU,1,0.01,TRICOMFRU
BSE,bse_cm,VIDHIING,531717,E,Vidhi Specialty Food Ingredien,VIDHIING,1,0.05,VIDHIING
BSE,bse_cm,BHAGCHEM,531719,E,BHAGIRADHA CHEMICALS & INDUSTR,BHAGCHEM,1,0.05,BHAGCHEM
BSE,bse_cm,GATECH,531723,E,GACM Technologies Limited,GATECH,1,0.01,GATECH
BSE,bse_cm,PANCHSHEEL,531726,E,PANCHSHEEL ORGANICS LTD.,PANCHSHEEL,1,0.05,PANCHSHEEL
BSE,bse_cm,MENNPIS,531727,E,MENON PISTONS LTD.,MENNPIS,1,0.01,MENNPIS
BSE,bse_cm,PRISMFN,531735,E,PRISM FINANCE LTD.,PRISMFN,100,0.01,PRISMFN
BSE,bse_cm,GREENCREST,531737,E,GREENCREST FINANCIAL SERVICES,GREENCREST,1,0.01,GREENCREST
BSE,bse_cm,GENNEX,531739,E,GENNEX LABORATORIES LTD.,GENNEX,1,0.01,GENNEX
BSE,bse_cm,HIRAUTO,531743,E,HIRA AUTOMOBILES LTD.,HIRAUTO,100,0.05,HIRAUTO
BSE,bse_cm,GINISILK,531744,E,GINI SILK MILLS LTD.,GINISILK,1,0.01,GINISILK
BSE,bse_cm,PRAENG,531746,E,PRAJAY ENGINEERS SYNDICATE LTD,PRAENG,1,0.01,PRAENG
BSE,bse_cm,BIOGEN,531752,E,BIOGEN PHARMACHEM INDUSTRIES L,BIOGEN,1,0.01,BIOGEN
BSE,bse_cm,GKCONS,531758,E,G.K.CONSULTANTS LTD.,GKCONS,1,0.01,GKCONS
BSE,bse_cm,APOLLOPIPE,531761,E,APOLLO PIPES LIMITED,APOLLOPIPE,1,0.05,APOLLOPIPE
BSE,bse_cm,UNJHAFOR,531762,E,UNJHA FORMULATIONS LTD.,UNJHAFOR,1,0.01,UNJHAFOR
BSE,bse_cm,POLYMED,531768,E,POLY MEDICURE LTD.,POLYMED,1,0.05,POLYMED
BSE,bse_cm,PFLINFOTC,531769,E,PFL INFOTECH LTD.,PFLINFOTC,1,0.01,PFLINFOTC
BSE,bse_cm,SHRADDHA,531771,E,SHRADDHA PRIME PROJECTS LTD,SHRADDHA,1,0.05,SHRADDHA
BSE,bse_cm,KACHCHH,531778,E,KACHCHH MINERALS LTD.,KACHCHH,1,0.01,KACHCHH
BSE,bse_cm,PADALPO,531779,E,PADMANABH ALLOYS & POLYMERS LT,PADALPO,1,0.01,PADALPO
BSE,bse_cm,KACL,531780,E,KAISER CORPORATION LIMITED,KACL,1,0.01,KACL
BSE,bse_cm,KCLINFRA,531784,E,KCL Infra Projects Limited,KCLINFRA,1,0.01,KCLINFRA
BSE,bse_cm,ATULAUTO,531795,E,ATUL AUTO LTD.,ATULAUTO,1,0.05,ATULAUTO
BSE,bse_cm,SCANPRO,531797,E,SCAN PROJECTS LTD.,SCANPRO,1,0.05,SCANPRO
BSE,bse_cm,PRERINFRA,531802,E,PRERNA INFRABUILD LTD.,PRERINFRA,1,0.01,PRERINFRA
BSE,bse_cm,METALCO,531810,E,METAL COATINGS (INDIA) LTD.,METALCO,1,0.01,METALCO
BSE,bse_cm,SGNTE,531812,E,SGN TELECOMS LTD.,SGNTE,1,0.01,SGNTE
BSE,bse_cm,GANGAPA,531813,E,GANGA PAPERS INDIA LTD.,GANGAPA,1,0.01,GANGAPA
BSE,bse_cm,TIRSARJ,531814,E,TIRUPATI SARJAN LTD.,TIRSARJ,1,0.01,TIRSARJ
BSE,bse_cm,MUNOTHFI,531821,E,MUNOTH FINANCIAL SERVICES LTD.,MUNOTHFI,1,0.01,MUNOTHFI
BSE,bse_cm,RODIUM,531822,E,RODIUM REALTY LIMITED,RODIUM,1,0.05,RODIUM
BSE,bse_cm,NAGTECH,531832,E,NAGARJUNA AGRI TECH LTD.,NAGTECH,1,0.01,NAGTECH
BSE,bse_cm,NATHUEC,531834,E,NATURA HUE CHEM LTD.,NATHUEC,1,0.01,NATHUEC
BSE,bse_cm,IECEDU,531840,E,IEC EDUCATION LTD.,IECEDU,1,0.01,IECEDU
BSE,bse_cm,INDUSFINL,531841,E,Indus Finance Limited,INDUSFINL,1,0.05,INDUSFINL
BSE,bse_cm,LAHOTIOV,531842,E,LAHOTI OVERSEAS LTD.,LAHOTIOV,1,0.01,LAHOTIOV
BSE,bse_cm,ZENITHSTL,531845,E,ZENITH STEEL PIPES AND  INDUST,ZENITHSTL,1,0.01,ZENITHSTL
BSE,bse_cm,TRINITYLEA,531846,E,TRINITY LEAGUE INDIA LTD.,TRINITYLEA,1,0.01,TRINITYLEA
BSE,bse_cm,ASTAR,531847,E,ASIAN STAR CO.LTD.,ASTAR,1,0.05,ASTAR
BSE,bse_cm,ORIRAIL,531859,E,ORIENTAL RAIL INFRASTRUCTURE L,ORIRAIL,1,0.05,ORIRAIL
BSE,bse_cm,JOINDRE,531861,E,JOINDRE CAPITAL SERVICES LTD.,JOINDRE,1,0.01,JOINDRE
BSE,bse_cm,BHARATAGRI,531862,E,BHARAT AGRI FERT & REALTY LTD.,BHARATAGRI,1,0.01,BHARATAGRI
BSE,bse_cm,UNITINT,531867,E,UNITECH INTERNATIONAL LTD.,UNITINT,1,0.01,UNITINT
BSE,bse_cm,SACHEMT,531869,E,SACHETA METALS LTD.,SACHEMT,1,0.01,SACHEMT
BSE,bse_cm,POPULARES,531870,E,POPULAR ESTATE MANAGEMENT LTD.,POPULARES,1,0.01,POPULARES
BSE,bse_cm,ANJANIFIN,531878,E,ANJANI FINANCE LTD.,ANJANIFIN,1,0.01,ANJANIFIN
BSE,bse_cm,SVAINDIA,531885,E,SVA INDIA LTD.,SVAINDIA,100,0.01,SVAINDIA
BSE,bse_cm,REXNORD,531888,E,REXNORD ELECTRONICS & CONTROLS,REXNORD,1,0.01,REXNORD
BSE,bse_cm,NWIL,531889,E,NURTURE WELL INDUSTRIES LIMITE,NWIL,1,0.01,NWIL
BSE,bse_cm,KHANDSE,531892,E,KHANDWALA SECURITIES LTD.,KHANDSE,1,0.01,KHANDSE
BSE,bse_cm,SAWACA,531893,E,SAWACA ENTERPRISES LIMITED,SAWACA,1,0.01,SAWACA
BSE,bse_cm,CCLINTER,531900,E,CCL INTERNATIONAL LTD.,CCLINTER,1,0.01,CCLINTER
BSE,bse_cm,GALLOPENT,531902,E,GALLOPS ENTERPRISE LTD.,GALLOPENT,1,0.01,GALLOPENT
BSE,bse_cm,CROISSANCE,531909,E,CROISSANCE LIMITED,CROISSANCE,1,0.01,CROISSANCE
BSE,bse_cm,JOJO,531910,E,JOJO LIMITED,JOJO,1,0.05,JOJO
BSE,bse_cm,GALAGEX,531911,E,GALAXY AGRICO EXPORTS LTD.,GALAGEX,1,0.01,GALAGEX
BSE,bse_cm,HINDAPL,531918,E,HINDUSTAN APPLIANCES LTD.,HINDAPL,1,0.05,HINDAPL
BSE,bse_cm,AGARIND,531921,E,AGARWAL INDUSTRIAL CORPORATION,AGARIND,1,0.05,AGARIND
BSE,bse_cm,DHAMPURE,531923,E,DHAMPURE SPECIALITY SUGARS LTD,DHAMPURE,1,0.05,DHAMPURE
BSE,bse_cm,SHAQUAK,531925,E,SHANTANU SHEOREY AQUAKULT LTD.,SHAQUAK,1,0.01,SHAQUAK
BSE,bse_cm,GOLCA,531928,E,GOLDEN CARPETS LTD.,GOLCA,1,0.01,GOLCA
BSE,bse_cm,SARTHAKIND,531930,E,SARTHAK INDUSTRIES LTD.,SARTHAKIND,1,0.01,SARTHAKIND
BSE,bse_cm,SAICAPI,531931,E,SAI CAPITAL LTD.,SAICAPI,1,0.05,SAICAPI
BSE,bse_cm,BLUECHIP,531936,E,BLUE CHIP INDIA LTD.,BLUECHIP,1,0.01,BLUECHIP
BSE,bse_cm,LEXORAA,531944,E,LEXORAA INDUSTRIES LIMITED,LEXORAA,1,0.01,LEXORAA
BSE,bse_cm,CHADPAP,531946,E,CHADHA PAPERS LTD.,CHADPAP,1,0.01,CHADPAP
BSE,bse_cm,VERTEX,531950,E,VERTEX SECURITIES LTD.,VERTEX,1,0.01,VERTEX
BSE,bse_cm,RIBATEX,531952,E,RIBA TEXTILES LTD.,RIBATEX,1,0.01,RIBATEX
BSE,bse_cm,NEWINFRA,531959,E,NEWTIME INFRASTRUCTURE LIMITED,NEWINFRA,1,0.01,NEWINFRA
BSE,bse_cm,SHREMETAL,531962,E,SHREE METALLOYS LTD.,SHREMETAL,1,0.01,SHREMETAL
BSE,bse_cm,IITLPROJ,531968,E,IITL PROJECTS LIMITED,IITLPROJ,1,0.01,IITLPROJ
BSE,bse_cm,CHLOGIST,531977,E,CHARTERED LOGISTICS LTD.,CHLOGIST,1,0.01,CHLOGIST
BSE,bse_cm,AMBIKCO,531978,E,AMBIKA COTTON MILLS LTD.,AMBIKCO,1,0.05,AMBIKCO
BSE,bse_cm,HINDALUMI,531979,E,HIND ALUMINIUM INDUSTRIES LTD.,HINDALUMI,1,0.05,HINDALUMI
BSE,bse_cm,SPECFOOD,531982,E,SPECTRUM FOODS LTD.,SPECFOOD,1,0.01,SPECFOOD
BSE,bse_cm,DECPO,531989,E,DECCAN POLYPACKS LTD.,DECPO,1,0.01,DECPO
BSE,bse_cm,AMRAAGRI,531991,E,AMRAWORLD AGRICO LTD.,AMRAAGRI,1,0.01,AMRAAGRI
BSE,bse_cm,AUTOPINS,531994,E,AUTO PINS (INDIA) LTD.,AUTOPINS,1,0.05,AUTOPINS
BSE,bse_cm,ODYCORP,531996,E,ODYSSEY CORPORATION LTD.,ODYCORP,1,0.01,ODYCORP
BSE,bse_cm,IKOMA,531997,E,IKOMA TECHNOLOGIES LIMITED,IKOMA,1,0.01,IKOMA
BSE,bse_cm,INDCTST,532001,E,INDUCTO STEEL LTD.,INDCTST,1,0.01,INDCTST
BSE,bse_cm,SAMINDUS,532005,E,SAM INDUSTRIES LTD.,SAMINDUS,1,0.01,SAMINDUS
BSE,bse_cm,SHVFL,532007,E,SHREEVATSAA FINANCE & LEASING,SHVFL,1,0.01,SHVFL
BSE,bse_cm,POOJAENT,532011,E,VASHU BHAGNANI INDUSTRIES LIMI,POOJAENT,1,0.01,POOJAENT
BSE,bse_cm,GRAVITY,532015,E,GRAVITY (INDIA) LTD.,GRAVITY,1,0.01,GRAVITY
BSE,bse_cm,ESPIRE,532016,E,ESPIRE HOSPITALITY LIMITED,ESPIRE,1,0.05,ESPIRE
BSE,bse_cm,LCCINFOTEC,532019,E,LCC INFOTECH LTD.,LCCINFOTEC,1,0.01,LCCINFOTEC
BSE,bse_cm,FILATFASH,532022,E,FILATEX FASHIONS LTD.,FILATFASH,1,0.01,FILATFASH
BSE,bse_cm,AARCON,532024,E,AARCON FACILITIES LIMITED,AARCON,100,0.01,AARCON
BSE,bse_cm,SINDHUTRAD,532029,E,SINDHU TRADE LINKS LIMITED,SINDHUTRAD,1,0.01,SINDHUTRAD
BSE,bse_cm,ZENOTECH,532039,E,ZENOTECH LABORATORIES LTD.,ZENOTECH,1,0.01,ZENOTECH
BSE,bse_cm,HINDBIO,532041,E,HINDUSTAN BIO SCIENCES LTD.,HINDBIO,1,0.01,HINDBIO
BSE,bse_cm,FRONTCORP,532042,E,FRONTLINE CORPORATION LTD.,FRONTCORP,1,0.01,FRONTCORP
BSE,bse_cm,SWELECTES,532051,E,SWELECT ENERGY SYSTEMS LIMITED,SWELECTES,1,0.05,SWELECTES
BSE,bse_cm,WALLFORT,532053,E,WALLFORT FINANCIAL SERVICES LT,WALLFORT,1,0.01,WALLFORT
BSE,bse_cm,KDDL,532054,E,KDDL LTD.,KDDL,1,0.05,KDDL
BSE,bse_cm,TRUSTEDGE,532056,E,Trustedge Capital Limited,TRUSTEDGE,1,0.05,TRUSTEDGE
BSE,bse_cm,ABHICAP,532057,E,ABHINAV CAPITAL SERVICES LTD.,ABHICAP,1,0.05,ABHICAP
BSE,bse_cm,3BBLACKBIO,532067,E,3B BlackBio Dx Limited,3BBLACKBIO,1,0.05,3BBLACKBIO
BSE,bse_cm,GUJJUBHAI,532070,E,GUJJUBHAI INDUSTRIES LIMITED,GUJJUBHAI,1,0.05,GUJJUBHAI
BSE,bse_cm,MONIND,532078,E,MONIND LIMITED,MONIND,1,0.01,MONIND
BSE,bse_cm,SHKALYN,532083,E,SHRI KALYAN HOLDINGS LTD.,SHKALYN,1,0.01,SHKALYN
BSE,bse_cm,ATVOENT,532090,E,Atvo Enterprises Limited,ATVOENT,1,0.01,ATVOENT
BSE,bse_cm,EPUJA,532092,E,EPUJA SPIRITECH LIMITED,EPUJA,1,0.01,EPUJA
BSE,bse_cm,INDOCITY,532100,E,INDO-CITY INFOTECH LTD.,INDOCITY,1,0.01,INDOCITY
BSE,bse_cm,SBECSUG,532102,E,SBEC SUGAR LTD.,SBECSUG,1,0.01,SBECSUG
BSE,bse_cm,BRIJLEAS,532113,E,BRIJLAXMI LEASING & FINANCE LT,BRIJLEAS,1,0.01,BRIJLEAS
BSE,bse_cm,BSELALGO,532123,E,BSEL ALGO LIMITED,BSELALGO,1,0.01,BSELALGO
BSE,bse_cm,RELIABVEN,532124,E,RELIABLE VENTURES INDIA LTD.,RELIABVEN,1,0.01,RELIABVEN
BSE,bse_cm,TRIUMPIN,532131,E,TRIUMPH INTERNATIONAL FINANCE,TRIUMPIN,1,0.01,TRIUMPIN
BSE,bse_cm,BANKBARODA,532134,E,BANK OF BARODA,BANKBARODA,1,0.05,BANKBARODA
BSE,bse_cm,SMCREDT,532138,E,SMC CREDITS LTD.,SMCREDT,1,0.01,SMCREDT
BSE,bse_cm,MOHITE,532140,E,MOHITE INDUSTRIES LIMITED,MOHITE,1,0.01,MOHITE
BSE,bse_cm,ACL,532141,E,ANDHRA CEMENTS LTD.,ACL,1,0.01,ACL
BSE,bse_cm,SKMEGGPROD,532143,E,SKM EGG PRODUCTS EXPORT (INDIA,SKMEGGPROD,1,0.05,SKMEGGPROD
BSE,bse_cm,WELCORP,532144,E,WELSPUN CORP LIMITED,WELCORP,1,0.05,WELCORP
BSE,bse_cm,HOTLSILV,532145,E,H.S.INDIA LTD.,HOTLSILV,1,0.01,HOTLSILV
BSE,bse_cm,BANKINDIA,532149,E,BANK OF INDIA,BANKINDIA,1,0.05,BANKINDIA
BSE,bse_cm,INDRAMEDCO,532150,E,INDRAPRASTHA MEDICAL CORP.LTD.,INDRAMEDCO,1,0.05,INDRAMEDCO
BSE,bse_cm,JOHNPHARMA,532154,E,JOHNSON PHARMACARE LIMITED,JOHNPHARMA,1,0.01,JOHNPHARMA
BSE,bse_cm,GAIL,532155,E,GAIL (INDIA) LTD.,GAIL,1,0.05,GAIL
BSE,bse_cm,VAIBHAVGBL,532156,E,VAIBHAV GLOBAL LTD,VAIBHAVGBL,1,0.05,VAIBHAVGBL
BSE,bse_cm,TRESCON,532159,E,TRESCON LIMITED,TRESCON,1,0.01,TRESCON
BSE,bse_cm,GUJSTATFIN,532160,E,GUJARAT STATE FINANCIAL CORPOR,GUJSTATFIN,1,0.01,GUJSTATFIN
BSE,bse_cm,JKPAPER,532162,E,JK PAPER LTD.,JKPAPER,1,0.05,JKPAPER
BSE,bse_cm,SAREGAMA,532163,E,SAREGAMA INDIA LTD.,SAREGAMA,1,0.05,SAREGAMA
BSE,bse_cm,MINOLTAF,532164,E,MINOLTA FINANCE LTD.,MINOLTAF,1,0.01,MINOLTAF
BSE,bse_cm,OMKARPH,532167,E,OMKAR PHARMACHEM LTD.,OMKARPH,1,0.01,OMKARPH
BSE,bse_cm,ADROITINFO,532172,E,Adroit Infotech Limited,ADROITINFO,1,0.01,ADROITINFO
BSE,bse_cm,CYBERTECH,532173,E,CYBERTECH SYSTEMS AND SOFTWARE,CYBERTECH,1,0.05,CYBERTECH
BSE,bse_cm,ICICIBANK,532174,E,ICICI BANK LTD.,ICICIBANK,1,0.05,ICICIBANK
BSE,bse_cm,CYIENT,532175,E,CYIENT LIMITED,CYIENT,1,0.05,CYIENT
BSE,bse_cm,ENGINERSIN,532178,E,ENGINEERS INDIA LTD.,ENGINERSIN,1,0.05,ENGINERSIN
BSE,bse_cm,DHANBANK,532180,E,DHANLAXMI BANK LIMITED,DHANBANK,1,0.01,DHANBANK
BSE,bse_cm,GMDCLTD,532181,E,GUJARAT MINERAL DEVELOPMENT CO,GMDCLTD,1,0.05,GMDCLTD
BSE,bse_cm,GAYATRI,532183,E,GAYATRI SUGARS LTD.,GAYATRI,1,0.01,GAYATRI
BSE,bse_cm,INDUSINDBK,532187,E,INDUSIND BANK LTD.,INDUSINDBK,1,0.05,INDUSINDBK
BSE,bse_cm,ITDC,532189,E,INDIA TOURISM DEVELOPMENT CORP,ITDC,1,0.05,ITDC
BSE,bse_cm,J&KBANK,532209,E,JAMMU & KASHMIR BANK LTD.,J&KBANK,1,0.05,J&KBANK
BSE,bse_cm,CUB,532210,E,CITY UNION BANK LIMITED,CUB,1,0.05,CUB
BSE,bse_cm,ARCHIES,532212,E,ARCHIES LTD.,ARCHIES,1,0.01,ARCHIES
BSE,bse_cm,AXISBANK,532215,E,AXIS BANK LTD.,AXISBANK,1,0.05,AXISBANK
BSE,bse_cm,HBSL,532216,E,HB STOCKHOLDINGS LTD.,HBSL,1,0.01,HBSL
BSE,bse_cm,CMXLTD,532217,E,CMX HOLDINGS LIMITED,CMXLTD,1,0.01,CMXLTD
BSE,bse_cm,SOUTHBANK,532218,E,SOUTH INDIAN BANK LTD.,SOUTHBANK,1,0.01,SOUTHBANK
BSE,bse_cm,ENERGYDEV,532219,E,ENERGY DEVELOPMENT COMPANY LTD,ENERGYDEV,1,0.01,ENERGYDEV
BSE,bse_cm,SONATSOFTW,532221,E,SONATA SOFTWARE LTD.,SONATSOFTW,1,0.05,SONATSOFTW
BSE,bse_cm,BENGALT,532230,E,BENGAL TEA & FABRICS LTD.,BENGALT,1,0.05,BENGALT
BSE,bse_cm,NATIONALUM,532234,E,NATIONAL ALUMINIUM CO.LTD.,NATIONALUM,1,0.05,NATIONALUM
BSE,bse_cm,INDNIPPON,532240,E,INDIA NIPPON ELECTRICALS LTD.,INDNIPPON,1,0.05,INDNIPPON
BSE,bse_cm,NSIL,532256,E,NALWA SONS INVESTMENTS LTD.,NSIL,1,0.05,NSIL
BSE,bse_cm,APARINDS,532259,E,APAR INDUSTRIES LTD.,APARINDS,1,0.05,APARINDS
BSE,bse_cm,TCIIND,532262,E,TCI INDUSTRIES LTD.,TCIIND,1,0.05,TCIIND
BSE,bse_cm,ACCELYA,532268,E,ACCELYA SOLUTIONS INDIA LIMITE,ACCELYA,1,0.05,ACCELYA
BSE,bse_cm,ORCHASP,532271,E,ORCHASP LIMITED,ORCHASP,1,0.01,ORCHASP
BSE,bse_cm,LANDMARC,532275,E,LANDMARC LEISURE CORPORATION L,LANDMARC,1,0.01,LANDMARC
BSE,bse_cm,HCLTECH,532281,E,HCL TECHNOLOGIES LTD.,HCLTECH,1,0.05,HCLTECH
BSE,bse_cm,TCFCFINQ,532284,E,TCFC FINANCE LTD.,TCFCFINQ,1,0.01,TCFCFINQ
BSE,bse_cm,GEOJITFSL,532285,E,Geojit Financial Services Limi,GEOJITFSL,1,0.01,GEOJITFSL
BSE,bse_cm,JINDALSTEL,532286,E,JINDAL STEEL LIMITED,JINDALSTEL,1,0.05,JINDALSTEL
BSE,bse_cm,BLBLIMITED,532290,E,BLB LTD.,BLBLIMITED,1,0.01,BLBLIMITED
BSE,bse_cm,GLENMARK,532296,E,GLENMARK PHARMACEUTICALS LTD.,GLENMARK,1,0.05,GLENMARK
BSE,bse_cm,WOCKPHARMA,532300,E,WOCKHARDT LTD.,WOCKPHARMA,1,0.05,WOCKPHARMA
BSE,bse_cm,INTEGHIT,532303,E,INTEGRATED HITECH LTD.,INTEGHIT,1,0.01,INTEGHIT
BSE,bse_cm,KJMCCORP,532304,E,KJMC CORPORATE ADVISORS (INDIA,KJMCCORP,1,0.01,KJMCCORP
BSE,bse_cm,INDSWFTLAB,532305,E,IND-SWIFT LABORATORIES LTD.,INDSWFTLAB,1,0.05,INDSWFTLAB
BSE,bse_cm,GVPIL,532309,E,GE Power India Ltd,GVPIL,1,0.05,GVPIL
BSE,bse_cm,SHREERAMA,532310,E,SHREE RAMA MULTI-TECH LTD.,SHREERAMA,1,0.01,SHREERAMA
BSE,bse_cm,MAHLIFE,532313,E,MAHINDRA LIFESPACE DEVELOPERS,MAHLIFE,1,0.05,MAHLIFE
BSE,bse_cm,GROARC,532315,E,GROARC INDUSTRIES INDIA LIMITE,GROARC,1,0.01,GROARC
BSE,bse_cm,VAARAD,532320,E,VAARAD VENTURES LTD,VAARAD,1,0.01,VAARAD
BSE,bse_cm,ZYDUSLIFE,532321,E,Zydus Lifesciences Limited,ZYDUSLIFE,1,0.05,ZYDUSLIFE
BSE,bse_cm,SHIVACEM,532323,E,SHIVA CEMENT LTD.,SHIVACEM,1,0.01,SHIVACEM
BSE,bse_cm,CINEVISTA,532324,E,CINEVISTA LTD.,CINEVISTA,1,0.01,CINEVISTA
BSE,bse_cm,INTENTECH,532326,E,INTENSE TECHNOLOGIES LTD.,INTENTECH,1,0.01,INTENTECH
BSE,bse_cm,DANLAW,532329,E,DANLAW TECHNOLOGIES INDIA LTD.,DANLAW,1,0.05,DANLAW
BSE,bse_cm,AJANTPHARM,532331,E,AJANTA PHARMA LTD.,AJANTPHARM,1,0.05,AJANTPHARM
BSE,bse_cm,CURAA,532332,E,CURA TECHNOLOGIES LTD.,CURAA,1,0.01,CURAA
BSE,bse_cm,HBPOR,532333,E,HB PORTFOLIO LTD.,HBPOR,1,0.01,HBPOR
BSE,bse_cm,HBESD,532334,E,HB ESTATE DEVELOPERS LTD.,HBESD,1,0.01,HBESD
BSE,bse_cm,AMBICAAGAR,532335,E,AMBICA AGARBATHIES & AROMA IND,AMBICAAGAR,1,0.01,AMBICAAGAR
BSE,bse_cm,COMPUSOFT,532339,E,COMPUCOM SOFTWARE LTD.,COMPUSOFT,1,0.01,COMPUSOFT
BSE,bse_cm,OMNIAX,532340,E,OMNI AXS SOFTWARE LTD.,OMNIAX,1,0.01,OMNIAX
BSE,bse_cm,IZMO,532341,E,IZMO Limited,IZMO,1,0.05,IZMO
BSE,bse_cm,TVSMOTOR,532343,E,TVS MOTOR COMPANY LTD.,TVSMOTOR,1,0.05,TVSMOTOR
BSE,bse_cm,MADALA,532344,E,MADALA HOLDINGS LIMITED,MADALA,1,0.05,MADALA
BSE,bse_cm,SUBEXLTD,532348,E,SUBEX LTD.,SUBEXLTD,1,0.01,SUBEXLTD
BSE,bse_cm,TCI,532349,E,TRANSPORT CORPORATION OF INDIA,TCI,1,0.05,TCI
BSE,bse_cm,PADMALAYAT,532350,E,PADMALAYA TELEFILMS LTD.,PADMALAYAT,1,0.01,PADMALAYAT
BSE,bse_cm,AKSHOPTFBR,532351,E,AKSH OPTIFIBRE LTD.,AKSHOPTFBR,1,0.01,AKSHOPTFBR
BSE,bse_cm,VIRGOGLOB,532354,E,Virgo Global Limited,VIRGOGLOB,1,0.01,VIRGOGLOB
BSE,bse_cm,PICTUREHS,532355,E,PICTUREHOUSE MEDIA LTD.,PICTUREHS,1,0.01,PICTUREHS
BSE,bse_cm,TRIVENI,532356,E,TRIVENI ENGINEERING & INDUSTRI,TRIVENI,1,0.05,TRIVENI
BSE,bse_cm,MUKTAARTS,532357,E,MUKTA ARTS LTD.,MUKTAARTS,1,0.01,MUKTAARTS
BSE,bse_cm,HITKITGLO,532359,E,HIT KIT GLOBAL SOLUTIONS LTD.,HITKITGLO,1,0.01,HITKITGLO
BSE,bse_cm,NAGPI,532362,E,NAGPUR POWER & INDUSTRIES LTD.,NAGPI,1,0.05,NAGPI
BSE,bse_cm,DSSL,532365,E,DYNACONS SYSTEMS & SOLUTIONS L,DSSL,1,0.05,DSSL
BSE,bse_cm,PNBGILTS,532366,E,PNB GILTS LTD.,PNBGILTS,1,0.01,PNBGILTS
BSE,bse_cm,BCG,532368,E,BRIGHTCOM GROUP LIMITED,BCG,1,0.01,BCG
BSE,bse_cm,RAMCOIND,532369,E,RAMCO INDUSTRIES LTD.,RAMCOIND,1,0.05,RAMCOIND
BSE,bse_cm,RAMCOSYS,532370,E,RAMCO SYSTEMS LTD.,RAMCOSYS,1,0.05,RAMCOSYS
BSE,bse_cm,TTML,532371,E,TATA TELESERVICES (MAHARASHTRA,TTML,1,0.01,TTML
BSE,bse_cm,VIRINCHI,532372,E,Virinchi Limited,VIRINCHI,1,0.01,VIRINCHI
BSE,bse_cm,WEPSOLN,532373,E,WEP SOLUTIONS LTD.,WEPSOLN,1,0.01,WEPSOLN
BSE,bse_cm,STLTECH,532374,E,STERLITE TECHNOLOGIES LTD.,STLTECH,1,0.05,STLTECH
BSE,bse_cm,TIPSMUSIC,532375,E,TIPS MUSIC LIMITED,TIPSMUSIC,1,0.05,TIPSMUSIC
BSE,bse_cm,UMIYA-MRO,532376,E,UMIYA BUILDCON LIMITED,UMIYA-MRO,1,0.01,UMIYA-MRO
BSE,bse_cm,UNIVARTS,532378,E,UNIVERSAL ARTS LTD.,UNIVARTS,1,0.01,UNIVARTS
BSE,bse_cm,FIRSTFIN,532379,E,FIRST FINTEC LIMITED,FIRSTFIN,1,0.01,FIRSTFIN
BSE,bse_cm,BABA,532380,E,BABA ARTS LTD.,BABA,1,0.01,BABA
BSE,bse_cm,BALAJITELE,532382,E,BALAJI TELEFILMS LTD.,BALAJITELE,1,0.01,BALAJITELE
BSE,bse_cm,TYCHE,532384,E,TYCHE INDUSTRIES LTD.,TYCHE,1,0.05,TYCHE
BSE,bse_cm,CALSOFT,532386,E,CALIFORNIA SOFTWARE CO.LTD.,CALSOFT,1,0.01,CALSOFT
BSE,bse_cm,PNC,532387,E,PRITISH NANDY COMMUNICATIONS L,PNC,1,0.01,PNC
BSE,bse_cm,IOB,532388,E,INDIAN OVERSEAS BANK,IOB,1,0.01,IOB
BSE,bse_cm,TAJGVK,532390,E,TAJGVK HOTELS & RESORTS LTD.,TAJGVK,1,0.05,TAJGVK
BSE,bse_cm,CREATIVEYE,532392,E,CREATIVE EYE LTD.,CREATIVEYE,1,0.01,CREATIVEYE
BSE,bse_cm,AXISCADES,532395,E,AXISCADES TECHNOLOGIES LIMITED,AXISCADES,1,0.05,AXISCADES
BSE,bse_cm,KONNDOR,532397,E,KONNDOR INDUSTRIES LIMITED,KONNDOR,1,0.01,KONNDOR
BSE,bse_cm,UMESLTD,532398,E,USHA MARTIN EDUCATION & SOLUTI,UMESLTD,1,0.01,UMESLTD
BSE,bse_cm,BSOFT,532400,E,BIRLASOFT LIMITED,BSOFT,1,0.05,BSOFT
BSE,bse_cm,USGTECH,532402,E,USG TECH SOLUTIONS LTD.,USGTECH,1,0.01,USGTECH
BSE,bse_cm,4THGEN,532403,E,FOURTH GENERATION INFORMATION,4THGEN,1,0.01,4THGEN
BSE,bse_cm,7TEC,532404,E,SAVEN TECHNOLOGIES LTD.,7TEC,1,0.01,7TEC
BSE,bse_cm,AVANTEL,532406,E,AVANTEL LTD.,AVANTEL,1,0.05,AVANTEL
BSE,bse_cm,MOSCHIP,532407,E,MOSCHIP TECHNOLOGIES LIMITED,MOSCHIP,1,0.05,MOSCHIP
BSE,bse_cm,SIGMAADV,532408,E,SIGMA ADVANCED SYSTEMS LIMITED,SIGMAADV,1,0.05,SIGMAADV
BSE,bse_cm,TRANSCOR,532410,E,TRANSCORP INTERNATIONAL LTD.,TRANSCOR,1,0.01,TRANSCOR
BSE,bse_cm,CEREBRAINT,532413,E,CEREBRA INTEGRATED TECHNOLOGIE,CEREBRAINT,1,0.01,CEREBRAINT
BSE,bse_cm,NEXTMEDIA,532416,E,NEXT MEDIAWORKS LTD.,NEXTMEDIA,1,0.01,NEXTMEDIA
BSE,bse_cm,SMARTLINK,532419,E,Smartlink Holdings Limited,SMARTLINK,1,0.05,SMARTLINK
BSE,bse_cm,GODREJCP,532424,E,GODREJ CONSUMER PRODUCTS LTD.,GODREJCP,1,0.05,GODREJCP
BSE,bse_cm,GENUSPRIME,532425,E,GENUS PRIME INFRA LIMITED,GENUSPRIME,1,0.01,GENUSPRIME
BSE,bse_cm,BFUTILITIE,532430,E,BF UTILITIES LTD.,BFUTILITIE,1,0.05,BFUTILITIE
BSE,bse_cm,UNITDSPR,532432,E,UNITED SPIRITS LTD.,UNITDSPR,1,0.05,UNITDSPR
BSE,bse_cm,SANINFRA,532435,E,SANMIT INFRA LIMITED,SANINFRA,1,0.01,SANINFRA
BSE,bse_cm,OLECTRA,532439,E,OLECTRA GREENTECH LIMITED,OLECTRA,1,0.05,OLECTRA
BSE,bse_cm,MPSLTD,532440,E,MPS LTD.,MPSLTD,1,0.05,MPSLTD
BSE,bse_cm,CERA,532443,E,CERA SANITARYWARE LTD.,CERA,1,0.05,CERA
BSE,bse_cm,TSPIRITUAL,532444,E,T.SPIRITUAL WORLD LTD.,TSPIRITUAL,1,0.01,TSPIRITUAL
BSE,bse_cm,BHARTIARTL,532454,E,BHARTI AIRTEL LTD.,BHARTIARTL,1,0.05,BHARTIARTL
BSE,bse_cm,SHALIWIR,532455,E,SHALIMAR WIRES INDUSTRIES LTD.,SHALIWIR,1,0.01,SHALIWIR
BSE,bse_cm,COMPINFO,532456,E,COMPUAGE INFOCOM LTD.,COMPINFO,1,0.01,COMPINFO
BSE,bse_cm,GULPOLY,532457,E,GULSHAN POLYOLS LTD.,GULPOLY,1,0.05,GULPOLY
BSE,bse_cm,PONNIERODE,532460,E,PONNI SUGARS (ERODE) LTD.,PONNIERODE,1,0.05,PONNIERODE
BSE,bse_cm,PNB,532461,E,PUNJAB NATIONAL BANK,PNB,1,0.05,PNB
BSE,bse_cm,OFSS,532466,E,ORACLE FINANCIAL SERVICES SOFT,OFSS,1,0.05,OFSS
BSE,bse_cm,HAZOOR,532467,E,HAZOOR MULTI PROJECTS LTD.,HAZOOR,1,0.01,HAZOOR
BSE,bse_cm,KAMAHOLD,532468,E,KAMA HOLDINGS LIMITED,KAMAHOLD,1,0.05,KAMAHOLD
BSE,bse_cm,MPFSL,532470,E,MPF Systems Limited,MPFSL,1,0.01,MPFSL
BSE,bse_cm,APTECHT,532475,E,APTECH LTD.,APTECHT,1,0.05,APTECHT
BSE,bse_cm,UNIONBANK,532477,E,UNION BANK OF INDIA,UNIONBANK,1,0.05,UNIONBANK
BSE,bse_cm,UBL,532478,E,UNITED BREWERIES LTD.,UBL,1,0.05,UBL
BSE,bse_cm,NOIDATOLL,532481,E,NOIDA TOLL BRIDGE COMPANY LTD.,NOIDATOLL,1,0.01,NOIDATOLL
BSE,bse_cm,GRANULES,532482,E,GRANULES INDIA LTD.,GRANULES,1,0.05,GRANULES
BSE,bse_cm,CANBK,532483,E,CANARA BANK,CANBK,1,0.05,CANBK
BSE,bse_cm,BLIL,532485,E,BALMER LAWRIE INVESTMENTS LTD.,BLIL,1,0.01,BLIL
BSE,bse_cm,POKARNA,532486,E,POKARNA LTD.,POKARNA,1,0.05,POKARNA
BSE,bse_cm,DIVISLAB,532488,E,DIVIS LABORATORIES LTD.,DIVISLAB,1,0.05,DIVISLAB
BSE,bse_cm,ASTRAMICRO,532493,E,ASTRA MICROWAVE PRODUCTS LTD.,ASTRAMICRO,1,0.05,ASTRAMICRO
BSE,bse_cm,RADICO,532497,E,RADICO KHAITAN LTD.,RADICO,1,0.05,RADICO
BSE,bse_cm,MARUTI,532500,E,MARUTI SUZUKI INDIA LTD.,MARUTI,1,0.05,MARUTI
BSE,bse_cm,RAJPALAYAM,532503,E,RAJAPALAYAM MILLS LTD.,RAJPALAYAM,1,0.05,RAJPALAYAM
BSE,bse_cm,NAVINFLUOR,532504,E,NAVIN FLUORINE INTERNATIONAL L,NAVINFLUOR,1,0.05,NAVINFLUOR
BSE,bse_cm,UCOBANK,532505,E,UCO BANK,UCOBANK,1,0.01,UCOBANK
BSE,bse_cm,BAGFILMS,532507,E,B.A.G.FILMS & MEDIA LTD.,BAGFILMS,1,0.01,BAGFILMS
BSE,bse_cm,JSL,532508,E,JINDAL STAINLESS LTD.,JSL,1,0.05,JSL
BSE,bse_cm,SUPRAJIT,532509,E,SUPRAJIT ENGINEERING LTD.,SUPRAJIT,1,0.05,SUPRAJIT
BSE,bse_cm,TVSELECT,532513,E,TVS ELECTRONICS LTD.,TVSELECT,1,0.05,TVSELECT
BSE,bse_cm,IGL,532514,E,INDRAPRASTHA GAS LTD.,IGL,1,0.05,IGL
BSE,bse_cm,TVTODAY,532515,E,TV TODAY NETWORK LTD.,TVTODAY,1,0.05,TVTODAY
BSE,bse_cm,PALREDTEC,532521,E,PALRED TECHNOLOGIES LIMITED,PALREDTEC,1,0.01,PALREDTEC
BSE,bse_cm,PETRONET,532522,E,PETRONET LNG LTD.,PETRONET,1,0.05,PETRONET
BSE,bse_cm,BIOCON,532523,E,BIOCON LTD.,BIOCON,1,0.05,BIOCON
BSE,bse_cm,PTC,532524,E,PTC INDIA LTD.,PTC,1,0.05,PTC
BSE,bse_cm,MAHABANK,532525,E,BANK OF MAHARASHTRA,MAHABANK,1,0.01,MAHABANK
BSE,bse_cm,RKFORGE,532527,E,RAMKRISHNA FORGINGS LTD.,RKFORGE,1,0.05,RKFORGE
BSE,bse_cm,DATAMATICS,532528,E,DATAMATICS GLOBAL SERVICES LTD,DATAMATICS,1,0.05,DATAMATICS
BSE,bse_cm,NDTV,532529,E,NEW DELHI TELEVISION LTD.,NDTV,1,0.01,NDTV
BSE,bse_cm,STAR,532531,E,STRIDES PHARMA SCIENCE LIMITED,STAR,1,0.05,STAR
BSE,bse_cm,ULTRACEMCO,532538,E,ULTRATECH CEMENT LTD.,ULTRACEMCO,1,0.05,ULTRACEMCO
BSE,bse_cm,UNOMINDA,532539,E,UNO Minda Limited,UNOMINDA,1,0.05,UNOMINDA
BSE,bse_cm,TCS,532540,E,TATA CONSULTANCY SERVICES LTD.,TCS,1,0.05,TCS
BSE,bse_cm,COFORGE,532541,E,COFORGE LIMITED,COFORGE,1,0.05,COFORGE
BSE,bse_cm,GULFPETRO,532543,E,GP PETROLEUMS LTD,GULFPETRO,1,0.01,GULFPETRO
BSE,bse_cm,CENTURYPLY,532548,E,CENTURY PLYBOARDS (I) LTD.,CENTURYPLY,1,0.05,CENTURYPLY
BSE,bse_cm,WELENT,532553,E,WELSPUN ENTERPRISES LIMTED,WELENT,1,0.05,WELENT
BSE,bse_cm,NTPC,532555,E,NTPC LTD.,NTPC,1,0.05,NTPC
BSE,bse_cm,SALSTEEL,532604,E,S.A.L.STEEL LTD.,SALSTEEL,1,0.01,SALSTEEL
BSE,bse_cm,JBMA,532605,E,JBM AUTO LTD.,JBMA,1,0.05,JBMA
BSE,bse_cm,DWARKESH,532610,E,DWARIKESH SUGAR INDUSTRIES LTD,DWARKESH,1,0.01,DWARKESH
BSE,bse_cm,INDOCO,532612,E,INDOCO REMEDIES LTD.,INDOCO,1,0.05,INDOCO
BSE,bse_cm,VIPCLOTHNG,532613,E,VIP Clothing Limited,VIPCLOTHNG,1,0.01,VIPCLOTHNG
BSE,bse_cm,XCHANGING,532616,E,XCHANGING SOLUTIONS LTD.,XCHANGING,1,0.01,XCHANGING
BSE,bse_cm,JINDALPHOT,532624,E,JINDAL PHOTO LTD.,JINDALPHOT,1,0.05,JINDALPHOT
BSE,bse_cm,POCL,532626,E,PONDY OXIDES & CHEMICALS LTD.,POCL,1,0.05,POCL
BSE,bse_cm,JPPOWER,532627,E,JAIPRAKASH POWER VENTURES LIMI,JPPOWER,1,0.01,JPPOWER
BSE,bse_cm,3IINFOLTD,532628,E,3I INFOTECH LTD.,3IINFOLTD,1,0.01,3IINFOLTD
BSE,bse_cm,GOKEX,532630,E,GOKALDAS EXPORTS LTD.,GOKEX,1,0.05,GOKEX
BSE,bse_cm,ALLDIGI,532633,E,Alldigi Tech Limited,ALLDIGI,1,0.05,ALLDIGI
BSE,bse_cm,IIFL,532636,E,IIFL FINANCE LIMITED,IIFL,1,0.05,IIFL
BSE,bse_cm,MANGALAM,532637,E,MANGALAM DRUGS & ORGANICS LTD.,MANGALAM,1,0.01,MANGALAM
BSE,bse_cm,SHOPERSTOP,532638,E,SHOPPERS STOP LTD.,SHOPERSTOP,1,0.05,SHOPERSTOP
BSE,bse_cm,CYBERMEDIA,532640,E,CYBER MEDIA (INDIA) LTD.,CYBERMEDIA,1,0.01,CYBERMEDIA
BSE,bse_cm,NDL,532641,E,NANDAN DENIM LIMITED,NDL,1,0.01,NDL
BSE,bse_cm,JSWHL,532642,E,JSW HOLDINGS LIMITED,JSWHL,1,0.05,JSWHL
BSE,bse_cm,JKCEMENT,532644,E,J.K.CEMENT LTD.,JKCEMENT,1,0.05,JKCEMENT
BSE,bse_cm,BEEYU,532645,E,BEEYU OVERSEAS LTD.,BEEYU,1,0.01,BEEYU
BSE,bse_cm,YESBANK,532648,E,YES BANK LTD.,YESBANK,1,0.01,YESBANK
BSE,bse_cm,NECLIFE,532649,E,NECTAR LIFESCIENCES LTD.,NECLIFE,1,0.01,NECLIFE
BSE,bse_cm,MSPL,532650,E,MSP STEEL & POWER LTD.,MSPL,1,0.01,MSPL
BSE,bse_cm,SPLIL,532651,E,SPL INDUSTRIES LTD.,SPLIL,1,0.01,SPLIL
BSE,bse_cm,KTKBANK,532652,E,KARNATAKA BANK LTD.,KTKBANK,1,0.05,KTKBANK
BSE,bse_cm,MCLEODRUSS,532654,E,MCLEOD RUSSEL INDIA LTD.,MCLEODRUSS,1,0.01,MCLEODRUSS
BSE,bse_cm,FACORALL,532656,E,FACOR ALLOYS LTD.,FACORALL,1,0.01,FACORALL
BSE,bse_cm,VIVIMEDLAB,532660,E,VIVIMED LABS LTD.,VIVIMEDLAB,1,0.01,VIVIMEDLAB
BSE,bse_cm,RML,532661,E,RANE (MADRAS) LTD.,RML,1,0.05,RML
BSE,bse_cm,HTMEDIA,532662,E,HT MEDIA LIMITED,HTMEDIA,1,0.01,HTMEDIA
BSE,bse_cm,SASKEN,532663,E,Sasken Technologies Limited,SASKEN,1,0.05,SASKEN
BSE,bse_cm,FCSSOFT,532666,E,FCS SOFTWARE SOLUTIONS LTD.,FCSSOFT,1,0.01,FCSSOFT
BSE,bse_cm,SUZLON,532667,E,SUZLON ENERGY LTD.,SUZLON,1,0.01,SUZLON
BSE,bse_cm,AURIONPRO,532668,E,AURIONPRO SOLUTIONS LTD.,AURIONPRO,1,0.05,AURIONPRO
BSE,bse_cm,RENUKA,532670,E,SHREE RENUKA SUGARS LTD.,RENUKA,1,0.01,RENUKA
BSE,bse_cm,KMSUGAR,532673,E,K.M.SUGAR MILLS LTD.,KMSUGAR,1,0.01,KMSUGAR
BSE,bse_cm,BASML,532674,E,BANNARI AMMAN SPINNING MILLS L,BASML,1,0.01,BASML
BSE,bse_cm,PBAINFRA,532676,E,PBA INFRASTRUCTURE LTD.,PBAINFRA,1,0.01,PBAINFRA
BSE,bse_cm,AIAENG,532683,E,AIA ENGINEERING LTD.,AIAENG,1,0.05,AIAENG
BSE,bse_cm,EKC,532684,E,EVEREST KANTO CYLINDER LTD.,EKC,1,0.05,EKC
BSE,bse_cm,KERNEX,532686,E,KERNEX MICROSYSTEMS (INDIA) LT,KERNEX,1,0.05,KERNEX
BSE,bse_cm,REPRO,532687,E,REPRO INDIA LTD.,REPRO,1,0.05,REPRO
BSE,bse_cm,PVRINOX,532689,E,PVR INOX LIMITED,PVRINOX,1,0.05,PVRINOX
BSE,bse_cm,ASMS,532694,E,Avio Smart Market Stack Limite,ASMS,1,0.01,ASMS
BSE,bse_cm,CELEBRITY,532695,E,CELEBRITY FASHIONS LTD.,CELEBRITY,1,0.01,CELEBRITY
BSE,bse_cm,NITINSPIN,532698,E,NITIN SPINNERS LTD.,NITINSPIN,1,0.05,NITINSPIN
BSE,bse_cm,ROHLTD,532699,E,ROYAL ORCHID HOTELS LTD.,ROHLTD,1,0.05,ROHLTD
BSE,bse_cm,ENIL,532700,E,ENTERTAINMENT NETWORK (INDIA),ENIL,1,0.05,ENIL
BSE,bse_cm,CELLA,532701,E,CELLA SPACE LIMITED,CELLA,1,0.01,CELLA
BSE,bse_cm,JAGRAN,532705,E,JAGRAN PRAKASHAN LTD.,JAGRAN,1,0.01,JAGRAN
BSE,bse_cm,DYNPRO,532707,E,DYNEMIC PRODUCTS LTD.,DYNPRO,1,0.05,DYNPRO
BSE,bse_cm,GVKPIL,532708,E,GVK POWER & INFRASTRUCTURE LTD,GVKPIL,1,0.01,GVKPIL
BSE,bse_cm,SADBHAV,532710,E,SADBHAV ENGINEERING LTD.,SADBHAV,1,0.01,SADBHAV
BSE,bse_cm,RCOM,532712,E,RELIANCE COMMUNICATIONS LTD.,RCOM,1,0.01,RCOM
BSE,bse_cm,SAKUMA,532713,E,SAKUMA EXPORTS LTD.,SAKUMA,1,0.01,SAKUMA
BSE,bse_cm,KEC,532714,E,KEC INTERNATIONAL LTD.,KEC,1,0.05,KEC
BSE,bse_cm,GILLANDERS,532716,E,GILLANDERS ARBUTHNOT & CO.LTD.,GILLANDERS,1,0.01,GILLANDERS
BSE,bse_cm,INDOTECH,532717,E,INDO TECH TRANSFORMERS LTD.,INDOTECH,1,0.05,INDOTECH
BSE,bse_cm,BLKASHYAP,532719,E,B.L.KASHYAP AND SONS LTD.,BLKASHYAP,1,0.01,BLKASHYAP
BSE,bse_cm,M&MFIN,532720,E,MAHINDRA & MAHINDRA FINANCIAL,M&MFIN,1,0.05,M&MFIN
BSE,bse_cm,VISACHROME,532721,E,VISA Chrome Limited,VISACHROME,1,0.01,VISACHROME
BSE,bse_cm,NITCO,532722,E,NITCO LTD.,NITCO,1,0.05,NITCO
BSE,bse_cm,MPDL,532723,E,MPDL LIMITED,MPDL,1,0.01,MPDL
BSE,bse_cm,SOLARINDS,532725,E,SOLAR INDUSTRIES INDIA LTD.,SOLARINDS,1,0.05,SOLARINDS
BSE,bse_cm,GALLANTT,532726,E,GALLANTT ISPAT LIMITED,GALLANTT,1,0.05,GALLANTT
BSE,bse_cm,MALUPAPER,532728,E,MALU PAPER MILLS LTD.,MALUPAPER,1,0.01,MALUPAPER
BSE,bse_cm,UTTAMSUGAR,532729,E,UTTAM SUGAR MILLS LTD.,UTTAMSUGAR,1,0.05,UTTAMSUGAR
BSE,bse_cm,SGL,532730,E,STL GLOBAL LTD.,SGL,1,0.01,SGL
BSE,bse_cm,KKCL,532732,E,KEWAL KIRAN CLOTHING LTD.,KKCL,1,0.05,KKCL
BSE,bse_cm,SUNTV,532733,E,SUN TV NETWORK LTD.,SUNTV,1,0.05,SUNTV
BSE,bse_cm,GPIL,532734,E,GODAWARI POWER & ISPAT LTD.,GPIL,1,0.05,GPIL
BSE,bse_cm,RSYSTEMS,532735,E,R SYSTEMS INTERNATIONAL LTD.,RSYSTEMS,1,0.05,RSYSTEMS
BSE,bse_cm,EMKAY,532737,E,EMKAY GLOBAL FINANCIAL SERVICE,EMKAY,1,0.05,EMKAY
BSE,bse_cm,TICL,532738,E,TwamevConstruction and Infrast,TICL,1,0.01,TICL
BSE,bse_cm,LOKESHMACH,532740,E,LOKESH MACHINES LTD.,LOKESHMACH,1,0.05,LOKESHMACH
BSE,bse_cm,KAMDHENU,532741,E,Kamdhenu Limited,KAMDHENU,1,0.01,KAMDHENU
BSE,bse_cm,PAUSHAKLTD,532742,E,PAUSHAK LTD.,PAUSHAKLTD,1,0.05,PAUSHAKLTD
BSE,bse_cm,GTNTEX,532744,E,GTN TEXTILES LTD.,GTNTEX,1,0.01,GTNTEX
BSE,bse_cm,PFOCUS,532748,E,PRIME FOCUS LTD.,PFOCUS,1,0.05,PFOCUS
BSE,bse_cm,ALLCARGO,532749,E,ALLCARGO LOGISTICS LTD.,ALLCARGO,1,0.01,ALLCARGO
BSE,bse_cm,GMRAIRPORT,532754,E,GMR Airports Limited,GMRAIRPORT,1,0.05,GMRAIRPORT
BSE,bse_cm,TECHM,532755,E,TECH MAHINDRA LTD.,TECHM,1,0.05,TECHM
BSE,bse_cm,CIEINDIA,532756,E,CIE Automotive India Limited,CIEINDIA,1,0.05,CIEINDIA
BSE,bse_cm,VOLTAMP,532757,E,VOLTAMP TRANSFORMERS LTD.,VOLTAMP,1,0.05,VOLTAMP
BSE,bse_cm,ATLANTAA,532759,E,ATLANTAA LIMITED,ATLANTAA,1,0.01,ATLANTAA
BSE,bse_cm,HGM,532761,E,HANDSON GLOBAL MANAGEMENT (HGM,HGM,1,0.01,HGM
BSE,bse_cm,ACE,532762,E,ACTION CONSTRUCTION EQUIPMENT,ACE,1,0.05,ACE
BSE,bse_cm,GEECEE,532764,E,GEECEE VENTURES LIMITED,GEECEE,1,0.05,GEECEE
BSE,bse_cm,GAYAPROJ,532767,E,GAYATRI PROJECTS LTD.,GAYAPROJ,1,0.01,GAYAPROJ
BSE,bse_cm,FIEMIND,532768,E,FIEM INDUSTRIES LTD.,FIEMIND,1,0.05,FIEMIND
BSE,bse_cm,JHS,532771,E,JHS SVENDGAARD LABORATORIES LT,JHS,1,0.01,JHS
BSE,bse_cm,DCBBANK,532772,E,DCB BANK LIMITED,DCBBANK,1,0.05,DCBBANK
BSE,bse_cm,GLOBALVECT,532773,E,GLOBAL VECTRA HELICORP LTD.,GLOBALVECT,1,0.05,GLOBALVECT
BSE,bse_cm,INSPIRISYS,532774,E,Inspirisys Solutions Limited,INSPIRISYS,1,0.05,INSPIRISYS
BSE,bse_cm,GTLINFRA,532775,E,GTL INFRASTRUCTURE LTD.,GTLINFRA,1,0.01,GTLINFRA
BSE,bse_cm,SHIVAMAUTO,532776,E,SHIVAM AUTOTECH LTD.,SHIVAMAUTO,1,0.01,SHIVAMAUTO
BSE,bse_cm,NAUKRI,532777,E,INFO EDGE (INDIA) LTD.,NAUKRI,1,0.05,NAUKRI
BSE,bse_cm,TORNTPOWER,532779,E,TORRENT POWER LTD.,TORNTPOWER,1,0.05,TORNTPOWER
BSE,bse_cm,PARSVNATH,532780,E,PARSVNATH DEVELOPERS LTD.,PARSVNATH,1,0.01,PARSVNATH
BSE,bse_cm,SUTLEJTEX,532782,E,SUTLEJ TEXTILES & INDUSTRIES L,SUTLEJTEX,1,0.01,SUTLEJTEX
BSE,bse_cm,LTFOODS,532783,E,LT FOODS LTD.,LTFOODS,1,0.05,LTFOODS
BSE,bse_cm,SOBHA,532784,E,SOBHA,SOBHA,1,0.05,SOBHA
BSE,bse_cm,RUCHIRA,532785,E,RUCHIRA PAPERS LTD.,RUCHIRA,1,0.05,RUCHIRA
BSE,bse_cm,TANLA,532790,E,TANLA PLATFORMS LIMITED,TANLA,1,0.05,TANLA
BSE,bse_cm,ZEEMEDIA,532794,E,ZEE MEDIA CORPORATION LIMITED,ZEEMEDIA,1,0.01,ZEEMEDIA
BSE,bse_cm,SITINET,532795,E,Siti Networks Ltd.,SITINET,1,0.01,SITINET
BSE,bse_cm,LUMAXTECH,532796,E,LUMAX AUTO TECHNOLOGIES LTD.,LUMAXTECH,1,0.05,LUMAXTECH
BSE,bse_cm,AUTOIND,532797,E,AUTOLINE INDUSTRIES LTD.,AUTOIND,1,0.01,AUTOIND
BSE,bse_cm,NETWORK18,532798,E,NETWORK18 MEDIA & INVESTMENTS,NETWORK18,1,0.01,NETWORK18
BSE,bse_cm,HUBTOWN,532799,E,HUBTOWN LTD.,HUBTOWN,1,0.05,HUBTOWN
BSE,bse_cm,CTE,532801,E,CAMBRIDGE TECHNOLOGY ENTERPRIS,CTE,1,0.01,CTE
BSE,bse_cm,TIIL,532804,E,TECHNOCRAFT INDUSTRIES (INDIA),TIIL,1,0.05,TIIL
BSE,bse_cm,REDINGTON,532805,E,Redington Limited,REDINGTON,1,0.05,REDINGTON
BSE,bse_cm,AICHAMP,532806,E,AI CHAMPDANY INDUSTRIES LTD.,AICHAMP,1,0.01,AICHAMP
BSE,bse_cm,CINELINE,532807,E,CINELINE INDIA LIMITED,CINELINE,1,0.01,CINELINE
BSE,bse_cm,PGIL,532808,E,PEARL GLOBAL INDUSTRIES LIMITE,PGIL,1,0.05,PGIL
BSE,bse_cm,FSL,532809,E,FIRSTSOURCE SOLUTIONS LTD.,FSL,1,0.05,FSL
BSE,bse_cm,PFC,532810,E,POWER FINANCE CORPORATION LTD.,PFC,1,0.05,PFC
BSE,bse_cm,AHLUCONT,532811,E,AHLUWALIA CONTRACTS (INDIA) LT,AHLUCONT,1,0.05,AHLUCONT
BSE,bse_cm,TFL,532812,E,TRANSWARRANTY FINANCE LTD.,TFL,1,0.01,TFL
BSE,bse_cm,INDIANB,532814,E,INDIAN BANK,INDIANB,1,0.05,INDIANB
BSE,bse_cm,SMSPHARMA,532815,E,SMS PHARMACEUTICALS LTD.,SMSPHARMA,1,0.05,SMSPHARMA
BSE,bse_cm,ORIENTALTL,532817,E,ORIENTAL TRIMEX LTD.,ORIENTALTL,1,0.01,ORIENTALTL
BSE,bse_cm,ELAND,532820,E,E-Land Apparel Limited,ELAND,1,0.01,ELAND
BSE,bse_cm,IDEA,532822,E,VODAFONE IDEA  LIMITED,IDEA,1,0.01,IDEA
BSE,bse_cm,JAGJANANI,532825,E,JAGJANANI TEXTILES LTD.,JAGJANANI,1,0.01,JAGJANANI
BSE,bse_cm,RAJTV,532826,E,RAJ TELEVISION NETWORK LTD.,RAJTV,1,0.01,RAJTV
BSE,bse_cm,PAGEIND,532827,E,PAGE INDUSTRIES LTD.,PAGEIND,1,0.05,PAGEIND
BSE,bse_cm,AMDIND,532828,E,AMD INDUSTRIES LTD.,AMDIND,1,0.01,AMDIND
BSE,bse_cm,LEHAR,532829,E,LEHAR FOOTWEARS LIMITED,LEHAR,1,0.05,LEHAR
BSE,bse_cm,ASTRAL,532830,E,ASTRAL LIMITED,ASTRAL,1,0.05,ASTRAL
BSE,bse_cm,EMBDL,532832,E,EMBASSY DEVELOPMENTS LIMITED,EMBDL,1,0.01,EMBDL
BSE,bse_cm,CAMLINFINE,532834,E,Camlin Fine Sciences Ltd,CAMLINFINE,1,0.05,CAMLINFINE
BSE,bse_cm,ICRA,532835,E,ICRA LTD.,ICRA,1,0.05,ICRA
BSE,bse_cm,DISHTV,532839,E,DISH TV INDIA LTD.,DISHTV,1,0.01,DISHTV
BSE,bse_cm,SAHYADRI,532841,E,SAHYADRI INDUSTRIES LTD.,SAHYADRI,1,0.05,SAHYADRI
BSE,bse_cm,SRHHYPOLTD,532842,E,SREE RAYALASEEMA HI-STRENGTH H,SRHHYPOLTD,1,0.05,SRHHYPOLTD
BSE,bse_cm,FORTIS,532843,E,FORTIS HEALTHCARE LTD.,FORTIS,1,0.05,FORTIS
BSE,bse_cm,TGBHOTELS,532845,E,TGB BANQUETS AND HOTELS LTD.,TGBHOTELS,1,0.01,TGBHOTELS
BSE,bse_cm,HILTON,532847,E,HILTON METAL FORGING LTD.,HILTON,1,0.01,HILTON
BSE,bse_cm,DELTACORP,532848,E,DELTA CORP LTD.,DELTACORP,1,0.01,DELTACORP
BSE,bse_cm,MICEL,532850,E,MIC ELECTRONICS LTD.,MICEL,1,0.01,MICEL
BSE,bse_cm,INSECTICID,532851,E,INSECTICIDES (INDIA) LTD.,INSECTICID,1,0.05,INSECTICID
BSE,bse_cm,ASAHISONG,532853,E,ASAHI SONGWON COLORS LTD.,ASAHISONG,1,0.05,ASAHISONG
BSE,bse_cm,HARYNACAP,532855,E,HARYANA CAPFIN LTD.,HARYNACAP,1,0.05,HARYNACAP
BSE,bse_cm,TIMETECHNO,532856,E,TIME TECHNOPLAST LTD.,TIMETECHNO,1,0.05,TIMETECHNO
BSE,bse_cm,HGS,532859,E,HINDUJA GLOBAL SOLUTIONS LTD.,HGS,1,0.05,HGS
BSE,bse_cm,NELCAST,532864,E,NELCAST LTD.,NELCAST,1,0.05,NELCAST
BSE,bse_cm,V2RETAIL,532867,E,V2 RETAIL LTD.,V2RETAIL,1,0.05,V2RETAIL
BSE,bse_cm,DLF,532868,E,DLF LTD.,DLF,1,0.05,DLF
BSE,bse_cm,TARMAT,532869,E,TARMAT LTD.,TARMAT,1,0.01,TARMAT
BSE,bse_cm,ANKITMETAL,532870,E,ANKIT METAL & POWER LTD.,ANKITMETAL,1,0.01,ANKITMETAL
BSE,bse_cm,SPARC,532872,E,SUN PHARMA ADVANCED RESEARCH C,SPARC,1,0.05,SPARC
BSE,bse_cm,HDIL,532873,E,HOUSING DEVELOPMENT & INFRASTR,HDIL,1,0.01,HDIL
BSE,bse_cm,ADSL,532875,E,ALLIED DIGITAL SERVICES LTD.,ADSL,1,0.05,ADSL
BSE,bse_cm,ALPA,532878,E,ALPA LABORATORIES LTD.,ALPA,1,0.01,ALPA
BSE,bse_cm,OMAXE,532880,E,OMAXE LTD.,OMAXE,1,0.01,OMAXE
BSE,bse_cm,REFEX,532884,E,REFEX INDUSTRIES LTD.,REFEX,1,0.05,REFEX
BSE,bse_cm,CENTRALBK,532885,E,CENTRAL BANK OF INDIA,CENTRALBK,1,0.01,CENTRALBK
BSE,bse_cm,SELMC,532886,E,SEL MANUFACTURING COMPANY LTD.,SELMC,1,0.01,SELMC
BSE,bse_cm,ASIANTILES,532888,E,ASIAN GRANITO INDIA LTD.,ASIANTILES,1,0.01,ASIANTILES
BSE,bse_cm,KPRMILL,532889,E,K.P.R.MILL LIMITED,KPRMILL,1,0.05,KPRMILL
BSE,bse_cm,TAKE,532890,E,TAKE SOLUTIONS LTD.,TAKE,1,0.01,TAKE
BSE,bse_cm,PURVA,532891,E,Puravankara Limited,PURVA,1,0.05,PURVA
BSE,bse_cm,MOTILALOFS,532892,E,MOTILAL OSWAL FINANCIAL SERVIC,MOTILALOFS,1,0.05,MOTILALOFS
BSE,bse_cm,VTMLTD,532893,E,VTM LTD.,VTMLTD,1,0.01,VTMLTD
BSE,bse_cm,INDOWIND,532894,E,INDOWIND ENERGY LTD.,INDOWIND,1,0.01,INDOWIND
BSE,bse_cm,NAGREEKCAP,532895,E,NAGREEKA CAPITAL & INFRASTRUCT,NAGREEKCAP,1,0.01,NAGREEKCAP
BSE,bse_cm,MAGNUM,532896,E,MAGNUM VENTURES LTD.,MAGNUM,1,0.01,MAGNUM
BSE,bse_cm,POWERGRID,532898,E,POWER GRID CORPORATION OF INDI,POWERGRID,1,0.05,POWERGRID
BSE,bse_cm,KSCL,532899,E,KAVERI SEED COMPANY LTD.,KSCL,1,0.05,KSCL
BSE,bse_cm,PAISALO,532900,E,PAISALO DIGITAL LIMITED,PAISALO,1,0.01,PAISALO
BSE,bse_cm,CCCL,532902,E,CONSOLIDATED CONSTRUCTION CONS,CCCL,1,0.01,CCCL
BSE,bse_cm,SUPREMEINF,532904,E,SUPREME INFRASTRUCTURE INDIA L,SUPREMEINF,1,0.01,SUPREMEINF
BSE,bse_cm,MAANALU,532906,E,MAAN ALUMINIUM LTD.,MAANALU,1,0.05,MAANALU
BSE,bse_cm,IL&FSENGG,532907,E,IL&FS ENGINEERING AND CONSTRUC,IL&FSENGG,1,0.01,IL&FSENGG
BSE,bse_cm,PARLEIND,532911,E,PARLE INDUSTRIES LIMITED,PARLEIND,1,0.01,PARLEIND
BSE,bse_cm,RELIGARE,532915,E,RELIGARE ENTERPRISES LTD.,RELIGARE,1,0.05,RELIGARE
BSE,bse_cm,BVCL,532916,E,BARAK VALLEY CEMENTS LTD.,BVCL,1,0.01,BVCL
BSE,bse_cm,RATHIBAR,532918,E,RATHI BARS LTD.,RATHIBAR,1,0.01,RATHIBAR
BSE,bse_cm,ADANIPORTS,532921,E,ADANI PORTS AND SPECIAL ECONOM,ADANIPORTS,1,0.05,ADANIPORTS
BSE,bse_cm,EDELWEISS,532922,E,EDELWEISS FINANCIAL SERVICES L,EDELWEISS,1,0.05,EDELWEISS
BSE,bse_cm,RGL,532923,E,RENAISSANCE GLOBAL LIMITED,RGL,1,0.05,RGL
BSE,bse_cm,KOLTEPATIL,532924,E,KOLTE-PATIL DEVELOPERS LTD.,KOLTEPATIL,1,0.05,KOLTEPATIL
BSE,bse_cm,KAUSHALYA,532925,E,KAUSHALYA INFRASTRUCTURE DEVEL,KAUSHALYA,1,0.05,KAUSHALYA
BSE,bse_cm,JYOTHYLAB,532926,E,JYOTHY LABS LIMITED,JYOTHYLAB,1,0.05,JYOTHYLAB
BSE,bse_cm,ECLERX,532927,E,ECLERX SERVICES LTD.,ECLERX,1,0.05,ECLERX
BSE,bse_cm,TARIL,532928,E,TRANSFORMERS AND RECTIFIERS (I,TARIL,1,0.05,TARIL
BSE,bse_cm,BRIGADE,532929,E,BRIGADE ENTERPRISES LTD.,BRIGADE,1,0.05,BRIGADE
BSE,bse_cm,BGRENERGY,532930,E,BGR ENERGY SYSTEMS LTD.,BGRENERGY,1,0.05,BGRENERGY
BSE,bse_cm,MANAKSIA,532932,E,MANAKSIA LTD.,MANAKSIA,1,0.01,MANAKSIA
BSE,bse_cm,PORWAL,532933,E,PORWAL AUTO COMPONENTS LTD.,PORWAL,1,0.01,PORWAL
BSE,bse_cm,PPAP,532934,E,PPAP,PPAP,1,0.05,PPAP
BSE,bse_cm,ARIES,532935,E,ARIES AGRO LTD.,ARIES,1,0.05,ARIES
BSE,bse_cm,KUANTUM,532937,E,KUANTUM PAPERS LTD.,KUANTUM,1,0.01,KUANTUM
BSE,bse_cm,RPOWER,532939,E,RELIANCE POWER LTD.,RPOWER,1,0.01,RPOWER
BSE,bse_cm,JKIL,532940,E,J.KUMAR INFRAPROJECTS LTD.,JKIL,1,0.05,JKIL
BSE,bse_cm,CORDSCABLE,532941,E,CORDS CABLE INDUSTRIES LTD.,CORDSCABLE,1,0.05,CORDSCABLE
BSE,bse_cm,KNRCON,532942,E,KNR CONSTRUCTIONS LTD.,KNRCON,1,0.05,KNRCON
BSE,bse_cm,ONMOBILE,532944,E,ONMOBILE,ONMOBILE,1,0.01,ONMOBILE
BSE,bse_cm,SEPC,532945,E,SEPC LIMITED,SEPC,1,0.01,SEPC
BSE,bse_cm,BANG,532946,E,BANG OVERSEAS LTD.,BANG,1,0.01,BANG
BSE,bse_cm,IRB,532947,E,IRB INFRASTRUCTURE DEVELOPERS,IRB,1,0.01,IRB
BSE,bse_cm,GSS,532951,E,GSS INFOTECH LTD.,GSS,1,0.01,GSS
BSE,bse_cm,NAHARCAP,532952,E,NAHAR CAPITAL & FINANCIAL SERV,NAHARCAP,1,0.05,NAHARCAP
BSE,bse_cm,VGUARD,532953,E,V-GUARD INDUSTRIES LTD.,VGUARD,1,0.05,VGUARD
BSE,bse_cm,RECLTD,532955,E,REC LIMITED,RECLTD,1,0.05,RECLTD
BSE,bse_cm,GOKAKTEX,532957,E,GOKAK TEXTILES LTD.,GOKAKTEX,1,0.01,GOKAKTEX
BSE,bse_cm,TITAGARH,532966,E,TITAGARH RAIL SYSTEMS LIMITED,TITAGARH,1,0.05,TITAGARH
BSE,bse_cm,KIRIINDUS,532967,E,KIRI INDUSTRIES LTD.,KIRIINDUS,1,0.05,KIRIINDUS
BSE,bse_cm,BIRLAMONEY,532974,E,ADITYA BIRLA MONEY LTD.,BIRLAMONEY,1,0.05,BIRLAMONEY
BSE,bse_cm,TELOGICA,532975,E,TELOGICA LIMITED,TELOGICA,1,0.01,TELOGICA
BSE,bse_cm,JAIBALAJI,532976,E,JAI BALAJI INDUSTRIES LTD.,JAIBALAJI,1,0.01,JAIBALAJI
BSE,bse_cm,BAJAJ-AUTO,532977,E,BAJAJ AUTO LTD.,BAJAJ-AUTO,1,0.05,BAJAJ-AUTO
BSE,bse_cm,BAJAJFINSV,532978,E,BAJAJ FINSERV LTD.,BAJAJFINSV,1,0.05,BAJAJFINSV
BSE,bse_cm,GOKUL,532980,E,GOKUL REFOILS & SOLVENT LTD.,GOKUL,1,0.01,GOKUL
BSE,bse_cm,RPGLIFE,532983,E,RPG LIFE SCIENCES LTD.,RPGLIFE,1,0.05,RPGLIFE
BSE,bse_cm,SENSEX1,532985,E,KOTAK MAHINDRA MUTUAL FUND,SENSEX1,1,0.01,SENSEX1
BSE,bse_cm,NIRAJ,532986,E,NIRAJ CEMENT STRUCTURALS LTD.,NIRAJ,1,0.01,NIRAJ
BSE,bse_cm,BAFNAPH,532989,E,BAFNA PHARMACEUTICALS LTD.,BAFNAPH,1,0.05,BAFNAPH
BSE,bse_cm,CHLLTD,532992,E,CHL LTD.,CHLLTD,1,0.01,CHLLTD
BSE,bse_cm,SEJALLTD,532993,E,SEJAL GLASS LIMITED,SEJALLTD,1,0.05,SEJALLTD
BSE,bse_cm,ARCHIDPLY,532994,E,ARCHIDPLY INDUSTRIES LTD.,ARCHIDPLY,1,0.01,ARCHIDPLY
BSE,bse_cm,LOTUSEYE,532998,E,Lotus Eye Hospital And Institu,LOTUSEYE,1,0.05,LOTUSEYE
BSE,bse_cm,SOMICONVEY,533001,E,SOMI CONVEYOR BELTINGS LTD.,SOMICONVEY,1,0.05,SOMICONVEY
BSE,bse_cm,DWSFTS50AG,533002,D,DEUTSCHE MUTUAL FUND - DWS FIX,DWSFTS50AG,1,0.01,DWSFTS50AG
BSE,bse_cm,DWSFTS50BG,533004,D,DEUTSCHE MUTUAL FUND - DWS FIX,DWSFTS50BG,1,0.01,DWSFTS50BG
BSE,bse_cm,LGBFORGE,533007,E,LGB FORGE LTD.,LGBFORGE,1,0.01,LGBFORGE
BSE,bse_cm,LPDC,533012,E,LANDMARK PROPERTY DEVELOPMENT,LPDC,1,0.01,LPDC
BSE,bse_cm,SICAGEN,533014,E,SICAGEN INDIA LTD.,SICAGEN,1,0.01,SICAGEN
BSE,bse_cm,SIMPLXMIL,533018,E,SIMPLEX MILLS COMPANY LTD.,SIMPLXMIL,1,0.05,SIMPLXMIL
BSE,bse_cm,SIMPLXPAP,533019,E,SIMPLEX PAPERS LTD.,SIMPLXPAP,1,0.05,SIMPLXPAP
BSE,bse_cm,20MICRONS,533022,E,20 MICRONS LTD.,20MICRONS,1,0.05,20MICRONS
BSE,bse_cm,ZFCVINDIA,533023,E,ZF Commercial Vehicle Control ,ZFCVINDIA,1,0.05,ZFCVINDIA
BSE,bse_cm,ALKALI,533029,E,ALKALI METALS LTD.,ALKALI,1,0.01,ALKALI
BSE,bse_cm,ISGEC,533033,E,ISGEC HEAVY ENGINEERING LTD.,ISGEC,1,0.05,ISGEC
BSE,bse_cm,IMFA,533047,E,INDIAN METALS & FERRO ALLOYS L,IMFA,1,0.05,IMFA
BSE,bse_cm,TPHQ,533048,E,Teamo Productions HQ Limited,TPHQ,1,0.01,TPHQ
BSE,bse_cm,VEDAVAAG,533056,E,VEDAVAAG SYSTEMS LTD.,VEDAVAAG,1,0.01,VEDAVAAG
BSE,bse_cm,MOLDTKPAC,533080,E,MOLD-TEK PACKAGING LIMITED,MOLDTKPAC,1,0.05,MOLDTKPAC
BSE,bse_cm,MHRIL,533088,E,MAHINDRA HOLIDAYS & RESORTS IN,MHRIL,1,0.05,MHRIL
BSE,bse_cm,LANDSMILL,533090,E,Landsmill Green Limited,LANDSMILL,1,0.01,LANDSMILL
BSE,bse_cm,ROML,533093,E,RAJ OIL MILLS LTD.,ROML,1,0.01,ROML
BSE,bse_cm,BENGALASM,533095,E,BENGAL & ASSAM COMPANY LTD.,BENGALASM,1,0.05,BENGALASM
BSE,bse_cm,ADANIPOWER,533096,E,ADANI POWER LTD.,ADANIPOWER,1,0.05,ADANIPOWER
BSE,bse_cm,NHPC,533098,E,NHPC LTD.,NHPC,1,0.01,NHPC
BSE,bse_cm,PEIL,533100,E,PREMIER ENERGY AND INFRASTRUCT,PEIL,1,0.01,PEIL
BSE,bse_cm,SURYAAMBA,533101,E,SURYAAMBA SPINNING MILLS LTD.,SURYAAMBA,1,0.05,SURYAAMBA
BSE,bse_cm,GLOBUSSPR,533104,E,GLOBUS SPIRITS LTD.,GLOBUSSPR,1,0.05,GLOBUSSPR
BSE,bse_cm,OIL,533106,E,OIL INDIA LTD.,OIL,1,0.05,OIL
BSE,bse_cm,SWANDEF,533107,E,SWAN DEFENCE AND HEAVY INDUSTR,SWANDEF,1,0.05,SWANDEF
BSE,bse_cm,BTTL,533108,E,BHILWARA TECHNICAL TEXTILES LT,BTTL,1,0.01,BTTL
BSE,bse_cm,SPSL,533110,E,SHREE PRECOATED STEELS LTD.,SPSL,1,0.01,SPSL
BSE,bse_cm,EXPLEOSOL,533121,E,EXPLEO SOLUTIONS LIMITED,EXPLEOSOL,1,0.05,EXPLEOSOL
BSE,bse_cm,RTNPOWER,533122,E,RATTANINDIA POWER LTD.,RTNPOWER,1,0.01,RTNPOWER
BSE,bse_cm,DEN,533137,E,DEN NETWORKS LTD,DEN,1,0.01,DEN
BSE,bse_cm,ASTEC,533138,E,ASTEC LIFESCIENCES LIMITED,ASTEC,1,0.05,ASTEC
BSE,bse_cm,FFTF16BGR,533139,D,FORTIS FIXED TERM FUND - SERIE,FFTF16BGR,1,0.01,FFTF16BGR
BSE,bse_cm,FFTF16BCQ,533140,D,FORTIS FIXED TERM FUND - SERIE,FFTF16BCQ,1,0.01,FFTF16BCQ
BSE,bse_cm,FFTF16BCY,533141,D,FORTIS FIXED TERM FUND - SERIE,FFTF16BCY,1,0.01,FFTF16BCY
BSE,bse_cm,FFTF16BDM,533142,D,FORTIS FIXED TERM FUND - SERIE,FFTF16BDM,1,0.01,FFTF16BDM
BSE,bse_cm,DLINKINDIA,533146,E,D-LINK (INDIA) LTD,DLINKINDIA,1,0.05,DLINKINDIA
BSE,bse_cm,JSWENERGY,533148,E,JSW ENERGY LTD,JSWENERGY,1,0.05,JSWENERGY
BSE,bse_cm,YUNIKM,533149,E,Yunik Managing Advisors Limite,YUNIKM,1,0.01,YUNIKM
BSE,bse_cm,GODREJPROP,533150,E,GODREJ PROPERTIES LTD,GODREJPROP,1,0.05,GODREJPROP
BSE,bse_cm,DBCORP,533151,E,D B CORP LTD,DBCORP,1,0.05,DBCORP
BSE,bse_cm,MBLINFRA,533152,E,MBL Infrastructure Ltd,MBLINFRA,1,0.01,MBLINFRA
BSE,bse_cm,JUBLFOOD,533155,E,JUBILANT FOODWORKS LTD,JUBLFOOD,1,0.05,JUBLFOOD
BSE,bse_cm,VASCONEQ,533156,E,VASCON ENGINEERS LTD,VASCONEQ,1,0.01,VASCONEQ
BSE,bse_cm,THANGAMAYL,533158,E,THANGAMAYIL JEWELLERY LTD,THANGAMAYL,1,0.05,THANGAMAYL
BSE,bse_cm,DBREALTY,533160,E,VALOR ESTATE LIMITED,DBREALTY,1,0.05,DBREALTY
BSE,bse_cm,EMMBI,533161,E,EMMBI INDUSTRIES LTD,EMMBI,1,0.01,EMMBI
BSE,bse_cm,HATHWAY,533162,E,HATHWAY CABLE & DATACOM LTD,HATHWAY,1,0.01,HATHWAY
BSE,bse_cm,TEXMOPIPES,533164,E,TEXMO PIPES & PRODUCTS LTD.,TEXMOPIPES,1,0.01,TEXMOPIPES
BSE,bse_cm,SUNDARAM,533166,E,SUNDARAM MULTI PAP LTD.,SUNDARAM,1,0.01,SUNDARAM
BSE,bse_cm,COROENGG,533167,E,COROMANDEL ENGINEERING COMPANY,COROENGG,1,0.01,COROENGG
BSE,bse_cm,ROSSELLIND,533168,E,ROSSELL INDIA LTD.,ROSSELLIND,1,0.01,ROSSELLIND
BSE,bse_cm,MANINFRA,533169,E,MAN INFRACONSTRUCTION LTD.,MANINFRA,1,0.05,MANINFRA
BSE,bse_cm,TAMBOLIIN,533170,E,TAMBOLI INDUSTRIES LIMITED,TAMBOLIIN,1,0.05,TAMBOLIIN
BSE,bse_cm,IVZINGOLD,533172,E,INVESCO India Gold Exchange Tr,IVZINGOLD,1,0.01,IVZINGOLD
BSE,bse_cm,IL&FSTRANS,533177,E,IL&FS TRANSPORTATION NETWORKS,IL&FSTRANS,1,0.01,IL&FSTRANS
BSE,bse_cm,PERSISTENT,533179,E,PERSISTENT SYSTEMS LTD.,PERSISTENT,1,0.05,PERSISTENT
BSE,bse_cm,ISFT,533181,E,INTRASOFT TECHNOLOGIES LTD.,ISFT,1,0.01,ISFT
BSE,bse_cm,KCPSUGIND,533192,E,KCP SUGAR & INDUSTRIES CORPORA,KCPSUGIND,1,0.01,KCPSUGIND
BSE,bse_cm,KECL,533193,E,KIRLOSKAR ELECTRIC COMPANY LTD,KECL,1,0.05,KECL
BSE,bse_cm,SATCH,533202,E,SATCHMO HOLDINGS LIMITED,SATCH,1,0.01,SATCH
BSE,bse_cm,TARAPUR,533203,E,TARAPUR TRANSFORMERS LTD,TARAPUR,1,0.01,TARAPUR
BSE,bse_cm,SJVN,533206,E,SJVN LTD,SJVN,1,0.01,SJVN
BSE,bse_cm,EMAMIPAP,533208,E,EMAMI PAPER MILLS LTD.,EMAMIPAP,1,0.01,EMAMIPAP
BSE,bse_cm,KRITINUT,533210,E,KRITI NUTRIENTS LTD,KRITINUT,1,0.01,KRITINUT
BSE,bse_cm,GKB,533212,E,GKB OPHTHALMICS LTD.,GKB,1,0.01,GKB
BSE,bse_cm,FFTF17BGR,533215,D,FORTIS MUTUAL FUND,FFTF17BGR,1,0.01,FFTF17BGR
BSE,bse_cm,HMVL,533217,E,HINDUSTAN MEDIA VENTURES LTD.,HMVL,1,0.01,HMVL
BSE,bse_cm,EMAMIREAL,533218,E,EMAMI REALTY LIMITED,EMAMIREAL,1,0.01,EMAMIREAL
BSE,bse_cm,AHLWEST,533221,E,ASIAN HOTELS (WEST) LTD.,AHLWEST,1,0.05,AHLWEST
BSE,bse_cm,AHLEAST,533227,E,ASIAN HOTELS (EAST) LTD.,AHLEAST,1,0.05,AHLEAST
BSE,bse_cm,BAJAJCON,533229,E,BAJAJ CONSUMER CARE LIMITED,BAJAJCON,1,0.05,BAJAJCON
BSE,bse_cm,HDFCGOLD,533230,E,HDFC MUTUAL FUND - HDFC GOLD E,HDFCGOLD,1,0.01,HDFCGOLD
BSE,bse_cm,PRAKASHSTL,533239,E,PRAKASH STEELAGE LTD.,PRAKASHSTL,1,0.01,PRAKASHSTL
BSE,bse_cm,GOLDIETF,533244,E,ICICI Prudential Gold ETF,GOLDIETF,1,0.01,GOLDIETF
BSE,bse_cm,GPPL,533248,E,GUJARAT PIPAVAV PORT LTD.,GPPL,1,0.05,GPPL
BSE,bse_cm,WELINV,533252,E,WELSPUN INVESTMENTS AND COMMER,WELINV,1,0.05,WELINV
BSE,bse_cm,WAAREEINDO,533257,E,INDOSOLAR LTD.,WAAREEINDO,1,0.05,WAAREEINDO
BSE,bse_cm,HEALTHX,533259,E,HEALTH X PLATFORM LIMITED,HEALTHX,1,0.05,HEALTHX
BSE,bse_cm,CPCAP,533260,E,CP CAPITAL LIMITED,CPCAP,1,0.05,CPCAP
BSE,bse_cm,RAMKY,533262,E,RAMKY INFRASTRUCTURE LTD.,RAMKY,1,0.05,RAMKY
BSE,bse_cm,GREENPOWER,533263,E,ORIENT GREEN POWER COMPANY LTD,GREENPOWER,1,0.01,GREENPOWER
BSE,bse_cm,CANTABIL,533267,E,CANTABIL RETAIL INDIA LTD.,CANTABIL,1,0.05,CANTABIL
BSE,bse_cm,SEATV,533268,E,SEA TV NETWORK LTD.,SEATV,1,0.01,SEATV
BSE,bse_cm,WABAG,533269,E,VA TECH WABAG LTD.,WABAG,1,0.05,WABAG
BSE,bse_cm,BEDMUTHA,533270,E,BEDMUTHA INDUSTRIES LTD.,BEDMUTHA,1,0.05,BEDMUTHA
BSE,bse_cm,ASHOKA,533271,E,ASHOKA BUILDCON LTD.,ASHOKA,1,0.05,ASHOKA
BSE,bse_cm,JWL,533272,E,JUPITER WAGONS LIMITED,JWL,1,0.05,JWL
BSE,bse_cm,OBEROIRLTY,533273,E,OBEROI REALTY LTD.,OBEROIRLTY,1,0.05,OBEROIRLTY
BSE,bse_cm,PRESTIGE,533274,E,PRESTIGE ESTATES PROJECTS LTD.,PRESTIGE,1,0.05,PRESTIGE
BSE,bse_cm,SHAH,533275,E,SHAH METACORP LIMITED,SHAH,1,0.01,SHAH
BSE,bse_cm,COALINDIA,533278,E,COAL INDIA LTD.,COALINDIA,1,0.05,COALINDIA
BSE,bse_cm,GRAVITA,533282,E,GRAVITA INDIA LTD.,GRAVITA,1,0.05,GRAVITA
BSE,bse_cm,RPPINFRA,533284,E,RPP INFRA PROJECTS LTD.,RPPINFRA,1,0.01,RPPINFRA
BSE,bse_cm,RDBIPL,533285,E,RDB INFRASTRUCTURE AND POWER L,RDBIPL,1,0.01,RDBIPL
BSE,bse_cm,MOIL,533286,E,MOIL LTD.,MOIL,1,0.05,MOIL
BSE,bse_cm,ZEELEARN,533287,E,ZEE LEARN LTD.,ZEELEARN,1,0.01,ZEELEARN
BSE,bse_cm,KTIL,533289,E,KESAR TERMINALS & INFRASTRUCTU,KTIL,1,0.01,KTIL
BSE,bse_cm,A2ZINFRA,533292,E,A2Z INFRA ENGINEERING LIMITED,A2ZINFRA,1,0.01,A2ZINFRA
BSE,bse_cm,KIRLOSENG,533293,E,KIRLOSKAR OIL ENGINES LTD.,KIRLOSENG,1,0.05,KIRLOSENG
BSE,bse_cm,RKDL,533294,E,RAVI KUMAR DISTILLERIES LTD.,RKDL,1,0.01,RKDL
BSE,bse_cm,PSB,533295,E,PUNJAB & SIND BANK,PSB,1,0.01,PSB
BSE,bse_cm,FMNL,533296,E,FUTURE MARKET NETWORKS LTD.,FMNL,1,0.01,FMNL
BSE,bse_cm,SURANASOL,533298,E,SURANA SOLAR LTD.,SURANASOL,1,0.01,SURANASOL
BSE,bse_cm,SHEKHAWATI,533301,E,SHEKHAWATI INDUSTRIES LIMITED,SHEKHAWATI,1,0.01,SHEKHAWATI
BSE,bse_cm,KICL,533302,E,KALYANI INVESTMENT COMPANY LTD,KICL,1,0.05,KICL
BSE,bse_cm,BFINVEST,533303,E,BF INVESTMENT LTD.,BFINVEST,1,0.05,BFINVEST
BSE,bse_cm,SUMMITSEC,533306,E,SUMMIT SECURITIES LTD.,SUMMITSEC,1,0.05,SUMMITSEC
BSE,bse_cm,STEL,533316,E,STEL HOLDINGS LIMITED,STEL,1,0.05,STEL
BSE,bse_cm,TEXRAIL,533326,E,TEXMACO RAIL & ENGINEERING LTD,TEXRAIL,1,0.05,TEXRAIL
BSE,bse_cm,INDTERRAIN,533329,E,INDIAN TERRAIN FASHIONS LTD.,INDTERRAIN,1,0.01,INDTERRAIN
BSE,bse_cm,FCL,533333,E,FINEOTEX CHEMICAL LTD.,FCL,1,0.01,FCL
BSE,bse_cm,DHUNINV,533336,E,DHUNSERI INVESTMENTS LTD.,DHUNINV,1,0.05,DHUNINV
BSE,bse_cm,ZENTEC,533339,E,ZEN TECHNOLOGIES LTD.,ZENTEC,1,0.05,ZENTEC
BSE,bse_cm,LOVABLE,533343,E,LOVABLE LINGERIE LTD.,LOVABLE,1,0.01,LOVABLE
BSE,bse_cm,PFS,533344,E,PTC INDIA FINANCIAL SERVICES L,PFS,1,0.01,PFS
BSE,bse_cm,MON100,533385,E,MOTILAL OSWAL MOST SHARES NASD,MON100,1,0.01,MON100
BSE,bse_cm,MUTHOOTFIN,533398,E,MUTHOOT FINANCE LTD.,MUTHOOTFIN,1,0.05,MUTHOOTFIN
BSE,bse_cm,TRUEGREEN,533407,E,TRUE GREEN BIO ENERGY LIMITED,TRUEGREEN,1,0.05,TRUEGREEN
BSE,bse_cm,BSLGOLDETF,533408,E,Aditya Birla Sun Life Mutual F,BSLGOLDETF,1,0.01,BSLGOLDETF
BSE,bse_cm,KTKFMP46G,533417,D,KOTAK MAHINDRA MUTUAL FUND - K,KTKFMP46G,1,0.01,KTKFMP46G
BSE,bse_cm,KTKFMP46D,533418,D,KOTAK MAHINDRA MUTUAL FUND - K,KTKFMP46D,1,0.01,KTKFMP46D
BSE,bse_cm,VMS,533427,E,VMS INDUSTRIES LTD.,VMS,1,0.01,VMS
BSE,bse_cm,KTKFMP48G,533428,D,KOTAK MAHINDRA MUTUAL FUND - K,KTKFMP48G,1,0.01,KTKFMP48G
BSE,bse_cm,KTKFMP48D,533429,D,KOTAK MAHINDRA MUTUAL FUND - K,KTKFMP48D,1,0.01,KTKFMP48D
BSE,bse_cm,KARMAENG,533451,E,KARMA ENERGY LTD.,KARMAENG,1,0.01,KARMAENG
BSE,bse_cm,DELPHIFX,533452,E,DELPHI WORLD MONEY LIMITED,DELPHIFX,1,0.01,DELPHIFX
BSE,bse_cm,RUSHIL,533470,E,RUSHIL DECOR LTD.,RUSHIL,1,0.01,RUSHIL
BSE,bse_cm,ENKEIWHEL,533477,E,ENKEI WHEELS (INDIA) LTD.,ENKEIWHEL,1,0.05,ENKEIWHEL
BSE,bse_cm,KTKFMP52G,533478,D,KOTAK MAHINDRA MUTUAL FUND - K,KTKFMP52G,1,0.01,KTKFMP52G
BSE,bse_cm,KTKFMP52D,533479,D,KOTAK MAHINDRA MUTUAL FUND - K,KTKFMP52D,1,0.01,KTKFMP52D
BSE,bse_cm,KRIDHANINF,533482,E,KRIDHAN INFRA LIMITED,KRIDHANINF,1,0.01,KRIDHANINF
BSE,bse_cm,INVENTURE,533506,E,INVENTURE GROWTH & SECURITIES,INVENTURE,1,0.01,INVENTURE
BSE,bse_cm,LTF,533519,E,L&T Finance Limited,LTF,1,0.05,LTF
BSE,bse_cm,IBULLSLTD,533520,E,Indiabulls Limited,IBULLSLTD,1,0.01,IBULLSLTD
BSE,bse_cm,KTKFMP55G,533526,D,KOTAK MAHINDRA MUTUAL FUND - K,KTKFMP55G,1,0.01,KTKFMP55G
BSE,bse_cm,KTKFMP55D,533527,D,KOTAK MAHINDRA MUTUAL FUND - K,KTKFMP55D,1,0.01,KTKFMP55D
BSE,bse_cm,TREEHOUSE,533540,E,TREE HOUSE EDUCATION & ACCESSO,TREEHOUSE,1,0.01,TREEHOUSE
BSE,bse_cm,BROOKS,533543,E,BROOKS LABORATORIES LTD.,BROOKS,1,0.01,BROOKS
BSE,bse_cm,RUPA,533552,E,RUPA & COMPANY LTD.,RUPA,1,0.05,RUPA
BSE,bse_cm,TDPOWERSYS,533553,E,T D POWER SYSTEMS LTD.,TDPOWERSYS,1,0.05,TDPOWERSYS
BSE,bse_cm,GOLDAXIS,533570,E,AXIS MUTUAL FUND - AXIS GOLD E,GOLDAXIS,1,0.01,GOLDAXIS
BSE,bse_cm,APLLTD,533573,E,ALEMBIC PHARMACEUTICALS LTD.,APLLTD,1,0.05,APLLTD
BSE,bse_cm,VASWANI,533576,E,VASWANI INDUSTRIES LTD.,VASWANI,1,0.01,VASWANI
BSE,bse_cm,PGEL,533581,E,PG ELECTROPLAST LTD.,PGEL,1,0.05,PGEL
BSE,bse_cm,LESHAIND,533602,E,LESHA INDUSTRIES LTD.,LESHAIND,1,0.01,LESHAIND
BSE,bse_cm,SETUINFRA,533605,E,SETUBANDHAN INFRASTRUCTURE LIM,SETUINFRA,1,0.01,SETUINFRA
BSE,bse_cm,RDBRL,533608,E,RDB RASAYANS LTD.,RDBRL,1,0.05,RDBRL
BSE,bse_cm,TIJARIA,533629,E,TIJARIA POLYPIPES LTD.,TIJARIA,1,0.01,TIJARIA
BSE,bse_cm,ONELIFECAP,533632,E,ONELIFE CAPITAL ADVISORS LTD.,ONELIFECAP,1,0.01,ONELIFECAP
BSE,bse_cm,FLEXITUFF,533638,E,FLEXITUFF VENTURES INTERNATION,FLEXITUFF,1,0.01,FLEXITUFF
BSE,bse_cm,UEL,533644,E,UJAAS ENERGY LIMITED,UEL,1,0.05,UEL
BSE,bse_cm,TRITURBINE,533655,E,TRIVENI TURBINE LTD.,TRITURBINE,1,0.05,TRITURBINE
BSE,bse_cm,INDOTHAI,533676,E,INDO THAI SECURITIES LTD.,INDOTHAI,1,0.05,INDOTHAI
BSE,bse_cm,ESSARSHPNG,533704,E,ESSAR SHIPPING LTD.,ESSARSHPNG,1,0.01,ESSARSHPNG
BSE,bse_cm,LICMFGOLD,533719,E,LIC MUTUAL FUND - LIC MF GOLD ,LICMFGOLD,1,0.01,LICMFGOLD
BSE,bse_cm,APLAPOLLO,533758,E,APL APOLLO TUBES LTD.,APLAPOLLO,1,0.05,APLAPOLLO
BSE,bse_cm,GPTINFRA,533761,E,GPT INFRAPROJECTS LTD.,GPTINFRA,1,0.05,GPTINFRA
BSE,bse_cm,FERVENTSYN,533896,E,FERVENT SYNERGIES LTD.,FERVENTSYN,1,0.01,FERVENTSYN
BSE,bse_cm,THOMASCOTT,533941,E,THOMAS SCOTT (INDIA) LIMITED,THOMASCOTT,1,0.05,THOMASCOTT
BSE,bse_cm,TERASOFT,533982,E,TERA SOFTWARE LTD.,TERASOFT,1,0.05,TERASOFT
BSE,bse_cm,PMCFIN,534060,E,PMC FINCORP LIMITED,PMCFIN,1,0.01,PMCFIN
BSE,bse_cm,FUTSOL,534063,E,FUTURISTIC SOLUTIONS LTD.,FUTSOL,1,0.01,FUTSOL
BSE,bse_cm,AIML,534064,E,ALLIANCE INTEGRATED METALIKS L,AIML,1,0.01,AIML
BSE,bse_cm,RHIM,534076,E,RHI MAGNESITA INDIA LIMITED,RHIM,1,0.05,RHIM
BSE,bse_cm,MCX,534091,E,MULTI COMMODITY EXCHANGE OF IN,MCX,1,0.05,MCX
BSE,bse_cm,PYXISFIN,534109,E,Pyxis Finvest Limited,PYXISFIN,4000,0.01,PYXISFIN
BSE,bse_cm,SCHNEIDER,534139,E,SCHNEIDER ELECTRIC INFRASTRUCT,SCHNEIDER,1,0.05,SCHNEIDER
BSE,bse_cm,OLPCL,534190,E,OLYMPIC CARDS LTD.,OLPCL,1,0.01,OLPCL
BSE,bse_cm,NBCC,534309,E,NBCC (India) Limited,NBCC,1,0.05,NBCC
BSE,bse_cm,MTEDUCARE,534312,E,MT EDUCARE LTD.,MTEDUCARE,1,0.01,MTEDUCARE
BSE,bse_cm,HEXATRADEX,534328,E,HEXA TRADEX LTD.,HEXATRADEX,1,0.05,HEXATRADEX
BSE,bse_cm,MAXHEIGHTS,534338,E,Max heights Infrastucture Ltd,MAXHEIGHTS,1,0.01,MAXHEIGHTS
BSE,bse_cm,TBZ,534369,E,TRIBHOVANDAS BHIMJI ZAVERI LTD,TBZ,1,0.05,TBZ
BSE,bse_cm,VSSL,534392,E,VARDHMAN SPECIAL STEELS LTD.,VSSL,1,0.05,VSSL
BSE,bse_cm,LOOKS,534422,E,LOOKS HEALTH SERVICES LIMITED,LOOKS,1,0.01,LOOKS
BSE,bse_cm,SPECIALITY,534425,E,SPECIALITY RESTAURANTS LTD.,SPECIALITY,1,0.05,SPECIALITY
BSE,bse_cm,AURUS,534532,E,AURUS GEM CORPORATION LIMITED,AURUS,1,0.01,AURUS
BSE,bse_cm,META,534535,E,STRING METAVERSE LIMITED,META,1,0.01,META
BSE,bse_cm,RTNINDIA,534597,E,RATTANINDIA ENTERPRISES LIMITE,RTNINDIA,1,0.01,RTNINDIA
BSE,bse_cm,SAMPANN,534598,E,Sampann Utpadan India Limited,SAMPANN,1,0.01,SAMPANN
BSE,bse_cm,JTLIND,534600,E,JTL INDUSTRIES LIMITED,JTLIND,1,0.01,JTLIND
BSE,bse_cm,AMTL,534612,E,ADVANCE METERING TECHNOLOGY LT,AMTL,1,0.01,AMTL
BSE,bse_cm,NECCLTD,534615,E,NORTH EASTERN CARRYING CORPORA,NECCLTD,1,0.01,NECCLTD
BSE,bse_cm,WAAREERTL,534618,E,WAAREE RENEWABLE TECHNOLOGIES ,WAAREERTL,1,0.05,WAAREERTL
BSE,bse_cm,JUPITERIN,534623,E,JUPITER INFOMEDIA LTD.,JUPITERIN,1,0.01,JUPITERIN
BSE,bse_cm,VINAYAKPOL,534639,E,VINAYAK POLYCON INTERNATIONAL,VINAYAKPOL,1,0.01,VINAYAKPOL
BSE,bse_cm,JOINTECAED,534659,E,JOINTECA EDUCATION SOLUTIONS L,JOINTECAED,8000,0.01,JOINTECAED
BSE,bse_cm,DUCON,534674,E,Ducon Infratechnologies Ltd,DUCON,1,0.01,DUCON
BSE,bse_cm,PROZONER,534675,E,PROZONE REALTY LIMITED,PROZONER,1,0.01,PROZONER
BSE,bse_cm,SRGHFL,534680,E,SRG HOUSING FINANCE LTD.,SRGHFL,1,0.05,SRGHFL
BSE,bse_cm,COMCL,534691,E,COMFORT COMMOTRADE LTD.,COMCL,1,0.01,COMCL
BSE,bse_cm,SHANTIGURU,534708,E,SHANTI GURU INDUSTRIES LIMITED,SHANTIGURU,3000,0.01,SHANTIGURU
BSE,bse_cm,CASPIAN,534732,E,CASPIAN CORPORATE SERVICES LIM,CASPIAN,1,0.01,CASPIAN
BSE,bse_cm,AERPACE,534733,E,Aerpace Industries Limited,AERPACE,1,0.01,AERPACE
BSE,bse_cm,VIRTUALG,534741,E,VIRTUAL GLOBAL EDUCATION LTD.,VIRTUALG,1,0.01,VIRTUALG
BSE,bse_cm,ZUARI,534742,E,ZUARI AGRO CHEMICALS LTD.,ZUARI,1,0.05,ZUARI
BSE,bse_cm,STEELXIND,534748,E,STEEL EXCHANGE INDIA LTD.,STEELXIND,1,0.01,STEELXIND
BSE,bse_cm,TRIOMERC,534755,E,TRIO MERCANTILE & TRADING LTD.,TRIOMERC,1,0.01,TRIOMERC
BSE,bse_cm,CDG,534796,E,CDG PETCHEM LIMITED,CDG,1,0.05,CDG
BSE,bse_cm,CARERATING,534804,E,CARE Ratings Limited,CARERATING,1,0.05,CARERATING
BSE,bse_cm,PCJEWELLER,534809,E,PC JEWELLER LTD.,PCJEWELLER,1,0.01,PCJEWELLER
BSE,bse_cm,INDUSTOWER,534816,E,INDUS TOWERS LIMITED,INDUSTOWER,1,0.05,INDUSTOWER
BSE,bse_cm,ISERA,534920,E,iSERA LIFESCIENCES LIMITED,ISERA,1,0.05,ISERA
BSE,bse_cm,VMART,534976,E,V-MART RETAIL LTD.,VMART,1,0.05,VMART
BSE,bse_cm,NIBE,535136,E,NIBE LIMITED,NIBE,1,0.05,NIBE
BSE,bse_cm,MUKTA,535204,E,Mukta Agriculture Limited,MUKTA,1,0.01,MUKTA
BSE,bse_cm,MYSTICELE,535205,E,Mystic Electronics Limited,MYSTICELE,1,0.01,MYSTICELE
BSE,bse_cm,COMFINCAP,535267,E,COMFORT FINCAP LTD.,COMFINCAP,1,0.01,COMFINCAP
BSE,bse_cm,SBISENSEX,535276,E,SBI MUTUAL FUND - SBI ETF SENS,SBISENSEX,1,0.01,SBISENSEX
BSE,bse_cm,BMAL,535279,E,BOTHRA METALS & ALLOYS LTD.,BMAL,4000,0.01,BMAL
BSE,bse_cm,REPCOHOME,535322,E,REPCO HOME FINANCE LTD.,REPCOHOME,1,0.05,REPCOHOME
BSE,bse_cm,KTKFMP100G,535371,D,KOTAK MAHINDRA MUTUAL FUND - K,KTKFMP100G,1,0.01,KTKFMP100G
BSE,bse_cm,KTKFMP100D,535374,D,KOTAK MAHINDRA MUTUAL FUND - K,KTKFMP100D,1,0.01,KTKFMP100D
BSE,bse_cm,KTKFMP100GD,535375,D,KOTAK MAHINDRA MUTUAL FUND - K,KTKFMP100GD,1,0.01,KTKFMP100GD
BSE,bse_cm,LAKHOTIA,535387,E,LAKHOTIA POLYESTERS (INDIA) LT,LAKHOTIA,1,0.01,LAKHOTIA
BSE,bse_cm,RFXXIII8DG,535427,D,RELIANCE FIXED HORIZON FUND XX,RFXXIII8DG,1,0.01,RFXXIII8DG
BSE,bse_cm,RFHXXIII8G,535429,D,RELIANCE FIXED HORIZON FUND- X,RFHXXIII8G,1,0.01,RFHXXIII8G
BSE,bse_cm,GCMSECU,535431,E,GCM SECURITIES LTD,GCMSECU,1,0.01,GCMSECU
BSE,bse_cm,KTKFMP101G,535439,D,KOTAK MAHINDRA MUTUAL FUND - K,KTKFMP101G,1,0.01,KTKFMP101G
BSE,bse_cm,KTKFMP101D,535440,D,KOTAK MAHINDRA MUTUAL FUND - K,KTKFMP101D,1,0.01,KTKFMP101D
BSE,bse_cm,KTKFMP101GD,535441,D,KOTAK MAHINDRA MUTUAL FUND - K,KTKFMP101GD,1,0.01,KTKFMP101GD
BSE,bse_cm,NIBL,535458,E,NRB INDUSTRIAL BEARINGS LTD.,NIBL,1,0.01,NIBL
BSE,bse_cm,PRIMECAPM,535514,E,PRIME CAPITAL MARKET LTD.,PRIMECAPM,1,0.01,PRIMECAPM
BSE,bse_cm,KIFS,535566,E,KIFS FINANCIAL SERVICES LTD.,KIFS,1,0.05,KIFS
BSE,bse_cm,SREEL,535601,E,SREELEATHERS LTD.,SREEL,1,0.05,SREEL
BSE,bse_cm,SHARDAMOTR,535602,E,SHARDA MOTOR INDUSTRIES LTD,SHARDAMOTR,1,0.05,SHARDAMOTR
BSE,bse_cm,SVGLOBAL,535621,E,S V GLOBAL MILL LTD.,SVGLOBAL,1,0.05,SVGLOBAL
BSE,bse_cm,SDC,535647,E,SDC TECHMEDIA LIMITED,SDC,10000,0.01,SDC
BSE,bse_cm,JUSTDIAL,535648,E,JUST DIAL LTD.,JUSTDIAL,1,0.05,JUSTDIAL
BSE,bse_cm,OONE,535657,E,OBJECTONE INFORMATION SYSTEMS,OONE,1,0.01,OONE
BSE,bse_cm,IFINSEC,535667,E,INDIA FINSEC LTD.,IFINSEC,1,0.05,IFINSEC
BSE,bse_cm,RMFINAFDG8,535683,D,RELIANCE YEARLY INTERVAL FUND,RMFINAFDG8,1,0.01,RMFINAFDG8
BSE,bse_cm,RMFINAFRG8,535684,D,RELIANCE YEARLY INTERVAL FUND,RMFINAFRG8,1,0.01,RMFINAFRG8
BSE,bse_cm,RMFINAFDD8,535685,D,RELIANCE YEARLY INTERVAL FUND-,RMFINAFDD8,1,0.01,RMFINAFDD8
BSE,bse_cm,RMFINAFRD8,535686,D,RELIANCE YEARLY INTERVAL FUND-,RMFINAFRD8,1,0.01,RMFINAFRD8
BSE,bse_cm,RMFINAFDR8,535687,D,RELIANCE YEARLY INTERVAL FUND-,RMFINAFDR8,1,0.01,RMFINAFDR8
BSE,bse_cm,RMFINAFRR8,535688,D,RELIANCE YEARLY INTERVAL FUND-,RMFINAFRR8,1,0.01,RMFINAFRR8
BSE,bse_cm,RXXIII12DG,535689,D,RELIANCE FIXED HORIZON FUND XX,RXXIII12DG,1,0.01,RXXIII12DG
BSE,bse_cm,RFXXIII12G,535690,D,RELIANCE FIXED HORIZON FUND- X,RFXXIII12G,1,0.01,RFXXIII12G
BSE,bse_cm,BRAHMINFRA,535693,E,BRAHMAPUTRA INFRASTRUCTURE LTD,BRAHMINFRA,1,0.05,BRAHMINFRA
BSE,bse_cm,AMPVOLTS,535719,E,AMPVOLTS LIMITED,AMPVOLTS,1,0.01,AMPVOLTS
BSE,bse_cm,KHOOBSURAT,535730,E,KHOOBSURAT LTD,KHOOBSURAT,1,0.01,KHOOBSURAT
BSE,bse_cm,ORIENTCEM,535754,E,ORIENT CEMENT LTD,ORIENTCEM,1,0.05,ORIENTCEM
BSE,bse_cm,ABFRL,535755,E,Aditya Birla Fashion and Retai,ABFRL,1,0.01,ABFRL
BSE,bse_cm,SAMMAANCAP,535789,E,Sammaan Capital Limited,SAMMAANCAP,1,0.05,SAMMAANCAP
BSE,bse_cm,RFXXIV03DG,535881,E,RELIANCE FIXED HORIZON FUND XX,RFXXIV03DG,1,0.01,RFXXIV03DG
BSE,bse_cm,RFHXXIX03G,535883,E,RELIANCE FIXED HORIZON FUND- X,RFHXXIX03G,1,0.01,RFHXXIX03G
BSE,bse_cm,MMLF,535910,E,MONEY MASTERS LEASING & FINANC,MMLF,1,0.01,MMLF
BSE,bse_cm,ALSL,535916,E,ALACRITY SECURITIES LTD,ALSL,1,0.01,ALSL
BSE,bse_cm,GCMCOMM,535917,E,GCM COMMODITY & DERIVATIVES LT,GCMCOMM,6000,0.01,GCMCOMM
BSE,bse_cm,ESSENTIA,535958,E,Integra Essentia Limited,ESSENTIA,1,0.01,ESSENTIA
BSE,bse_cm,RFXXIV04DG,535996,E,RELIANCE FIXED HORIZON FUND XX,RFXXIV04DG,1,0.01,RFXXIV04DG
BSE,bse_cm,RFHXXIV04G,535998,E,RELIANCE FIXED HORIZON FUND- X,RFHXXIV04G,1,0.01,RFHXXIV04G
BSE,bse_cm,KTKFMP110G,536034,D,KOTAK MAHINDRA MUTUAL FUND - K,KTKFMP110G,1,0.01,KTKFMP110G
BSE,bse_cm,KTKFMP110D,536035,D,KOTAK MAHINDRA MUTUAL FUND - K,KTKFMP110D,1,0.01,KTKFMP110D
BSE,bse_cm,KTKFMP110GD,536036,D,KOTAK MAHINDRA MUTUAL FUND - K,KTKFMP110GD,1,0.01,KTKFMP110GD
BSE,bse_cm,KTKFMP111G,536058,D,KOTAK MAHINDRA MUTUAL FUND - K,KTKFMP111G,1,0.01,KTKFMP111G
BSE,bse_cm,KTKFMP111GD,536060,D,KOTAK MAHINDRA MUTUAL FUND - K,KTKFMP111GD,1,0.01,KTKFMP111GD
BSE,bse_cm,RFXXIV05DG,536068,D,RELIANCE FIXED HORIZON FUND XX,RFXXIV05DG,1,0.01,RFXXIV05DG
BSE,bse_cm,RFHXXIV05G,536070,D,RELIANCE FIXED HORIZON FUND- X,RFHXXIV05G,1,0.01,RFHXXIV05G
BSE,bse_cm,RFHXXIV05D,536071,D,RELIANCE FIXED HORIZON FUND- X,RFHXXIV05D,1,0.01,RFHXXIV05D
BSE,bse_cm,JULIEN,536073,E,JULIEN AGRO INFRATECH LIMITED,JULIEN,1,0.01,JULIEN
BSE,bse_cm,RFXXIV11DG,536117,E,RELIANCE FIXED HORIZON FUND XX,RFXXIV11DG,1,0.01,RFXXIV11DG
BSE,bse_cm,RFHXXIV11G,536119,E,RELIANCE FIXED HORIZON FUND- X,RFHXXIV11G,1,0.01,RFHXXIV11G
BSE,bse_cm,RFXXIV07DG,536153,E,RELIANCE FIXED HORIZON FUND XX,RFXXIV07DG,1,0.01,RFXXIV07DG
BSE,bse_cm,RFXXIV07DD,536154,E,RELIANCE FIXED HORIZON FUND- X,RFXXIV07DD,1,0.01,RFXXIV07DD
BSE,bse_cm,RFHXXIV07G,536155,E,RELIANCE FIXED HORIZON FUND- X,RFHXXIV07G,1,0.01,RFHXXIV07G
BSE,bse_cm,RFHXXIV07D,536156,E,RELIANCE FIXED HORIZON FUND- X,RFHXXIV07D,1,0.01,RFHXXIV07D
BSE,bse_cm,RFXXIV10DG,536166,D,RELIANCE FIXED HORIZON FUND XX,RFXXIV10DG,1,0.01,RFXXIV10DG
BSE,bse_cm,RFHXXIV10G,536168,D,RELIANCE FIXED HORIZON FUND- X,RFHXXIV10G,1,0.01,RFHXXIV10G
BSE,bse_cm,RFXXIV15DG,536249,E,RELIANCE FIXED HORIZON FUND XX,RFXXIV15DG,1,0.01,RFXXIV15DG
BSE,bse_cm,RFHXXIV15G,536251,E,RELIANCE FIXED HORIZON FUND- X,RFHXXIV15G,1,0.01,RFHXXIV15G
BSE,bse_cm,TIGERLOGS,536264,E,TIGER LOGISTICS (INDIA) LTD,TIGERLOGS,1,0.01,TIGERLOGS
BSE,bse_cm,JKAGRI,536493,E,JK AGRI GENETICS LTD,JKAGRI,1,0.05,JKAGRI
BSE,bse_cm,FLFL,536507,E,FUTURE LIFESTYLE FASHIONS LTD,FLFL,1,0.01,FLFL
BSE,bse_cm,NOVELIX,536565,E,NOVELIX PHARMACEUTICALS LIMITE,NOVELIX,1,0.01,NOVELIX
BSE,bse_cm,PVVINFRA,536659,E,PVV Infra Limited,PVVINFRA,1,0.01,PVVINFRA
BSE,bse_cm,VCU,536672,E,VCU DATA MANAGEMENT LTD,VCU,1,0.01,VCU
BSE,bse_cm,INDRENEW,536709,E,IND Renewable Energy Ltd,INDRENEW,1,0.01,INDRENEW
BSE,bse_cm,SRGFFL,536710,E,SRG FINGROW FINANCE LIMITED,SRGFFL,3000,0.01,SRGFFL
BSE,bse_cm,ACFSL,536737,E,AMRAPALI CAPITAL AND FINANCE S,ACFSL,1200,0.01,ACFSL
BSE,bse_cm,STELLAR,536738,E,STELLAR CAPITAL SERVICES LTD,STELLAR,6000,0.01,STELLAR
BSE,bse_cm,JPOLYINVST,536773,E,JINDAL POLY INVESTMENT AND FIN,JPOLYINVST,1,0.05,JPOLYINVST
BSE,bse_cm,RFXXIV25DD,536823,D,RELIANCE FIXED HORIZON FUND- X,RFXXIV25DD,1,0.01,RFXXIV25DD
BSE,bse_cm,RFXXIV25DG,536825,D,RELIANCE FIXED HORIZON FUND- X,RFXXIV25DG,1,0.01,RFXXIV25DG
BSE,bse_cm,RFHXXIV25D,536827,D,RELIANCE FIXED HORIZON FUND- X,RFHXXIV25D,1,0.01,RFHXXIV25D
BSE,bse_cm,RFHXXIV25G,536828,D,RELIANCE FIXED HORIZON FUND- X,RFHXXIV25G,1,0.01,RFHXXIV25G
BSE,bse_cm,YURANUS,536846,E,YURANUS INFRASTRUCTURE LTD,YURANUS,1,0.05,YURANUS
BSE,bse_cm,NFXXV01DG,536859,D,RELIANCE MUTUAL FUND- RELIANCE,NFXXV01DG,1,0.01,NFXXV01DG
BSE,bse_cm,NFHXXV01G,536861,D,RELIANCE MUTUAL FUND- RELIANCE,NFHXXV01G,1,0.01,NFHXXV01G
BSE,bse_cm,MOM100,536960,E,MOTILAL OSWAL MUTUAL FUND - MO,MOM100,1,0.01,MOM100
BSE,bse_cm,NFXXV06DG,536967,D,RELIANCE MUTUAL FUND- RELIANCE,NFXXV06DG,1,0.01,NFXXV06DG
BSE,bse_cm,NFHXXV06G,536969,D,RELIANCE MUTUAL FUND- RELIANCE,NFHXXV06G,1,0.01,NFHXXV06G
BSE,bse_cm,CPL,536974,E,CAPTAIN POLYPLAST LTD,CPL,1,0.01,CPL
BSE,bse_cm,NIFTYIETF,537007,E,ICICI Prudential Nifty ETF,NIFTYIETF,1,0.01,NIFTYIETF
BSE,bse_cm,NIF100IETF,537008,E,ICICI Prudential Nifty 100 ETF,NIF100IETF,1,0.01,NIF100IETF
BSE,bse_cm,ARNOLD,537069,E,ARNOLD HOLDINGS LTD,ARNOLD,1,0.01,ARNOLD
BSE,bse_cm,NFXXV11DG,537135,D,RELIANCE MUTUAL FUND- RELIANCE,NFXXV11DG,1,0.01,NFXXV11DG
BSE,bse_cm,NFHXXV11G,537136,D,RELIANCE MUTUAL FUND- RELIANCE,NFHXXV11G,1,0.01,NFHXXV11G
BSE,bse_cm,SUNLOC,537253,E,SUNIL HEALTHCARE LTD,SUNLOC,1,0.01,SUNLOC
BSE,bse_cm,SUYOG,537259,E,SUYOG TELEMATICS LTD,SUYOG,1,0.05,SUYOG
BSE,bse_cm,NATHBIOGEN,537291,E,NATH BIO-GENES (INDIA) LTD,NATHBIOGEN,1,0.05,NATHBIOGEN
BSE,bse_cm,AGRITECH,537292,E,AGRI- TECH (INDIA) LTD,AGRITECH,1,0.05,AGRITECH
BSE,bse_cm,CHEMTECH,537326,E,CHEMTECH INDUSTRIAL VALVES LTD,CHEMTECH,1,0.01,CHEMTECH
BSE,bse_cm,HCPO36MJDG,537378,D,HDFC MUTUAL FUND - HDFC CAPITA,HCPO36MJDG,1,0.01,HCPO36MJDG
BSE,bse_cm,HCPO36MJDD,537379,D,HDFC MUTUAL FUND - HDFC CAPITA,HCPO36MJDD,1,0.01,HCPO36MJDD
BSE,bse_cm,HCPO36MJRD,537381,D,HDFC MUTUAL FUND - HDFC CAPITA,HCPO36MJRD,1,0.01,HCPO36MJRD
BSE,bse_cm,NFXXV18DG,537459,D,RELIANCE MUTUAL FUND- RELIANCE,NFXXV18DG,1,0.01,NFXXV18DG
BSE,bse_cm,NFHXXV18G,537463,D,RELIANCE MUTUAL FUND- RELIANCE,NFHXXV18G,1,0.01,NFHXXV18G
BSE,bse_cm,NIF100BEES,537483,E,NIPPON INDIA ETF NIFTY 100,NIF100BEES,1,0.01,NIF100BEES
BSE,bse_cm,DENISCHEM,537536,E,DENIS CHEM LAB LTD,DENISCHEM,1,0.01,DENISCHEM
BSE,bse_cm,NFXXV20DD,537560,D,RELIANCE MUTUAL FUND-RELIANCE,NFXXV20DD,1,0.01,NFXXV20DD
BSE,bse_cm,NFXXV20DG,537561,D,RELIANCE MUTUAL FUND- RELIANCE,NFXXV20DG,1,0.01,NFXXV20DG
BSE,bse_cm,NFHXXV20D,537562,D,RELIANCE MUTUAL FUND- RELIANCE,NFHXXV20D,1,0.01,NFHXXV20D
BSE,bse_cm,NFHXXV20G,537563,D,RELIANCE MUTUAL FUND- RELIANCE,NFHXXV20G,1,0.01,NFHXXV20G
BSE,bse_cm,POLYMAC,537573,E,POLYMAC THERMOFORMERS LTD,POLYMAC,800,0.01,POLYMAC
BSE,bse_cm,UNISHIRE,537582,E,UNISHIRE URBAN INFRA LTD,UNISHIRE,10000,0.01,UNISHIRE
BSE,bse_cm,LAXMIPATI,537669,E,LAXMIPATI ENGINEERING WORKS LI,LAXMIPATI,500,0.05,LAXMIPATI
BSE,bse_cm,LADDU,537707,E,LADDU GOPAL ONLINE SERVICES LI,LADDU,1,0.01,LADDU
BSE,bse_cm,NIFTY1,537708,E,KOTAK MAHINDRA MUTUAL FUND - K,NIFTY1,1,0.01,NIFTY1
BSE,bse_cm,HANSUGAR,537709,E,SHREE HANUMAN SUGAR & INDUSTRI,HANSUGAR,1,0.01,HANSUGAR
BSE,bse_cm,KIRANVYPAR,537750,E,KIRAN VYAPAR LTD,KIRANVYPAR,1,0.05,KIRANVYPAR
BSE,bse_cm,NFXXV26DG,537752,D,RELIANCE MUTUAL FUND- RELIANCE,NFXXV26DG,1,0.01,NFXXV26DG
BSE,bse_cm,NFHXXV26G,537754,D,RELIANCE MUTUAL FUND- RELIANCE,NFHXXV26G,1,0.01,NFHXXV26G
BSE,bse_cm,BCP,537766,E,B.C. POWER CONTROLS LTD,BCP,1,0.01,BCP
BSE,bse_cm,KCSL,537784,E,KARNIMATA COLD STORAGE LTD,KCSL,6000,0.01,KCSL
BSE,bse_cm,RACE,537785,E,RACE ECO CHAIN LIMITED,RACE,1,0.05,RACE
BSE,bse_cm,MANGIND,537800,E,MANGALAM INDUSTRIAL FINANCE LT,MANGIND,1,0.01,MANGIND
BSE,bse_cm,VIJIFIN,537820,E,VIJI FINANCE LTD,VIJIFIN,1,0.01,VIJIFIN
BSE,bse_cm,HBGHOTELS,537839,E,HBG HOTELS LIMITED,HBGHOTELS,1,0.01,HBGHOTELS
BSE,bse_cm,RAUNAQ,537840,E,RAUNAQ INTERNATIONAL LIMITED,RAUNAQ,1,0.01,RAUNAQ
BSE,bse_cm,NFXXV32DG,537912,D,RELIANCE MUTUAL FUND- RELIANCE,NFXXV32DG,1,0.01,NFXXV32DG
BSE,bse_cm,NFHXXV32G,537913,D,RELIANCE MUTUAL FUND- RELIANCE,NFHXXV32G,1,0.01,NFHXXV32G
BSE,bse_cm,NFXXVI01DD,537941,D,RELIANCE MUTUAL FUND- RELIANCE,NFXXVI01DD,1,0.01,NFXXVI01DD
BSE,bse_cm,NFXXVI01DG,537942,D,RELIANCE MUTUAL FUND- RELIANCE,NFXXVI01DG,1,0.01,NFXXVI01DG
BSE,bse_cm,NFHXXVI01D,537943,D,RELIANCE MUTUAL FUND- RELIANCE,NFHXXVI01D,1,0.01,NFHXXVI01D
BSE,bse_cm,NFHXXVI01G,537944,D,RELIANCE MUTUAL FUND- RELIANCE,NFHXXVI01G,1,0.01,NFHXXVI01G
BSE,bse_cm,INFRONICS,537985,E,INFRONICS SYSTEMS LTD,INFRONICS,1,0.01,INFRONICS
BSE,bse_cm,CPSEETF,538057,E,CPSE ETF,CPSEETF,1,0.01,CPSEETF
BSE,bse_cm,HARIAAPL,538081,E,HARIA APPARELS LTD,HARIAAPL,1,0.01,HARIAAPL
BSE,bse_cm,VASUPRADA,538092,E,SHRI VASUPRADA PLANTATIONS LIM,VASUPRADA,1,0.05,VASUPRADA
BSE,bse_cm,NFXXVI09DG,538100,D,RELIANCE MUTUAL FUND- RELIANCE,NFXXVI09DG,1,0.01,NFXXVI09DG
BSE,bse_cm,NFHXXVI09G,538109,D,RELIANCE MUTUAL FUND- RELIANCE,NFHXXVI09G,1,0.01,NFHXXVI09G
BSE,bse_cm,RNBDENIMS,538119,E,R&B DENIMS LTD,RNBDENIMS,1,0.01,RNBDENIMS
BSE,bse_cm,SHARPINV,538212,E,SHARP INVESTMENTS LTD,SHARPINV,1,0.01,SHARPINV
BSE,bse_cm,WONDERLA,538268,E,WONDERLA HOLIDAYS LTD,WONDERLA,1,0.05,WONDERLA
BSE,bse_cm,NFXXVI14DG,538270,D,RELIANCE MUTUAL FUND- RELIANCE,NFXXVI14DG,1,0.01,NFXXVI14DG
BSE,bse_cm,NFHXXVI14D,538271,D,RELIANCE MUTUAL FUND- RELIANCE,NFHXXVI14D,1,0.01,NFHXXVI14D
BSE,bse_cm,NFHXXVI14G,538272,D,RELIANCE MUTUAL FUND- RELIANCE,NFHXXVI14G,1,0.01,NFHXXVI14G
BSE,bse_cm,RESPONSINF,538273,E,RESPONSE INFORMATICS LTD,RESPONSINF,1,0.01,RESPONSINF
BSE,bse_cm,GCMCAPI,538319,E,GCM CAPITAL ADVISORS LTD,GCMCAPI,1000,0.01,GCMCAPI
BSE,bse_cm,SDFSA24GD,538341,D,SBI DEBT FUND SERIES A-24- DIR,SDFSA24GD,1,0.01,SDFSA24GD
BSE,bse_cm,AFEL,538351,E,A.F. ENTERPRISES LTD,AFEL,1,0.01,AFEL
BSE,bse_cm,NFXXVI22DD,538352,D,RELIANCE MUTUAL FUND- RELIANCE,NFXXVI22DD,1,0.01,NFXXVI22DD
BSE,bse_cm,NFHXXVI22DG,538353,D,RELIANCE MUTUAL FUND- RELIANCE,NFHXXVI22DG,1,0.01,NFHXXVI22DG
BSE,bse_cm,NFHXXVI22G,538355,D,RELIANCE MUTUAL FUND- RELIANCE,NFHXXVI22G,1,0.01,NFHXXVI22G
BSE,bse_cm,INCREDIBLE,538365,E,INCREDIBLE INDUSTRIES LIMITED,INCREDIBLE,1,0.01,INCREDIBLE
BSE,bse_cm,WESTLEIRES,538382,E,WEST LEISURE RESORTS LTD,WESTLEIRES,1,0.01,WESTLEIRES
BSE,bse_cm,RFHXXVI24DG,538392,D,RELIANCE FIXED HORIZON FUND- X,RFHXXVI24DG,1,0.01,RFHXXVI24DG
BSE,bse_cm,RFHXXVI24G,538394,D,RELIANCE FIXED HORIZON FUND- X,RFHXXVI24G,1,0.01,RFHXXVI24G
BSE,bse_cm,NAM,538395,E,NAM SECURITIES LTD,NAM,1,0.01,NAM
BSE,bse_cm,METSL,538401,E,MAESTROS ELECTRONICS & TELECOM,METSL,1,0.05,METSL
BSE,bse_cm,JACKSON,538422,E,JACKSON INVESTMENTS LTD,JACKSON,1,0.01,JACKSON
BSE,bse_cm,RFXXVI23DD,538428,D,RELIANCE FIXED HORIZON FUND- X,RFXXVI23DD,1,0.01,RFXXVI23DD
BSE,bse_cm,RFXXVI23DG,538429,D,RELIANCE FIXED HORIZON FUND- X,RFXXVI23DG,1,0.01,RFXXVI23DG
BSE,bse_cm,RFHXXVI23D,538430,D,RELIANCE FIXED HORIZON FUND- X,RFHXXVI23D,1,0.01,RFHXXVI23D
BSE,bse_cm,RFHXXVI23G,538431,D,RELIANCE FIXED HORIZON FUND- X,RFHXXVI23G,1,0.01,RFHXXVI23G
BSE,bse_cm,MONEYBOXX,538446,E,MONEYBOXX FINANCE LIMITED,MONEYBOXX,1,0.01,MONEYBOXX
BSE,bse_cm,WORTH,538451,E,WORTH INVESTMENT & TRADING CO,WORTH,1,0.01,WORTH
BSE,bse_cm,TPROJECT,538464,E,THIRANI PROJECTS LTD,TPROJECT,1,0.01,TPROJECT
BSE,bse_cm,AMARSEC,538465,E,AMARNATH SECURITIES LTD,AMARSEC,1,0.01,AMARSEC
BSE,bse_cm,CTL,538476,E,CAPITAL TRADE LINKS LTD,CTL,1,0.01,CTL
BSE,bse_cm,TARINI,538496,E,TARINI INTERNATIONAL LTD,TARINI,3000,0.01,TARINI
BSE,bse_cm,YAANENT,538521,E,YAAN ENTERPRISES LIMITED,YAANENT,1,0.05,YAANENT
BSE,bse_cm,NFXXVI30DD,538522,D,RELIANCE MUTUAL FUND- RELIANCE,NFXXVI30DD,1,0.01,NFXXVI30DD
BSE,bse_cm,NFXXVI30DG,538523,D,RELIANCE MUTUAL FUND- RELIANCE,NFXXVI30DG,1,0.01,NFXXVI30DG
BSE,bse_cm,NFHXXVI30D,538524,D,RELIANCE MUTUAL FUND- RELIANCE,NFHXXVI30D,1,0.01,NFHXXVI30D
BSE,bse_cm,NFHXXVI30G,538525,D,RELIANCE MUTUAL FUND- RELIANCE,NFHXXVI30G,1,0.01,NFHXXVI30G
BSE,bse_cm,ANVRDHI,538539,E,ANNVRRIDHHI VENTURES LIMITED,ANVRDHI,1,0.01,ANVRDHI
BSE,bse_cm,RAAMA,538540,E,RAAMA FINANCE LIMITED,RAAMA,1,0.01,RAAMA
BSE,bse_cm,GOLDCOINHF,538542,E,GOLD COIN HEALTH FOODS LTD,GOLDCOINHF,1,0.01,GOLDCOINHF
BSE,bse_cm,BRPL,538546,E,BANSAL ROOFING PRODUCTS LTD,BRPL,1,0.05,BRPL
BSE,bse_cm,ARMAN,538556,E,ARMAN HOLDINGS LTD,ARMAN,1,0.05,ARMAN
BSE,bse_cm,SKIPPER,538562,E,SKIPPER LTD,SKIPPER,1,0.05,SKIPPER
BSE,bse_cm,SMTEL,538563,E,SMT ENGINEERING LIMITED,SMTEL,1,0.05,SMTEL
BSE,bse_cm,JAMESWARREN,538564,E,JAMES WARREN TEA LTD,JAMESWARREN,1,0.05,JAMESWARREN
BSE,bse_cm,VISTARAMAR,538565,E,Vistar Amar Limited,VISTARAMAR,1,0.05,VISTARAMAR
BSE,bse_cm,GULFOILLUB,538567,E,GULF OIL LUBRICANTS INDIA LTD,GULFOILLUB,1,0.05,GULFOILLUB
BSE,bse_cm,FRUTION,538568,E,FRUITION VENTURE LTD,FRUTION,1,0.01,FRUTION
BSE,bse_cm,TRIVENIENT,538569,E,TRIVENI ENTERPRISES LTD,TRIVENIENT,1,0.01,TRIVENIENT
BSE,bse_cm,BHANDERI,538576,E,BHANDERI INFRACON LTD,BHANDERI,1200,0.05,BHANDERI
BSE,bse_cm,ZINEMA,538579,E,ZINEMA MEDIA AND ENTERTAINMENT,ZINEMA,4000,0.01,ZINEMA
BSE,bse_cm,NCAPBULADD,538591,E,RELIANCE MUTUAL FUND - RELIANC,NCAPBULADD,1,0.01,NCAPBULADD
BSE,bse_cm,NCAPBULADG,538592,E,RELIANCE MUTUAL FUND- RELIANCE,NCAPBULADG,1,0.01,NCAPBULADG
BSE,bse_cm,NCAPBUILAD,538593,E,RELIANCE MUTUAL FUND- RELIANCE,NCAPBUILAD,1,0.01,NCAPBUILAD
BSE,bse_cm,NCAPBUILAG,538594,E,RELIANCE MUTUAL FUND- RELIANCE,NCAPBUILAG,1,0.01,NCAPBUILAG
BSE,bse_cm,CEMAINFRA,538596,E,CEMANTIC INFRA-TECH LIMITED,CEMAINFRA,1,0.01,CEMAINFRA
BSE,bse_cm,TTIENT,538597,E,TTI ENTERPRISE LTD,TTIENT,1,0.01,TTIENT
BSE,bse_cm,VISHAL,538598,E,VISHAL FABRICS LTD,VISHAL,1,0.01,VISHAL
BSE,bse_cm,TOYAMSL,538607,E,TOYAM SPORTS LIMITED,TOYAMSL,1,0.01,TOYAMSL
BSE,bse_cm,GAJANANSEC,538609,E,GAJANAN SECURITIES SERVICES LT,GAJANANSEC,1,0.01,GAJANANSEC
BSE,bse_cm,UNISON,538610,E,UNISON METALS LTD,UNISON,1,0.01,UNISON
BSE,bse_cm,RTFL,538611,E,Real Touch Finance Limited,RTFL,1,0.01,RTFL
BSE,bse_cm,NCAPBULBDD,538630,E,RELIANCE MUTUAL FUND - RELIANC,NCAPBULBDD,1,0.01,NCAPBULBDD
BSE,bse_cm,NCAPBULBDG,538631,E,RELIANCE MUTUAL FUND- RELIANCE,NCAPBULBDG,1,0.01,NCAPBULBDG
BSE,bse_cm,NCAPBUILBD,538632,E,RELIANCE MUTUAL FUND- RELIANCE,NCAPBUILBD,1,0.01,NCAPBUILBD
BSE,bse_cm,NCAPBUILBG,538633,E,RELIANCE MUTUAL FUND- RELIANCE,NCAPBUILBG,1,0.01,NCAPBUILBG
BSE,bse_cm,VRL,538634,E,VASUNDHARA RASAYANS LTD,VRL,1,0.05,VRL
BSE,bse_cm,SNOWMAN,538635,E,SNOWMAN LOGISTICS LTD,SNOWMAN,1,0.01,SNOWMAN
BSE,bse_cm,QGO,538646,E,QGO FINANCE LIMITED,QGO,1,0.01,QGO
BSE,bse_cm,PURSHOTTAM,538647,E,PURSHOTTAM INVESTOFIN LTD,PURSHOTTAM,1,0.01,PURSHOTTAM
BSE,bse_cm,HCLTD,538652,E,HIND COMMERCE LIMITED,HCLTD,1,0.01,HCLTD
BSE,bse_cm,SHARDACROP,538666,E,Sharda Cropchem Limited,SHARDACROP,1,0.05,SHARDACROP
BSE,bse_cm,SIROHIA,538667,E,Sirohia & Sons Limited,SIROHIA,10000,0.01,SIROHIA
BSE,bse_cm,MIIL,538668,E,Meghna Infracon Infrastructure,MIIL,1,0.05,MIIL
BSE,bse_cm,CITYONLINE,538674,E,City Online Services Limited,CITYONLINE,1,0.01,CITYONLINE
BSE,bse_cm,SENSEXBEES,538683,E,NIPPON INDIA ETF SENSEX,SENSEXBEES,1,0.01,SENSEXBEES
BSE,bse_cm,SHEMAROO,538685,E,SHEMAROO ENTERTAINMENT LIMITED,SHEMAROO,1,0.05,SHEMAROO
BSE,bse_cm,ULTRACAB,538706,E,Ultracab (India) Limited,ULTRACAB,1,0.01,ULTRACAB
BSE,bse_cm,RCCL,538707,E,Rajasthan Cylinders & Containe,RCCL,1,0.01,RCCL
BSE,bse_cm,ETIL,538708,E,Econo Trade (India) Limited,ETIL,1,0.01,ETIL
BSE,bse_cm,ATISHAY,538713,E,Atishay Limited,ATISHAY,1,0.05,ATISHAY
BSE,bse_cm,SANGAMFIN,538714,E,Sangam Finserv Limited,SANGAMFIN,1,0.01,SANGAMFIN
BSE,bse_cm,DHABRIYA,538715,E,Dhabriya Polywood Limited,DHABRIYA,1,0.05,DHABRIYA
BSE,bse_cm,ARYACAPM,538716,E,Aryaman Capital Markets Limite,ARYACAPM,1,0.05,ARYACAPM
BSE,bse_cm,PDSL,538730,E,PDS LIMITED,PDSL,1,0.05,PDSL
BSE,bse_cm,HANMAN,538731,E,HANMAN FIT LIMITED,HANMAN,4200,0.01,HANMAN
BSE,bse_cm,VGCL,538732,E,Vibrant Global Capital Limited,VGCL,1,0.01,VGCL
BSE,bse_cm,CEINSYS,538734,E,CEINSYS TECH LIMITED,CEINSYS,1,0.05,CEINSYS
BSE,bse_cm,PANABYTE,538742,E,PANABYTE TECHNOLOGIES LIMITED,PANABYTE,1,0.01,PANABYTE
BSE,bse_cm,JSHL,538765,E,JLA Infraville Shoppers Limite,JSHL,5000,0.01,JSHL
BSE,bse_cm,CRANEINFRA,538770,E,Crane Infrastructure Limited,CRANEINFRA,1,0.01,CRANEINFRA
BSE,bse_cm,NIYOGIN,538772,E,Niyogin Fintech Limited,NIYOGIN,1,0.01,NIYOGIN
BSE,bse_cm,ASIACAP,538777,E,ASIA CAPITAL LIMITED,ASIACAP,1,0.01,ASIACAP
BSE,bse_cm,KALYANCAP,538778,E,Kalyan Capitals Limited,KALYANCAP,1,0.01,KALYANCAP
BSE,bse_cm,CITIZEN,538786,E,Citizen Solar Limited,CITIZEN,1,0.05,CITIZEN
BSE,bse_cm,GBFL,538787,E,Goenka Business & Finance Limi,GBFL,1,0.01,GBFL
BSE,bse_cm,GILADAFINS,538788,E,Gilada Finance & Investments L,GILADAFINS,1,0.01,GILADAFINS
BSE,bse_cm,JETSOLAR,538794,E,JET SOLAR LIMITED,JETSOLAR,4000,0.01,JETSOLAR
BSE,bse_cm,SAPPL,538795,E,Shree Ajit Pulp And Paper Ltd.,SAPPL,1,0.05,SAPPL
BSE,bse_cm,AANCHALISP,538812,E,Aanchal Ispat Limited,AANCHALISP,1,0.05,AANCHALISP
BSE,bse_cm,CAPPIPES,538817,E,Captain Pipes Limited,CAPPIPES,1,0.01,CAPPIPES
BSE,bse_cm,KAIZENAGRO,538833,E,KAIZEN AGRO INFRABUILD LIMITED,KAIZENAGRO,1,0.01,KAIZENAGRO
BSE,bse_cm,JMJFIN,538834,E,JMJ Fintech Limited,JMJFIN,1,0.01,JMJFIN
BSE,bse_cm,INTELLECT,538835,E,INTELLECT DESIGN ARENA LIMITED,INTELLECT,1,0.05,INTELLECT
BSE,bse_cm,MONTECARLO,538836,E,Monte Carlo Fashions Limited,MONTECARLO,1,0.05,MONTECARLO
BSE,bse_cm,JSTL,538837,E,Jeevan Scientific Technology L,JSTL,1,0.01,JSTL
BSE,bse_cm,ICL,538838,E,Indo Cotspin Limited,ICL,1,0.01,ICL
BSE,bse_cm,SCC,538857,E,Scintilla Commercial & Credit ,SCC,1,0.01,SCC
BSE,bse_cm,PANAFIC,538860,E,PANAFIC INDUSTRIALS LTD,PANAFIC,1,0.01,PANAFIC
BSE,bse_cm,MYMONEY,538862,E,My Money Securities Ltd.,MYMONEY,1,0.01,MYMONEY
BSE,bse_cm,AMARNATH,538863,E,SRI AMARNATH FINANCE LIMITED,AMARNATH,1,0.01,AMARNATH
BSE,bse_cm,CSL,538868,E,Continental Securities Limited,CSL,1,0.01,CSL
BSE,bse_cm,NEXUSSURGL,538874,E,NEXUS SURGICAL AND MEDICARE LI,NEXUSSURGL,1,0.01,NEXUSSURGL
BSE,bse_cm,GALADAFIN,538881,E,Galada Finance Limited,GALADAFIN,1,0.01,GALADAFIN
BSE,bse_cm,EMERALD,538882,E,Emerald Finance Limited,EMERALD,1,0.01,EMERALD
BSE,bse_cm,MKEXIM,538890,E,M. K. Exim (India) Ltd.,MKEXIM,1,0.01,MKEXIM
BSE,bse_cm,MCLOUD,538891,E,MAGELLANIC CLOUD LIMITED,MCLOUD,1,0.01,MCLOUD
BSE,bse_cm,OCTAL,538894,E,Octal Credit Capital Ltd.,OCTAL,1,0.01,OCTAL
BSE,bse_cm,MIHIKA,538895,E,Mihika Industries Ltd.,MIHIKA,1,0.01,MIHIKA
BSE,bse_cm,KANCHI,538896,E,Kanchi Karpooram Ltd.,KANCHI,1,0.05,KANCHI
BSE,bse_cm,SHRINIWAS,538897,E,Shri Niwas Leasing and Finance,SHRINIWAS,1,0.01,SHRINIWAS
BSE,bse_cm,DTIL,538902,E,Dhunseri Tea & Industries Ltd,DTIL,1,0.05,DTIL
BSE,bse_cm,VANICOM,538918,E,Vani Commercials Limited,VANICOM,1,0.01,VANICOM
BSE,bse_cm,VINCOFE,538920,E,VINTAGE COFFEE AND BEVERAGES L,VINCOFE,1,0.05,VINCOFE
BSE,bse_cm,RAFL,538921,E,Raghuvansh Agrofarms Limited,RAFL,625,0.01,RAFL
BSE,bse_cm,COSYN,538922,E,COSYN Limited,COSYN,1,0.01,COSYN
BSE,bse_cm,SOFCOM,538923,E,SOFCOM SYSTEMS LIMITED,SOFCOM,1,0.01,SOFCOM
BSE,bse_cm,NAPL,538926,E,Naturite Agro Products Limited,NAPL,1,0.05,NAPL
BSE,bse_cm,KARNAVATI,538928,E,Karnavati Finance Limited,KARNAVATI,1,0.01,KARNAVATI
BSE,bse_cm,ABHIFIN,538935,E,Abhishek Finlease limited,ABHIFIN,1,0.01,ABHIFIN
BSE,bse_cm,MERCANTILE,538942,E,Mercantile Ventures Limited,MERCANTILE,1,0.01,MERCANTILE
BSE,bse_cm,SONAL,538943,E,Sonal Mercantile Limited,SONAL,1,0.01,SONAL
BSE,bse_cm,ALFL,538952,E,Abhinav Leasing & Finance Limi,ALFL,1,0.01,ALFL
BSE,bse_cm,GENUSPAPER,538961,E,GENUS PAPER & BOARDS LIMITED,GENUSPAPER,1,0.01,GENUSPAPER
BSE,bse_cm,MINDACORP,538962,E,Minda Corporation Limited,MINDACORP,1,0.05,MINDACORP
BSE,bse_cm,MERCURYLAB,538964,E,Mercury Laboratories Limited,MERCURYLAB,1,0.05,MERCURYLAB
BSE,bse_cm,CONCORD,538965,E,Concord Drugs Limited,CONCORD,1,0.01,CONCORD
BSE,bse_cm,WARDINMOBI,538970,E,WARDWIZARD INNOVATIONS AND MOB,WARDINMOBI,1,0.01,WARDINMOBI
BSE,bse_cm,SHREESEC,538975,E,Shree Securities Ltd.,SHREESEC,1,0.01,SHREESEC
BSE,bse_cm,GREENLAM,538979,E,Greenlam Industries Ltd,GREENLAM,1,0.05,GREENLAM
BSE,bse_cm,TALBROSENG,538987,E,TALBROS ENGINEERING LIMITED,TALBROSENG,1,0.05,TALBROSENG
BSE,bse_cm,SAPL,538992,E,Sar  Auto Products Limited,SAPL,1,0.05,SAPL
BSE,bse_cm,PUROHITCON,538993,E,Purohit Construction Limited,PUROHITCON,1,0.01,PUROHITCON
BSE,bse_cm,JAYATMA,539005,E,JAYATMA ENTERPRISES LIMITED,JAYATMA,1,0.01,JAYATMA
BSE,bse_cm,PTCIL,539006,E,PTC Industries Ltd.,PTCIL,1,0.05,PTCIL
BSE,bse_cm,CHENFERRO,539011,E,CHENNAI FERROUS INDUSTRIES LIM,CHENFERRO,1,0.01,CHENFERRO
BSE,bse_cm,MEGRISOFT,539012,E,Megri Soft Limited,MEGRISOFT,1,0.01,MEGRISOFT
BSE,bse_cm,GITARENEW,539013,E,GITA RENEWABLE ENERGY LIMITED,GITARENEW,1,0.01,GITARENEW
BSE,bse_cm,KALPACOMME,539014,E,Kalpa Commercial Limited,KALPACOMME,1,0.01,KALPACOMME
BSE,bse_cm,ORTEL,539015,E,Ortel Communications Limited,ORTEL,1,0.01,ORTEL
BSE,bse_cm,NEIL,539016,E,Neil Industries Ltd.,NEIL,1,0.01,NEIL
BSE,bse_cm,STARHFL,539017,E,STAR HOUSING FINANCE LIMITED,STARHFL,1,0.01,STARHFL
BSE,bse_cm,BEEKAY,539018,E,Beekay Steel Industries Ltd.,BEEKAY,1,0.05,BEEKAY
BSE,bse_cm,SSPNFIN,539026,E,SSPN Finance Limited,SSPNFIN,4000,0.01,SSPNFIN
BSE,bse_cm,SETFBSE100,539031,E,SBI Mutual Fund,SETFBSE100,1,0.01,SETFBSE100
BSE,bse_cm,FRASER,539032,E,Fraser And Company Limited,FRASER,1,0.01,FRASER
BSE,bse_cm,TIRUPATIIN,539040,E,TIRUPATI INNOVAR LIMITED,TIRUPATIIN,1,0.01,TIRUPATIIN
BSE,bse_cm,GANVERSE,539041,E,GANESHA ECOVERSE LIMITED,GANVERSE,1250,0.01,GANVERSE
BSE,bse_cm,AGIIL,539042,E,AGI Infra Limited,AGIIL,1,0.05,AGIIL
BSE,bse_cm,MANAKSTEEL,539044,E,Manaksia Steels Limited,MANAKSTEEL,1,0.01,MANAKSTEEL
BSE,bse_cm,MANAKALUCO,539045,E,Manaksia Aluminium Company Ltd,MANAKALUCO,1,0.01,MANAKALUCO
BSE,bse_cm,MANAKCOAT,539046,E,Manaksia Coated Metals & Indus,MANAKCOAT,1,0.05,MANAKCOAT
BSE,bse_cm,IMAGICAA,539056,E,IMAGICAAWORLD ENTERTAINMENT LI,IMAGICAA,1,0.01,IMAGICAA
BSE,bse_cm,INOXWIND,539083,E,Inox Wind Limited,INOXWIND,1,0.01,INOXWIND
BSE,bse_cm,RAJPUTANA,539090,E,Rajputana Investment and Finan,RAJPUTANA,1,0.01,RAJPUTANA
BSE,bse_cm,CCDL,539091,E,Consecutive Commodities Limite,CCDL,1,0.01,CCDL
BSE,bse_cm,URSUGAR,539097,E,UR SUGAR INDUSTRIES LIMITED,URSUGAR,1,0.01,URSUGAR
BSE,bse_cm,FILTRA,539098,E,Filtra Consultants and Enginee,FILTRA,2000,0.01,FILTRA
BSE,bse_cm,ATHCON,539099,E,Athena Constructions Limited,ATHCON,2500,0.01,ATHCON
BSE,bse_cm,NORTHLINK,539110,E,Northlink Fiscal And Capital S,NORTHLINK,1,0.01,NORTHLINK
BSE,bse_cm,SHESHAINDS,539111,E,SHESHADRI INDUSTRIES LIMITED,SHESHAINDS,1,0.01,SHESHAINDS
BSE,bse_cm,SAB,539112,E,SAB INDUSTRIES LIMITED,SAB,1,0.05,SAB
BSE,bse_cm,PML,539113,E,Paul Merchants Ltd.,PML,1,0.05,PML
BSE,bse_cm,ALANSCOTT,539115,E,ALAN SCOTT ENTERPRISES LIMITED,ALANSCOTT,1,0.05,ALANSCOTT
BSE,bse_cm,OPCHAINS,539116,E,O. P. Chains Limited,OPCHAINS,5000,0.01,OPCHAINS
BSE,bse_cm,SUJALA,539117,E,Sujala Trading & Holding Ltd.,SUJALA,1,0.01,SUJALA
BSE,bse_cm,VRLLOG,539118,E,VRL Logistics Limited,VRLLOG,1,0.05,VRLLOG
BSE,bse_cm,JAINMARMO,539119,E,Jain Marmo Industries Ltd.,JAINMARMO,1,0.01,JAINMARMO
BSE,bse_cm,GRAMEVA,539120,E,GRAMEVA LIMITED,GRAMEVA,1,0.05,GRAMEVA
BSE,bse_cm,PALCO,539121,E,Palco Metals Limited,PALCO,1,0.05,PALCO
BSE,bse_cm,BODHTREE,539122,E,Bodhtree Consulting Limited,BODHTREE,1,0.01,BODHTREE
BSE,bse_cm,VBIND,539123,E,V B INDUSTRIES LIMITED,VBIND,1,0.01,VBIND
BSE,bse_cm,SARVOTTAM,539124,E,Survottam Finvest Ltd.,SARVOTTAM,1,0.01,SARVOTTAM
BSE,bse_cm,MEP,539126,E,MEP Infrastructure Developers ,MEP,1,0.01,MEP
BSE,bse_cm,WARDWIZFBL,539132,E,Wardwizard Foods and Beverages,WARDWIZFBL,1,0.01,WARDWIZFBL
BSE,bse_cm,UFO,539141,E,UFO Moviez India Limited,UFO,1,0.01,UFO
BSE,bse_cm,PANTH,539143,E,PANTH INFINITY LIMITED,PANTH,1,0.01,PANTH
BSE,bse_cm,SHIVALIK,539148,E,Shivalik Rasayan Ltd.,SHIVALIK,1,0.05,SHIVALIK
BSE,bse_cm,ICSL,539149,E,Integrated Capital Services Lt,ICSL,1,0.01,ICSL
BSE,bse_cm,PNCINFRA,539150,E,PNC Infratech Limited,PNCINFRA,1,0.05,PNCINFRA
BSE,bse_cm,ARFIN,539151,E,Arfin India Limited,ARFIN,1,0.01,ARFIN
BSE,bse_cm,VLL,539167,E,Virat Leasing Limited,VLL,1,0.01,VLL
BSE,bse_cm,HELPAGE,539174,E,Helpage Finlease Ltd.,HELPAGE,1,0.01,HELPAGE
BSE,bse_cm,HAWAENG,539176,E,Hawa Engineers ltd.,HAWAENG,1,0.01,HAWAENG
BSE,bse_cm,AIIL,539177,E,Authum Investment & Infrastruc,AIIL,1,0.05,AIIL
BSE,bse_cm,ADHBHUTIN,539189,E,Adhbhut Infrastructure Ltd.,ADHBHUTIN,1,0.01,ADHBHUTIN
BSE,bse_cm,DFL,539190,E,Decillion Finance Ltd.,DFL,1,0.01,DFL
BSE,bse_cm,POEL,539195,E,POCL ENTERPRISES LTD,POEL,1,0.05,POEL
BSE,bse_cm,AEL,539196,E,Amba Enterprises Ltd.,AEL,1,0.05,AEL
BSE,bse_cm,SGFIN,539199,E,SG FINSERVE LIMITED,SGFIN,1,0.05,SGFIN
BSE,bse_cm,NOBPOL,539200,E,NOBLE POLYMERS LIMITED,NOBPOL,1,0.01,NOBPOL
BSE,bse_cm,SATIA,539201,E,SATIA INDUSTRIES LIMITED,SATIA,1,0.01,SATIA
BSE,bse_cm,GVBL,539206,E,GENOMIC VALLEY BIOTECH LIMITED,GVBL,1,0.01,GVBL
BSE,bse_cm,GARMNTMNTR,539216,E,GARMENT MANTRA LIFESTYLE LIMIT,GARMNTMNTR,1,0.01,GARMNTMNTR
BSE,bse_cm,SRESTHA,539217,E,Srestha Finvest Limited,SRESTHA,1,0.01,SRESTHA
BSE,bse_cm,SAUMYA,539218,E,Saumya Consultants Ltd.,SAUMYA,1,0.05,SAUMYA
BSE,bse_cm,MUL,539219,E,MAURIA UDYOG LIMITED,MUL,1,0.01,MUL
BSE,bse_cm,MISHKA,539220,E,Mishka Exim Limited,MISHKA,1,0.01,MISHKA
BSE,bse_cm,SPORTKING,539221,E,Sportking India Ltd.,SPORTKING,1,0.05,SPORTKING
BSE,bse_cm,GROWINGTON,539222,E,GROWINGTON VENTURES INDIA LIMI,GROWINGTON,1,0.01,GROWINGTON
BSE,bse_cm,HCKKVENTURE,539224,E,HCKK Ventures Limited,HCKKVENTURE,1,0.01,HCKKVENTURE
BSE,bse_cm,RUDRA,539226,E,RUDRA GLOBAL INFRA PRODUCTS LI,RUDRA,1,0.01,RUDRA
BSE,bse_cm,LOYAL,539227,E,Loyal Equipments Limited,LOYAL,1,0.05,LOYAL
BSE,bse_cm,GGPL,539228,E,Gala Global Products Limited,GGPL,1,0.01,GGPL
BSE,bse_cm,CHEMIESYNT,539230,E,Chemiesynth (Vapi) Limited,CHEMIESYNT,1,0.01,CHEMIESYNT
BSE,bse_cm,BALKRISHNA,539251,E,Balkrishna Paper Mills Ltd.,BALKRISHNA,1,0.01,BALKRISHNA
BSE,bse_cm,SHYAMCENT,539252,E,Shyam Century Ferrous Limited,SHYAMCENT,1,0.01,SHYAMCENT
BSE,bse_cm,SURYAINDIA,539253,E,Surya India Limited,SURYAINDIA,1,0.01,SURYAINDIA
BSE,bse_cm,ADANIENSOL,539254,E,Adani Energy Solutions Limited,ADANIENSOL,1,0.05,ADANIENSOL
BSE,bse_cm,STARDELTA,539255,E,STAR DELTA TRANSFORMERS LIMITE,STARDELTA,1,0.05,STARDELTA
BSE,bse_cm,AMRAFIN,539265,E,Amrapali Fincap Limited,AMRAFIN,1200,0.01,AMRAFIN
BSE,bse_cm,SAMSRITA,539267,E,SAMSRITA LABS LIMITED,SAMSRITA,1,0.01,SAMSRITA
BSE,bse_cm,SYNGENE,539268,E,Syngene International Limited,SYNGENE,1,0.05,SYNGENE
BSE,bse_cm,NXXIX1X,539269,D,Reliance Mutual Fund,NXXIX1X,1,0.01,NXXIX1X
BSE,bse_cm,NXXIX1Z,539270,D,Reliance Mutual Fund,NXXIX1Z,1,0.01,NXXIX1Z
BSE,bse_cm,NXXIX1D,539271,D,Reliance Mutual Fund,NXXIX1D,1,0.01,NXXIX1D
BSE,bse_cm,NXXIX1G,539272,D,Reliance Mutual Fund,NXXIX1G,1,0.01,NXXIX1G
BSE,bse_cm,PECOS,539273,E,PECOS Hotels And Pubs Limited,PECOS,500,0.05,PECOS
BSE,bse_cm,MSL,539275,E,Mangalam Seeds Limited,MSL,1,0.05,MSL
BSE,bse_cm,KAYA,539276,E,Kaya Limited,KAYA,1,0.05,KAYA
BSE,bse_cm,SYMBIOX,539278,E,Symbiox Investment & Trading C,SYMBIOX,1,0.01,SYMBIOX
BSE,bse_cm,ORTINGLOBE,539287,E,ORTIN GLOBAL LIMITED,ORTINGLOBE,1,0.01,ORTINGLOBE
BSE,bse_cm,AURUM,539289,E,AURUM PROPTECH LIMITED,AURUM,1,0.05,AURUM
BSE,bse_cm,OSWALGREEN,539290,E,Oswal Greentech Limited,OSWALGREEN,1,0.01,OSWALGREEN
BSE,bse_cm,SUNRAKSHAK,539300,E,SUNRAKSHAKK INDUSTRIES INDIA L,SUNRAKSHAK,1,0.05,SUNRAKSHAK
BSE,bse_cm,ARVSMART,539301,E,Arvind SmartSpaces Limited,ARVSMART,1,0.05,ARVSMART
BSE,bse_cm,POWERMECH,539302,E,Power Mech Projects Limited,POWERMECH,1,0.05,POWERMECH
BSE,bse_cm,RAMASTEEL,539309,E,Rama Steel Tubes Limited,RAMASTEEL,1,0.01,RAMASTEEL
BSE,bse_cm,THINKINK,539310,E,THINKINK PICTUREZ LIMITED,THINKINK,1,0.01,THINKINK
BSE,bse_cm,SENSEXBETA,539312,E,UTI BSE Sensex ETF,SENSEXBETA,1,0.01,SENSEXBETA
BSE,bse_cm,NIFTYBETA,539313,E,UTI Mutual Fund,NIFTYBETA,1,0.01,NIFTYBETA
BSE,bse_cm,UNIAUTO,539314,E,Universal Autofoundry Limited,UNIAUTO,1,0.01,UNIAUTO
BSE,bse_cm,VETO,539331,E,VETO SWITCHGEARS AND CABLES LI,VETO,1,0.05,VETO
BSE,bse_cm,NAVKARCORP,539332,E,Navkar Corporation Limited,NAVKARCORP,1,0.05,NAVKARCORP
BSE,bse_cm,SHREEPUSHK,539334,E,Shree Pushkar Chemicals & Fert,SHREEPUSHK,1,0.05,SHREEPUSHK
BSE,bse_cm,CALLISTA,539335,E,Callista Industries Limited,CALLISTA,1,0.05,CALLISTA
BSE,bse_cm,GUJENERGY,539336,E,Gujarat Energy Limited,GUJENERGY,1,0.05,GUJENERGY
BSE,bse_cm,WAAREE,539337,E,WAAREE TECHNOLOGIES LIMITED,WAAREE,175,0.05,WAAREE
BSE,bse_cm,SADBHIN,539346,E,Sadbhav Infrastructure Project,SADBHIN,1,0.01,SADBHIN
BSE,bse_cm,PBFL,539352,E,P. B. Films Limited,PBFL,10000,0.01,PBFL
BSE,bse_cm,SALAUTO,539353,E,SAL AUTOMOTIVE LIMITED,SALAUTO,1,0.05,SALAUTO
BSE,bse_cm,POLYSPIN,539354,E,Polyspin Exports Ltd.,POLYSPIN,1,0.01,POLYSPIN
BSE,bse_cm,PRITIKAUTO,539359,E,Pritika Auto Industries Limite,PRITIKAUTO,1,0.01,PRITIKAUTO
BSE,bse_cm,SML,539378,E,Soni Medicare Limited,SML,1,0.01,SML
BSE,bse_cm,MAHAVEER,539383,E,Mahaveer Infoway Limited,MAHAVEER,1,0.01,MAHAVEER
BSE,bse_cm,ACME,539391,E,Acme Resources Limited,ACME,1,0.01,ACME
BSE,bse_cm,KCL,539393,E,Kabra Commercial Limited,KCL,1,0.01,KCL
BSE,bse_cm,VISHALBL,539398,E,Vishal Bearings Limited,VISHALBL,1,0.01,VISHALBL
BSE,bse_cm,BELLACASA,539399,E,Bella Casa Fashion & Retail Li,BELLACASA,1,0.05,BELLACASA
BSE,bse_cm,MALLCOM,539400,E,MALLCOM (INDIA) LTD.,MALLCOM,1,0.05,MALLCOM
BSE,bse_cm,PJL,539401,E,Patdiam Jewellery Limited,PJL,750,0.05,PJL
BSE,bse_cm,NAKSH,539402,E,Naksh Precious Metals Limited,NAKSH,1,0.01,NAKSH
BSE,bse_cm,SATIN,539404,E,SATIN CREDITCARE NETWORK LIMIT,SATIN,1,0.05,SATIN
BSE,bse_cm,DITCO,539405,E,Decorous Investment and Tradin,DITCO,1,0.01,DITCO
BSE,bse_cm,SWAGTAM,539406,E,Swagatam Trading & Services Li,SWAGTAM,1,0.01,SWAGTAM
BSE,bse_cm,GENCON,539407,E,Generic Engineering Constructi,GENCON,1,0.01,GENCON
BSE,bse_cm,KUBERJI,539408,E,Kuber Udyog Limited,KUBERJI,1,0.01,KUBERJI
BSE,bse_cm,NEERAJ,539409,E,NEERAJ PAPER MARKETING LIMITED,NEERAJ,1,0.01,NEERAJ
BSE,bse_cm,TEJNAKSH,539428,E,Tejnaksh Healthcare Limited,TEJNAKSH,1,0.01,TEJNAKSH
BSE,bse_cm,BRIPORT,539434,E,Brilliant Portfolios Ltd.,BRIPORT,1,0.01,BRIPORT
BSE,bse_cm,RFSL,539435,E,Richfield Financial Services L,RFSL,1,0.01,RFSL
BSE,bse_cm,COFFEEDAY,539436,E,Coffee Day Enterprises Limited,COFFEEDAY,1,0.01,COFFEEDAY
BSE,bse_cm,IDFCFIRSTB,539437,E,IDFC FIRST BANK LIMITED,IDFCFIRSTB,1,0.01,IDFCFIRSTB
BSE,bse_cm,INDIGO,539448,E,InterGlobe Aviation Limited,INDIGO,1,0.05,INDIGO
BSE,bse_cm,IGCIL,539449,E,IGC Industries Limited,IGCIL,1,0.01,IGCIL
BSE,bse_cm,SHK,539450,E,S H Kelkar and Company Limited,SHK,1,0.05,SHK
BSE,bse_cm,ARYAVAN,539455,E,ARYAVAN ENTERPRISE LIMITED,ARYAVAN,1,0.01,ARYAVAN
BSE,bse_cm,TFSL,539468,E,Typhoon Financial Services Lim,TFSL,1,0.01,TFSL
BSE,bse_cm,PANORAMA,539469,E,PANORAMA STUDIOS INTERNATIONAL,PANORAMA,1,0.01,PANORAMA
BSE,bse_cm,SHREEGANES,539470,E,Shree Ganesh Biotech (India) L,SHREEGANES,1,0.01,SHREEGANES
BSE,bse_cm,GTV,539479,E,GTV Engineering Limited,GTV,1,0.01,GTV
BSE,bse_cm,LICNETFN50,539480,E,LIC MF EXHGE TRADED FUND-NIFTY,LICNETFN50,1,0.01,LICNETFN50
BSE,bse_cm,LICNETFSEN,539487,E,LIC MF EXCHNG TRADED FUND-SENS,LICNETFSEN,1,0.01,LICNETFSEN
BSE,bse_cm,TFLL,539488,E,Tirupati Fin-Lease Ltd.,TFLL,1,0.01,TFLL
BSE,bse_cm,GARBIFIN,539492,E,Garbi Finvest Limited,GARBIFIN,1,0.01,GARBIFIN
BSE,bse_cm,SMARTFIN,539494,E,Smart Finsec Limited,SMARTFIN,1,0.01,SMARTFIN
BSE,bse_cm,RAJKOTINV,539495,E,Rajkot Investment Trust Limite,RAJKOTINV,1,0.01,RAJKOTINV
BSE,bse_cm,ADCON,539506,E,Adcon Capital Services Limited,ADCON,1,0.01,ADCON
BSE,bse_cm,QUINT,539515,E,Quint Digital Limited,QUINT,1,0.01,QUINT
BSE,bse_cm,HDFCNIFTY,539516,E,HDFC Mutual Fund,HDFCNIFTY,1,0.01,HDFCNIFTY
BSE,bse_cm,HDFCSENSEX,539517,E,HDFC Mutual Fund,HDFCSENSEX,1,0.01,HDFCSENSEX
BSE,bse_cm,UDAYJEW,539518,E,Uday Jewellery Industries Limi,UDAYJEW,1,0.05,UDAYJEW
BSE,bse_cm,SATTVASUKU,539519,E,SATTVA SUKUN LIFECARE LIMITED,SATTVASUKU,1,0.01,SATTVASUKU
BSE,bse_cm,NAVIGANT,539521,E,Navigant Corporate Advisors Li,NAVIGANT,1250,0.01,NAVIGANT
BSE,bse_cm,GROVY,539522,E,Grovy India Limited,GROVY,1,0.01,GROVY
BSE,bse_cm,ALKEM,539523,E,Alkem Laboratories Limited,ALKEM,1,0.05,ALKEM
BSE,bse_cm,LALPATHLAB,539524,E,Dr. Lal Pathlabs Limited,LALPATHLAB,1,0.05,LALPATHLAB
BSE,bse_cm,SCTL,539526,E,Suncare Traders Limited,SCTL,1,0.01,SCTL
BSE,bse_cm,CREATIVE,539527,E,Creative Castings Limited,CREATIVE,1,0.05,CREATIVE
BSE,bse_cm,AAYUSH,539528,E,AAYUSH WELLNESS LIMITED,AAYUSH,1,0.01,AAYUSH
BSE,bse_cm,ELITECON,539533,E,ELITECON INTERNATIONAL LIMITED,ELITECON,1,0.01,ELITECON
BSE,bse_cm,LUXIND,539542,E,LUX Industries Limited,LUXIND,1,0.05,LUXIND
BSE,bse_cm,VALLEY,539543,E,Valley Magnesite Company Limit,VALLEY,1,0.01,VALLEY
BSE,bse_cm,ABHIINFRA,539544,E,Abhishek Infraventures Limited,ABHIINFRA,1,0.01,ABHIINFRA
BSE,bse_cm,APOORVA,539545,E,Apoorva Leasing Finance & Inve,APOORVA,1,0.01,APOORVA
BSE,bse_cm,AGRIBIO,539546,E,AGRIBIO SPIRITS LIMITED,AGRIBIO,1,0.05,AGRIBIO
BSE,bse_cm,NH,539551,E,Narayana Hrudayalaya Limited,NH,1,0.05,NH
BSE,bse_cm,FMEC,539552,E,F MEC INTERNATIONAL FINANCIAL ,FMEC,1,0.01,FMEC
BSE,bse_cm,DEEPAI,539559,E,Deep Health AI India Limited,DEEPAI,1,0.01,DEEPAI
BSE,bse_cm,MALTLAND,539560,E,MALT LAND DISTILLERIES LIMITED,MALTLAND,1,0.01,MALTLAND
BSE,bse_cm,SUPHA,539561,E,SUPHA PHARMACHEM LIMITED,SUPHA,1,0.01,SUPHA
BSE,bse_cm,AARNAV,539562,E,AARNAV FASHIONS LIMITED,AARNAV,1,0.01,AARNAV
BSE,bse_cm,SHIVA,539593,E,Shivansh Finserv Limited,SHIVA,1,0.01,SHIVA
BSE,bse_cm,MISHTANN,539594,E,Mishtann Foods Limited,MISHTANN,1,0.01,MISHTANN
BSE,bse_cm,DELTA,539596,E,Delta Industrial Resources Lim,DELTA,1,0.01,DELTA
BSE,bse_cm,AMPL,539598,E,AMPL Capital Limited,AMPL,1,0.01,AMPL
BSE,bse_cm,KEL,539599,E,Kotia Enterprises Limited,KEL,1,0.01,KEL
BSE,bse_cm,BLUECLOUDS,539607,E,Blue Cloud Softech Solutions L,BLUECLOUDS,1,0.01,BLUECLOUDS
BSE,bse_cm,KEIL,539620,E,KANORIA ENERGY & INFRASTRUCTUR,KEIL,1,0.01,KEIL
BSE,bse_cm,PRECAM,539636,E,Precision Camshafts Limited,PRECAM,1,0.05,PRECAM
BSE,bse_cm,TEAMLEASE,539658,E,TeamLease Services Limited,TEAMLEASE,1,0.05,TEAMLEASE
BSE,bse_cm,KAMATS,539659,E,VIKRAM KAMATS HOSPITALITY LIMI,KAMATS,1,0.01,KAMATS
BSE,bse_cm,BESTAGRO,539660,E,BEST AGROLIFE LIMITED,BESTAGRO,1,0.01,BESTAGRO
BSE,bse_cm,ACEMEN,539661,E,ACE MEN ENGG WORKS LIMITED,ACEMEN,1,0.01,ACEMEN
BSE,bse_cm,BFLAFL,539662,E,BFL Asset Finvest Limited,BFLAFL,1,0.01,BFLAFL
BSE,bse_cm,RGF,539669,E,RGF Capital Markets Limited,RGF,1,0.01,RGF
BSE,bse_cm,RCL,539673,E,Radhagobind Commercial Limited,RCL,1,0.01,RCL
BSE,bse_cm,QUICKHEAL,539678,E,Quick Heal Technologies Limite,QUICKHEAL,1,0.05,QUICKHEAL
BSE,bse_cm,KAPILRAJ,539679,E,Kapil Raj Finance Ltd.,KAPILRAJ,1,0.01,KAPILRAJ
BSE,bse_cm,GANGAPHARM,539680,E,Ganga Pharmaceuticals Limited,GANGAPHARM,8000,0.01,GANGAPHARM
BSE,bse_cm,DAL,539681,E,dynamic Archistructures Limite,DAL,1,0.01,DAL
BSE,bse_cm,MOBAVENUE,539682,E,Mobavenue AI Tech Limited,MOBAVENUE,1,0.05,MOBAVENUE
BSE,bse_cm,SHIVKAMAL,539683,E,Shivkamal Impex Limited,SHIVKAMAL,1,0.01,SHIVKAMAL
BSE,bse_cm,KPEL,539686,E,K.P. Energy Limited,KPEL,1,0.05,KPEL
BSE,bse_cm,RGCORP,539691,E,REAL GROWTH CORPORATION LIMITE,RGCORP,1,0.01,RGCORP
BSE,bse_cm,IFINSER,539692,E,INTERACTIVE FINANCIAL SERVICES,IFINSER,1,0.01,IFINSER
BSE,bse_cm,HILIKS,539697,E,HILIKS TECHNOLOGIES LIMITED,HILIKS,1,0.01,HILIKS
BSE,bse_cm,HYPERSOFT,539724,E,HYPERSOFT TECHNOLOGIES LIMITED,HYPERSOFT,1,0.05,HYPERSOFT
BSE,bse_cm,GOKULAGRO,539725,E,Gokul Agro Resources Ltd,GOKULAGRO,1,0.05,GOKULAGRO
BSE,bse_cm,FREDUN,539730,E,Fredun Pharmaceuticals Limited,FREDUN,1,0.05,FREDUN
BSE,bse_cm,SIMBHALS,539742,E,Simbhaoli Sugars Ltd,SIMBHALS,1,0.01,SIMBHALS
BSE,bse_cm,RELICAB,539760,E,Relicab Cable Manufacturing Li,RELICAB,1,0.01,RELICAB
BSE,bse_cm,VKAL,539761,E,Vantage Knowledge Academy Limi,VKAL,1,0.01,VKAL
BSE,bse_cm,MEAPL,539762,E,MODERN ENGINEERING AND PROJECT,MEAPL,1,0.01,MEAPL
BSE,bse_cm,MNIL,539767,E,Mega Nirman & Industries Limit,MNIL,1,0.01,MNIL
BSE,bse_cm,DARJEELING,539770,E,DARJEELING INDUSTRIIES LIMITED,DARJEELING,1,0.01,DARJEELING
BSE,bse_cm,ADVIKCA,539773,E,Advik Capital Limited,ADVIKCA,1,0.01,ADVIKCA
BSE,bse_cm,LICNFNHGP,539784,E,LIC MF EXHNGE TRADED FUND NIFT,LICNFNHGP,1,0.01,LICNFNHGP
BSE,bse_cm,PDMJEPAPER,539785,E,Pudumjee Paper Products Limite,PDMJEPAPER,1,0.01,PDMJEPAPER
BSE,bse_cm,HCG,539787,E,HealthCare Global Enterprises ,HCG,1,0.05,HCG
BSE,bse_cm,KDML,539788,E,Khemani Distributors & Marketi,KDML,1200,0.05,KDML
BSE,bse_cm,UMIYA,539798,E,Umiya Tubes Limited,UMIYA,1,0.01,UMIYA
BSE,bse_cm,BHARATWIRE,539799,E,Bharat Wire Ropes Limited,BHARATWIRE,1,0.05,BHARATWIRE
BSE,bse_cm,CHDCHEM,539800,E,CHD Chemicals Limited,CHDCHEM,1,0.01,CHDCHEM
BSE,bse_cm,CCAVENUE,539807,E,AvenuesAI Limited,CCAVENUE,1,0.01,CCAVENUE
BSE,bse_cm,LELAVOIR,539814,E,LE LAVOIR LIMITED,LELAVOIR,1,0.05,LELAVOIR
BSE,bse_cm,MUDRA,539819,E,Mudra Financial Services Ltd.,MUDRA,1,0.01,MUDRA
BSE,bse_cm,BALGOPAL,539834,E,Balgopal Commercial limited,BALGOPAL,1,0.05,BALGOPAL
BSE,bse_cm,SUPERIOR,539835,E,Superior Finlease Limited,SUPERIOR,1,0.01,SUPERIOR
BSE,bse_cm,RPEL,539837,E,RAGHAV PRODUCTIVITY ENHANCERS ,RPEL,1,0.05,RPEL
BSE,bse_cm,FRANKLIN,539839,E,Franklin Leasing and Finance L,FRANKLIN,4000,0.01,FRANKLIN
BSE,bse_cm,LANCER,539841,E,Lancer Container Lines Limited,LANCER,1,0.01,LANCER
BSE,bse_cm,NINSYS,539843,E,NINtec Systems Limited,NINSYS,1,0.05,NINSYS
BSE,bse_cm,HALDER,539854,E,Halder Venture Limited,HALDER,1,0.05,HALDER
BSE,bse_cm,GHUSHINE,539864,E,Ghushine Fintrrade Ocean Limit,GHUSHINE,5000,0.01,GHUSHINE
BSE,bse_cm,THYROCARE,539871,E,Thyrocare Technologies Limited,THYROCARE,1,0.05,THYROCARE
BSE,bse_cm,BAJAJHCARE,539872,E,Bajaj Healthcare Limited,BAJAJHCARE,1,0.05,BAJAJHCARE
BSE,bse_cm,RSDFIN,539875,E,RSD Finance Limited,RSDFIN,1,0.01,RSDFIN
BSE,bse_cm,CROMPTON,539876,E,Crompton Greaves Consumer Elec,CROMPTON,1,0.05,CROMPTON
BSE,bse_cm,PILANIINVS,539883,E,Pilani Investment And Industri,PILANIINVS,1,0.05,PILANIINVS
BSE,bse_cm,DARSHANORNA,539884,E,Darshan Orna Limited,DARSHANORNA,1,0.01,DARSHANORNA
BSE,bse_cm,PARAGMILK,539889,E,Parag Milk Foods Limited,PARAGMILK,1,0.05,PARAGMILK
BSE,bse_cm,MADHAVIPL,539894,E,Madhav Infra Projects Limited,MADHAVIPL,1,0.01,MADHAVIPL
BSE,bse_cm,SPICELOUNG,539895,E,SPICE LOUNGE FOOD WORKS LIMITE,SPICELOUNG,1,0.01,SPICELOUNG
BSE,bse_cm,DIDL,539900,E,DALMIA INDUSTRIAL DEVELOPMENT ,DIDL,1,0.01,DIDL
BSE,bse_cm,SNIM,539911,E,Svarnim Trade Udyog Limited,SNIM,1,0.01,SNIM
BSE,bse_cm,SEIL,539921,E,Shanti Educational Initiatives,SEIL,1,0.05,SEIL
BSE,bse_cm,RGIL,539922,E,Rotographics (India) Limited,RGIL,1,0.05,RGIL
BSE,bse_cm,LIKHAMI,539927,E,LIKHAMI CONSULTING LIMITED,LIKHAMI,1,0.05,LIKHAMI
BSE,bse_cm,MIL,539938,E,Medico Intercontinental Limite,MIL,1,0.01,MIL
BSE,bse_cm,YASHCHEM,539939,E,Yash Chemex Limited,YASHCHEM,1,0.01,YASHCHEM
BSE,bse_cm,NV20IETF,539945,E,ICICI Prudential NV20 ETF,NV20IETF,1,0.01,NV20IETF
BSE,bse_cm,BAZELINTER,539946,E,Bazel International Limited,BAZELINTER,1,0.01,BAZELINTER
BSE,bse_cm,JLL,539947,E,JINDAL LEASEFIN LIMITED,JLL,1,0.05,JLL
BSE,bse_cm,TAALTECH,539956,E,TAAL TECH LIMITED,TAALTECH,1,0.05,TAALTECH
BSE,bse_cm,MGL,539957,E,Mahanagar Gas Limited,MGL,1,0.05,MGL
BSE,bse_cm,ZEAL,539963,E,Zeal Aqua Limited,ZEAL,1,0.01,ZEAL
BSE,bse_cm,QUESS,539978,E,Quess Corp Limited,QUESS,1,0.05,QUESS
BSE,bse_cm,DIGJAMLMTD,539979,E,DIGJAM LIMITED,DIGJAMLMTD,1,0.01,DIGJAMLMTD
BSE,bse_cm,MIDSELIETF,539980,E,ICICI Prudential BSE Midcap Se,MIDSELIETF,1,0.01,MIDSELIETF
BSE,bse_cm,SIDH,539983,E,SIDH AUTOMOBILES LIMITED,SIDH,1,0.01,SIDH
BSE,bse_cm,TITAANIUM,539985,E,Titaanium Ten Enterprise Limit,TITAANIUM,1000,0.01,TITAANIUM
BSE,bse_cm,COMSYN,539986,E,Commercial Syn Bags Limited,COMSYN,1,0.05,COMSYN
BSE,bse_cm,CFEL,539991,E,CONFIDENCE FUTURISTIC ENERGETE,CFEL,1,0.01,CFEL
BSE,bse_cm,LLOYDSENGG,539992,E,LLOYDS ENGINEERING WORKS LIMIT,LLOYDSENGG,1,0.01,LLOYDSENGG
BSE,bse_cm,KPL,539997,E,Kwality Pharmaceuticals Limite,KPL,1,0.05,KPL
BSE,bse_cm,LTM,540005,E,LTM LIMITED,LTM,1,0.05,LTM
BSE,bse_cm,EASTWEST,540006,E,EAST WEST FREIGHT CARRIERS LTD,EASTWEST,1,0.01,EASTWEST
BSE,bse_cm,BSLSENETFG,540008,E,Aditya Birla Sun Life BSE Sens,BSLSENETFG,1,0.01,BSLSENETFG
BSE,bse_cm,COLORCHIPS,540023,E,COLORCHIPS NEW MEDIA LIMITED,COLORCHIPS,1,0.01,COLORCHIPS
BSE,bse_cm,ADVENZYMES,540025,E,Advanced Enzyme Technologies L,ADVENZYMES,1,0.05,ADVENZYMES
BSE,bse_cm,LAHL,540026,E,Ladam Affortable Housing Limit,LAHL,1,0.01,LAHL
BSE,bse_cm,DBL,540047,E,Dilip Buildcon Limited,DBL,1,0.05,DBL
BSE,bse_cm,SPAL,540048,E,S.P. Apparels Limited,SPAL,1,0.05,SPAL
BSE,bse_cm,BIGBLOC,540061,E,Bigbloc Construction Limited,BIGBLOC,1,0.01,BIGBLOC
BSE,bse_cm,GOLDENCREST,540062,E,Golden Crest Education & Servi,GOLDENCREST,1,0.05,GOLDENCREST
BSE,bse_cm,RBLBANK,540065,E,RBL Bank Limited,RBLBANK,1,0.05,RBLBANK
BSE,bse_cm,AMS,540066,E,AMS POLYMERS LIMITED,AMS,1,0.01,AMS
BSE,bse_cm,SHIVAEXPO,540072,E,Shiva Granito Export Limited,SHIVAEXPO,10000,0.01,SHIVAEXPO
BSE,bse_cm,BLS,540073,E,BLS International Services Ltd,BLS,1,0.05,BLS
BSE,bse_cm,MITSU,540078,E,Mitsu Chem Plast Limited,MITSU,1,0.05,MITSU
BSE,bse_cm,SPRAYKING,540079,E,Sprayking Limited,SPRAYKING,1,0.01,SPRAYKING
BSE,bse_cm,DHATRE,540080,E,Dhatre Udyog Limited,DHATRE,1,0.01,DHATRE
BSE,bse_cm,SABEVENTS,540081,E,Sab Events & Governance Now Me,SABEVENTS,1,0.01,SABEVENTS
BSE,bse_cm,RSTL,540082,E,Riddhi Steel and Tube Limited,RSTL,450,0.05,RSTL
BSE,bse_cm,TVVISION,540083,E,TV VISION LIMITED,TVVISION,1,0.01,TVVISION
BSE,bse_cm,GAMCO,540097,E,GAMCO LIMITED,GAMCO,1,0.01,GAMCO
BSE,bse_cm,LTTS,540115,E,L&T Technology Services Limite,LTTS,1,0.05,LTTS
BSE,bse_cm,GNA,540124,E,G N A Axles Limited,GNA,1,0.05,GNA
BSE,bse_cm,RADHIKAJWE,540125,E,Radhika Jeweltech Limited,RADHIKAJWE,1,0.01,RADHIKAJWE
BSE,bse_cm,SIIL,540132,E,Sabrimala Industries India Lim,SIIL,1,0.01,SIIL
BSE,bse_cm,ICICIPRULI,540133,E,ICICI Prudential Life Insuranc,ICICIPRULI,1,0.05,ICICIPRULI
BSE,bse_cm,IISL,540134,E,ISHAAN INFRASTRUCTURE AND SHEL,IISL,1,0.01,IISL
BSE,bse_cm,ARCFIN,540135,E,ARC Finance Limited,ARCFIN,1,0.01,ARCFIN
BSE,bse_cm,HPL,540136,E,HPL Electric & Power Limited,HPL,1,0.05,HPL
BSE,bse_cm,SAGARSOFT,540143,E,Sagarsoft (India) Limited,SAGARSOFT,1,0.01,SAGARSOFT
BSE,bse_cm,DRA,540144,E,DRA CONSULTANTS LIMITED,DRA,2500,0.01,DRA
BSE,bse_cm,VALIANTORG,540145,E,Valiant Organics Limited,VALIANTORG,1,0.05,VALIANTORG
BSE,bse_cm,ACML,540146,E,ADITYA CONSUMER MARKETING LIMI,ACML,1000,0.01,ACML
BSE,bse_cm,SHASHIJIT,540147,E,Shashijit Infraprojects Limite,SHASHIJIT,1,0.01,SHASHIJIT
BSE,bse_cm,BINDALEXPO,540148,E,Bindal Exports Limited,BINDALEXPO,4000,0.01,BINDALEXPO
BSE,bse_cm,MHEL,540150,E,Mewar Hi-Tech Engineering Limi,MHEL,750,0.01,MHEL
BSE,bse_cm,DIKSAT,540151,E,Diksat Transworld Limited,DIKSAT,750,0.05,DIKSAT
BSE,bse_cm,ENDURANCE,540153,E,Endurance Technologies Limited,ENDURANCE,1,0.05,ENDURANCE
BSE,bse_cm,IDFSENSEXE,540154,E,Bandhan Mutual Fund,IDFSENSEXE,1,0.01,IDFSENSEXE
BSE,bse_cm,PURPLE,540159,E,PURPLE AGROTECH INDUSTRIES LIM,PURPLE,1,0.01,PURPLE
BSE,bse_cm,SUPRAPFSL,540168,E,Supra Pacific Financial Servic,SUPRAPFSL,1,0.01,SUPRAPFSL
BSE,bse_cm,PNBHOUSING,540173,E,PNB Housing Finance Limited,PNBHOUSING,1,0.05,PNBHOUSING
BSE,bse_cm,SOUTHERNIN,540174,E,SOUTHERN INFOCONSULTANTS LIMIT,SOUTHERNIN,1,0.01,SOUTHERNIN
BSE,bse_cm,REGENCY,540175,E,REGENCY FINCORP LIMITED,REGENCY,1,0.01,REGENCY
BSE,bse_cm,VBL,540180,E,Varun Beverages Limited,VBL,1,0.05,VBL
BSE,bse_cm,SALEM,540181,E,Salem Erode Investments Ltd.,SALEM,1,0.01,SALEM
BSE,bse_cm,FRANKLININD,540190,E,Franklin Industries Limited,FRANKLININD,1,0.01,FRANKLININD
BSE,bse_cm,LKPSEC,540192,E,LKP Securities Limited,LKPSEC,1,0.01,LKPSEC
BSE,bse_cm,OSIAJEE,540198,E,OSIAJEE TEXFAB LIMITED,OSIAJEE,1,0.05,OSIAJEE
BSE,bse_cm,CMBL,540199,E,Corporate Merchant Bankers Lim,CMBL,1,0.01,CMBL
BSE,bse_cm,SFL,540203,E,Sheela Foam Limited,SFL,1,0.05,SFL
BSE,bse_cm,EIKO,540204,E,EIKO LIFESCIENCES LIMITED,EIKO,1,0.01,EIKO
BSE,bse_cm,AVL,540205,E,Aditya Vision Limited,AVL,1,0.05,AVL
BSE,bse_cm,HEADSUP,540210,E,Heads UP Ventures Limited,HEADSUP,1,0.01,HEADSUP
BSE,bse_cm,TCIEXP,540212,E,TCI Express Limited,TCIEXP,1,0.05,TCIEXP
BSE,bse_cm,SHASHANK,540221,E,Shashank Traders Limited,SHASHANK,1,0.01,SHASHANK
BSE,bse_cm,LAURUSLABS,540222,E,Laurus Labs Limited,LAURUSLABS,1,0.05,LAURUSLABS
BSE,bse_cm,NEWLIGHT,540243,E,NEW LIGHT INDUSTRIES LIMITED,NEWLIGHT,1,0.01,NEWLIGHT
BSE,bse_cm,VSL,540252,E,Viram Suvarn Limited,VSL,1,0.01,VSL
BSE,bse_cm,MTPL,540254,E,MARG TECHNO PROJECTS LIMITED,MTPL,1,0.01,MTPL
BSE,bse_cm,SHANGAR,540259,E,SHANGAR DECOR LIMITED,SHANGAR,1,0.01,SHANGAR
BSE,bse_cm,GLCL,540266,E,Globe Commercials Limited,GLCL,1,0.01,GLCL
BSE,bse_cm,FLORACORP,540267,E,Flora Corporation Limited,FLORACORP,1,0.01,FLORACORP
BSE,bse_cm,TRU,540268,E,TruCap Finance Limited,TRU,1,0.01,TRU
BSE,bse_cm,SKL,540269,E,SUPER FINE KNITTERS LIMITED,SKL,10000,0.01,SKL
BSE,bse_cm,RAIDEEPIND,540270,E,Raideep Industries Limited,RAIDEEPIND,1,0.01,RAIDEEPIND
BSE,bse_cm,PRICOLLTD,540293,E,Pricol Limited,PRICOLLTD,1,0.05,PRICOLLTD
BSE,bse_cm,JITFINFRA,540311,E,JITF INFRALOGISTICS LIMITED,JITFINFRA,1,0.05,JITFINFRA
BSE,bse_cm,SUERYAAKNI,540318,E,Sueryaa Knitwear Limited,SUERYAAKNI,1,0.01,SUERYAAKNI
BSE,bse_cm,TANVI,540332,E,Tanvi Foods (India) Limited,TANVI,1000,0.01,TANVI
BSE,bse_cm,RMC,540358,E,RMC SWITCHGEARS LIMITED,RMC,1,0.05,RMC
BSE,bse_cm,PARMAX,540359,E,Parmax Pharma Limited,PARMAX,1,0.01,PARMAX
BSE,bse_cm,LLFICL,540360,E,LEADING LEASING FINANCE AND IN,LLFICL,1,0.01,LLFICL
BSE,bse_cm,DANUBE,540361,E,DANUBE INDUSTRIES LIMITED,DANUBE,1,0.01,DANUBE
BSE,bse_cm,RADIOCITY,540366,E,Music Broadcast Limited,RADIOCITY,1,0.01,RADIOCITY
BSE,bse_cm,DMART,540376,E,Avenue Supermarts Limited,DMART,1,0.05,DMART
BSE,bse_cm,IFL,540377,E,IFL ENTERPRISES LIMITED,IFL,1,0.01,IFL
BSE,bse_cm,ONTIC,540386,E,Ontic Finserve Limited,ONTIC,1,0.01,ONTIC
BSE,bse_cm,SMLT,540393,E,Sarthak Metals Limited,SMLT,1,0.01,SMLT
BSE,bse_cm,CHEMCRUX,540395,E,Chemcrux Enterprises Limited,CHEMCRUX,1,0.01,CHEMCRUX
BSE,bse_cm,MANOMAY,540396,E,Manomay Tex India Limited,MANOMAY,1,0.05,MANOMAY
BSE,bse_cm,MAXIMUS,540401,E,Maximus International Limited,MAXIMUS,1,0.01,MAXIMUS
BSE,bse_cm,MANAS,540402,E,Manas Properties Limited,MANAS,300,0.05,MANAS
BSE,bse_cm,CLEDUCATE,540403,E,CL Educate Limited,CLEDUCATE,1,0.01,CLEDUCATE
BSE,bse_cm,PRIMEFRESH,540404,E,PRIME FRESH LIMITED,PRIMEFRESH,1,0.05,PRIMEFRESH
BSE,bse_cm,OCEANIC,540405,E,Oceanic Foods Limited,OCEANIC,1,0.01,OCEANIC
BSE,bse_cm,OCTAWARE,540416,E,Octaware Technologies Limited,OCTAWARE,1600,0.01,OCTAWARE
BSE,bse_cm,SHANKARA,540425,E,Shankara Building Products Lim,SHANKARA,1,0.05,SHANKARA
BSE,bse_cm,ESCORP,540455,E,Escorp Asset Management Limite,ESCORP,1,0.05,ESCORP
BSE,bse_cm,PARMSILK,540467,E,PARMESHWARI SILK MILLS LIMITED,PARMSILK,1,0.05,PARMSILK
BSE,bse_cm,KMSMEDI,540468,E,KMS Medisurgi Limited,KMSMEDI,1000,0.05,KMSMEDI
BSE,bse_cm,CLFL,540481,E,Classic Leasing & Finance Ltd.,CLFL,1,0.01,CLFL
BSE,bse_cm,STARLENT,540492,E,STARLINEPS ENTERPRISES LIMITED,STARLENT,1,0.01,STARLENT
BSE,bse_cm,SCHAND,540497,E,S Chand And Company Limited,SCHAND,1,0.05,SCHAND
BSE,bse_cm,KANUNGO,540515,E,KANUNGO FINANCIERS LIMITED,KANUNGO,1,0.01,KANUNGO
BSE,bse_cm,MEERA,540519,E,Meera Industries Limited,MEERA,1,0.01,MEERA
BSE,bse_cm,IRBINVIT,540526,E,IRB InvIT Fund,IRBINVIT,1,0.01,IRBINVIT
BSE,bse_cm,HUDCO,540530,E,Housing &Urban Development Cor,HUDCO,1,0.05,HUDCO
BSE,bse_cm,PSPPROJECT,540544,E,PSP Projects Limited,PSPPROJECT,1,0.05,PSPPROJECT
BSE,bse_cm,GKL,540545,E,GURU KRUPA GEMS AND JEWELLERY ,GKL,1,0.01,GKL
BSE,bse_cm,YUG,540550,E,Yug Decor Limited,YUG,5175,0.01,YUG
BSE,bse_cm,INDIGRID,540565,E,IndiGrid Infrastructure Trust,INDIGRID,1,0.01,INDIGRID
BSE,bse_cm,VARIMAN,540570,E,VARIMAN GLOBAL ENTERPRISES LIM,VARIMAN,1,0.01,VARIMAN
BSE,bse_cm,STARCEMENT,540575,E,Star Cement Limited,STARCEMENT,1,0.05,STARCEMENT
BSE,bse_cm,RIDDHICORP,540590,E,Riddhi Corporate Services Limi,RIDDHICORP,1,0.01,RIDDHICORP
BSE,bse_cm,TEJASNET,540595,E,Tejas Networks Limited,TEJASNET,1,0.05,TEJASNET
BSE,bse_cm,ERIS,540596,E,Eris Lifesciences Limited,ERIS,1,0.05,ERIS
BSE,bse_cm,CONTAINER,540597,E,Containerway International Lim,CONTAINER,1,0.01,CONTAINER
BSE,bse_cm,GTPL,540602,E,GTPL Hathway Limited,GTPL,1,0.01,GTPL
BSE,bse_cm,AUBANK,540611,E,AU Small Finance Bank Limited,AUBANK,1,0.05,AUBANK
BSE,bse_cm,LOWVOLIETF,540612,E,ICICI Prudential Nifty Low Vol,LOWVOLIETF,1,0.01,LOWVOLIETF
BSE,bse_cm,GEL,540613,E,Gautam Exim Limited,GEL,3000,0.01,GEL
BSE,bse_cm,7NR,540615,E,7NR Retail Limited,7NR,1,0.01,7NR
BSE,bse_cm,SALASAR,540642,E,Salasar Techno Engineering Lim,SALASAR,1,0.01,SALASAR
BSE,bse_cm,GANGESSECU,540647,E,Ganges Securities Ltd.,GANGESSECU,1,0.05,GANGESSECU
BSE,bse_cm,PALASHSECU,540648,E,Palash Securities Limited,PALASHSECU,1,0.01,PALASHSECU
BSE,bse_cm,AVADHSUGAR,540649,E,AVADH SUGAR & ENERGY LIMITED,AVADHSUGAR,1,0.05,AVADHSUGAR
BSE,bse_cm,MAGADSUGAR,540650,E,Magadh Sugar & Energy Limited,MAGADSUGAR,1,0.05,MAGADSUGAR
BSE,bse_cm,JIGAR,540651,E,Jigar Cables Limited,JIGAR,2000,0.01,JIGAR
BSE,bse_cm,CTCL,540652,E,Captain Technocast Limited,CTCL,750,0.05,CTCL
BSE,bse_cm,GSTL,540654,E,GlobalSpace Technologies Limit,GSTL,1,0.01,GSTL
BSE,bse_cm,NEXT50BETA,540669,E,UTI Mutual Fund,NEXT50BETA,1,0.01,NEXT50BETA
BSE,bse_cm,SIS,540673,E,SIS LIMITED,SIS,1,0.05,SIS
BSE,bse_cm,COCHINSHIP,540678,E,Cochin Shipyard Limited,COCHINSHIP,1,0.05,COCHINSHIP
BSE,bse_cm,HALEOSLABS,540679,E,HALEOS LABS LIMITED,HALEOSLABS,1,0.05,HALEOSLABS
BSE,bse_cm,KIOCL,540680,E,KIOCL Limited,KIOCL,1,0.05,KIOCL
BSE,bse_cm,CHOTHANI,540681,E,CHOTHANI FOODS LIMITED,CHOTHANI,2500,0.01,CHOTHANI
BSE,bse_cm,SMRUTHIORG,540686,E,Smruthi Organics Limited,SMRUTHIORG,1,0.05,SMRUTHIORG
BSE,bse_cm,ABCAPITAL,540691,E,Aditya Birla Capital Ltd,ABCAPITAL,1,0.05,ABCAPITAL
BSE,bse_cm,APEX,540692,E,Apex Frozen Foods Limited,APEX,1,0.05,APEX
BSE,bse_cm,SHISHIND,540693,E,Shish Industries Limited,SHISHIND,1,0.01,SHISHIND
BSE,bse_cm,ANG,540694,E,ANG Lifesciences India Limited,ANG,1,0.01,ANG
BSE,bse_cm,KCDGROUP,540696,E,KCD INDUSTRIES INDIA LIMITED,KCDGROUP,1,0.01,KCDGROUP
BSE,bse_cm,DIXON,540699,E,Dixon Technologies (India) Lim,DIXON,1,0.05,DIXON
BSE,bse_cm,BRNL,540700,E,Bharat Road Network Limited,BRNL,1,0.01,BRNL
BSE,bse_cm,DCAL,540701,E,Dishman Carbogen Amcis Limited,DCAL,1,0.05,DCAL
BSE,bse_cm,LASA,540702,E,Lasa Supergenerics Limited,LASA,1,0.01,LASA
BSE,bse_cm,PROCLB,540703,E,PRO CLB GLOBAL LIMITED,PROCLB,1,0.01,PROCLB
BSE,bse_cm,MATRIMONY,540704,E,Matrimony.com Limited,MATRIMONY,1,0.05,MATRIMONY
BSE,bse_cm,RHFL,540709,E,Reliance Home Finance Limited,RHFL,1,0.01,RHFL
BSE,bse_cm,CAPACITE,540710,E,Capacite Infraprojects Limited,CAPACITE,1,0.05,CAPACITE
BSE,bse_cm,ICICIGI,540716,E,ICICI Lombard General Insuranc,ICICIGI,1,0.05,ICICIGI
BSE,bse_cm,PQIF,540717,E,Polo Queen Industrial and Fint,PQIF,1,0.01,PQIF
BSE,bse_cm,AAYUSHBULL,540718,E,AAYUSH ART AND BULLION LIMITED,AAYUSHBULL,125,0.05,AAYUSHBULL
BSE,bse_cm,SBILIFE,540719,E,SBI Life Insurance Company Lim,SBILIFE,1,0.05,SBILIFE
BSE,bse_cm,DIAMONDYD,540724,E,Prataap Snacks Limited,DIAMONDYD,1,0.05,DIAMONDYD
BSE,bse_cm,SHAREINDIA,540725,E,Share India Securities Limited,SHAREINDIA,1,0.05,SHAREINDIA
BSE,bse_cm,TTFL,540726,E,Trident Texofab Limited,TTFL,1,0.01,TTFL
BSE,bse_cm,POOJA,540727,E,Poojawestern Metaliks Limited,POOJA,1,0.01,POOJA
BSE,bse_cm,SAYAJIIND,540728,E,Sayaji Industries Limited,SAYAJIIND,1,0.05,SAYAJIIND
BSE,bse_cm,VANTABIO,540729,E,Vanta Bioscience Limited,VANTABIO,750,0.01,VANTABIO
BSE,bse_cm,MEHAI,540730,E,Mehai Technology  Limited,MEHAI,1,0.01,MEHAI
BSE,bse_cm,IRIS,540735,E,IRIS RegTech Solutions Limited,IRIS,1,0.05,IRIS
BSE,bse_cm,SGRL,540737,E,Shree Ganesh Remedies Limited,SGRL,1,0.05,SGRL
BSE,bse_cm,STL,540738,E,Shreeji Translogistics Limited,STL,1,0.01,STL
BSE,bse_cm,GODREJAGRO,540743,E,Godrej Agrovet Limited,GODREJAGRO,1,0.05,GODREJAGRO
BSE,bse_cm,MASFIN,540749,E,MAS Financial Services Limited,MASFIN,1,0.05,MASFIN
BSE,bse_cm,IEX,540750,E,Indian Energy Exchange Limited,IEX,1,0.05,IEX
BSE,bse_cm,GICRE,540755,E,General Insurance Corporation ,GICRE,1,0.05,GICRE
BSE,bse_cm,KAARYAFSL,540756,E,Kaarya Facilities and Services,KAARYAFSL,6000,0.01,KAARYAFSL
BSE,bse_cm,SCPL,540757,E,SHEETAL COOL PRODUCTS LIMITED,SCPL,1,0.05,SCPL
BSE,bse_cm,TIINDIA,540762,E,Tube Investments of India Ltd,TIINDIA,1,0.05,TIINDIA
BSE,bse_cm,NAM-INDIA,540767,E,NIPPON LIFE INDIA ASSET MANAGE,NAM-INDIA,1,0.05,NAM-INDIA
BSE,bse_cm,MAHLOG,540768,E,Mahindra Logistics Limited,MAHLOG,1,0.05,MAHLOG
BSE,bse_cm,NIACL,540769,E,The New India Assurance Compan,NIACL,1,0.05,NIACL
BSE,bse_cm,IFGLEXPOR,540774,E,IFGL Refractories Limited,IFGLEXPOR,1,0.05,IFGLEXPOR
BSE,bse_cm,KHADIM,540775,E,Khadim India Limited,KHADIM,1,0.05,KHADIM
BSE,bse_cm,5PAISA,540776,E,5paisa Capital Limited,5PAISA,1,0.05,5PAISA
BSE,bse_cm,HDFCLIFE,540777,E,HDFC LIFE INSURANCE COMPANY LI,HDFCLIFE,1,0.05,HDFCLIFE
BSE,bse_cm,SBRANDS,540782,E,Sanghvi Brands Limited,SBRANDS,1000,0.01,SBRANDS
BSE,bse_cm,SHARIKA,540786,E,SHARIKA ENTERPRISES LIMITED,SHARIKA,1,0.01,SHARIKA
BSE,bse_cm,ICICIB22,540787,E,ICICI Prudential Mutual Fund,ICICIB22,1,0.01,ICICIB22
BSE,bse_cm,ASPIRA,540788,E,Aspira Pathlab & Diagnostics L,ASPIRA,1,0.05,ASPIRA
BSE,bse_cm,DNAMEDIA,540789,E,Diligent Media Corporation Lim,DNAMEDIA,1,0.01,DNAMEDIA
BSE,bse_cm,DYCL,540795,E,Dynamic Cables Limited,DYCL,1,0.05,DYCL
BSE,bse_cm,RATNABHUMI,540796,E,Ratnabhumi Developers Limited,RATNABHUMI,1,0.05,RATNABHUMI
BSE,bse_cm,SHALBY,540797,E,Shalby Limited,SHALBY,1,0.05,SHALBY
BSE,bse_cm,MRCAGRO,540809,E,MRC AGROTECH LIMITED,MRCAGRO,1,0.01,MRCAGRO
BSE,bse_cm,DML,540811,E,Diggi Multitrade Limited,DML,5000,0.01,DML
BSE,bse_cm,CRYSTAL,540821,E,CRYSTAL BUSINESS SYSTEM LIMITE,CRYSTAL,1,0.01,CRYSTAL
BSE,bse_cm,ASTRON,540824,E,Astron Paper & Board Mill Limi,ASTRON,1,0.01,ASTRON
BSE,bse_cm,CHANDRIMA,540829,E,Chandrima Mercantiles limited,CHANDRIMA,1,0.01,CHANDRIMA
BSE,bse_cm,RITHWIKFMS,540843,E,Rithwik Facility Management Se,RITHWIKFMS,1000,0.05,RITHWIKFMS
BSE,bse_cm,JFL,540850,E,Jhandewalas Foods Limited,JFL,1000,0.01,JFL
BSE,bse_cm,7SEASL,540874,E,7SEAS ENTERTAINMENT LIMITED,7SEASL,1,0.01,7SEASL
BSE,bse_cm,APOLLO,540879,E,Apollo Micro Systems Limited,APOLLO,1,0.05,APOLLO
BSE,bse_cm,NEWGEN,540900,E,Newgen Software Technologies L,NEWGEN,1,0.05,NEWGEN
BSE,bse_cm,PRAXIS,540901,E,Praxis Home Retail Limited,PRAXIS,1,0.01,PRAXIS
BSE,bse_cm,AMBER,540902,E,Amber Enterprises India Limite,AMBER,1,0.05,AMBER
BSE,bse_cm,TIRUFOAM,540904,E,TIRUPATI FOAM LIMITED,TIRUFOAM,1,0.01,TIRUFOAM
BSE,bse_cm,SRUSTEELS,540914,E,SRU Steels Limited,SRUSTEELS,1,0.01,SRUSTEELS
BSE,bse_cm,ASHOKAMET,540923,E,Ashoka Metcast Limited,ASHOKAMET,1,0.01,ASHOKAMET
BSE,bse_cm,GALAXYSURF,540935,E,Galaxy Surfactants Limited,GALAXYSURF,1,0.05,GALAXYSURF
BSE,bse_cm,GGL,540936,E,Gautam Gems Limited,GGL,1,0.01,GGL
BSE,bse_cm,MEDICO,540937,E,MEDICO REMEDIES LIMITED,MEDICO,1,0.01,MEDICO
BSE,bse_cm,GUJHYSPIN,540938,E,Gujarat Hy-Spin Limited,GUJHYSPIN,5000,0.01,GUJHYSPIN
BSE,bse_cm,LAL,540952,E,LORENZINI APPARELS LIMITED,LAL,1,0.01,LAL
BSE,bse_cm,KENVI,540953,E,Kenvi Jewels Limited,KENVI,1,0.01,KENVI
BSE,bse_cm,IWP,540954,E,The Indian Wood Products Co. L,IWP,1,0.01,IWP
BSE,bse_cm,TDSL,540955,E,Tasty Dairy Specialities Limit,TDSL,1,0.01,TDSL
BSE,bse_cm,BHATIA,540956,E,Bhatia Communications & Retail,BHATIA,1,0.01,BHATIA
BSE,bse_cm,SHIVAMILLS,540961,E,Shiva Mills Limited,SHIVAMILLS,1,0.01,SHIVAMILLS
BSE,bse_cm,ASTERDM,540975,E,ASTER DM QUALITY CARE LIMITED,ASTERDM,1,0.05,ASTERDM
BSE,bse_cm,YSL,540980,E,The Yamuna Syndicate Ltd,YSL,1,0.05,YSL
BSE,bse_cm,KANCOTEA,541005,E,KANCO TEA & INDUSTRIES LIMITED,KANCOTEA,1,0.01,KANCOTEA
BSE,bse_cm,ANGEL,541006,E,Angel Fibers Limited,ANGEL,4000,0.01,ANGEL
BSE,bse_cm,HGINFRA,541019,E,H.G. Infra Engineering Limited,HGINFRA,1,0.05,HGINFRA
BSE,bse_cm,INFLAME,541083,E,Inflame Appliances Limited,INFLAME,250,0.05,INFLAME
BSE,bse_cm,BPLPHARMA,541096,E,Bharat Parenterals Limited,BPLPHARMA,1,0.05,BPLPHARMA
BSE,bse_cm,LIQUIDETF,541097,E,DSP NIFTY 1D Rate Liquid ETF,LIQUIDETF,1,0.01,LIQUIDETF
BSE,bse_cm,SHREESHAY,541112,E,Shreeshay Engineers Limited,SHREESHAY,2000,0.01,SHREESHAY
BSE,bse_cm,ACFL,541133,E,APEX CAPITAL AND FINANCE LIMIT,ACFL,1,0.01,ACFL
BSE,bse_cm,BDL,541143,E,Bharat Dynamics Limited,BDL,1,0.05,BDL
BSE,bse_cm,ACTIVE,541144,E,Active Clothing Co  Limited,ACTIVE,1,0.05,ACTIVE
BSE,bse_cm,GOYALALUM,541152,E,GOYAL ALUMINIUMS LIMITED,GOYALALUM,1,0.01,GOYALALUM
BSE,bse_cm,BANDHANBNK,541153,E,Bandhan Bank Limited,BANDHANBNK,1,0.05,BANDHANBNK
BSE,bse_cm,HAL,541154,E,Hindustan Aeronautics Limited,HAL,1,0.05,HAL
BSE,bse_cm,DHARAN,541161,E,DHARAN INFRA-EPC LIMITED,DHARAN,1,0.01,DHARAN
BSE,bse_cm,SANDHAR,541163,E,Sandhar Technologies Limited,SANDHAR,1,0.05,SANDHAR
BSE,bse_cm,YASHO,541167,E,YASHO INDUSTRIES LIMITED,YASHO,1,0.05,YASHO
BSE,bse_cm,BENARA,541178,E,Benara Bearings and Pistons Li,BENARA,2000,0.01,BENARA
BSE,bse_cm,MIDHANI,541195,E,Mishra Dhatu Nigam Limited,MIDHANI,1,0.05,MIDHANI
BSE,bse_cm,LEX,541196,E,Lex Nimble Solutions Limited,LEX,2000,0.01,LEX
BSE,bse_cm,OBCL,541206,E,OBCL Limited,OBCL,1,0.01,OBCL
BSE,bse_cm,TRL,541228,E,Taylormade Renewables Limited,TRL,1,0.01,TRL
BSE,bse_cm,LEMONTREE,541233,E,Lemon Tree Hotels Limited,LEMONTREE,1,0.05,LEMONTREE
BSE,bse_cm,CHEMFAB,541269,E,Chemfab Alkalis Ltd,CHEMFAB,1,0.05,CHEMFAB
BSE,bse_cm,HARDWYN,541276,E,HARDWYN INDIA LIMITED,HARDWYN,1,0.01,HARDWYN
BSE,bse_cm,DLCL,541299,E,DR LALCHANDANI LABS LIMITED,DLCL,4000,0.01,DLCL
BSE,bse_cm,INTERISE,541300,E,INTERISE TRUST,INTERISE,25000,0.01,INTERISE
BSE,bse_cm,ORIENTELEC,541301,E,Orient Electric Limited,ORIENTELEC,1,0.05,ORIENTELEC
BSE,bse_cm,DHRUV,541302,E,Dhruv Consultancy Services Lim,DHRUV,1,0.01,DHRUV
BSE,bse_cm,AKSHAR,541303,E,Akshar Spintex Limited,AKSHAR,1,0.01,AKSHAR
BSE,bse_cm,INDOUS,541304,E,Indo US Bio-Tech Limited,INDOUS,1,0.01,INDOUS
BSE,bse_cm,BSE500IETF,541313,E,ICICI Prudential BSE 500 ETF,BSE500IETF,1,0.01,BSE500IETF
BSE,bse_cm,INDOSTAR,541336,E,IndoStar Capital Finance Limit,INDOSTAR,1,0.05,INDOSTAR
BSE,bse_cm,MILEFUR,541337,E,Milestone Furniture Limited,MILEFUR,3000,0.01,MILEFUR
BSE,bse_cm,UHZAVERI,541338,E,U. H. ZAVERI LIMITED,UHZAVERI,1,0.01,UHZAVERI
BSE,bse_cm,PARVATI,541347,E,Parvati Sweetners and Power Lt,PARVATI,1,0.01,PARVATI
BSE,bse_cm,MEGASTAR,541352,E,Megastar Foods Limited,MEGASTAR,1,0.05,MEGASTAR
BSE,bse_cm,INNOVATORS,541353,E,Innovators Facade Systems Limi,INNOVATORS,800,0.05,INNOVATORS
BSE,bse_cm,UCIL,541358,E,UNIFINZ CAPITAL INDIA LIMITED,UCIL,1,0.05,UCIL
BSE,bse_cm,ZIMLAB,541400,E,ZIM Laboratories Limited,ZIMLAB,1,0.05,ZIMLAB
BSE,bse_cm,AFFORDABLE,541402,E,Affordable Robotic & Automatio,AFFORDABLE,1,0.05,AFFORDABLE
BSE,bse_cm,DOLLAR,541403,E,Dollar Industries Limited,DOLLAR,1,0.05,DOLLAR
BSE,bse_cm,NGIL,541418,E,NAKODA GROUP OF INDUSTRIES LIM,NGIL,1,0.01,NGIL
BSE,bse_cm,PALMJEWELS,541444,E,Palm Jewels Limited,PALMJEWELS,1,0.01,PALMJEWELS
BSE,bse_cm,WAA,541445,E,Waa Solar Limited,WAA,800,0.01,WAA
BSE,bse_cm,ADANIGREEN,541450,E,Adani Green Energy Limited,ADANIGREEN,1,0.05,ADANIGREEN
BSE,bse_cm,UNICK,541503,E,Unick Fix-A- Form and Printers,UNICK,1,0.01,UNICK
BSE,bse_cm,SOLARA,541540,E,SOLARA ACTIVE PHARMA SCIENCES ,SOLARA,1,0.05,SOLARA
BSE,bse_cm,GAYAHWS,541546,E,GAYATRI HIGHWAYS LTD,GAYAHWS,1,0.01,GAYAHWS
BSE,bse_cm,RITES,541556,E,RITES Limited,RITES,1,0.05,RITES
BSE,bse_cm,FINEORG,541557,E,Fine Organic Industries Limite,FINEORG,1,0.05,FINEORG
BSE,bse_cm,VARROC,541578,E,Varroc Engineering Limited,VARROC,1,0.05,VARROC
BSE,bse_cm,RAJNISH,541601,E,Rajnish Wellness Limited,RAJNISH,1,0.01,RAJNISH
BSE,bse_cm,GUJWIND,541627,E,Gujarat Winding Systems Limite,GUJWIND,1,0.01,GUJWIND
BSE,bse_cm,STRAEXPO,541633,E,Sophia Traexpo Limited,STRAEXPO,1,0.01,STRAEXPO
BSE,bse_cm,RAWEDGE,541634,E,Raw Edge Industrial Solutions ,RAWEDGE,1,0.01,RAWEDGE
BSE,bse_cm,SUPERSHAKT,541701,E,Supershakti Metaliks Limited,SUPERSHAKT,300,0.05,SUPERSHAKT
BSE,bse_cm,ASHNI,541702,E,Ashnisha Industries Limited,ASHNI,1,0.01,ASHNI
BSE,bse_cm,RACONTEUR,541703,E,RACONTEUR GLOBAL RESOURCES LIM,RACONTEUR,1600,0.01,RACONTEUR
BSE,bse_cm,HDFCAMC,541729,E,HDFC Asset Management Company ,HDFCAMC,1,0.05,HDFCAMC
BSE,bse_cm,VIVANTA,541735,E,Vivanta Industries Limited,VIVANTA,1,0.01,VIVANTA
BSE,bse_cm,FRATELLI,541741,E,Fratelli Vineyards Limited,FRATELLI,1,0.01,FRATELLI
BSE,bse_cm,CREDITACC,541770,E,CreditAccess Grameen Ltd.,CREDITACC,1,0.05,CREDITACC
BSE,bse_cm,AMINTAN,541771,E,AMIN TANNERY LIMITED,AMINTAN,1,0.01,AMINTAN
BSE,bse_cm,DEEP,541778,E,Deep Polymers Limited,DEEP,1,0.01,DEEP
BSE,bse_cm,SMEL,541799,E,Sungold Media and Entertainmen,SMEL,5000,0.01,SMEL
BSE,bse_cm,NEXT50IETF,541809,E,ICICI Prudential Mutual Fund,NEXT50IETF,1,0.01,NEXT50IETF
BSE,bse_cm,ASRL,541865,E,Add-Shop E-Retail Limited,ASRL,1,0.01,ASRL
BSE,bse_cm,SPACEINCUBA,541890,E,Space Incubatrics Technologies,SPACEINCUBA,1,0.01,SPACEINCUBA
BSE,bse_cm,SGIL,541929,E,Synergy Green Industries Limit,SGIL,1,0.05,SGIL
BSE,bse_cm,RANJEET,541945,E,Ranjeet Mechatronics Limited,RANJEET,8000,0.01,RANJEET
BSE,bse_cm,LIQUIDIETF,541946,E,ICICI Prudential BSE Liquid Ra,LIQUIDIETF,1,0.01,LIQUIDIETF
BSE,bse_cm,IRCON,541956,E,IRCON International Ltd,IRCON,1,0.05,IRCON
BSE,bse_cm,SKYGOLD,541967,E,Sky Gold And Diamonds Limited,SKYGOLD,1,0.05,SKYGOLD
BSE,bse_cm,SETFSN50,541972,E,SBI Mutual Fund,SETFSN50,1,0.01,SETFSN50
BSE,bse_cm,MACH,541973,E,Mac Hotels Limited,MACH,1500,0.01,MACH
BSE,bse_cm,MANORAMA,541974,E,Manorama Industries Limited,MANORAMA,1,0.05,MANORAMA
BSE,bse_cm,INNOVATIVE,541983,E,Innovative Ideals and Services,INNOVATIVE,1000,0.01,INNOVATIVE
BSE,bse_cm,AAVAS,541988,E,AAVAS Financiers Limited,AAVAS,1,0.05,AAVAS
BSE,bse_cm,GRSE,542011,E,Garden Reach Shipbuilders & En,GRSE,1,0.05,GRSE
BSE,bse_cm,A1L,542012,E,A-1 LIMITED,A1L,1,0.01,A1L
BSE,bse_cm,DOLFIN,542013,E,Dolfin Rubbers Limited,DOLFIN,1,0.05,DOLFIN
BSE,bse_cm,SHUBHAM,542019,E,Shubham Polyspin Limited,SHUBHAM,1,0.01,SHUBHAM
BSE,bse_cm,AKI,542020,E,AKI India Limited,AKI,1,0.01,AKI
BSE,bse_cm,SUNRETAIL,542025,E,Sun Retail Limited,SUNRETAIL,48000,0.01,SUNRETAIL
BSE,bse_cm,SMGOLD,542034,E,S. M. Gold Limited,SMGOLD,1,0.01,SMGOLD
BSE,bse_cm,VIVIDM,542046,E,VIVID MERCANTILE LIMITED,VIVIDM,1,0.01,VIVIDM
BSE,bse_cm,BCPL,542057,E,BCPL Railway Infrastructure Li,BCPL,1,0.01,BCPL
BSE,bse_cm,ATGL,542066,E,ADANI TOTAL GAS LIMITED,ATGL,1,0.05,ATGL
BSE,bse_cm,PHOSPHATE,542123,E,The Phosphate Company Limited,PHOSPHATE,1,0.05,PHOSPHATE
BSE,bse_cm,NIFTYETF,542131,E,Mirae Asset Mutual Fund,NIFTYETF,1,0.01,NIFTYETF
BSE,bse_cm,TECHNOE,542141,E,Techno Electric & Engineering ,TECHNOE,1,0.05,TECHNOE
BSE,bse_cm,RONI,542145,E,Roni Households Limited,RONI,1800,0.01,RONI
BSE,bse_cm,SKIFL,542146,E,Shree Krishna Infrastructure L,SKIFL,1250,0.01,SKIFL
BSE,bse_cm,DGL,542155,E,Diksha Greens Limited,DGL,2000,0.01,DGL
BSE,bse_cm,ARYAN,542176,E,Aryan Share & Stock Brokers Lt,ARYAN,1,0.01,ARYAN
BSE,bse_cm,NIVAKA,542206,E,NIVAKA FASHIONS LIMITED,NIVAKA,1,0.01,NIVAKA
BSE,bse_cm,DALBHARAT,542216,E,DALMIA BHARAT LIMITED,DALBHARAT,1,0.05,DALBHARAT
BSE,bse_cm,ABSLNN50ET,542230,E,Aditya Birla Sun Life Mutual F,ABSLNN50ET,1,0.01,ABSLNN50ET
BSE,bse_cm,NILASPACES,542231,E,Nila Spaces Ltd,NILASPACES,1,0.01,NILASPACES
BSE,bse_cm,SRD,542232,E,Shankar Lal Rampal Dye-Chem Li,SRD,1,0.01,SRD
BSE,bse_cm,TREJHARA,542233,E,Trejhara Solutions Limited,TREJHARA,1,0.05,TREJHARA
BSE,bse_cm,DECCAN,542248,E,Deccan Health Care Limited,DECCAN,1,0.01,DECCAN
BSE,bse_cm,AXITA,542285,E,Axita Cotton Limited,AXITA,1,0.01,AXITA
BSE,bse_cm,KPIGREEN,542323,E,KPI Green Energy Limited,KPIGREEN,1,0.05,KPIGREEN
BSE,bse_cm,HIKLASS,542332,E,Hi-Klass Trading and Investmen,HIKLASS,1,0.01,HIKLASS
BSE,bse_cm,RPSGVENT,542333,E,RPSG VENTURES LIMITED,RPSGVENT,1,0.05,RPSGVENT
BSE,bse_cm,SPENCERS,542337,E,Spencer's Retail Limited,SPENCERS,1,0.01,SPENCERS
BSE,bse_cm,GLOSTERLTD,542351,E,Gloster Ltd,GLOSTERLTD,1,0.05,GLOSTERLTD
BSE,bse_cm,XELPMOC,542367,E,Xelpmoc Design and Tech Limite,XELPMOC,1,0.01,XELPMOC
BSE,bse_cm,SPACAPS,542376,E,SPA Capital Services Limited,SPACAPS,1,0.05,SPACAPS
BSE,bse_cm,RITCO,542383,E,Ritco Logistics Limited,RITCO,1,0.05,RITCO
BSE,bse_cm,CHALET,542399,E,Chalet Hotels Limited,CHALET,1,0.05,CHALET
BSE,bse_cm,ANMOL,542437,E,Anmol India Limited,ANMOL,1,0.01,ANMOL
BSE,bse_cm,JONJUA,542446,E,Jonjua Overseas Limited,JONJUA,4821,0.01,JONJUA
BSE,bse_cm,KRANTI,542459,E,Kranti Industries Limited,KRANTI,1,0.01,KRANTI
BSE,bse_cm,ANUP,542460,E,The Anup Engineering Ltd,ANUP,1,0.05,ANUP
BSE,bse_cm,GLAAMUP,542477,E,GLAAM UP JWEL LIMITED,GLAAMUP,10000,0.01,GLAAMUP
BSE,bse_cm,ARVINDFASN,542484,E,Arvind Fashions Limited,ARVINDFASN,1,0.05,ARVINDFASN
BSE,bse_cm,MAHIP,542503,E,Mahip Industries Limited,MAHIP,4000,0.01,MAHIP
BSE,bse_cm,SNXT50BETA,542513,E,UTI BSE  Sensex Next 50 ETF,SNXT50BETA,1,0.01,SNXT50BETA
BSE,bse_cm,AIHL,542524,E,AMBASSADOR INTRA HOLDINGS LIMI,AIHL,1,0.01,AIHL
BSE,bse_cm,IDFTP179RG,542536,E,Bandhan Mutual Fund,IDFTP179RG,1,0.01,IDFTP179RG
BSE,bse_cm,IDFTP179RP,542537,E,Bandhan Mutual Fund,IDFTP179RP,1,0.01,IDFTP179RP
BSE,bse_cm,IDFTP179DG,542539,E,Bandhan Mutual Fund,IDFTP179DG,1,0.01,IDFTP179DG
BSE,bse_cm,IDFTP179DH,542541,E,Bandhan Mutual Fund,IDFTP179DH,1,0.01,IDFTP179DH
BSE,bse_cm,ENERGYINF,542543,E,Energy Infrastructure Trust,ENERGYINF,25000,0.01,ENERGYINF
BSE,bse_cm,JYOTIN,542544,E,Jyot International Marketing L,JYOTIN,1,0.01,JYOTIN
BSE,bse_cm,IPRU3315,542552,E,ICICI Prudential Mutual Fund,IPRU3315,1,0.01,IPRU3315
BSE,bse_cm,IPRU3316,542553,E,ICICI Prudential Mutual Fund,IPRU3316,1,0.01,IPRU3316
BSE,bse_cm,IPRU9517,542555,E,ICICI Prudential Mutual Fund,IPRU9517,1,0.01,IPRU9517
BSE,bse_cm,AGOL,542579,E,Ashapuri Gold Ornament Limited,AGOL,1,0.01,AGOL
BSE,bse_cm,AARTECH,542580,E,Aartech Solonics Limited,AARTECH,1,0.01,AARTECH
BSE,bse_cm,HBEL,542592,E,Humming Bird Education Limited,HBEL,1250,0.01,HBEL
BSE,bse_cm,MSTCLTD,542597,E,MSTC Limited,MSTCLTD,1,0.05,MSTCLTD
BSE,bse_cm,ROOPSHRI,542599,E,Roopshri Resorts Limited,ROOPSHRI,3000,0.01,ROOPSHRI
BSE,bse_cm,EMBASSY,542602,E,Embassy Office Parks REIT,EMBASSY,1,0.01,EMBASSY
BSE,bse_cm,CHANDNIMACH,542627,E,Chandni Machines Limited,CHANDNIMACH,1,0.01,CHANDNIMACH
BSE,bse_cm,NSL,542628,E,Northern Spirits Limited,NSL,1,0.05,NSL
BSE,bse_cm,RVNL,542649,E,Rail Vikas Nigam Limited,RVNL,1,0.05,RVNL
BSE,bse_cm,METROPOLIS,542650,E,Metropolis Healthcare Limited,METROPOLIS,1,0.05,METROPOLIS
BSE,bse_cm,KPITTECH,542651,E,KPIT Technologies Ltd,KPITTECH,1,0.05,KPITTECH
BSE,bse_cm,POLYCAB,542652,E,Polycab India Limited,POLYCAB,1,0.05,POLYCAB
BSE,bse_cm,VRFILMS,542654,E,V R FILMS & STUDIOS LIMITED,VRFILMS,1,0.01,VRFILMS
BSE,bse_cm,VIKASLIFE,542655,E,VIKAS LIFECARE LIMITED,VIKASLIFE,1,0.01,VIKASLIFE
BSE,bse_cm,NXLI8X,542661,E,Reliance Mutual Fund,NXLI8X,1,0.01,NXLI8X
BSE,bse_cm,NXLI8Z,542662,E,Reliance Mutual Fund,NXLI8Z,1,0.01,NXLI8Z
BSE,bse_cm,NXLI8D,542663,E,Reliance Mutual Fund,NXLI8D,1,0.01,NXLI8D
BSE,bse_cm,NXLI8G,542664,E,Reliance Mutual Fund,NXLI8G,1,0.01,NXLI8G
BSE,bse_cm,NEOGEN,542665,E,Neogen Chemicals Limited,NEOGEN,1,0.05,NEOGEN
BSE,bse_cm,GKP,542666,E,G. K. P. Printing & Packaging ,GKP,1,0.01,GKP
BSE,bse_cm,EVANS,542668,E,EVANS ELECTRIC LIMITED,EVANS,1000,0.01,EVANS
BSE,bse_cm,BMW,542669,E,BMW INDUSTRIES LIMITED,BMW,1,0.01,BMW
BSE,bse_cm,AEPL,542670,E,Artemis Electricals and Projec,AEPL,1,0.01,AEPL
BSE,bse_cm,MAHESH,542677,E,Mahesh Developers Limited,MAHESH,1,0.01,MAHESH
BSE,bse_cm,CHCL,542678,E,Cian Healthcare Limited,CHCL,2000,0.01,CHCL
BSE,bse_cm,DEL,542679,E,Dhanashree Electronics Limited,DEL,1,0.05,DEL
BSE,bse_cm,HARISH,542682,E,Harish Textile Engineers Limit,HARISH,1,0.01,HARISH
BSE,bse_cm,PPL,542684,E,Prakash Pipes Limited,PPL,1,0.05,PPL
BSE,bse_cm,DGCONTENT,542685,E,Digicontent Limited,DGCONTENT,1,0.01,DGCONTENT
BSE,bse_cm,PARSHVA,542694,E,Parshva Enterprises Limited,PARSHVA,1,0.05,PARSHVA
BSE,bse_cm,ARL,542721,E,Anand Rayons Limited,ARL,1,0.01,ARL
BSE,bse_cm,SBC,542725,E,SBC EXPORTS LIMITED,SBC,1,0.01,SBC
BSE,bse_cm,INDIAMART,542726,E,IndiaMART InterMESH Limited,INDIAMART,1,0.05,INDIAMART
BSE,bse_cm,CPML,542727,E,CITY PULSE MULTIVENTURES LIMIT,CPML,50,0.05,CPML
BSE,bse_cm,SKIEL,542728,E,SK International Export Limite,SKIEL,6000,0.01,SKIEL
BSE,bse_cm,DCMNVL,542729,E,DCM NOUVELLE LIMITED,DCMNVL,1,0.05,DCMNVL
BSE,bse_cm,BANKIETF,542730,E,ICICI Prudential Mutual Fund,BANKIETF,1,0.01,BANKIETF
BSE,bse_cm,SNXT50BEES,542747,E,NIPPON INDIA ETF SENSEX NEXT 5,SNXT50BEES,1,0.01,SNXT50BEES
BSE,bse_cm,AFFLE,542752,E,AFFLE 3I LIMITED,AFFLE,1,0.05,AFFLE
BSE,bse_cm,PVTBANIETF,542758,E,ICICI Prudential Mutual Fund,PVTBANIETF,1,0.01,PVTBANIETF
BSE,bse_cm,SPANDANA,542759,E,Spandana Sphoorty Financial Li,SPANDANA,1,0.05,SPANDANA
BSE,bse_cm,SWSOLAR,542760,E,STERLING AND WILSON RENEWABLE ,SWSOLAR,1,0.05,SWSOLAR
BSE,bse_cm,TRANSPACT,542765,E,Transpact Enterprises Limited,TRANSPACT,500,0.05,TRANSPACT
BSE,bse_cm,ALPHALOGIC,542770,E,Alphalogic Techsys Limited,ALPHALOGIC,1,0.01,ALPHALOGIC
BSE,bse_cm,NOVATEOR,542771,E,Novateor Research Laboratories,NOVATEOR,3000,0.01,NOVATEOR
BSE,bse_cm,360ONE,542772,E,360 ONE WAM LIMITED,360ONE,1,0.05,360ONE
BSE,bse_cm,IIFLCAPS,542773,E,IIFL CAPITAL SERVICES LIMITED,IIFLCAPS,1,0.05,IIFLCAPS
BSE,bse_cm,MUFIN,542774,E,MUFIN GREEN FINANCE LIMITED,MUFIN,1,0.05,MUFIN
BSE,bse_cm,MISQUITA,542801,E,Misquita Engineering Limited,MISQUITA,1000,0.01,MISQUITA
BSE,bse_cm,GALACTICO,542802,E,Galactico Corporate Services L,GALACTICO,1,0.01,GALACTICO
BSE,bse_cm,VEL,542803,E,Vaxfab Enterprises Limited,VEL,1,0.01,VEL
BSE,bse_cm,FLUOROCHEM,542812,E,Gujarat Fluorochemicals Limite,FLUOROCHEM,1,0.05,FLUOROCHEM
BSE,bse_cm,IRCTC,542830,E,Indian Railway Catering and To,IRCTC,1,0.05,IRCTC
BSE,bse_cm,GOBLIN,542850,E,GOBLIN INDIA LIMITED,GOBLIN,2000,0.01,GOBLIN
BSE,bse_cm,VISHWARAJ,542852,E,Vishwaraj Sugar Industries Lim,VISHWARAJ,1,0.01,VISHWARAJ
BSE,bse_cm,GREENPANEL,542857,E,Greenpanel Industries Limited,GREENPANEL,1,0.05,GREENPANEL
BSE,bse_cm,SHAHLON,542862,E,Shahlon Silk Industries Limite,SHAHLON,1,0.01,SHAHLON
BSE,bse_cm,ABSLBANETF,542863,E,Aditya Birla Sun Life Mutual F,ABSLBANETF,1,0.01,ABSLBANETF
BSE,bse_cm,MOUNT,542864,E,MOUNT HOUSING AND INFRASTRUCTU,MOUNT,1,0.01,MOUNT
BSE,bse_cm,ANUROOP,542865,E,Anuroop Packaging Limited,ANUROOP,1,0.01,ANUROOP
BSE,bse_cm,CSBBANK,542867,E,CSB Bank Limited,CSBBANK,1,0.05,CSBBANK
BSE,bse_cm,UJJIVANSFB,542904,E,Ujjivan Small Finance Bank Lim,UJJIVANSFB,1,0.01,UJJIVANSFB
BSE,bse_cm,HINDWAREAP,542905,E,Hindware Home Innovation Limit,HINDWAREAP,1,0.05,HINDWAREAP
BSE,bse_cm,EASUN,542906,E,Easun Capital Markets Limited,EASUN,1,0.01,EASUN
BSE,bse_cm,PRINCEPIPE,542907,E,Prince Pipes and Fittings Limi,PRINCEPIPE,1,0.05,PRINCEPIPE
BSE,bse_cm,EBBETF0430,542909,E,Edelweiss Mutual Fund,EBBETF0430,1,0.01,EBBETF0430
BSE,bse_cm,VALENCIA,542910,E,Valencia Nutrition Limited,VALENCIA,1500,0.01,VALENCIA
BSE,bse_cm,ASSAMENT,542911,E,Assam Entrade Limited,ASSAMENT,1,0.05,ASSAMENT
BSE,bse_cm,GIANLIFE,542918,E,Gian Life Care Limited,GIANLIFE,1,0.01,GIANLIFE
BSE,bse_cm,ARTEMISMED,542919,E,Artemis Medicare Services Limi,ARTEMISMED,1,0.05,ARTEMISMED
BSE,bse_cm,SUMICHEM,542920,E,SUMITOMO CHEMICAL INDIA LIMITE,SUMICHEM,1,0.05,SUMICHEM
BSE,bse_cm,MIDCAPIETF,542921,E,ICICI Prudential Mutual Fund,MIDCAPIETF,1,0.01,MIDCAPIETF
BSE,bse_cm,NEXT50,542922,E,Mirae Asset Mutual Fund,NEXT50,1,0.01,NEXT50
BSE,bse_cm,TRANWAY21,542923,E,TRANWAY21 TECHNOLOGIES LIMITED,TRANWAY21,10000,0.01,TRANWAY21
BSE,bse_cm,VARDHANCFL,542931,E,Vardhan Capital & Finance Limi,VARDHANCFL,1,0.01,VARDHANCFL
BSE,bse_cm,UNIVPHOTO,542933,E,UNIVERSUS PHOTO IMAGINGS LIMIT,UNIVPHOTO,1,0.05,UNIVPHOTO
BSE,bse_cm,CBPL,542934,E,Chandra Bhagat Pharma Limited,CBPL,1000,0.01,CBPL
BSE,bse_cm,OCTAVIUSPL,542938,E,Octavius Plantations Limited,OCTAVIUSPL,1,0.01,OCTAVIUSPL
BSE,bse_cm,COHANCE,543064,E,Cohance Lifesciences Limited,COHANCE,1,0.05,COHANCE
BSE,bse_cm,SMAUTO,543065,E,SM Auto Stamping Limited,SMAUTO,2000,0.01,SMAUTO
BSE,bse_cm,SBICARD,543066,E,SBI CARDS AND PAYMENT SERVICES,SBICARD,1,0.05,SBICARD
BSE,bse_cm,07AGG,543071,E,Nippon India Mutual Fund,07AGG,1,0.01,07AGG
BSE,bse_cm,07BPB,543072,E,Nippon India Mutual Fund,07BPB,1,0.01,07BPB
BSE,bse_cm,07DPD,543073,E,Nippon India Mutual Fund,07DPD,1,0.01,07DPD
BSE,bse_cm,07DPR,543074,E,Nippon India Mutual Fund,07DPR,1,0.01,07DPR
BSE,bse_cm,07QPD,543075,E,Nippon India Mutual Fund,07QPD,1,0.01,07QPD
BSE,bse_cm,07ABB,543076,E,Nippon India Mutual Fund,07ABB,1,0.01,07ABB
BSE,bse_cm,07QPR,543077,E,Nippon India Mutual Fund,07QPR,1,0.01,07QPR
BSE,bse_cm,07ADD,543078,E,Nippon India Mutual Fund,07ADD,1,0.01,07ADD
BSE,bse_cm,07GPG,543079,E,Nippon India Mutual Fund,07GPG,1,0.01,07GPG
BSE,bse_cm,07ADR,543080,E,Nippon India Mutual Fund,07ADR,1,0.01,07ADR
BSE,bse_cm,07AQD,543081,E,Nippon India Mutual Fund,07AQD,1,0.01,07AQD
BSE,bse_cm,07AQR,543082,E,Nippon India Mutual Fund,07AQR,1,0.01,07AQR
BSE,bse_cm,09MPD,543083,E,Nippon India Mutual Fund,09MPD,1,0.01,09MPD
BSE,bse_cm,09MPR,543084,E,Nippon India Mutual Fund,09MPR,1,0.01,09MPR
BSE,bse_cm,09QPD,543085,E,Nippon India Mutual Fund,09QPD,1,0.01,09QPD
BSE,bse_cm,09QPR,543086,E,Nippon India Mutual Fund,09QPR,1,0.01,09QPR
BSE,bse_cm,09AGG,543087,E,Nippon India Mutual Fund,09AGG,1,0.01,09AGG
BSE,bse_cm,09AMD,543088,E,Nippon India Mutual Fund,09AMD,1,0.01,09AMD
BSE,bse_cm,09AMR,543089,E,Nippon India Mutual Fund,09AMR,1,0.01,09AMR
BSE,bse_cm,09AQD,543090,E,Nippon India Mutual Fund,09AQD,1,0.01,09AQD
BSE,bse_cm,09AQR,543091,E,Nippon India Mutual Fund,09AQR,1,0.01,09AQR
BSE,bse_cm,09GPG,543092,E,Nippon India Mutual Fund,09GPG,1,0.01,09GPG
BSE,bse_cm,UTCRFS2DQP,543097,E,UTI Mutual Fund,UTCRFS2DQP,1,0.01,UTCRFS2DQP
BSE,bse_cm,UTCRFS2DQR,543098,E,UTI Mutual Fund,UTCRFS2DQR,1,0.01,UTCRFS2DQR
BSE,bse_cm,UTCRFS2DGR,543099,E,UTI Mutual Fund,UTCRFS2DGR,1,0.01,UTCRFS2DGR
BSE,bse_cm,UTCRFS2DAP,543100,E,UTI Mutual Fund,UTCRFS2DAP,1,0.01,UTCRFS2DAP
BSE,bse_cm,UTCRFS2DAR,543101,E,UTI Mutual Fund,UTCRFS2DAR,1,0.01,UTCRFS2DAR
BSE,bse_cm,UTCRFS2DHP,543102,E,UTI Mutual Fund,UTCRFS2DHP,1,0.01,UTCRFS2DHP
BSE,bse_cm,UTCRFS2DHR,543103,E,UTI Mutual Fund,UTCRFS2DHR,1,0.01,UTCRFS2DHR
BSE,bse_cm,UTCRFS2DFP,543104,E,UTI Mutual Fund,UTCRFS2DFP,1,0.01,UTCRFS2DFP
BSE,bse_cm,UTCRFS2DFR,543105,E,UTI Mutual Fund,UTCRFS2DFR,1,0.01,UTCRFS2DFR
BSE,bse_cm,UTCRFS2DMP,543106,E,UTI Mutual Fund,UTCRFS2DMP,1,0.01,UTCRFS2DMP
BSE,bse_cm,UTCRFS2DMR,543107,E,UTI Mutual Fund,UTCRFS2DMR,1,0.01,UTCRFS2DMR
BSE,bse_cm,UTCRFS2RQP,543108,E,UTI Mutual Fund,UTCRFS2RQP,1,0.01,UTCRFS2RQP
BSE,bse_cm,UTCRFS2RQR,543109,E,UTI Mutual Fund,UTCRFS2RQR,1,0.01,UTCRFS2RQR
BSE,bse_cm,UTCRFS2RGR,543110,E,UTI Mutual Fund,UTCRFS2RGR,1,0.01,UTCRFS2RGR
BSE,bse_cm,UTCRFS2RAP,543111,E,UTI Mutual Fund,UTCRFS2RAP,1,0.01,UTCRFS2RAP
BSE,bse_cm,UTCRFS2RAR,543112,E,UTI Mutual Fund,UTCRFS2RAR,1,0.01,UTCRFS2RAR
BSE,bse_cm,UTCRFS2RHP,543113,E,UTI Mutual Fund,UTCRFS2RHP,1,0.01,UTCRFS2RHP
BSE,bse_cm,UTCRFS2RHR,543114,E,UTI Mutual Fund,UTCRFS2RHR,1,0.01,UTCRFS2RHR
BSE,bse_cm,UTCRFS2RFP,543115,E,UTI Mutual Fund,UTCRFS2RFP,1,0.01,UTCRFS2RFP
BSE,bse_cm,UTCRFS2RFR,543116,E,UTI Mutual Fund,UTCRFS2RFR,1,0.01,UTCRFS2RFR
BSE,bse_cm,UTCRFS2RMP,543117,E,UTI Mutual Fund,UTCRFS2RMP,1,0.01,UTCRFS2RMP
BSE,bse_cm,UTCRFS2RMR,543118,E,UTI Mutual Fund,UTCRFS2RMR,1,0.01,UTCRFS2RMR
BSE,bse_cm,UTMTFS2DQP,543119,E,UTI Mutual Fund,UTMTFS2DQP,1,0.01,UTMTFS2DQP
BSE,bse_cm,UTMTFS2DQR,543120,E,UTI Mutual Fund,UTMTFS2DQR,1,0.01,UTMTFS2DQR
BSE,bse_cm,UTMTFS2DGR,543121,E,UTI Mutual Fund,UTMTFS2DGR,1,0.01,UTMTFS2DGR
BSE,bse_cm,UTMTFS2DAP,543122,E,UTI Mutual Fund,UTMTFS2DAP,1,0.01,UTMTFS2DAP
BSE,bse_cm,UTMTFS2DAR,543123,E,UTI Mutual Fund,UTMTFS2DAR,1,0.01,UTMTFS2DAR
BSE,bse_cm,UTMTFS2DHP,543124,E,UTI Mutual Fund,UTMTFS2DHP,1,0.01,UTMTFS2DHP
BSE,bse_cm,UTMTFS2DHR,543125,E,UTI Mutual Fund,UTMTFS2DHR,1,0.01,UTMTFS2DHR
BSE,bse_cm,UTMTFS2DFP,543126,E,UTI Mutual Fund,UTMTFS2DFP,1,0.01,UTMTFS2DFP
BSE,bse_cm,UTMTFS2DFR,543127,E,UTI Mutual Fund,UTMTFS2DFR,1,0.01,UTMTFS2DFR
BSE,bse_cm,UTMTFS2DMP,543128,E,UTI Mutual Fund,UTMTFS2DMP,1,0.01,UTMTFS2DMP
BSE,bse_cm,UTMTFS2DMR,543129,E,UTI Mutual Fund,UTMTFS2DMR,1,0.01,UTMTFS2DMR
BSE,bse_cm,UTMTFS2RQP,543130,E,UTI Mutual Fund,UTMTFS2RQP,1,0.01,UTMTFS2RQP
BSE,bse_cm,UTMTFS2RQR,543131,E,UTI Mutual Fund,UTMTFS2RQR,1,0.01,UTMTFS2RQR
BSE,bse_cm,UTMTFS2RGR,543132,E,UTI Mutual Fund,UTMTFS2RGR,1,0.01,UTMTFS2RGR
BSE,bse_cm,UTMTFS2RAP,543133,E,UTI Mutual Fund,UTMTFS2RAP,1,0.01,UTMTFS2RAP
BSE,bse_cm,UTMTFS2RAR,543134,E,UTI Mutual Fund,UTMTFS2RAR,1,0.01,UTMTFS2RAR
BSE,bse_cm,UTMTFS2RHP,543135,E,UTI Mutual Fund,UTMTFS2RHP,1,0.01,UTMTFS2RHP
BSE,bse_cm,UTMTFS2RHR,543136,E,UTI Mutual Fund,UTMTFS2RHR,1,0.01,UTMTFS2RHR
BSE,bse_cm,UTMTFS2RFP,543137,E,UTI Mutual Fund,UTMTFS2RFP,1,0.01,UTMTFS2RFP
BSE,bse_cm,UTMTFS2RFR,543138,E,UTI Mutual Fund,UTMTFS2RFR,1,0.01,UTMTFS2RFR
BSE,bse_cm,UTMTFS2RMP,543139,E,UTI Mutual Fund,UTMTFS2RMP,1,0.01,UTMTFS2RMP
BSE,bse_cm,UTMTFS2RMR,543140,E,UTI Mutual Fund,UTMTFS2RMR,1,0.01,UTMTFS2RMR
BSE,bse_cm,08MPD,543144,E,Nippon India Mutual Fund,08MPD,1,0.01,08MPD
BSE,bse_cm,08ADR,543145,E,Nippon India Mutual Fund,08ADR,1,0.01,08ADR
BSE,bse_cm,08MPR,543146,E,Nippon India Mutual Fund,08MPR,1,0.01,08MPR
BSE,bse_cm,08AMD,543147,E,Nippon India Mutual Fund,08AMD,1,0.01,08AMD
BSE,bse_cm,08AMR,543148,E,Nippon India Mutual Fund,08AMR,1,0.01,08AMR
BSE,bse_cm,08BPB,543149,E,Nippon India Mutual Fund,08BPB,1,0.01,08BPB
BSE,bse_cm,08GPG,543150,E,Nippon India Mutual Fund,08GPG,1,0.01,08GPG
BSE,bse_cm,08ABB,543151,E,Nippon India Mutual Fund,08ABB,1,0.01,08ABB
BSE,bse_cm,08QPD,543152,E,Nippon India Mutual Fund,08QPD,1,0.01,08QPD
BSE,bse_cm,08AGG,543153,E,Nippon India Mutual Fund,08AGG,1,0.01,08AGG
BSE,bse_cm,08QPR,543154,E,Nippon India Mutual Fund,08QPR,1,0.05,08QPR
BSE,bse_cm,08AQD,543155,E,Nippon India Mutual Fund,08AQD,1,0.01,08AQD
BSE,bse_cm,08DPD,543156,E,Nippon India Mutual Fund,08DPD,1,0.01,08DPD
BSE,bse_cm,10IGG,543157,E,Nippon India Mutual Fund,10IGG,1,0.01,10IGG
BSE,bse_cm,10DPD,543158,E,Nippon India Mutual Fund,10DPD,1,0.01,10DPD
BSE,bse_cm,10DPR,543159,E,Nippon India Mutual Fund,10DPR,1,0.01,10DPR
BSE,bse_cm,10DRD,543160,E,Nippon India Mutual Fund,10DRD,1,0.01,10DRD
BSE,bse_cm,10AGG,543161,E,Nippon India Mutual Fund,10AGG,1,0.01,10AGG
BSE,bse_cm,10DRR,543162,E,Nippon India Mutual Fund,10DRR,1,0.01,10DRR
BSE,bse_cm,10ADD,543163,E,Nippon India Mutual Fund,10ADD,1,0.01,10ADD
BSE,bse_cm,10ADR,543164,E,Nippon India Mutual Fund,10ADR,1,0.01,10ADR
BSE,bse_cm,10ARD,543165,E,Nippon India Mutual Fund,10ARD,1,0.01,10ARD
BSE,bse_cm,10ARR,543166,E,Nippon India Mutual Fund,10ARR,1,0.01,10ARR
BSE,bse_cm,10GPG,543167,E,Nippon India Mutual Fund,10GPG,1,0.01,10GPG
BSE,bse_cm,08AQR,543168,E,Nippon India Mutual Fund,08AQR,1,0.01,08AQR
BSE,bse_cm,08DPR,543169,E,Nippon India Mutual Fund,08DPR,1,0.01,08DPR
BSE,bse_cm,08ADD,543170,E,Nippon India Mutual Fund,08ADD,1,0.01,08ADD
BSE,bse_cm,ROJL,543171,E,RO Jewels Limited,ROJL,1,0.01,ROJL
BSE,bse_cm,COSPOWER,543172,E,Cospower Engineering Limited,COSPOWER,125,0.05,COSPOWER
BSE,bse_cm,11DPR,543173,E,Nippon India Mutual Fund,11DPR,1,0.01,11DPR
BSE,bse_cm,11GPG,543174,E,Nippon India Mutual Fund,11GPG,1,0.01,11GPG
BSE,bse_cm,11MPD,543175,E,Nippon India Mutual Fund,11MPD,1,0.01,11MPD
BSE,bse_cm,11MPR,543176,E,Nippon India Mutual Fund,11MPR,1,0.01,11MPR
BSE,bse_cm,11QPD,543177,E,Nippon India Mutual Fund,11QPD,1,0.01,11QPD
BSE,bse_cm,11QPR,543178,E,Nippon India Mutual Fund,11QPR,1,0.01,11QPR
BSE,bse_cm,11ADD,543179,E,Nippon India Mutual Fund,11ADD,1,0.01,11ADD
BSE,bse_cm,11ADR,543180,E,Nippon India Mutual Fund,11ADR,1,0.01,11ADR
BSE,bse_cm,11AGG,543181,E,Nippon India Mutual Fund,11AGG,1,0.01,11AGG
BSE,bse_cm,11AMD,543182,E,Nippon India Mutual Fund,11AMD,1,0.01,11AMD
BSE,bse_cm,11AMR,543183,E,Nippon India Mutual Fund,11AMR,1,0.01,11AMR
BSE,bse_cm,11AQD,543184,E,Nippon India Mutual Fund,11AQD,1,0.01,11AQD
BSE,bse_cm,11AQR,543185,E,Nippon India Mutual Fund,11AQR,1,0.01,11AQR
BSE,bse_cm,11DPD,543186,E,Nippon India Mutual Fund,11DPD,1,0.01,11DPD
BSE,bse_cm,POWERINDIA,543187,E,HITACHI ENERGY INDIA LIMITED,POWERINDIA,1,0.05,POWERINDIA
BSE,bse_cm,DJML,543193,E,DJ Mediaprint & Logistics Limi,DJML,1,0.05,DJML
BSE,bse_cm,NIRMITEE,543194,E,Nirmitee Robotics India Limite,NIRMITEE,900,0.05,NIRMITEE
BSE,bse_cm,SFMP34GR,543203,E,SBI Mutual Fund,SFMP34GR,1,0.01,SFMP34GR
BSE,bse_cm,SFMP34DR,543204,E,SBI Mutual Fund,SFMP34DR,1,0.01,SFMP34DR
BSE,bse_cm,SFMP34GD,543205,E,SBI Mutual Fund,SFMP34GD,1,0.01,SFMP34GD
BSE,bse_cm,SFMP34DD,543206,E,SBI Mutual Fund,SFMP34DD,1,0.01,SFMP34DD
BSE,bse_cm,NATURAL,543207,E,Natural Biocon (India) Limited,NATURAL,1,0.01,NATURAL
BSE,bse_cm,REGIS,543208,E,REGIS INDUSTRIES LIMITED,REGIS,1,0.01,REGIS
BSE,bse_cm,BILLWIN,543209,E,Billwin Industries Limited,BILLWIN,3000,0.01,BILLWIN
BSE,bse_cm,AARTISURF,543210,E,Aarti Surfactants Limited,AARTISURF,1,0.05,AARTISURF
BSE,bse_cm,BONLON,543211,E,BONLON INDUSTRIES LIMITED,BONLON,1,0.01,BONLON
BSE,bse_cm,BOROLTD,543212,E,Borosil Limited,BOROLTD,1,0.05,BOROLTD
BSE,bse_cm,ROSSARI,543213,E,ROSSARI BIOTECH LIMITED,ROSSARI,1,0.05,ROSSARI
BSE,bse_cm,NDRAUTO,543214,E,NDR Auto Components Limited,NDRAUTO,1,0.05,NDRAUTO
BSE,bse_cm,EBBETF0431,543216,E,Edelweiss Mutual Fund,EBBETF0431,1,0.01,EBBETF0431
BSE,bse_cm,MINDSPACE,543217,E,Mindspace Business Parks REIT,MINDSPACE,1,0.01,MINDSPACE
BSE,bse_cm,SBGLP,543218,E,SURATWWALA BUSINESS GROUP LIMI,SBGLP,1,0.01,SBGLP
BSE,bse_cm,ALPL30IETF,543219,E,ICICI Prudential Mutual Fund,ALPL30IETF,1,0.01,ALPL30IETF
BSE,bse_cm,MAXHEALTH,543220,E,Max Healthcare Institute Limit,MAXHEALTH,1,0.05,MAXHEALTH
BSE,bse_cm,ITIETF,543221,E,ICICI Prudential Mutual Fund,ITIETF,1,0.01,ITIETF
BSE,bse_cm,MAXIND,543223,E,Max India Limited,MAXIND,1,0.05,MAXIND
BSE,bse_cm,HDFCNIFBAN,543224,E,HDFC Mutual Fund,HDFCNIFBAN,1,0.01,HDFCNIFBAN
BSE,bse_cm,ALTIUSINVIT,543225,E,Altius Telecom Infrastructure ,ALTIUSINVIT,25000,0.01,ALTIUSINVIT
BSE,bse_cm,BANKBETA,543226,E,UTI Mutual Fund,BANKBETA,1,0.01,BANKBETA
BSE,bse_cm,HAPPSTMNDS,543227,E,Happiest Minds Technologies Li,HAPPSTMNDS,1,0.05,HAPPSTMNDS
BSE,bse_cm,ROUTE,543228,E,Route Mobile Limited,ROUTE,1,0.05,ROUTE
BSE,bse_cm,SAMRATFORG,543229,E,Samrat Forgings Limited,SAMRATFORG,1,0.05,SAMRATFORG
BSE,bse_cm,ADVAIT,543230,E,ADVAIT ENERGY TRANSITIONS LIMI,ADVAIT,1,0.05,ADVAIT
BSE,bse_cm,ADL,543231,E,Archidply Decor Limited,ADL,1,0.01,ADL
BSE,bse_cm,CAMS,543232,E,Computer Age Management Servic,CAMS,1,0.05,CAMS
BSE,bse_cm,CHEMCON,543233,E,Chemcon Speciality Chemicals L,CHEMCON,1,0.05,CHEMCON
BSE,bse_cm,SECMARK,543234,E,Secmark Consultancy Limited,SECMARK,1,0.05,SECMARK
BSE,bse_cm,ANGELONE,543235,E,ANGEL ONE LIMITED,ANGELONE,1,0.05,ANGELONE
BSE,bse_cm,ATAM,543236,E,Atam Valves Limited,ATAM,1,0.01,ATAM
BSE,bse_cm,MAZDOCK,543237,E,Mazagon Dock Shipbuilders Limi,MAZDOCK,1,0.05,MAZDOCK
BSE,bse_cm,UTIAMC,543238,E,UTI Asset Management Company L,UTIAMC,1,0.05,UTIAMC
BSE,bse_cm,GMPL,543239,E,G M Polyplast Limited,GMPL,700,0.01,GMPL
BSE,bse_cm,LIKHITHA,543240,E,Likhitha Infrastructure Limite,LIKHITHA,1,0.05,LIKHITHA
BSE,bse_cm,VGIL,543241,E,Veer Global Infraconstruction ,VGIL,1,0.05,VGIL
BSE,bse_cm,HEMIPROP,543242,E,Hemisphere Properties India Li,HEMIPROP,1,0.05,HEMIPROP
BSE,bse_cm,EQUITASBNK,543243,E,Equitas Small Finance Bank Lim,EQUITASBNK,1,0.01,EQUITASBNK
BSE,bse_cm,SHINEFASH,543244,E,Shine Fashions (India) Limited,SHINEFASH,4000,0.01,SHINEFASH
BSE,bse_cm,GLAND,543245,E,Gland Pharma Limited,GLAND,1,0.05,GLAND
BSE,bse_cm,ESG,543246,E,Mirae Asset Mutual Fund,ESG,1,0.01,ESG
BSE,bse_cm,NETPIX,543247,E,Net Pix Shorts Digital Media L,NETPIX,4000,0.01,NETPIX
BSE,bse_cm,RBA,543248,E,Restaurant Brands Asia Limited,RBA,1,0.01,RBA
BSE,bse_cm,TARC,543249,E,TARC LIMITED,TARC,1,0.05,TARC
BSE,bse_cm,MOGSEC,543250,E,Motilal Oswal Mutual Fund,MOGSEC,1,0.01,MOGSEC
BSE,bse_cm,RVHL,543251,E,Ravinder Heights Limited,RVHL,1,0.01,RVHL
BSE,bse_cm,FAIRCHEMOR,543252,E,Fairchem Organics Limited,FAIRCHEMOR,1,0.05,FAIRCHEMOR
BSE,bse_cm,BECTORFOOD,543253,E,Mrs. Bectors Food Specialities,BECTORFOOD,1,0.05,BECTORFOOD
BSE,bse_cm,AWHCL,543254,E,Antony Waste Handling Cell Lim,AWHCL,1,0.05,AWHCL
BSE,bse_cm,INFRABEES,543255,E,Nippon India Mutual Fund,INFRABEES,1,0.01,INFRABEES
BSE,bse_cm,RFLL,543256,E,RITA FINANCE AND LEASING LIMIT,RFLL,1,0.01,RFLL
BSE,bse_cm,IRFC,543257,E,Indian Railway Finance Corpora,IRFC,1,0.01,IRFC
BSE,bse_cm,INDIGOPNTS,543258,E,Indigo Paints Limited,INDIGOPNTS,1,0.05,INDIGOPNTS
BSE,bse_cm,HOMEFIRST,543259,E,Home First Finance Company Ind,HOMEFIRST,1,0.05,HOMEFIRST
BSE,bse_cm,STOVEKRAFT,543260,E,STOVE KRAFT LIMITED,STOVEKRAFT,1,0.05,STOVEKRAFT
BSE,bse_cm,BIRET,543261,E,Brookfield India Real Estate T,BIRET,1,0.01,BIRET
BSE,bse_cm,MRP,543262,E,MRP Agro Limited,MRP,1000,0.01,MRP
BSE,bse_cm,SMCGLOBAL,543263,E,SMC Global Securities Limited,SMCGLOBAL,1,0.01,SMCGLOBAL
BSE,bse_cm,NURECA,543264,E,Nureca Limited,NURECA,1,0.05,NURECA
BSE,bse_cm,RAILTEL,543265,E,RailTel Corporation of India L,RAILTEL,1,0.05,RAILTEL
BSE,bse_cm,HERANBA,543266,E,Heranba Industries Limited,HERANBA,1,0.05,HERANBA
BSE,bse_cm,DAVANGERE,543267,E,Davangere Sugar Company Limite,DAVANGERE,1,0.01,DAVANGERE
BSE,bse_cm,DRCSYSTEMS,543268,E,DRC Systems India Limited,DRCSYSTEMS,1,0.01,DRCSYSTEMS
BSE,bse_cm,MTARTECH,543270,E,MTAR Technologies Limited,MTARTECH,1,0.05,MTARTECH
BSE,bse_cm,JUBLINGREA,543271,E,Jubilant Ingrevia Limited,JUBLINGREA,1,0.05,JUBLINGREA
BSE,bse_cm,EASEMYTRIP,543272,E,Easy Trip Planners Limited,EASEMYTRIP,1,0.01,EASEMYTRIP
BSE,bse_cm,KMEW,543273,E,Knowledge Marine & Engineering,KMEW,1,0.05,KMEW
BSE,bse_cm,ANURAS,543275,E,Anupam Rasayan India Limited,ANURAS,1,0.05,ANURAS
BSE,bse_cm,CRAFTSMAN,543276,E,Craftsman Automation Limited,CRAFTSMAN,1,0.05,CRAFTSMAN
BSE,bse_cm,LXCHEM,543277,E,Laxmi Organic Industries Limit,LXCHEM,1,0.05,LXCHEM
BSE,bse_cm,KALYANKJIL,543278,E,Kalyan Jewellers India Limited,KALYANKJIL,1,0.05,KALYANKJIL
BSE,bse_cm,SURYODAY,543279,E,Suryoday Small Finance Bank Li,SURYODAY,1,0.05,SURYODAY
BSE,bse_cm,NAZARA,543280,E,Nazara Technologies Limited,NAZARA,1,0.05,NAZARA
BSE,bse_cm,SUVIDHAA,543281,E,Suvidhaa Infoserve Limited,SUVIDHAA,1,0.01,SUVIDHAA
BSE,bse_cm,NIKSTECH,543282,E,Niks Technology Limited,NIKSTECH,300,0.05,NIKSTECH
BSE,bse_cm,UFBL,543283,E,UNITED FOODBRANDS LIMITED,UFBL,1,0.05,UFBL
BSE,bse_cm,EKI,543284,E,EKI Energy Services Limited,EKI,1,0.01,EKI
BSE,bse_cm,RCAN,543285,E,Rajeshwari Cans Limited,RCAN,400,0.01,RCAN
BSE,bse_cm,ARTEMISADR,543286,E,Artemis ADR Marketplace Limite,ARTEMISADR,6000,0.01,ARTEMISADR
BSE,bse_cm,LODHA,543287,E,Lodha Developers Limited,LODHA,1,0.05,LODHA
BSE,bse_cm,DEEPINDS,543288,E,Deep Industries Limited,DEEPINDS,1,0.05,DEEPINDS
BSE,bse_cm,KGES,543289,E,Kuberan Global Edu Solutions L,KGES,3000,0.01,KGES
BSE,bse_cm,PGINVIT,543290,E,POWERGRID Infrastructure Inves,PGINVIT,1,0.01,PGINVIT
BSE,bse_cm,MAFANG,543291,E,Mirae Asset Mutual Fund,MAFANG,1,0.01,MAFANG
BSE,bse_cm,HEALTHIETF,543292,E,ICICI Prudential Mutual Fund,HEALTHIETF,1,0.01,HEALTHIETF
BSE,bse_cm,VINEETLAB,543298,E,Vineet Laboratories Limited,VINEETLAB,1,0.01,VINEETLAB
BSE,bse_cm,SHYAMMETL,543299,E,Shyam Metalics and Energy Limi,SHYAMMETL,1,0.05,SHYAMMETL
BSE,bse_cm,SONACOMS,543300,E,Sona BLW Precision Forgings Li,SONACOMS,1,0.05,SONACOMS
BSE,bse_cm,DODLA,543306,E,Dodla Dairy Limited,DODLA,1,0.05,DODLA
BSE,bse_cm,KIMS,543308,E,Krishna Institute of Medical S,KIMS,1,0.05,KIMS
BSE,bse_cm,ADESHWAR,543309,E,Adeshwar Meditex Limited,ADESHWAR,6000,0.01,ADESHWAR
BSE,bse_cm,TIMESGREEN,543310,E,Times Green Energy (India) Lim,TIMESGREEN,4000,0.01,TIMESGREEN
BSE,bse_cm,IPL,543311,E,India Pesticides Limited,IPL,1,0.05,IPL
BSE,bse_cm,FOCUS,543312,E,Focus Business Solution Limite,FOCUS,2133,0.05,FOCUS
BSE,bse_cm,GRINFRA,543317,E,G R Infraprojects Limited,GRINFRA,1,0.05,GRINFRA
BSE,bse_cm,CLEAN,543318,E,Clean Science and Technology L,CLEAN,1,0.05,CLEAN
BSE,bse_cm,AAPLUSTRAD,543319,E,AA Plus Tradelink Limited,AAPLUSTRAD,80000,0.01,AAPLUSTRAD
BSE,bse_cm,ETERNAL,543320,E,Eternal Limited,ETERNAL,1,0.05,ETERNAL
BSE,bse_cm,TATVA,543321,E,Tatva Chintan Pharma Chem Limi,TATVA,1,0.05,TATVA
BSE,bse_cm,ALIVUS,543322,E,ALIVUS LIFE SCIENCES LIMITED,ALIVUS,1,0.05,ALIVUS
BSE,bse_cm,BFSI,543323,E,Mirae Asset Mutual Fund,BFSI,1,0.01,BFSI
BSE,bse_cm,GCSL,543324,E,Gretex Corporate Services Limi,GCSL,1,0.05,GCSL
BSE,bse_cm,ROLEXRINGS,543325,E,Rolex Rings Limited,ROLEXRINGS,1,0.05,ROLEXRINGS
BSE,bse_cm,FMCGIETF,543326,E,ICICI Prudential Mutual Fund,FMCGIETF,1,0.01,FMCGIETF
BSE,bse_cm,EXXARO,543327,E,Exxaro Tiles Limited,EXXARO,1,0.01,EXXARO
BSE,bse_cm,KRSNAA,543328,E,Krsnaa Diagnostics Limited,KRSNAA,1,0.05,KRSNAA
BSE,bse_cm,WINDLAS,543329,E,Windlas Biotech Limited,WINDLAS,1,0.05,WINDLAS
BSE,bse_cm,DEVYANI,543330,E,Devyani International Limited,DEVYANI,1,0.05,DEVYANI
BSE,bse_cm,MOL,543331,E,Meghmani Organics Limited,MOL,1,0.01,MOL
BSE,bse_cm,EPIGRAL,543332,E,Epigral Limited,EPIGRAL,1,0.05,EPIGRAL
BSE,bse_cm,CARTRADE,543333,E,CarTrade Tech Limited,CARTRADE,1,0.05,CARTRADE
BSE,bse_cm,NUVOCO,543334,E,Nuvoco Vistas Corporation Limi,NUVOCO,1,0.05,NUVOCO
BSE,bse_cm,APTUS,543335,E,Aptus Value Housing Finance In,APTUS,1,0.05,APTUS
BSE,bse_cm,CHEMPLASTS,543336,E,Chemplast Sanmar Limited,CHEMPLASTS,1,0.05,CHEMPLASTS
BSE,bse_cm,SHARPLINE,543341,E,SHARPLINE BROADCAST LIMITED,SHARPLINE,1,0.01,SHARPLINE
BSE,bse_cm,AASHKA,543346,E,Aashka Hospitals Limited,AASHKA,1000,0.01,AASHKA
BSE,bse_cm,ITAXIS,543347,E,Axis Mutual Fund,ITAXIS,1,0.01,ITAXIS
BSE,bse_cm,HEALTHAXIS,543348,E,Axis Mutual Fund,HEALTHAXIS,1,0.01,HEALTHAXIS
BSE,bse_cm,ACUTAAS,543349,E,ACUTAAS CHEMICALS LIMITED,ACUTAAS,1,0.05,ACUTAAS
BSE,bse_cm,VIJAYA,543350,E,Vijaya Diagnostic Centre Limit,VIJAYA,1,0.05,VIJAYA
BSE,bse_cm,NBL,543351,E,Naapbooks Limited,NBL,1200,0.05,NBL
BSE,bse_cm,POBS,543352,E,PlatinumOne Business Services ,POBS,600,0.05,POBS
BSE,bse_cm,D60MS264RG,543353,E,DSP Mutual Fund,D60MS264RG,1,0.01,D60MS264RG
BSE,bse_cm,D60MS264RP,543354,E,DSP Mutual Fund,D60MS264RP,1,0.01,D60MS264RP
BSE,bse_cm,D60MS264DG,543355,E,DSP Mutual Fund,D60MS264DG,1,0.01,D60MS264DG
BSE,bse_cm,D60MS264DP,543356,E,DSP Mutual Fund,D60MS264DP,1,0.01,D60MS264DP
BSE,bse_cm,CONSUMAXIS,543357,E,Axis Mutual Fund,CONSUMAXIS,1,0.01,CONSUMAXIS
BSE,bse_cm,SANSERA,543358,E,Sansera Engineering Limited,SANSERA,1,0.05,SANSERA
BSE,bse_cm,SFMP51GR,543359,E,SBI Mutual Fund,SFMP51GR,1,0.01,SFMP51GR
BSE,bse_cm,SFMP51DR,543360,E,SBI Mutual Fund,SFMP51DR,1,0.01,SFMP51DR
BSE,bse_cm,SFMP51GD,543361,E,SBI Mutual Fund,SFMP51GD,1,0.01,SFMP51GD
BSE,bse_cm,SFMP51DD,543362,E,SBI Mutual Fund,SFMP51DD,1,0.01,SFMP51DD
BSE,bse_cm,PREVEST,543363,E,Prevest Denpro Limited,PREVEST,200,0.05,PREVEST
BSE,bse_cm,MARKOLINES,543364,E,Markolines Pavement Technologi,MARKOLINES,1,0.05,MARKOLINES
BSE,bse_cm,MASPTOP50,543365,E,Mirae Asset Mutual Fund,MASPTOP50,1,0.01,MASPTOP50
BSE,bse_cm,SBLI,543366,E,SBL Infratech Limited,SBLI,1200,0.01,SBLI
BSE,bse_cm,PARAS,543367,E,Paras Defence and Space Techno,PARAS,1,0.05,PARAS
BSE,bse_cm,SFMP52GR,543368,E,SBI Mutual Fund,SFMP52GR,1,0.01,SFMP52GR
BSE,bse_cm,SFMP52DR,543369,E,SBI Mutual Fund,SFMP52DR,1,0.01,SFMP52DR
BSE,bse_cm,SFMP52GD,543370,E,SBI Mutual Fund,SFMP52GD,1,0.01,SFMP52GD
BSE,bse_cm,SFMP52DD,543371,E,SBI Mutual Fund,SFMP52DD,1,0.01,SFMP52DD
BSE,bse_cm,GETALONG,543372,E,Getalong Enterprise Limited,GETALONG,5000,0.01,GETALONG
BSE,bse_cm,SVRL,543373,E,Shri Venkatesh Refineries Limi,SVRL,1,0.05,SVRL
BSE,bse_cm,ABSLAMC,543374,E,Aditya Birla Sun Life AMC Limi,ABSLAMC,1,0.05,ABSLAMC
BSE,bse_cm,PROMAX,543375,E,Promax Power Limited,PROMAX,2500,0.01,PROMAX
BSE,bse_cm,SAMOR,543376,E,Samor Reality Limited,SAMOR,1,0.01,SAMOR
BSE,bse_cm,ADISHAKTI,543377,E,Adishakti Loha and Ispat Limit,ADISHAKTI,10000,0.01,ADISHAKTI
BSE,bse_cm,CWD,543378,E,CWD Limited,CWD,500,0.05,CWD
BSE,bse_cm,SFMP53GR,543379,E,SBI Mutual Fund,SFMP53GR,1,0.01,SFMP53GR
BSE,bse_cm,SFMP53DR,543380,E,SBI Mutual Fund,SFMP53DR,1,0.01,SFMP53DR
BSE,bse_cm,SFMP53GD,543381,E,SBI Mutual Fund,SFMP53GD,1,0.01,SFMP53GD
BSE,bse_cm,SFMP53DD,543382,E,SBI Mutual Fund,SFMP53DD,1,0.01,SFMP53DD
BSE,bse_cm,CONSUMIETF,543383,E,ICICI Prudential Mutual Fund,CONSUMIETF,1,0.01,CONSUMIETF
BSE,bse_cm,NYKAA,543384,E,FSN E-Commerce Ventures Limite,NYKAA,1,0.05,NYKAA
BSE,bse_cm,NHIT,543385,E,National Highways Infra Trust,NHIT,25000,0.01,NHIT
BSE,bse_cm,FINOPB,543386,E,Fino Payments Bank Limited,FINOPB,1,0.05,FINOPB
BSE,bse_cm,SJS,543387,E,S.J.S. Enterprises Limited,SJS,1,0.05,SJS
BSE,bse_cm,EQUAL50ADD,543388,E,DSP Nifty 50 Equal Weight ETF,EQUAL50ADD,1,0.01,EQUAL50ADD
BSE,bse_cm,SIGACHI,543389,E,Sigachi Industries Limited,SIGACHI,1,0.01,SIGACHI
BSE,bse_cm,POLICYBZR,543390,E,PB Fintech Limited,POLICYBZR,1,0.05,POLICYBZR
BSE,bse_cm,SGFRL,543391,E,Suyog Gurbaxani Funicular Rope,SGFRL,750,0.01,SGFRL
BSE,bse_cm,SFMP54GR,543392,E,SBI Mutual Fund,SFMP54GR,1,0.01,SFMP54GR
BSE,bse_cm,SFMP54DR,543393,E,SBI Mutual Fund,SFMP54DR,1,0.01,SFMP54DR
BSE,bse_cm,SFMP54GD,543394,E,SBI Mutual Fund,SFMP54GD,1,0.01,SFMP54GD
BSE,bse_cm,SFMP54DD,543395,E,SBI Mutual Fund,SFMP54DD,1,0.01,SFMP54DD
BSE,bse_cm,PAYTM,543396,E,One 97 Communications Limited,PAYTM,1,0.05,PAYTM
BSE,bse_cm,SAPPHIRE,543397,E,Sapphire Foods India Limited,SAPPHIRE,1,0.05,SAPPHIRE
BSE,bse_cm,LATENTVIEW,543398,E,Latent View Analytics Limited,LATENTVIEW,1,0.05,LATENTVIEW
BSE,bse_cm,TARSONS,543399,E,Tarsons Products Limited,TARSONS,1,0.05,TARSONS
BSE,bse_cm,OMNIPOTENT,543400,E,Omnipotent Industries Limited,OMNIPOTENT,2000,0.01,OMNIPOTENT
BSE,bse_cm,GOCOLORS,543401,E,Go Fashion (India) Limited,GOCOLORS,1,0.05,GOCOLORS
BSE,bse_cm,SFMP55GR,543406,E,SBI Mutual Fund,SFMP55GR,1,0.01,SFMP55GR
BSE,bse_cm,SFMP55DR,543407,E,SBI Mutual Fund,SFMP55DR,1,0.01,SFMP55DR
BSE,bse_cm,SFMP55GD,543408,E,SBI Mutual Fund,SFMP55GD,1,0.01,SFMP55GD
BSE,bse_cm,SFMP55DD,543409,E,SBI Mutual Fund,SFMP55DD,1,0.01,SFMP55DD
BSE,bse_cm,DMR,543410,E,DMR ENGINEERING LIMITED,DMR,1950,0.01,DMR
BSE,bse_cm,HITECH,543411,E,HI-TECH PIPES LIMITED,HITECH,1,0.01,HITECH
BSE,bse_cm,STARHEALTH,543412,E,Star Health and Allied Insuran,STARHEALTH,1,0.05,STARHEALTH
BSE,bse_cm,TEGA,543413,E,Tega Industries Limited,TEGA,1,0.05,TEGA
BSE,bse_cm,MAHKTECH,543414,E,Mirae Asset Mutual Fund,MAHKTECH,1,0.01,MAHKTECH
BSE,bse_cm,ANANDRATHI,543415,E,Anand Rathi Wealth Limited,ANANDRATHI,1,0.05,ANANDRATHI
BSE,bse_cm,ZODIAC,543416,E,Zodiac Energy Limited,ZODIAC,1,0.05,ZODIAC
BSE,bse_cm,RATEGAIN,543417,E,RateGain Travel Technologies L,RATEGAIN,1,0.05,RATEGAIN
BSE,bse_cm,BBETF0432,543418,E,Edelweiss Mutual Fund,BBETF0432,1,0.01,BBETF0432
BSE,bse_cm,SHRIRAMPPS,543419,E,Shriram Properties Limited,SHRIRAMPPS,1,0.01,SHRIRAMPPS
BSE,bse_cm,JETFREIGHT,543420,E,Jet Freight Logistics Limited,JETFREIGHT,1,0.01,JETFREIGHT
BSE,bse_cm,SFMP57GR,543421,E,SBI Mutual Fund,SFMP57GR,1,0.01,SFMP57GR
BSE,bse_cm,SFMP57DR,543422,E,SBI Mutual Fund,SFMP57DR,1,0.01,SFMP57DR
BSE,bse_cm,SFMP57GD,543423,E,SBI Mutual Fund,SFMP57GD,1,0.01,SFMP57GD
BSE,bse_cm,SFMP57DD,543424,E,SBI Mutual Fund,SFMP57DD,1,0.01,SFMP57DD
BSE,bse_cm,MAPMYINDIA,543425,E,C.E. Info Systems Limited,MAPMYINDIA,1,0.05,MAPMYINDIA
BSE,bse_cm,METROBRAND,543426,E,Metro Brands Limited,METROBRAND,1,0.05,METROBRAND
BSE,bse_cm,MEDPLUS,543427,E,Medplus Health Services Limite,MEDPLUS,1,0.05,MEDPLUS
BSE,bse_cm,DATAPATTNS,543428,E,Data Patterns (India) Limited,DATAPATTNS,1,0.05,DATAPATTNS
BSE,bse_cm,HPAL,543433,E,HP Adhesives Limited,HPAL,1,0.01,HPAL
BSE,bse_cm,SUPRIYA,543434,E,Supriya Lifescience Limited,SUPRIYA,1,0.05,SUPRIYA
BSE,bse_cm,CLARA,543435,E,CLARA INDUSTRIES LIMITED,CLARA,4150,0.01,CLARA
BSE,bse_cm,WITS,543436,E,Wherrelz IT Solutions Limited,WITS,800,0.05,WITS
BSE,bse_cm,MONQ50,543437,E,Motilal Oswal Mutual Fund,MONQ50,1,0.01,MONQ50
BSE,bse_cm,MIDQ50ADD,543438,E,DSP Nifty Midcap 150 Quality 5,MIDQ50ADD,1,0.01,MIDQ50ADD
BSE,bse_cm,NIFTYADD,543440,E,DSP Nifty 50 ETF,NIFTYADD,1,0.01,NIFTYADD
BSE,bse_cm,CMSINFO,543441,E,CMS Info Systems Limited,CMSINFO,1,0.05,CMSINFO
BSE,bse_cm,BCONCEPTS,543442,E,Brand Concepts Limited,BCONCEPTS,1,0.05,BCONCEPTS
BSE,bse_cm,ASCENSIVE,543443,E,Ascensive Educare Limited,ASCENSIVE,10000,0.01,ASCENSIVE
BSE,bse_cm,FABINO,543444,E,FABINO ENTERPRISES LIMITED,FABINO,3000,0.01,FABINO
BSE,bse_cm,SFMP58GR,543445,E,SBI Mutual Fund,SFMP58GR,1,0.01,SFMP58GR
BSE,bse_cm,SFMP58DR,543446,E,SBI Mutual Fund,SFMP58DR,1,0.01,SFMP58DR
BSE,bse_cm,SFMP58GD,543447,E,SBI Mutual Fund,SFMP58GD,1,0.01,SFMP58GD
BSE,bse_cm,SFMP58DD,543448,E,SBI Mutual Fund,SFMP58DD,1,0.01,SFMP58DD
BSE,bse_cm,WEL,543449,E,WONDER ELECTRICALS LIMITED,WEL,1,0.05,WEL
BSE,bse_cm,AUTOIETF,543450,E,ICICI Prudential Mutual Fund,AUTOIETF,1,0.01,AUTOIETF
BSE,bse_cm,SILVERIETF,543452,E,ICICI Prudential Mutual Fund,SILVERIETF,1,0.01,SILVERIETF
BSE,bse_cm,ALKOSIGN,543453,E,ALKOSIGN LIMITED,ALKOSIGN,1125,0.01,ALKOSIGN
BSE,bse_cm,MAKEINDIA,543454,E,Mirae Asset Mutual Fund,MAKEINDIA,1,0.01,MAKEINDIA
BSE,bse_cm,AWL,543458,E,AWL AGRI BUSINESS LIMITED,AWL,1,0.05,AWL
BSE,bse_cm,QRIL,543460,E,Quality RO Industries Limited,QRIL,500,0.01,QRIL
BSE,bse_cm,SSTL,543461,E,Safa Systems & Technologies Li,SSTL,5000,0.01,SSTL
BSE,bse_cm,DEVIT,543462,E,DEV INFORMATION TECHNOLOGY LIM,DEVIT,1,0.01,DEVIT
BSE,bse_cm,MANYAVAR,543463,E,Vedant Fashions Limited,MANYAVAR,1,0.05,MANYAVAR
BSE,bse_cm,SPITZE,543464,E,Maruti Interior Products Limit,SPITZE,1000,0.01,SPITZE
BSE,bse_cm,MOMOMENTUM,543465,E,Motilal Oswal Mutual Fund,MOMOMENTUM,1,0.01,MOMOMENTUM
BSE,bse_cm,SFMP60GR,543466,E,SBI Mutual Fund,SFMP60GR,1,0.01,SFMP60GR
BSE,bse_cm,SFMP60DR,543467,E,SBI Mutual Fund,SFMP60DR,1,0.01,SFMP60DR
BSE,bse_cm,SFMP60GD,543468,E,SBI Mutual Fund,SFMP60GD,1,0.01,SFMP60GD
BSE,bse_cm,SFMP60DD,543469,E,SBI Mutual Fund,SFMP60DD,1,0.01,SFMP60DD
BSE,bse_cm,SOFTTECH,543470,E,SoftTech Engineers Limited,SOFTTECH,1,0.05,SOFTTECH
BSE,bse_cm,SILVER,543471,E,Aditya Birla Sun Life Mutual F,SILVER,1,0.01,SILVER
BSE,bse_cm,TECH,543472,E,Aditya Birla Sun Life Mutual F,TECH,1,0.01,TECH
BSE,bse_cm,HEALTHY,543473,E,Aditya Birla Sun Life Mutual F,HEALTHY,1,0.01,HEALTHY
BSE,bse_cm,BSLNIFTY,543474,E,Aditya Birla Sun Life Mutual F,BSLNIFTY,1,0.01,BSLNIFTY
BSE,bse_cm,EKENNIS,543475,E,Ekennis Software Service Limit,EKENNIS,800,0.05,EKENNIS
BSE,bse_cm,NIMFHKAD,543476,E,Nippon India Mutual Fund,NIMFHKAD,1,0.01,NIMFHKAD
BSE,bse_cm,NIMFHKAG,543477,E,Nippon India Mutual Fund,NIMFHKAG,1,0.01,NIMFHKAG
BSE,bse_cm,NIMFHKDP,543478,E,Nippon India Mutual Fund,NIMFHKDP,1,0.01,NIMFHKDP
BSE,bse_cm,NIMFHKGP,543479,E,Nippon India Mutual Fund,NIMFHKGP,1,0.01,NIMFHKGP
BSE,bse_cm,GSEC5IETF,543480,E,ICICI Prudential Mutual Fund,GSEC5IETF,1,0.01,GSEC5IETF
BSE,bse_cm,MIDCAPETF,543481,E,Mirae Asset Mutual Fund,MIDCAPETF,1,0.01,MIDCAPETF
BSE,bse_cm,EUREKAFORB,543482,E,Eureka Forbes Limited,EUREKAFORB,1,0.05,EUREKAFORB
BSE,bse_cm,H1861D46DG,543483,E,HDFC Mutual Fund,H1861D46DG,1,0.01,H1861D46DG
BSE,bse_cm,H1861D46DD,543484,E,HDFC Mutual Fund,H1861D46DD,1,0.01,H1861D46DD
BSE,bse_cm,H1861D46DQ,543485,E,HDFC Mutual Fund,H1861D46DQ,1,0.01,H1861D46DQ
BSE,bse_cm,H1861D46RG,543486,E,HDFC Mutual Fund,H1861D46RG,1,0.01,H1861D46RG
BSE,bse_cm,H1861D46RD,543487,E,HDFC Mutual Fund,H1861D46RD,1,0.01,H1861D46RD
BSE,bse_cm,H1861D46RQ,543488,E,HDFC Mutual Fund,H1861D46RQ,1,0.01,H1861D46RQ
BSE,bse_cm,GATEWAY,543489,E,Gateway Distriparks Limited,GATEWAY,1,0.01,GATEWAY
BSE,bse_cm,GMRP&UI,543490,E,GMR Power and Urban Infra Limi,GMRP&UI,1,0.01,GMRP&UI
BSE,bse_cm,BCCL,543497,E,Bhatia Colour Chem Limited,BCCL,400,0.01,BCCL
BSE,bse_cm,MSUMI,543498,E,Motherson Sumi Wiring India Li,MSUMI,1,0.01,MSUMI
BSE,bse_cm,ACHYUT,543499,E,Achyut Healthcare Limited,ACHYUT,1,0.01,ACHYUT
BSE,bse_cm,EVOQ,543500,E,Evoq Remedies Limited,EVOQ,4000,0.01,EVOQ
BSE,bse_cm,MOLOWVOL,543501,E,Motilal Oswal Mutual Fund,MOLOWVOL,1,0.01,MOLOWVOL
BSE,bse_cm,H1876D46DG,543506,E,HDFC Mutual Fund,H1876D46DG,1,0.01,H1876D46DG
BSE,bse_cm,H1876D46DD,543507,E,HDFC Mutual Fund,H1876D46DD,1,0.01,H1876D46DD
BSE,bse_cm,H1876D46DQ,543508,E,HDFC Mutual Fund,H1876D46DQ,1,0.01,H1876D46DQ
BSE,bse_cm,H187646RG,543509,E,HDFC Mutual Fund,H187646RG,1,0.01,H187646RG
BSE,bse_cm,H1876D46RD,543510,E,HDFC Mutual Fund,H1876D46RD,1,0.01,H1876D46RD
BSE,bse_cm,H1876D46RQ,543511,E,HDFC Mutual Fund,H1876D46RQ,1,0.01,H1876D46RQ
BSE,bse_cm,AVROIND,543512,E,Avro India Limited,AVROIND,1,0.01,AVROIND
BSE,bse_cm,UMAEXPORTS,543513,E,Uma Exports Limited,UMAEXPORTS,1,0.01,UMAEXPORTS
BSE,bse_cm,VERANDA,543514,E,Veranda Learning Solutions Lim,VERANDA,1,0.05,VERANDA
BSE,bse_cm,SEML,543515,E,Sunrise Efficient Marketing Li,SEML,375,0.01,SEML
BSE,bse_cm,DHYAANITR,543516,E,DHYAANI TRADEVENTTURES LIMITED,DHYAANITR,2800,0.01,DHYAANITR
BSE,bse_cm,HARIOMPIPE,543517,E,Hariom Pipe Industries Limited,HARIOMPIPE,1,0.05,HARIOMPIPE
BSE,bse_cm,EIGHTY,543518,E,Eighty Jewellers Limited,EIGHTY,3000,0.01,EIGHTY
BSE,bse_cm,SFSL,543519,E,Shashwat Furnishing Solutions ,SFSL,1500,0.01,SFSL
BSE,bse_cm,GLHRL,543520,E,Global Longlife Hospital and R,GLHRL,1000,0.01,GLHRL
BSE,bse_cm,FONE4,543521,E,Fone4 Communications (India) L,FONE4,10000,0.01,FONE4
BSE,bse_cm,NVENTURES,543522,E,Nanavati Ventures Limited,NVENTURES,750,0.05,NVENTURES
BSE,bse_cm,CAMPUS,543523,E,Campus Activewear Limited,CAMPUS,1,0.05,CAMPUS
BSE,bse_cm,RAINBOW,543524,E,Rainbow Children's Medicare Li,RAINBOW,1,0.05,RAINBOW
BSE,bse_cm,SILVERTUC,543525,E,Silver Touch Technologies Limi,SILVERTUC,1,0.05,SILVERTUC
BSE,bse_cm,LICI,543526,E,LIFE INSURANCE CORPORATION OF ,LICI,1,0.05,LICI
BSE,bse_cm,PRUDENT,543527,E,Prudent Corporate Advisory Ser,PRUDENT,1,0.05,PRUDENT
BSE,bse_cm,VENUSPIPES,543528,E,Venus Pipes & Tubes Limited,VENUSPIPES,1,0.05,VENUSPIPES
BSE,bse_cm,DELHIVERY,543529,E,Delhivery Limited,DELHIVERY,1,0.05,DELHIVERY
BSE,bse_cm,PARADEEP,543530,E,Paradeep Phosphates Limited,PARADEEP,1,0.05,PARADEEP
BSE,bse_cm,TIERRA,543531,E,Tierra Agrotech Limited,TIERRA,1,0.01,TIERRA
BSE,bse_cm,ETHOSLTD,543532,E,ETHOS LIMITED,ETHOSLTD,1,0.05,ETHOSLTD
BSE,bse_cm,EMUDHRA,543533,E,eMudhra Limited,EMUDHRA,1,0.05,EMUDHRA
BSE,bse_cm,AETHER,543534,E,Aether Industries Limited,AETHER,1,0.05,AETHER
BSE,bse_cm,WEWIN,543535,E,We Win Limited,WEWIN,1,0.01,WEWIN
BSE,bse_cm,SILVERPRL,543536,E,Silver Pearl Hospitality & Lux,SILVERPRL,8000,0.01,SILVERPRL
BSE,bse_cm,SCARNOSE,543537,E,Scarnose International Limited,SCARNOSE,1000,0.01,SCARNOSE
BSE,bse_cm,GOEL,543538,E,Goel Food Products Limited,GOEL,2000,0.01,GOEL
BSE,bse_cm,MODIS,543539,E,MODI'S NAVNIRMAN LIMITED,MODIS,1,0.05,MODIS
BSE,bse_cm,PGCRL,543540,E,Pearl Green Clubs and Resorts ,PGCRL,600,0.05,PGCRL
BSE,bse_cm,SAILANI,543541,E,SAILANI TOURS N TRAVELS LIMITE,SAILANI,1600,0.01,SAILANI
BSE,bse_cm,KESAR,543542,E,KESAR INDIA LIMITED,KESAR,100,0.05,KESAR
BSE,bse_cm,BRRL,543543,E,B-RIGHT REALESTATE LIMITED,BRRL,200,0.05,BRRL
BSE,bse_cm,JAYANT,543544,E,JAYANT INFRATECH LIMITED,JAYANT,750,0.01,JAYANT
BSE,bse_cm,VEERKRUPA,543545,E,Veerkrupa Jewellers Limited,VEERKRUPA,16700,0.01,VEERKRUPA
BSE,bse_cm,HEALTHYLIFE,543546,E,HEALTHY LIFE AGRITEC LIMITED,HEALTHYLIFE,2000,0.01,HEALTHYLIFE
BSE,bse_cm,DDEVPLSTIK,543547,E,DDEV PLASTIKS INDUSTRIES LIMIT,DDEVPLSTIK,1,0.05,DDEVPLSTIK
BSE,bse_cm,MOHEALTH,543563,E,Motilal Oswal Mutual Fund,MOHEALTH,1,0.01,MOHEALTH
BSE,bse_cm,MOM30IETF,543568,E,ICICI Prudential Mutual Fund,MOM30IETF,1,0.01,MOM30IETF
BSE,bse_cm,HDFCNIF100,543569,E,HDFC Mutual Fund,HDFCNIF100,1,0.01,HDFCNIF100
BSE,bse_cm,HDFCNEXT50,543570,E,HDFC Mutual Fund,HDFCNEXT50,1,0.01,HDFCNEXT50
BSE,bse_cm,INFRAIETF,543571,E,ICICI Prudential Mutual Fund,INFRAIETF,1,0.01,INFRAIETF
BSE,bse_cm,SILVERADD,543572,E,DSP Silver ETF,SILVERADD,1,0.01,SILVERADD
BSE,bse_cm,SYRMA,543573,E,Syrma SGS Technology Limited,SYRMA,1,0.05,SYRMA
BSE,bse_cm,NIFTYQLITY,543574,E,Aditya Birla Sun Life Mutual F,NIFTYQLITY,1,0.01,NIFTYQLITY
BSE,bse_cm,MOMENTUM,543575,E,Aditya Birla Sun Life Mutual F,MOMENTUM,1,0.01,MOMENTUM
BSE,bse_cm,MOVALUE,543576,E,Motilal Oswal Mutual Fund,MOVALUE,1,0.01,MOVALUE
BSE,bse_cm,MOQUALITY,543577,E,Motilal Oswal Mutual Fund,MOQUALITY,1,0.01,MOQUALITY
BSE,bse_cm,OLATECH,543578,E,Olatech Solutions Limited,OLATECH,925,0.01,OLATECH
BSE,bse_cm,RHETAN,543590,E,Rhetan TMT Limited,RHETAN,1,0.01,RHETAN
BSE,bse_cm,DREAMFOLKS,543591,E,DREAMFOLKS SERVICES LIMITED,DREAMFOLKS,1,0.01,DREAMFOLKS
BSE,bse_cm,HDFCSILVER,543592,E,HDFC Mutual Fund,HDFCSILVER,1,0.01,HDFCSILVER
BSE,bse_cm,DBOL,543593,E,Dhampur Bio Organics Limited,DBOL,1,0.05,DBOL
BSE,bse_cm,DPL,543594,E,DIPNA PHARMACHEM LIMITED,DPL,3000,0.01,DPL
BSE,bse_cm,EPBIO,543595,E,EP BIOCOMPOSITES LIMITED,EPBIO,500,0.01,EPBIO
BSE,bse_cm,TMB,543596,E,Tamilnad Mercantile Bank Limit,TMB,1,0.05,TMB
BSE,bse_cm,VOEPL,543597,E,Virtuoso Optoelectronics Limit,VOEPL,1,0.05,VOEPL
BSE,bse_cm,SISL,543598,E,SHANTIDOOT INFRA SERVICES LIMI,SISL,400,0.05,SISL
BSE,bse_cm,KSOLVES,543599,E,Ksolves India Limited,KSOLVES,1,0.05,KSOLVES
BSE,bse_cm,HARSHA,543600,E,Harsha Engineers International,HARSHA,1,0.05,HARSHA
BSE,bse_cm,W5GP,543601,E,Nippon India Mutual Fund,W5GP,1,0.01,W5GP
BSE,bse_cm,W5DP,543602,E,Nippon India Mutual Fund,W5DP,1,0.01,W5DP
BSE,bse_cm,W5AG,543603,E,Nippon India Mutual Fund,W5AG,1,0.01,W5AG
BSE,bse_cm,W5AD,543604,E,Nippon India Mutual Fund,W5AD,1,0.01,W5AD
BSE,bse_cm,HDFCQUAL,543605,E,HDFC Mutual Fund,HDFCQUAL,1,0.01,HDFCQUAL
BSE,bse_cm,CONTAINE,543606,E,CONTAINE TECHNOLOGIES LIMITED,CONTAINE,1000,0.01,CONTAINE
BSE,bse_cm,HDFCGROWTH,543607,E,HDFC Mutual Fund,HDFCGROWTH,1,0.01,HDFCGROWTH
BSE,bse_cm,HDFCVALUE,543608,E,HDFC Mutual Fund,HDFCVALUE,1,0.01,HDFCVALUE
BSE,bse_cm,MAFIA,543613,E,MAFIA TRENDS LIMITED,MAFIA,4000,0.01,MAFIA
BSE,bse_cm,TIPSFILMS,543614,E,Tips Films Limited,TIPSFILMS,1,0.05,TIPSFILMS
BSE,bse_cm,SRSOLTD,543615,E,SILICON RENTAL SOLUTIONS LIMIT,SRSOLTD,800,0.01,SRSOLTD
BSE,bse_cm,TLL,543616,E,Trident Lifeline Limited,TLL,600,0.05,TLL
BSE,bse_cm,REETECH,543617,E,REETECH INTERNATIONAL LIMITED,REETECH,1200,0.01,REETECH
BSE,bse_cm,CARGOTRANS,543618,E,Cargotrans Maritime Limited,CARGOTRANS,750,0.05,CARGOTRANS
BSE,bse_cm,CNCRD,543619,E,Concord Control Systems Limite,CNCRD,50,0.05,CNCRD
BSE,bse_cm,INA,543620,E,INSOLATION ENERGY LIMITED,INA,1,0.05,INA
BSE,bse_cm,CARGOSOL,543621,E,Cargosol Logistics Limited,CARGOSOL,4000,0.01,CARGOSOL
BSE,bse_cm,STML,543622,E,STEELMAN TELECOM LIMITED,STML,1200,0.01,STML
BSE,bse_cm,VEDANTASSET,543623,E,VEDANT ASSET LIMITED,VEDANTASSET,1500,0.01,VEDANTASSET
BSE,bse_cm,EMIL,543626,E,Electronics Mart India Limited,EMIL,1,0.05,EMIL
BSE,bse_cm,HDFCLOWVOL,543627,E,HDFC Mutual Fund,HDFCLOWVOL,1,0.01,HDFCLOWVOL
BSE,bse_cm,HDFCMOMENT,543628,E,HDFC Mutual Fund,HDFCMOMENT,1,0.01,HDFCMOMENT
BSE,bse_cm,PPLPHARMA,543635,E,PIRAMAL PHARMA LIMITED,PPLPHARMA,1,0.05,PPLPHARMA
BSE,bse_cm,DCI,543636,E,Dc Infotech and Communication ,DCI,1,0.05,DCI
BSE,bse_cm,PACE,543637,E,PACE E-COMMERCE VENTURES LIMIT,PACE,1200,0.01,PACE
BSE,bse_cm,TRACXN,543638,E,Tracxn Technologies Limited,TRACXN,1,0.01,TRACXN
BSE,bse_cm,NARMADA,543643,E,Narmada Agrobase Limited,NARMADA,1,0.01,NARMADA
BSE,bse_cm,INFOBEAN,543644,E,InfoBeans Technologies Limited,INFOBEAN,1,0.05,INFOBEAN
BSE,bse_cm,HPIL,543645,E,HINDPRAKASH INDUSTRIES LIMITED,HPIL,1,0.05,HPIL
BSE,bse_cm,DCXINDIA,543650,E,DCX Systems Limited,DCXINDIA,1,0.05,DCXINDIA
BSE,bse_cm,DAPS,543651,E,DAPS ADVERTISING LIMITED,DAPS,4000,0.01,DAPS
BSE,bse_cm,FUSION,543652,E,FUSION FINANCE LIMITED,FUSION,1,0.05,FUSION
BSE,bse_cm,BIKAJI,543653,E,Bikaji Foods International Lim,BIKAJI,1,0.05,BIKAJI
BSE,bse_cm,MEDANTA,543654,E,Global Health Limited,MEDANTA,1,0.05,MEDANTA
BSE,bse_cm,ANZEN,543655,E,Anzen India Energy Yield Plus ,ANZEN,25000,0.01,ANZEN
BSE,bse_cm,TECHNOPACK,543656,E,Technopack Polymers Limited,TECHNOPACK,4000,0.01,TECHNOPACK
BSE,bse_cm,ACI,543657,E,Archean Chemical Industries Li,ACI,1,0.05,ACI
BSE,bse_cm,D1246267RG,543658,E,DSP Mutual Fund,D1246267RG,1,0.01,D1246267RG
BSE,bse_cm,D1246267DG,543661,E,DSP Mutual Fund,D1246267DG,1,0.01,D1246267DG
BSE,bse_cm,FIVESTAR,543663,E,Five-Star Business Finance Ltd,FIVESTAR,1,0.05,FIVESTAR
BSE,bse_cm,KAYNES,543664,E,KAYNES TECHNOLOGY INDIA LIMITE,KAYNES,1,0.05,KAYNES
BSE,bse_cm,HDFCNIFIT,543665,E,HDFC Mutual Fund,HDFCNIFIT,1,0.01,HDFCNIFIT
BSE,bse_cm,HDFCPVTBAN,543666,E,HDFC Mutual Fund,HDFCPVTBAN,1,0.01,HDFCPVTBAN
BSE,bse_cm,INOXGREEN,543667,E,INOX GREEN ENERGY SERVICES LIM,INOXGREEN,1,0.05,INOXGREEN
BSE,bse_cm,BBTCL,543668,E,B&B Triplewall Containers Limi,BBTCL,1,0.05,BBTCL
BSE,bse_cm,RUSTOMJEE,543669,E,Keystone Realtors Limited,RUSTOMJEE,1,0.05,RUSTOMJEE
BSE,bse_cm,VINNY,543670,E,VINNY OVERSEAS LIMITED,VINNY,1,0.01,VINNY
BSE,bse_cm,AAATECH,543671,E,AAA TECHNOLOGIES LIMITED,AAATECH,1,0.01,AAATECH
BSE,bse_cm,FINIETF,543677,E,ICICI Prudential Mutual Fund,FINIETF,1,0.01,FINIETF
BSE,bse_cm,AMBOAGRI,543678,E,AMBO AGRITEC LIMITED,AMBOAGRI,1000,0.01,AMBOAGRI
BSE,bse_cm,SIRCA,543686,E,Sirca Paints India Limited,SIRCA,1,0.05,SIRCA
BSE,bse_cm,DHARMAJ,543687,E,Dharmaj Crop Guard Limited,DHARMAJ,1,0.05,DHARMAJ
BSE,bse_cm,SARVESHWAR,543688,E,Sarveshwar Foods Limited,SARVESHWAR,1,0.01,SARVESHWAR
BSE,bse_cm,UNIPARTS,543689,E,Uniparts India Limited,UNIPARTS,1,0.05,UNIPARTS
BSE,bse_cm,EBBETF0433,543699,E,Edelweiss Mutual Fund,EBBETF0433,1,0.01,EBBETF0433
BSE,bse_cm,GSEC10IETF,543700,E,ICICI Prudential Mutual Fund,GSEC10IETF,1,0.01,GSEC10IETF
BSE,bse_cm,GARGI,543709,E,PNGS GARGI FASHION JEWELLERY L,GARGI,125,0.05,GARGI
BSE,bse_cm,COMMOIETF,543710,E,ICICI Prudential Mutual Fund,COMMOIETF,1,0.01,COMMOIETF
BSE,bse_cm,SULA,543711,E,Sula Vineyards Limited,SULA,1,0.05,SULA
BSE,bse_cm,AFSL,543712,E,ABANS FINANCIAL SERVICES LIMIT,AFSL,1,0.05,AFSL
BSE,bse_cm,DRONACHRYA,543713,E,Droneacharya Aerial Innovation,DRONACHRYA,1000,0.01,DRONACHRYA
BSE,bse_cm,LANDMARK,543714,E,LANDMARK CARS LIMITED,LANDMARK,1,0.05,LANDMARK
BSE,bse_cm,KFINTECH,543720,E,KFin Technologies Limited,KFINTECH,1,0.05,KFINTECH
BSE,bse_cm,ELIN,543725,E,Elin Electronics Limited,ELIN,1,0.05,ELIN
BSE,bse_cm,RADIANTCMS,543732,E,Radiant Cash Management Servic,RADIANTCMS,1,0.01,RADIANTCMS
BSE,bse_cm,AVEER,543737,E,Aveer Foods Limited,AVEER,1,0.05,AVEER
BSE,bse_cm,BANKADD,543738,E,DSP Nifty Bank ETF,BANKADD,1,0.01,BANKADD
BSE,bse_cm,KTKFMP304RG,543739,E,Kotak Mahindra Mutual Fund,KTKFMP304RG,1,0.01,KTKFMP304RG
BSE,bse_cm,KTKFMP304RI,543740,E,Kotak Mahindra Mutual Fund,KTKFMP304RI,1,0.01,KTKFMP304RI
BSE,bse_cm,KTKFMP304DG,543741,E,Kotak Mahindra Mutual Fund,KTKFMP304DG,1,0.01,KTKFMP304DG
BSE,bse_cm,KTKFMP304DI,543742,E,Kotak Mahindra Mutual Fund,KTKFMP304DI,1,0.01,KTKFMP304DI
BSE,bse_cm,AERONEU,543743,E,Aeroflex Neu Limited,AERONEU,1,0.05,AERONEU
BSE,bse_cm,REXSEAL,543744,E,Rex Sealing and Packing Indust,REXSEAL,500,0.05,REXSEAL
BSE,bse_cm,SVS,543745,E,SVS VENTURES LIMITED,SVS,6000,0.01,SVS
BSE,bse_cm,LOGICA,543746,E,LOGICA INFOWAY LIMITED,LOGICA,600,0.05,LOGICA
BSE,bse_cm,KAMOPAINTS,543747,E,Kamdhenu Ventures Limited,KAMOPAINTS,1,0.01,KAMOPAINTS
BSE,bse_cm,AARTIPHARM,543748,E,Aarti Pharmalabs Limited,AARTIPHARM,1,0.05,AARTIPHARM
BSE,bse_cm,DHARNI,543753,E,DHARNI CAPITAL SERVICES LIMITE,DHARNI,3000,0.01,DHARNI
BSE,bse_cm,TRANSVOY,543754,E,TRANSVOY LOGISTICS INDIA LIMIT,TRANSVOY,800,0.01,TRANSVOY
BSE,bse_cm,EARTH,543765,E,Earthstahl & Alloys Limited,EARTH,3000,0.01,EARTH
BSE,bse_cm,ASHIKAG,543766,E,Ashika Global Securities Limit,ASHIKAG,1,0.05,ASHIKAG
BSE,bse_cm,BTML,543767,E,BODHI TREE MULTIMEDIA LIMITED,BTML,1,0.01,BTML
BSE,bse_cm,NSLNISP,543768,E,NMDC Steel Limited,NSLNISP,1,0.01,NSLNISP
BSE,bse_cm,INDONG,543769,E,INDONG TEA COMPANY LIMITED,INDONG,4000,0.01,INDONG
BSE,bse_cm,HDFCBSE500,543774,E,HDFC Mutual Fund,HDFCBSE500,1,0.01,HDFCBSE500
BSE,bse_cm,HDFCSML250,543775,E,HDFC Mutual Fund,HDFCSML250,1,0.01,HDFCSML250
BSE,bse_cm,HDFCMID150,543776,E,HDFC Mutual Fund,HDFCMID150,1,0.01,HDFCMID150
BSE,bse_cm,GOLDETF,543781,E,Mirae Asset Mutual Fund,GOLDETF,1,0.01,GOLDETF
BSE,bse_cm,SEALMATIC,543782,E,Sealmatic India Limited,SEALMATIC,180,0.05,SEALMATIC
BSE,bse_cm,ROBU,543787,E,Macfos Limited,ROBU,165,0.05,ROBU
BSE,bse_cm,D1144270RG,543788,E,DSP Mutual Fund,D1144270RG,1,0.01,D1144270RG
BSE,bse_cm,D1144270DG,543791,E,DSP Mutual Fund,D1144270DG,1,0.01,D1144270DG
BSE,bse_cm,D1144270DP,543792,E,DSP Mutual Fund,D1144270DP,1,0.01,D1144270DP
BSE,bse_cm,HDFC2638DG,543793,E,HDFC Mutual Fund,HDFC2638DG,1,0.01,HDFC2638DG
BSE,bse_cm,HDFC2638DQ,543794,E,HDFC Mutual Fund,HDFC2638DQ,1,0.01,HDFC2638DQ
BSE,bse_cm,HDFC2638RG,543795,E,HDFC Mutual Fund,HDFC2638RG,1,0.01,HDFC2638RG
BSE,bse_cm,HDFC2638RD,543796,E,HDFC Mutual Fund,HDFC2638RD,1,0.01,HDFC2638RD
BSE,bse_cm,HDFC2638RQ,543797,E,HDFC Mutual Fund,HDFC2638RQ,1,0.01,HDFC2638RQ
BSE,bse_cm,PATRON,543798,E,Patron Exim Limited,PATRON,4000,0.01,PATRON
BSE,bse_cm,SVJ,543799,E,S. V. J. Enterprises Limited,SVJ,250,0.05,SVJ
BSE,bse_cm,AMANAYA,543804,E,AMANAYA VENTURES LIMITED,AMANAYA,6000,0.01,AMANAYA
BSE,bse_cm,RESGEN,543805,E,RESGEN LIMITED,RESGEN,750,0.01,RESGEN
BSE,bse_cm,ITCONS,543806,E,ITCONS E-Solutions Limited,ITCONS,200,0.05,ITCONS
BSE,bse_cm,AIRAN,543811,E,AIRAN LIMITED,AIRAN,1,0.01,AIRAN
BSE,bse_cm,DIVGIITTS,543812,E,DIVGI TORQTRANSFER SYSTEMS LIM,DIVGIITTS,1,0.05,DIVGIITTS
BSE,bse_cm,ABSLLIQUID,543813,E,Aditya Birla Sun Life Mutual F,ABSLLIQUID,1,0.01,ABSLLIQUID
BSE,bse_cm,PCL,543814,E,PROSPECT CONSUMER PRODUCTS LIM,PCL,1000,0.01,PCL
BSE,bse_cm,IPRU3533,543815,E,ICICI Prudential Mutual Fund,IPRU3533,1,0.01,IPRU3533
BSE,bse_cm,IPRU3534,543816,E,ICICI Prudential Mutual Fund,IPRU3534,1,0.01,IPRU3534
BSE,bse_cm,IPRU9735,543817,E,ICICI Prudential Mutual Fund,IPRU9735,1,0.01,IPRU9735
BSE,bse_cm,IPRU9736,543818,E,ICICI Prudential Mutual Fund,IPRU9736,1,0.01,IPRU9736
BSE,bse_cm,PSUBNKIETF,543819,E,ICICI Prudential Mutual Fund,PSUBNKIETF,1,0.01,PSUBNKIETF
BSE,bse_cm,SUDARSHAN,543828,E,SUDARSHAN PHARMA INDUSTRIES LI,SUDARSHAN,4000,0.01,SUDARSHAN
BSE,bse_cm,GSLSU,543829,E,Global Surfaces Limited,GSLSU,1,0.01,GSLSU
BSE,bse_cm,LABELKRAFT,543830,E,LABELKRAFT TECHNOLOGIES LIMITE,LABELKRAFT,2000,0.01,LABELKRAFT
BSE,bse_cm,BRIGHT,543831,E,Bright Outdoor Media Limited,BRIGHT,375,0.05,BRIGHT
BSE,bse_cm,HFMPM23DGR,543837,E,HDFC Mutual Fund,HFMPM23DGR,1,0.01,HFMPM23DGR
BSE,bse_cm,HFMPM23DND,543838,E,HDFC Mutual Fund,HFMPM23DND,1,0.01,HFMPM23DND
BSE,bse_cm,HFMPM23DQD,543839,E,HDFC Mutual Fund,HFMPM23DQD,1,0.01,HFMPM23DQD
BSE,bse_cm,HFMPM23RGR,543840,E,HDFC Mutual Fund,HFMPM23RGR,1,0.01,HFMPM23RGR
BSE,bse_cm,HFMPM23RND,543841,E,HDFC Mutual Fund,HFMPM23RND,1,0.01,HFMPM23RND
BSE,bse_cm,HFMPM23RQD,543842,E,HDFC Mutual Fund,HFMPM23RQD,1,0.01,HFMPM23RQD
BSE,bse_cm,COMMAND,543843,E,Command Polymers Limited,COMMAND,4000,0.01,COMMAND
BSE,bse_cm,DEVLAB,543848,E,Dev Labtech Venture Limited,DEVLAB,4000,0.01,DEVLAB
BSE,bse_cm,SENSEXAXIS,543853,E,AXIS BSE SENSEX ETF,SENSEXAXIS,1,0.01,SENSEXAXIS
BSE,bse_cm,LOWVOL,543858,E,Mirae Asset Mutual Fund,LOWVOL,1,0.01,LOWVOL
BSE,bse_cm,DIGIFIBRE,543859,E,Digital Fibre Infrastructure T,DIGIFIBRE,25000,0.01,DIGIFIBRE
BSE,bse_cm,JAFINANCE,543860,E,J.A. Finance Limited,JAFINANCE,1,0.01,JAFINANCE
BSE,bse_cm,USK,543861,E,Udayshivakumar infra limited,USK,1,0.01,USK
BSE,bse_cm,MAIDEN,543874,E,Maiden Forgings Limited,MAIDEN,1000,0.01,MAIDEN
BSE,bse_cm,GSEC10YEAR,543875,E,Mirae Asset Mutual Fund,GSEC10YEAR,1,0.01,GSEC10YEAR
BSE,bse_cm,EXHICON,543895,E,Exhicon Events Media Solutions,EXHICON,250,0.05,EXHICON
BSE,bse_cm,AVALON,543896,E,Avalon Technologies Limited,AVALON,1,0.05,AVALON
BSE,bse_cm,SANCODE,543897,E,Sancode Technologies Limited,SANCODE,500,0.05,SANCODE
BSE,bse_cm,BLAL,543898,E,BEML Land Assets Limited,BLAL,1,0.05,BLAL
BSE,bse_cm,CUBEINVIT,543899,E,Cube Highways Trust,CUBEINVIT,1,0.01,CUBEINVIT
BSE,bse_cm,SILVERBETA,543900,E,UTI Mutual Fund,SILVERBETA,1,0.01,SILVERBETA
BSE,bse_cm,RHL,543901,E,ROBUST HOTELS LIMITED,RHL,1,0.05,RHL
BSE,bse_cm,RETINA,543902,E,Retina Paints Limited,RETINA,2000,0.01,RETINA
BSE,bse_cm,GOLDADD,543903,E,DSP GOLD ETF,GOLDADD,1,0.01,GOLDADD
BSE,bse_cm,MANKIND,543904,E,Mankind Pharma Limited,MANKIND,1,0.05,MANKIND
BSE,bse_cm,INNOKAIZ,543905,E,INNOKAIZ INDIA LIMITED,INNOKAIZ,800,0.01,INNOKAIZ
BSE,bse_cm,AVG,543910,E,AVG Logistics Limited,AVG,1,0.05,AVG
BSE,bse_cm,ATALREAL,543911,E,Atal Realtech Limited,ATALREAL,1,0.01,ATALREAL
BSE,bse_cm,PIGL,543912,E,Power & Instrumentation (Gujar,PIGL,1,0.05,PIGL
BSE,bse_cm,NXST,543913,E,Nexus Select Trust,NXST,1,0.01,NXST
BSE,bse_cm,SWATIPRO,543914,E,Swati Projects Limited,SWATIPRO,1,0.01,SWATIPRO
BSE,bse_cm,PAVNAIND,543915,E,Pavna Industries Limited,PAVNAIND,1,0.01,PAVNAIND
BSE,bse_cm,HSIL,543916,E,Hemant Surgical Industries Lim,HSIL,400,0.05,HSIL
BSE,bse_cm,SIGMA,543917,E,SIGMA SOLVE LIMITED,SIGMA,1,0.01,SIGMA
BSE,bse_cm,GHCLTEXTIL,543918,E,GHCL Textiles Limited,GHCLTEXTIL,1,0.01,GHCLTEXTIL
BSE,bse_cm,MKPL,543919,E,M.K.Proteins Limited,MKPL,1,0.01,MKPL
BSE,bse_cm,CFF,543920,E,CFF FLUID CONTROL LIMITED,CFF,200,0.05,CFF
BSE,bse_cm,COMRADE,543921,E,Comrade Appliances Limited,COMRADE,1000,0.01,COMRADE
BSE,bse_cm,SILVERAG,543922,E,Mirae Asset Mutual Fund,SILVERAG,1,0.01,SILVERAG
BSE,bse_cm,IKIO,543923,E,IKIO Technologies Limited,IKIO,1,0.05,IKIO
BSE,bse_cm,SONALIS,543924,E,Sonalis Consumer Products Limi,SONALIS,2000,0.01,SONALIS
BSE,bse_cm,MIT,543925,E,Maple Infrastructure Trust,MIT,25000,0.01,MIT
BSE,bse_cm,BIZOTIC,543926,E,Bizotic Commercial Limited,BIZOTIC,200,0.05,BIZOTIC
BSE,bse_cm,ASIAN,543927,E,Asian Warehousing Limited,ASIAN,1,0.01,ASIAN
BSE,bse_cm,COSMICCRF,543928,E,Cosmic CRF Limited,COSMICCRF,100,0.05,COSMICCRF
BSE,bse_cm,HMAAGRO,543929,E,HMA Agro Industries Limited,HMAAGRO,1,0.01,HMAAGRO
BSE,bse_cm,URAVIDEF,543930,E,Uravi Defence and Technology L,URAVIDEF,1,0.05,URAVIDEF
BSE,bse_cm,VEEFIN,543931,E,VEEFIN SOLUTIONS LIMITED,VEEFIN,200,0.05,VEEFIN
BSE,bse_cm,IDEAFORGE,543932,E,IDEAFORGE TECHNOLOGY LIMITED,IDEAFORGE,1,0.05,IDEAFORGE
BSE,bse_cm,CYIENTDLM,543933,E,Cyient DLM Limited,CYIENTDLM,1,0.05,CYIENTDLM
BSE,bse_cm,MACIND,543934,E,Machhar Industries Limited,MACIND,1,0.05,MACIND
BSE,bse_cm,ITADD,543935,E,DSP NIFTY IT ETF,ITADD,1,0.01,ITADD
BSE,bse_cm,SENCO,543936,E,Senco Gold Limited,SENCO,1,0.05,SENCO
BSE,bse_cm,ALPHAIND,543937,E,ALPHALOGIC INDUSTRIES LIMITED,ALPHAIND,600,0.05,ALPHAIND
BSE,bse_cm,ACCELERATE,543938,E,ACCELERATEBS INDIA LIMITED,ACCELERATE,640,0.01,ACCELERATE
BSE,bse_cm,KAKA,543939,E,Kaka Industries Limited,KAKA,500,0.05,KAKA
BSE,bse_cm,JIOFIN,543940,E,Jio Financial Services Limited,JIOFIN,1,0.05,JIOFIN
BSE,bse_cm,AHASOLAR,543941,E,AHASOLAR TECHNOLOGIES LIMITED,AHASOLAR,400,0.01,AHASOLAR
BSE,bse_cm,UTKARSHBNK,543942,E,UTKARSH SMALL FINANCE BANK LIM,UTKARSHBNK,1,0.01,UTKARSHBNK
BSE,bse_cm,ASARFI,543943,E,ASARFI HOSPITAL LIMITED,ASARFI,1000,0.05,ASARFI
BSE,bse_cm,BANKETF,543944,E,Mirae Asset Mutual Fund,BANKETF,1,0.01,BANKETF
BSE,bse_cm,NETWEB,543945,E,NETWEB TECHNOLOGIES INDIA LIMI,NETWEB,1,0.05,NETWEB
BSE,bse_cm,LIQUID,543946,E,Mirae Asset Mutual Fund,LIQUID,1,0.01,LIQUID
BSE,bse_cm,SENSEXADD,543947,E,DSP BSE Sensex ETF,SENSEXADD,1,0.01,SENSEXADD
BSE,bse_cm,PSUBANKADD,543948,E,DSP NIFTY PSU BANK ETF,PSUBANKADD,1,0.01,PSUBANKADD
BSE,bse_cm,PVTBANKADD,543949,E,DSP NIFTY PRIVATE BANK ETF,PVTBANKADD,1,0.01,PVTBANKADD
BSE,bse_cm,YATHARTH,543950,E,YATHARTH HOSPITAL & TRAUMA CAR,YATHARTH,1,0.05,YATHARTH
BSE,bse_cm,NIITMTS,543952,E,NIIT Learning Systems Limited,NIITMTS,1,0.05,NIITMTS
BSE,bse_cm,KHAZANCHI,543953,E,Khazanchi Jewellers Limited,KHAZANCHI,250,0.05,KHAZANCHI
BSE,bse_cm,ATL,543954,E,Allcargo Terminals Limited,ATL,1,0.01,ATL
BSE,bse_cm,TREL,543955,E,Transindia Real Estate Limited,TREL,1,0.01,TREL
BSE,bse_cm,QUAL30IETF,543956,E,ICICI Prudential Mutual Fund,QUAL30IETF,1,0.01,QUAL30IETF
BSE,bse_cm,REDTAPE,543957,E,REDTAPE Limited,REDTAPE,1,0.05,REDTAPE
BSE,bse_cm,VLEGOV,543958,E,VL E-Governance & IT Solutions,VLEGOV,1,0.01,VLEGOV
BSE,bse_cm,SBFC,543959,E,SBFC Finance Limited,SBFC,1,0.01,SBFC
BSE,bse_cm,CONCORDBIO,543960,E,Concord Biotech Limited,CONCORDBIO,1,0.05,CONCORDBIO
BSE,bse_cm,DPWIRES,543962,E,D.P. WIRES LIMITED,DPWIRES,1,0.05,DPWIRES
BSE,bse_cm,SHELTER,543963,E,SHELTER PHARMA LIMITED,SHELTER,3000,0.01,SHELTER
BSE,bse_cm,HFMPCC50DD,543964,E,HDFC Mutual Fund,HFMPCC50DD,1,0.01,HFMPCC50DD
BSE,bse_cm,TVSSCS,543965,E,TVS Supply Chain Solutions Lim,TVSSCS,1,0.05,TVSSCS
BSE,bse_cm,HFMPCC75DD,543966,E,HDFC Mutual Fund,HFMPCC75DD,1,0.01,HFMPCC75DD
BSE,bse_cm,HFMPCC50RD,543967,E,HDFC Mutual Fund,HFMPCC50RD,1,0.01,HFMPCC50RD
BSE,bse_cm,HFMPCC75RD,543968,E,HDFC Mutual Fund,HFMPCC75RD,1,0.01,HFMPCC75RD
BSE,bse_cm,PYRAMID,543969,E,Pyramid Technoplast Limited,PYRAMID,1,0.05,PYRAMID
BSE,bse_cm,SHOORA,543970,E,Shoora Designs Limited,SHOORA,1500,0.01,SHOORA
BSE,bse_cm,BONDADA,543971,E,Bondada Engineering Limited,BONDADA,200,0.05,BONDADA
BSE,bse_cm,AEROFLEX,543972,E,Aeroflex Industries Limited,AEROFLEX,1,0.05,AEROFLEX
BSE,bse_cm,HDFCLIQUID,543973,E,HDFC Mutual Fund,HDFCLIQUID,1,0.01,HDFCLIQUID
BSE,bse_cm,VPRPL,543974,E,VISHNU PRAKASH R PUNGLIA LIMIT,VPRPL,1,0.01,VPRPL
BSE,bse_cm,MIDCAPBETA,543975,E,UTI Mutual Fund,MIDCAPBETA,1,0.01,MIDCAPBETA
BSE,bse_cm,SHRAAITECH,543976,E,Shradha AI Technologies Limite,SHRAAITECH,1,0.01,SHRAAITECH
BSE,bse_cm,RISHABH,543977,E,Rishabh Instruments Limited,RISHABH,1,0.05,RISHABH
BSE,bse_cm,RATNAVEER,543978,E,Ratnaveer Precision Engineerin,RATNAVEER,1,0.05,RATNAVEER
BSE,bse_cm,KAHAN,543979,E,Kahan Packaging Limited,KAHAN,1600,0.01,KAHAN
BSE,bse_cm,JLHL,543980,E,Jupiter Life Line Hospitals Li,JLHL,1,0.05,JLHL
BSE,bse_cm,RRKABEL,543981,E,R R KABEL LIMITED,RRKABEL,1,0.05,RRKABEL
BSE,bse_cm,QUESTFLOW,543982,E,QUEST FLOW CONTROLS LIMITED,QUESTFLOW,200,0.05,QUESTFLOW
BSE,bse_cm,EMSLIMITED,543983,E,EMS LIMITED,EMSLIMITED,1,0.05,EMSLIMITED
BSE,bse_cm,SAMHI,543984,E,Samhi Hotels Limited,SAMHI,1,0.05,SAMHI
BSE,bse_cm,ZAGGLE,543985,E,ZAGGLE PREPAID OCEAN SERVICES ,ZAGGLE,1,0.05,ZAGGLE
BSE,bse_cm,SOUTHWEST,543986,E,South West Pinnacle Exploratio,SOUTHWEST,1,0.05,SOUTHWEST
BSE,bse_cm,NUVAMA,543988,E,Nuvama Wealth Management Limit,NUVAMA,1,0.05,NUVAMA
BSE,bse_cm,KALAMANDIR,543989,E,Sai Silks (Kalamandir) Limited,KALAMANDIR,1,0.05,KALAMANDIR
BSE,bse_cm,SIGNATURE,543990,E,SIGNATUREGLOBAL (INDIA) LIMITE,SIGNATURE,1,0.05,SIGNATURE
BSE,bse_cm,TECHKGREEN,543991,E,TECHKNOWGREEN SOLUTIONS LIMITE,TECHKGREEN,400,0.05,TECHKGREEN
BSE,bse_cm,YATRA,543992,E,YATRA ONLINE LIMITED,YATRA,1,0.05,YATRA
BSE,bse_cm,ARCL,543993,E,ARCL Organics Ltd,ARCL,1,0.05,ARCL
BSE,bse_cm,JSWINFRA,543994,E,JSW Infrastructure Limited,JSWINFRA,1,0.05,JSWINFRA
BSE,bse_cm,MVGJL,543995,E,MANOJ VAIBHAV GEMS 'N' JEWELLE,MVGJL,1,0.05,MVGJL
BSE,bse_cm,UDS,543996,E,Updater Services Limited,UDS,1,0.05,UDS
BSE,bse_cm,ORGANICREC,543997,E,ORGANIC RECYCLING SYSTEMS LIMI,ORGANICREC,600,0.05,ORGANICREC
BSE,bse_cm,VALIANTLAB,543998,E,Valiant Laboratories Limited,VALIANTLAB,1,0.01,VALIANTLAB
BSE,bse_cm,SENSEXETF,543999,E,Mirae Asset Mutual Fund,SENSEXETF,1,0.01,SENSEXETF
BSE,bse_cm,CCAL,544000,E,CITY CROPS AGRO LIMITED,CCAL,6000,0.01,CCAL
BSE,bse_cm,SUNITATOOL,544001,E,Sunita Tools Limited,SUNITATOOL,125,0.05,SUNITATOOL
BSE,bse_cm,VIVAA,544002,E,Vivaa Tradecom Limited,VIVAA,2000,0.01,VIVAA
BSE,bse_cm,PLAZACABLE,544003,E,Plaza Wires Limited,PLAZACABLE,1,0.01,PLAZACABLE
BSE,bse_cm,IRMENERGY,544004,E,IRM ENERGY LIMITED,IRMENERGY,1,0.05,IRMENERGY
BSE,bse_cm,ISCITRUST,544005,E,Intelligent Supply Chain Infra,ISCITRUST,25000,0.01,ISCITRUST
BSE,bse_cm,ITETF,544006,E,Mirae Asset Mutual Fund,ITETF,1,0.01,ITETF
BSE,bse_cm,ALPHAETF,544007,E,Mirae Asset Mutual Fund,ALPHAETF,1,0.01,ALPHAETF
BSE,bse_cm,MAXESTATES,544008,E,Max Estates Limited,MAXESTATES,1,0.05,MAXESTATES
BSE,bse_cm,BLUEJET,544009,E,Blue Jet Healthcare Limited,BLUEJET,1,0.05,BLUEJET
BSE,bse_cm,LIQUIDSBI,544010,E,SBI Mutual Fund,LIQUIDSBI,1,0.01,LIQUIDSBI
BSE,bse_cm,VPL,544011,E,Vrundavan Plantation Limited,VPL,1200,0.01,VPL
BSE,bse_cm,CELLO,544012,E,Cello World Limited,CELLO,1,0.05,CELLO
BSE,bse_cm,KKSHL,544013,E,KK Shah Hospitals Limited,KKSHL,3000,0.01,KKSHL
BSE,bse_cm,HONASA,544014,E,Honasa Consumer Limited,HONASA,1,0.05,HONASA
BSE,bse_cm,MISHDESIGN,544015,E,Mish Designs Limited,MISHDESIGN,500,0.01,MISHDESIGN
BSE,bse_cm,ESAFSFB,544020,E,ESAF Small Finance Bank Ltd,ESAFSFB,1,0.01,ESAFSFB
BSE,bse_cm,PROTEAN,544021,E,Protean eGov Technologies Limi,PROTEAN,1,0.05,PROTEAN
BSE,bse_cm,ASKAUTOLTD,544022,E,ASK Automotive Limited,ASKAUTOLTD,1,0.05,ASKAUTOLTD
BSE,bse_cm,KALYANI,544023,E,Kalyani Cast-Tech Limited,KALYANI,250,0.05,KALYANI
BSE,bse_cm,ARROWHEAD,544025,E,Arrowhead Seperation Engineeri,ARROWHEAD,600,0.01,ARROWHEAD
BSE,bse_cm,IREDA,544026,E,Indian Renewable Energy Develo,IREDA,1,0.05,IREDA
BSE,bse_cm,FEDFINA,544027,E,Fedbank Financial Services Lim,FEDFINA,1,0.05,FEDFINA
BSE,bse_cm,TATATECH,544028,E,Tata Technologies Limited,TATATECH,1,0.05,TATATECH
BSE,bse_cm,GANDHAR,544029,E,Gandhar Oil Refinery (India) L,GANDHAR,1,0.05,GANDHAR
BSE,bse_cm,FLAIR,544030,E,Flair Writing Industries Limit,FLAIR,1,0.05,FLAIR
BSE,bse_cm,SPL,544035,E,Swashthik Plascon Limited,SPL,1600,0.01,SPL
BSE,bse_cm,DEEPAKCHEM,544036,E,DEEPAK CHEMTEX LIMITED,DEEPAKCHEM,800,0.01,DEEPAKCHEM
BSE,bse_cm,AMIC,544037,E,Amic Forging Limited,AMIC,100,0.05,AMIC
BSE,bse_cm,BAJEL,544042,E,Bajel Projects Limited,BAJEL,1,0.05,BAJEL
BSE,bse_cm,BBNPPGOLD,544043,E,BARODA BNP PARIBAS MUTUAL FUND,BBNPPGOLD,1,0.01,BBNPPGOLD
BSE,bse_cm,INDIASHLTR,544044,E,India Shelter Finance Corporat,INDIASHLTR,1,0.05,INDIASHLTR
BSE,bse_cm,DOMS,544045,E,DOMS Industries Limited,DOMS,1,0.05,DOMS
BSE,bse_cm,INOXINDIA,544046,E,INOX India Limited,INOXINDIA,1,0.05,INOXINDIA
BSE,bse_cm,SIYARAM,544047,E,Siyaram Recycling Industries L,SIYARAM,1500,0.01,SIYARAM
BSE,bse_cm,BENCHMARK,544052,E,Benchmark Computer Solutions L,BENCHMARK,2000,0.01,BENCHMARK
BSE,bse_cm,MOTISONS,544053,E,Motisons Jewellers Limited,MOTISONS,1,0.01,MOTISONS
BSE,bse_cm,SURAJEST,544054,E,Suraj Estate Developers Limite,SURAJEST,1,0.05,SURAJEST
BSE,bse_cm,MUTHOOTMF,544055,E,Muthoot Microfin Limited,MUTHOOTMF,1,0.05,MUTHOOTMF
BSE,bse_cm,SMARITIME,544056,E,Sahara Maritime Limited,SMARITIME,1600,0.01,SMARITIME
BSE,bse_cm,HAPPYFORGE,544057,E,Happy Forgings Limited,HAPPYFORGE,1,0.05,HAPPYFORGE
BSE,bse_cm,MUFTI,544058,E,Credo Brands Marketing Limited,MUFTI,1,0.01,MUFTI
BSE,bse_cm,SHANTIDENM,544059,E,SHANTI SPINTEX LIMITED,SHANTIDENM,2000,0.01,SHANTIDENM
BSE,bse_cm,RBZJEWEL,544060,E,RBZ Jewellers Limited,RBZJEWEL,1,0.05,RBZJEWEL
BSE,bse_cm,AZAD,544061,E,Azad Engineering Limited,AZAD,1,0.05,AZAD
BSE,bse_cm,SUNCLAY,544066,E,SUNDARAM-CLAYTON LIMITED,SUNCLAY,1,0.05,SUNCLAY
BSE,bse_cm,INNOVACAP,544067,E,INNOVA CAPTAB LIMITED,INNOVACAP,1,0.05,INNOVACAP
BSE,bse_cm,AIKPIPES,544072,E,AIK Pipes and Polymers Limited,AIKPIPES,800,0.01,AIKPIPES
BSE,bse_cm,MCPL,544073,E,Manoj Ceramic Limited,MCPL,1000,0.05,MCPL
BSE,bse_cm,SBVCL,544074,E,Shri Balaji Valve Components L,SBVCL,600,0.05,SBVCL
BSE,bse_cm,DIGIDRIVE,544079,E,DIGIDRIVE DISTRIBUTORS LIMITED,DIGIDRIVE,1,0.01,DIGIDRIVE
BSE,bse_cm,SHILINDORE,544080,E,Sayaji Hotels (Indore) Limited,SHILINDORE,1,0.05,SHILINDORE
BSE,bse_cm,JYOTICNC,544081,E,Jyoti CNC Automation Limited,JYOTICNC,1,0.05,JYOTICNC
BSE,bse_cm,SWANAGRO,544082,E,New Swan Multitech Limited,SWANAGRO,2000,0.01,SWANAGRO
BSE,bse_cm,SHREE,544083,E,Shree Marutinandan Tubes Limit,SHREE,500,0.01,SHREE
BSE,bse_cm,MEDIASSIST,544088,E,Medi Assist Healthcare Service,MEDIASSIST,1,0.05,MEDIASSIST
BSE,bse_cm,LIQUIDCASE,544089,E,Zerodha Mutual Fund,LIQUIDCASE,1,0.01,LIQUIDCASE
BSE,bse_cm,SHPLPUNE,544090,E,Sayaji Hotels (Pune) Limited,SHPLPUNE,1,0.05,SHPLPUNE
BSE,bse_cm,QLL,544091,E,Qualitek Labs Limited,QLL,400,0.05,QLL
BSE,bse_cm,NIFTYBETF,544092,E,Bajaj Finserv Mutual Fund,NIFTYBETF,1,0.01,NIFTYBETF
BSE,bse_cm,BANKBETF,544093,E,Bajaj Finserv Mutual Fund,BANKBETF,1,0.01,BANKBETF
BSE,bse_cm,EUPHORIAIT,544094,E,Euphoria Infotech (India) Limi,EUPHORIAIT,1200,0.01,EUPHORIAIT
BSE,bse_cm,EPACK,544095,E,EPACK Durable Limited,EPACK,1,0.05,EPACK
BSE,bse_cm,NOVAAGRI,544100,E,Nova Agritech Limited,NOVAAGRI,1,0.01,NOVAAGRI
BSE,bse_cm,BRISK,544101,E,Brisk Technovision Limited,BRISK,800,0.05,BRISK
BSE,bse_cm,ITBETA,544102,E,UTI Mutual Fund,ITBETA,1,0.01,ITBETA
BSE,bse_cm,GILT5BETA,544103,E,UTI Mutual Fund,GILT5BETA,1,0.01,GILT5BETA
BSE,bse_cm,GILT10BETA,544104,E,UTI Mutual Fund,GILT10BETA,1,0.01,GILT10BETA
BSE,bse_cm,HARSHDEEP,544105,E,HARSHDEEP HORTICO LIMITED,HARSHDEEP,1500,0.01,HARSHDEEP
BSE,bse_cm,MCFL,544106,E,Mayank Cattle Food Limited,MCFL,600,0.05,MCFL
BSE,bse_cm,BLSE,544107,E,BLS E-Services Limited,BLSE,1,0.05,BLSE
BSE,bse_cm,GPSL,544108,E,Gabriel Pet Straps Limited,GPSL,600,0.05,GPSL
BSE,bse_cm,HEALTHADD,544109,E,DSP NIFTY Healthcare ETF,HEALTHADD,1,0.01,HEALTHADD
BSE,bse_cm,HDFCPSUBK,544110,E,HDFC Mutual Fund,HDFCPSUBK,1,0.01,HDFCPSUBK
BSE,bse_cm,PARKHOTELS,544111,E,Apeejay Surrendra Park Hotels ,PARKHOTELS,1,0.05,PARKHOTELS
BSE,bse_cm,JGTL,544112,E,JASCH GAUGING TECHNOLOGIES LIM,JGTL,1,0.05,JGTL
BSE,bse_cm,SIGNPOST,544117,E,Signpost India Limited,SIGNPOST,1,0.05,SIGNPOST
BSE,bse_cm,JSFB,544118,E,JANA SMALL FINANCE BANK LIMITE,JSFB,1,0.05,JSFB
BSE,bse_cm,RPTECH,544119,E,Rashi Peripherals Limited,RPTECH,1,0.05,RPTECH
BSE,bse_cm,CAPITALSFB,544120,E,Capital Small Finance Bank Ltd,CAPITALSFB,1,0.05,CAPITALSFB
BSE,bse_cm,RUDRAGAS,544121,E,Rudra Gas Enterprise Limited,RUDRAGAS,1000,0.01,RUDRAGAS
BSE,bse_cm,ENTERO,544122,E,Entero Healthcare Solutions Li,ENTERO,1,0.05,ENTERO
BSE,bse_cm,LICNMID100,544123,E,LIC Mutual Fund,LICNMID100,1,0.01,LICNMID100
BSE,bse_cm,VSTL,544124,E,VIBHOR STEEL TUBES LIMITED,VSTL,1,0.05,VSTL
BSE,bse_cm,JUNIPER,544129,E,Juniper Hotels Limited,JUNIPER,1,0.05,JUNIPER
BSE,bse_cm,SMALLCAP,544130,E,Mirae Asset Mutual Fund,SMALLCAP,1,0.01,SMALLCAP
BSE,bse_cm,GPTHEALTH,544131,E,GPT Healthcare Limited,GPTHEALTH,1,0.05,GPTHEALTH
BSE,bse_cm,GOLDCASE,544132,E,Zerodha Mutual Fund,GOLDCASE,1,0.01,GOLDCASE
BSE,bse_cm,EXICOM,544133,E,EXICOM TELE-SYSTEMS LIMITED,EXICOM,1,0.05,EXICOM
BSE,bse_cm,PLATIND,544134,E,Platinum Industries Limited,PLATIND,1,0.05,PLATIND
BSE,bse_cm,MUKKA,544135,E,Mukka Proteins Limited,MUKKA,1,0.01,MUKKA
BSE,bse_cm,RKSWAMY,544136,E,R K Swamy Limited,RKSWAMY,1,0.05,RKSWAMY
BSE,bse_cm,INDUSINVIT,544137,E,Indus Infra Trust,INDUSINVIT,1,0.01,INDUSINVIT
BSE,bse_cm,JGCHEM,544138,E,J.G.Chemicals Limited,JGCHEM,1,0.05,JGCHEM
BSE,bse_cm,KOURA,544139,E,KOURA FINE DIAMOND JEWELRY LIM,KOURA,2000,0.01,KOURA
BSE,bse_cm,GOPAL,544140,E,Gopal Snacks Limited,GOPAL,1,0.05,GOPAL
BSE,bse_cm,PESB,544141,E,Pune E - Stock Broking Limited,PESB,800,0.05,PESB
BSE,bse_cm,SCILAL,544142,E,Shipping Corporation of India ,SCILAL,1,0.01,SCILAL
BSE,bse_cm,ROYAL,544143,E,Royal Sense Limited,ROYAL,500,0.01,ROYAL
BSE,bse_cm,PVSL,544144,E,Popular Vehicles and Services ,PVSL,1,0.01,PVSL
BSE,bse_cm,KRYSTAL,544149,E,KRYSTAL INTEGRATED SERVICES LI,KRYSTAL,1,0.05,KRYSTAL
BSE,bse_cm,KPGEL,544150,E,KP GREEN ENGINEERING LIMITED,KPGEL,250,0.05,KPGEL
BSE,bse_cm,CHATHA,544151,E,CHATHA FOODS LIMITED,CHATHA,1000,0.01,CHATHA
BSE,bse_cm,GCONNECT,544156,E,Gconnect Logitech and Supply C,GCONNECT,1500,0.01,GCONNECT
BSE,bse_cm,VRUDDHI,544157,E,Vruddhi Engineering Works Limi,VRUDDHI,500,0.05,VRUDDHI
BSE,bse_cm,SRM,544158,E,SRM CONTRACTORS LIMITED,SRM,1,0.05,SRM
BSE,bse_cm,LIQUIDADD,544159,E,DSP BSE LIQUID RATE ETF,LIQUIDADD,1,0.01,LIQUIDADD
BSE,bse_cm,JAYKAILASH,544160,E,Jay Kailash Namkeen Limited,JAYKAILASH,1600,0.01,JAYKAILASH
BSE,bse_cm,DPABHUSHAN,544161,E,D P ABHUSHAN LIMITED,DPABHUSHAN,1,0.05,DPABHUSHAN
BSE,bse_cm,BHARTIHEXA,544162,E,Bharti Hexacom Limited,BHARTIHEXA,1,0.05,BHARTIHEXA
BSE,bse_cm,GVL,544163,E,Greenhitech Ventures Limited,GVL,1000,0.01,GVL
BSE,bse_cm,FAALCON,544164,E,Faalcon Concepts Limited,FAALCON,2000,0.01,FAALCON
BSE,bse_cm,SHIVAM,544165,E,SHIVAM CHEMICALS LIMITED,SHIVAM,1500,0.05,SHIVAM
BSE,bse_cm,EMMFORCE,544166,E,EMMFORCE AUTOTECH LIMITED,EMMFORCE,1200,0.05,EMMFORCE
BSE,bse_cm,JNKINDIA,544167,E,JNK India Limited,JNKINDIA,1,0.05,JNKINDIA
BSE,bse_cm,VARYAA,544168,E,VARYAA CREATIONS LIMITED,VARYAA,1000,0.01,VARYAA
BSE,bse_cm,AMKAY,544169,E,Amkay Products Limited,AMKAY,2000,0.01,AMKAY
BSE,bse_cm,DKUAL,544170,E,Dolphin Kitchen Utensils and A,DKUAL,2000,0.01,DKUAL
BSE,bse_cm,STAL,544171,E,Storage Technologies and Autom,STAL,800,0.01,STAL
BSE,bse_cm,INDGN,544172,E,Indegene Limited,INDGN,1,0.05,INDGN
BSE,bse_cm,FTL,544173,E,Finelistings Technologies Limi,FTL,1000,0.01,FTL
BSE,bse_cm,TBOTEK,544174,E,TBO TEK LIMITED,TBOTEK,1,0.05,TBOTEK
BSE,bse_cm,TGIF,544175,E,TGIF AGRIBUSINESS LIMITED,TGIF,1200,0.05,TGIF
BSE,bse_cm,AADHARHFC,544176,E,Aadhar Housing Finance Limited,AADHARHFC,1,0.05,AADHARHFC
BSE,bse_cm,AZTEC,544177,E,Aztec Fluids & Machinery Limit,AZTEC,1000,0.05,AZTEC
BSE,bse_cm,PIOTEX,544178,E,PIOTEX INDUSTRIES LIMITED,PIOTEX,1200,0.01,PIOTEX
BSE,bse_cm,GODIGIT,544179,E,Go Digit General Insurance Lim,GODIGIT,1,0.05,GODIGIT
BSE,bse_cm,MIDSMALL,544180,E,Mirae Asset Mutual Fund,MIDSMALL,1,0.01,MIDSMALL
BSE,bse_cm,AWFIS,544181,E,Awfis Space Solutions Limited,AWFIS,1,0.05,AWFIS
BSE,bse_cm,LIQUIDBETF,544182,E,Bajaj Finserv Mutual Fund,LIQUIDBETF,1,0.01,LIQUIDBETF
BSE,bse_cm,ASSOCIATED,544183,E,Associated Coaters Limited,ASSOCIATED,500,0.05,ASSOCIATED
BSE,bse_cm,BOROSCI,544184,E,Borosil Scientific Limited,BOROSCI,1,0.05,BOROSCI
BSE,bse_cm,ADTECH,544185,E,ADTECH SYSTEMS LIMITED,ADTECH,1,0.01,ADTECH
BSE,bse_cm,TOTEM,544186,E,Forbes Precision Tools and Mac,TOTEM,1,0.05,TOTEM
BSE,bse_cm,KRONOX,544187,E,KRONOX LAB SCIENCES LIMITED,KRONOX,1,0.05,KRONOX
BSE,bse_cm,MAGENTA,544188,E,Magenta Lifecare Limited,MAGENTA,4000,0.01,MAGENTA
BSE,bse_cm,SATTRIX,544189,E,SATTRIX INFORMATION SECURITY L,SATTRIX,500,0.05,SATTRIX
BSE,bse_cm,3CIT,544190,E,3C IT Solutions and Telecoms (,3CIT,2000,0.01,3CIT
BSE,bse_cm,PURPLEFIN,544191,E,Purple Finance Limited,PURPLEFIN,1,0.01,PURPLEFIN
BSE,bse_cm,IXIGO,544192,E,Le Travenues Technology Limite,IXIGO,1,0.05,IXIGO
BSE,bse_cm,MID150CASE,544193,E,Zerodha Mutual Fund,MID150CASE,1,0.01,MID150CASE
BSE,bse_cm,TOP100CASE,544194,E,Zerodha Mutual Fund,TOP100CASE,1,0.01,TOP100CASE
BSE,bse_cm,COTFAB,544195,E,United Cotfab Limited,COTFAB,2000,0.01,COTFAB
BSE,bse_cm,BBNPNBETF,544196,E,BARODA BNP PARIBAS MUTUAL FUND,BBNPNBETF,1,0.01,BBNPNBETF
BSE,bse_cm,RETAIL,544197,E,JHS SVENDGAARD RETAIL VENTURES,RETAIL,1,0.01,RETAIL
BSE,bse_cm,DEEDEV,544198,E,DEE DEVELOPMENT ENGINEERS LIMI,DEEDEV,1,0.05,DEEDEV
BSE,bse_cm,GEMENVIRO,544199,E,GEM Enviro Management Limited,GEMENVIRO,800,0.01,GEMENVIRO
BSE,bse_cm,AFIL,544200,E,Akme Fintrade (India) Limited,AFIL,1,0.01,AFIL
BSE,bse_cm,DFPL,544201,E,DINDIGUL FARM PRODUCT LIMITED,DFPL,2000,0.01,DFPL
BSE,bse_cm,STANLEY,544202,E,STANLEY LIFESTYLES LIMITED,STANLEY,1,0.05,STANLEY
BSE,bse_cm,ABDL,544203,E,Allied Blenders and Distillers,ABDL,1,0.05,ABDL
BSE,bse_cm,VRAJ,544204,E,VRAJ IRON AND STEEL LIMITED,VRAJ,1,0.05,VRAJ
BSE,bse_cm,NPL,544205,E,National Peroxide Limited,NPL,1,0.05,NPL
BSE,bse_cm,SBISILVER,544206,E,SBI Mutual Fund,SBISILVER,1,0.01,SBISILVER
BSE,bse_cm,RELIABLE,544207,E,Reliable Data Services Limited,RELIABLE,1,0.05,RELIABLE
BSE,bse_cm,LIQUIDSHRI,544208,E,Shriram Mutual Fund,LIQUIDSHRI,1,0.01,LIQUIDSHRI
BSE,bse_cm,BANSALWIRE,544209,E,Bansal Wire Industries Limited,BANSALWIRE,1,0.05,BANSALWIRE
BSE,bse_cm,EMCURE,544210,E,Emcure Pharmaceuticals Limited,EMCURE,1,0.05,EMCURE
BSE,bse_cm,ABGSEC,544211,E,Aditya Birla Sun Life Mutual F,ABGSEC,1,0.01,ABGSEC
BSE,bse_cm,EVINDIA,544212,E,Mirae Asset Mutual Fund,EVINDIA,1,0.01,EVINDIA
BSE,bse_cm,ACLD,544213,E,AELEA COMMODITIES LIMITED,ACLD,600,0.05,ACLD
BSE,bse_cm,THREEMPAPE,544214,E,THREE M PAPER BOARDS LIMITED,THREEMPAPE,2000,0.01,THREEMPAPE
BSE,bse_cm,SBINEQWETF,544215,E,SBI Mutual Fund,SBINEQWETF,1,0.01,SBINEQWETF
BSE,bse_cm,OILIETF,544216,E,ICICI Prudential Mutual Fund,OILIETF,1,0.01,OILIETF
BSE,bse_cm,SANSTAR,544217,E,SANSTAR LIMITED,SANSTAR,1,0.05,SANSTAR
BSE,bse_cm,ABSLPSE,544218,E,Aditya Birla Sun Life Mutual F,ABSLPSE,1,0.01,ABSLPSE
BSE,bse_cm,VVIPIL,544219,E,VVIP Infratech Limited,VVIPIL,600,0.05,VVIPIL
BSE,bse_cm,CTLLAB,544220,E,Clinitech Laboratory Limited,CTLLAB,1200,0.01,CTLLAB
BSE,bse_cm,KIZI,544221,E,Kizi Apparels Limited,KIZI,3000,0.01,KIZI
BSE,bse_cm,AKUMS,544222,E,Akums Drugs and Pharmaceutical,AKUMS,1,0.05,AKUMS
BSE,bse_cm,CEIGALL,544223,E,Ceigall India Limited,CEIGALL,1,0.05,CEIGALL
BSE,bse_cm,AFCOM,544224,E,Afcom Holdings Limited,AFCOM,120,0.05,AFCOM
BSE,bse_cm,OLAELEC,544225,E,Ola Electric Mobility Limited,OLAELEC,1,0.01,OLAELEC
BSE,bse_cm,FIRSTCRY,544226,E,Brainbees Solutions Limited,FIRSTCRY,1,0.05,FIRSTCRY
BSE,bse_cm,UNIECOM,544227,E,UNICOMMERCE ESOLUTIONS LIMITED,UNIECOM,1,0.01,UNIECOM
BSE,bse_cm,GSEC10ABSL,544228,E,Aditya Birla Sun Life Mutual F,GSEC10ABSL,1,0.01,GSEC10ABSL
BSE,bse_cm,METALIETF,544229,E,ICICI Prudential Mutual Fund,METALIETF,1,0.01,METALIETF
BSE,bse_cm,SSDL,544230,E,SARASWATI SAREE DEPOT LIMITED,SSDL,1,0.01,SSDL
BSE,bse_cm,BROACH,544231,E,BROACH LIFECARE HOSPITAL LIMIT,BROACH,6000,0.01,BROACH
BSE,bse_cm,INTERARCH,544232,E,Interarch Building Solutions L,INTERARCH,1,0.05,INTERARCH
BSE,bse_cm,MFML,544233,E,Mahalaxmi Fabric Mills Limited,MFML,1,0.01,MFML
BSE,bse_cm,GLOBALE,544234,E,Globale Tessile Limited,GLOBALE,1,0.01,GLOBALE
BSE,bse_cm,ORIENTTECH,544235,E,Orient Technologies Limited,ORIENTTECH,1,0.05,ORIENTTECH
BSE,bse_cm,RAL,544236,E,Resourceful Automobile Limited,RAL,1200,0.01,RAL
BSE,bse_cm,RAPID,544237,E,RAPID MULTIMODAL LOGISTICS LIM,RAPID,800,0.05,RAPID
BSE,bse_cm,PREMIERENE,544238,E,Premier Energies Limited,PREMIERENE,1,0.05,PREMIERENE
BSE,bse_cm,ECOSMOBLTY,544239,E,ECOS (India) Mobility & Hospit,ECOSMOBLTY,1,0.05,ECOSMOBLTY
BSE,bse_cm,RAYMONDLSL,544240,E,Raymond Lifestyle Limited,RAYMONDLSL,1,0.05,RAYMONDLSL
BSE,bse_cm,MULTICAP,544241,E,Mirae Asset Mutual Fund,MULTICAP,1,0.01,MULTICAP
BSE,bse_cm,TRAVELS,544242,E,Travels & rentals Limited,TRAVELS,3000,0.01,TRAVELS
BSE,bse_cm,STYLEBAAZA,544243,E,Baazar Style Retail Limited,STYLEBAAZA,1,0.05,STYLEBAAZA
BSE,bse_cm,GALAPREC,544244,E,Gala Precision Engineering Lim,GALAPREC,1,0.05,GALAPREC
BSE,bse_cm,NHL,544245,E,Naturewings Holidays Limited,NHL,1600,0.01,NHL
BSE,bse_cm,RVTH,544246,E,Revathi Equipment India Limite,RVTH,1,0.05,RVTH
BSE,bse_cm,TOP10ADD,544247,E,DSP Nifty Top 10 Equal Weight ,TOP10ADD,1,0.01,TOP10ADD
BSE,bse_cm,MACHLTD,544248,E,MACH TRAVEL SOLUTIONS LIMITED,MACHLTD,600,0.05,MACHLTD
BSE,bse_cm,BALAJEE,544249,E,SHREE TIRUPATI BALAJEE AGRO TR,BALAJEE,1,0.01,BALAJEE
BSE,bse_cm,SANOFICONR,544250,E,Sanofi Consumer Healthcare Ind,SANOFICONR,1,0.05,SANOFICONR
BSE,bse_cm,SSL,544251,E,Share Samadhan Limited,SSL,1600,0.01,SSL
BSE,bse_cm,BAJAJHFL,544252,E,Bajaj Housing Finance Limited,BAJAJHFL,1,0.01,BAJAJHFL
BSE,bse_cm,KROSS,544253,E,Kross Limited,KROSS,1,0.05,KROSS
BSE,bse_cm,TOLINS,544254,E,Tolins Tyres Limited,TOLINS,1,0.05,TOLINS
BSE,bse_cm,PNGJL,544256,E,P N GADGIL JEWELLERS LIMITED,PNGJL,1,0.05,PNGJL
BSE,bse_cm,SAFE,544257,E,Sodhani Academy of Fintech Ena,SAFE,500,0.05,SAFE
BSE,bse_cm,WCIL,544258,E,Western Carriers (India) Limit,WCIL,1,0.05,WCIL
BSE,bse_cm,PFL,544259,E,POPULAR FOUNDATIONS LIMITED,PFL,3000,0.01,PFL
BSE,bse_cm,NORTHARC,544260,E,Northern Arc Capital Ltd.,NORTHARC,1,0.05,NORTHARC
BSE,bse_cm,ARKADE,544261,E,ARKADE DEVELOPERS LIMITED,ARKADE,1,0.05,ARKADE
BSE,bse_cm,MANBA,544262,E,Manba Finance Limited,MANBA,1,0.05,MANBA
BSE,bse_cm,KRN,544263,E,KRN HEAT EXCHANGER AND REFRIGE,KRN,1,0.05,KRN
BSE,bse_cm,DIFFNKG,544264,E,Diffusion Engineers Limited,DIFFNKG,1,0.05,DIFFNKG
BSE,bse_cm,NEXXUS,544265,E,Nexxus Petro Industries Limite,NEXXUS,1200,0.01,NEXXUS
BSE,bse_cm,BANKPSU,544266,E,Mirae Asset Mutual Fund,BANKPSU,1,0.01,BANKPSU
BSE,bse_cm,SUBAM,544267,E,SUBAM PAPERS LIMITED,SUBAM,800,0.05,SUBAM
BSE,bse_cm,METAL,544268,E,Mirae Asset Mutual Fund,METAL,1,0.01,METAL
BSE,bse_cm,NPFL,544269,E,NEOPOLITAN PIZZA AND FOODS LIM,NPFL,6000,0.01,NPFL
BSE,bse_cm,KGVL,544270,E,Khyati Global Ventures Limited,KGVL,1200,0.01,KGVL
BSE,bse_cm,GARUDA,544271,E,Garuda Construction and Engine,GARUDA,1,0.05,GARUDA
BSE,bse_cm,SHIVTEXCHEM,544272,E,SHIV TEXCHEM LIMITED,SHIVTEXCHEM,400,0.05,SHIVTEXCHEM
BSE,bse_cm,MGEL,544273,E,MANGALAM GLOBAL ENTERPRISE LIM,MGEL,1,0.01,MGEL
BSE,bse_cm,HYUNDAI,544274,E,HYUNDAI MOTOR INDIA LIMITED,HYUNDAI,1,0.05,HYUNDAI
BSE,bse_cm,VAL30IETF,544275,E,ICICI Prudential Mutual Fund,VAL30IETF,1,0.01,VAL30IETF
BSE,bse_cm,DBEIL,544276,E,Deepak Builders and Engineers ,DBEIL,1,0.01,DBEIL
BSE,bse_cm,WAAREEENER,544277,E,Waaree Energies Limited,WAAREEENER,1,0.05,WAAREEENER
BSE,bse_cm,OCCLLTD,544278,E,OCCL Limited,OCCLLTD,1,0.05,OCCLLTD
BSE,bse_cm,GODAVARIB,544279,E,Godavari Biorefineries Limited,GODAVARIB,1,0.05,GODAVARIB
BSE,bse_cm,AFCONS,544280,E,Afcons Infrastructure Limited,AFCONS,1,0.05,AFCONS
BSE,bse_cm,ABINFRA,544281,E,A B INFRABUILD LIMITED,ABINFRA,1,0.01,ABINFRA
BSE,bse_cm,SAGILITY,544282,E,Sagility Limited,SAGILITY,1,0.01,SAGILITY
BSE,bse_cm,ACMESOLAR,544283,E,ACME Solar Holdings Limited,ACMESOLAR,1,0.05,ACMESOLAR
BSE,bse_cm,LIQUIDPLUS,544284,E,Mirae Asset Mutual Fund,LIQUIDPLUS,1,0.01,LIQUIDPLUS
BSE,bse_cm,SWIGGY,544285,E,SWIGGY LIMITED,SWIGGY,1,0.05,SWIGGY
BSE,bse_cm,NIVABUPA,544286,E,NIVA BUPA HEALTH INSURANCE COM,NIVABUPA,1,0.01,NIVABUPA
BSE,bse_cm,MANGALCOMP,544287,E,Mangal Compusolution Limited,MANGALCOMP,3000,0.01,MANGALCOMP
BSE,bse_cm,BLACKBUCK,544288,E,BlackBuck Limited,BLACKBUCK,1,0.05,BLACKBUCK
BSE,bse_cm,NTPCGREEN,544289,E,NTPC GREEN ENERGY LIMITED,NTPCGREEN,1,0.01,NTPCGREEN
BSE,bse_cm,EIEL,544290,E,ENVIRO INFRA ENGINEERS LIMITED,EIEL,1,0.05,EIEL
BSE,bse_cm,RAJESH,544291,E,RAJESH POWER SERVICES LIMITED,RAJESH,100,0.05,RAJESH
BSE,bse_cm,ONESOURCE,544292,E,Onesource Specialty Pharma Lim,ONESOURCE,1,0.05,ONESOURCE
BSE,bse_cm,SURAKSHA,544293,E,SURAKSHA DIAGNOSTIC LIMITED,SURAKSHA,1,0.05,SURAKSHA
BSE,bse_cm,ROSSTECH,544294,E,Rossell Techsys Limited,ROSSTECH,1,0.05,ROSSTECH
BSE,bse_cm,PSPLATINA,544295,E,Property Share Investment Trus,PSPLATINA,1,0.01,PSPLATINA
BSE,bse_cm,NISUS,544296,E,NISUS FINANCE SERVICES CO LIMI,NISUS,400,0.05,NISUS
BSE,bse_cm,ODIGMA,544301,E,Odigma Consultancy Solutions L,ODIGMA,1,0.01,ODIGMA
BSE,bse_cm,INNOVANA,544302,E,Innovana Thinklabs Limited,INNOVANA,1,0.05,INNOVANA
BSE,bse_cm,TTC,544303,E,TOSS THE COIN LIMITED,TTC,300,0.05,TTC
BSE,bse_cm,JUNGLECAMP,544304,E,JUNGLE CAMPS INDIA LIMITED,JUNGLECAMP,1600,0.01,JUNGLECAMP
BSE,bse_cm,MOBIKWIK,544305,E,One Mobikwik Systems Limited,MOBIKWIK,1,0.05,MOBIKWIK
BSE,bse_cm,SAILIFE,544306,E,Sai Life Sciences Limited,SAILIFE,1,0.05,SAILIFE
BSE,bse_cm,VMM,544307,E,Vishal Mega Mart Limited,VMM,1,0.05,VMM
BSE,bse_cm,HILLTONE,544308,E,Hilltone Software and Gases Lt,HILLTONE,1,0.01,HILLTONE
BSE,bse_cm,IKS,544309,E,INVENTURUS KNOWLEDGE SOLUTIONS,IKS,1,0.05,IKS
BSE,bse_cm,YASHHV,544310,E,Yash Highvoltage Limited,YASHHV,250,0.05,YASHHV
BSE,bse_cm,IGIL,544311,E,International Gemological Inst,IGIL,1,0.05,IGIL
BSE,bse_cm,HAMPS,544312,E,HAMPS BIO LIMITED,HAMPS,4000,0.01,HAMPS
BSE,bse_cm,NACDAC,544313,E,NACDAC Infrastructure Limited,NACDAC,4000,0.01,NACDAC
BSE,bse_cm,SANATHAN,544314,E,Sanathan Textiles Limited,SANATHAN,1,0.05,SANATHAN
BSE,bse_cm,CEWATER,544315,E,Concord Enviro Systems Limited,CEWATER,1,0.05,CEWATER
BSE,bse_cm,DAMCAPITAL,544316,E,DAM Capital Advisors Limited,DAMCAPITAL,1,0.05,DAMCAPITAL
BSE,bse_cm,TRANSRAILL,544317,E,Transrail Lighting Limited,TRANSRAILL,1,0.05,TRANSRAILL
BSE,bse_cm,MAMATA,544318,E,MAMATA MACHINERY LIMITED,MAMATA,1,0.05,MAMATA
BSE,bse_cm,SENORES,544319,E,SENORES PHARMACEUTICALS LIMITE,SENORES,1,0.05,SENORES
BSE,bse_cm,CARRARO,544320,E,CARRARO INDIA LIMITED,CARRARO,1,0.05,CARRARO
BSE,bse_cm,VENTIVE,544321,E,Ventive Hospitality Limited,VENTIVE,1,0.05,VENTIVE
BSE,bse_cm,UNIMECH,544322,E,Unimech Aerospace and Manufact,UNIMECH,1,0.05,UNIMECH
BSE,bse_cm,CONSUMER,544323,E,Mirae Asset Mutual Fund,CONSUMER,1,0.01,CONSUMER
BSE,bse_cm,CITICHEM,544324,E,Citichem India Limited,CITICHEM,2000,0.01,CITICHEM
BSE,bse_cm,ITCHOTELS,544325,E,ITC Hotels Limited,ITCHOTELS,1,0.05,ITCHOTELS
BSE,bse_cm,ECAPINSURE,544326,E,Edelweiss Mutual Fund,ECAPINSURE,1,0.01,ECAPINSURE
BSE,bse_cm,TECHNICHEM,544327,E,TECHNICHEM ORGANICS LIMITED,TECHNICHEM,2000,0.01,TECHNICHEM
BSE,bse_cm,INDOFARM,544328,E,INDO FARM EQUIPMENT LIMITED,INDOFARM,1,0.05,INDOFARM
BSE,bse_cm,VANDU,544329,E,LEO DRYFRUITS & SPICES TRADING,VANDU,2000,0.01,VANDU
BSE,bse_cm,PARMESHWAR,544330,E,PARMESHWAR METAL LIMITED,PARMESHWAR,1000,0.05,PARMESHWAR
BSE,bse_cm,DAVIN,544331,E,Davin Sons Retail Limited,DAVIN,2000,0.01,DAVIN
BSE,bse_cm,FABCLEAN,544332,E,FABTECH TECHNOLOGIES CLEANROOM,FABCLEAN,400,0.05,FABCLEAN
BSE,bse_cm,SETL,544333,E,STANDARD ENGINEERING TECHNOLOG,SETL,1,0.05,SETL
BSE,bse_cm,INDOBELL,544334,E,Indobell Insulations Limited,INDOBELL,750,0.01,INDOBELL
BSE,bse_cm,BRGIL,544335,E,B.R.GOYAL INFRASTRUCTURE LIMIT,BRGIL,1000,0.05,BRGIL
BSE,bse_cm,QUADFUTURE,544336,E,Quadrant Future Tek Limited,QUADFUTURE,1,0.05,QUADFUTURE
BSE,bse_cm,AVAX,544337,E,Avax Apparels and Ornaments Li,AVAX,1000,0.01,AVAX
BSE,bse_cm,CAPINVIT,544338,E,Capital Infra Trust,CAPINVIT,1,0.01,CAPINVIT
BSE,bse_cm,LAXMIDENTL,544339,E,Laxmi Dental Limited,LAXMIDENTL,1,0.05,LAXMIDENTL
BSE,bse_cm,RIKHAV,544340,E,Rikhav Securities Limited,RIKHAV,1600,0.01,RIKHAV
BSE,bse_cm,LGLL,544341,E,LANDMARK GLOBAL LEARNING LIMIT,LGLL,1600,0.01,LGLL
BSE,bse_cm,STALLION,544342,E,Stallion India Fluorochemicals,STALLION,1,0.05,STALLION
BSE,bse_cm,CNINFOTECH,544343,E,CAPITALNUMBERS INFOTECH  LIMIT,CNINFOTECH,400,0.01,CNINFOTECH
BSE,bse_cm,SHRIPISTON,544344,E,SPR Auto Technologies Limited,SHRIPISTON,1,0.05,SHRIPISTON
BSE,bse_cm,DENTA,544345,E,Denta Water and Infra Solution,DENTA,1,0.05,DENTA
BSE,bse_cm,RRECL,544346,E,RDB Real Estate Constructions ,RRECL,1,0.05,RRECL
BSE,bse_cm,CLN,544347,E,CLN ENERGY LIMITED,CLN,200,0.05,CLN
BSE,bse_cm,GBLOGISTIC,544348,E,GB Logistics Commerce Limited,GBLOGISTIC,1200,0.01,GBLOGISTIC
BSE,bse_cm,HMEML,544349,E,H.M. ELECTRO MECH LIMITED,HMEML,1600,0.01,HMEML
BSE,bse_cm,AGARWALEYE,544350,E,Dr. Agarwal's Health Care Limi,AGARWALEYE,1,0.05,AGARWALEYE
BSE,bse_cm,MALPANI,544351,E,MALPANI PIPES AND FITTINGS LIM,MALPANI,1600,0.01,MALPANI
BSE,bse_cm,NEXT30ADD,544352,E,DSP BSE Sensex Next 30 ETF,NEXT30ADD,1,0.01,NEXT30ADD
BSE,bse_cm,AMWILL,544353,E,Amwill Health Care Limited,AMWILL,1200,0.01,AMWILL
BSE,bse_cm,SOLARIUM,544354,E,SOLARIUM GREEN ENERGY LIMITED,SOLARIUM,300,0.05,SOLARIUM
BSE,bse_cm,JUBLCPL,544355,E,Jubilant Agri and Consumer Pro,JUBLCPL,1,0.05,JUBLCPL
BSE,bse_cm,AJAXENGG,544356,E,AJAX Engineering Limited,AJAXENGG,1,0.05,AJAXENGG
BSE,bse_cm,COVANCE,544361,E,COVANCE SOFTSOL LIMITED,COVANCE,1,0.05,COVANCE
BSE,bse_cm,HEXT,544362,E,Hexaware Technologies Limited,HEXT,1,0.05,HEXT
BSE,bse_cm,UNIONGOLD,544363,E,UNION MUTUAL FUND,UNIONGOLD,1,0.01,UNIONGOLD
BSE,bse_cm,BAJAJINDEF,544364,E,Indef Manufacturing Limited,BAJAJINDEF,1,0.05,BAJAJINDEF
BSE,bse_cm,SHANMUGA,544365,E,SHANMUGA HOSPITAL LIMITED,SHANMUGA,2000,0.01,SHANMUGA
BSE,bse_cm,LKMEHTA,544366,E,L.K.MEHTA POLYMERS LIMITED,LKMEHTA,1600,0.01,LKMEHTA
BSE,bse_cm,QPOWER,544367,E,QUALITY POWER ELECTRICAL EQUIP,QPOWER,1,0.05,QPOWER
BSE,bse_cm,SWASTH,544368,E,Swasth Foodtech India Limited,SWASTH,1200,0.01,SWASTH
BSE,bse_cm,BEEZAASAN,544369,E,Beezaasan Explotech Limited,BEEZAASAN,800,0.05,BEEZAASAN
BSE,bse_cm,NUKLEUS,544370,E,NUKLEUS OFFICE SOLUTIONS LIMIT,NUKLEUS,600,0.05,NUKLEUS
BSE,bse_cm,VIKRAMAR,544371,E,VIKRAM AROMA LIMITED,VIKRAMAR,1,0.01,VIKRAMAR
BSE,bse_cm,SHREENATH,544372,E,SHREENATH PAPER PRODUCTS LIMIT,SHREENATH,3000,0.01,SHREENATH
BSE,bse_cm,NAPSGLOBAL,544373,E,NAPS Global India Limited,NAPSGLOBAL,1600,0.01,NAPSGLOBAL
BSE,bse_cm,ROADSTAR,544374,E,ROADSTAR INFRA INVESTMENT TRUS,ROADSTAR,25000,0.01,ROADSTAR
BSE,bse_cm,GOLD360,544375,E,360 ONE Mutual Fund,GOLD360,1,0.01,GOLD360
BSE,bse_cm,SELECTIPO,544376,E,Mirae Asset Mutual Fund,SELECTIPO,1,0.01,SELECTIPO
BSE,bse_cm,EQUAL200,544377,E,Mirae Asset Mutual Fund,EQUAL200,1,0.01,EQUAL200
BSE,bse_cm,PSPL,544378,E,PDP Shipping & Projects Limite,PSPL,1000,0.01,PSPL
BSE,bse_cm,PRABHA,544379,E,Prabha Energy Limited,PRABHA,1,0.05,PRABHA
BSE,bse_cm,CASHIETF,544380,E,ICICI Prudential Mutual Fund,CASHIETF,1,0.01,CASHIETF
BSE,bse_cm,SUPERIRON,544381,E,Super Iron Foundry Limited,SUPERIRON,1200,0.01,SUPERIRON
BSE,bse_cm,VALUEAXIS,544382,E,Axis Mutual Fund,VALUEAXIS,1,0.01,VALUEAXIS
BSE,bse_cm,PPARIVAH,544383,E,PARADEEP PARIVAHAN LIMITED,PPARIVAH,1200,0.05,PPARIVAH
BSE,bse_cm,SILVERCASE,544384,E,Zerodha Mutual Fund,SILVERCASE,1,0.01,SILVERCASE
BSE,bse_cm,SBIBPB,544385,E,SBI Mutual Fund,SBIBPB,1,0.01,SBIBPB
BSE,bse_cm,SPECTRUM,544386,E,Spectrum Electrical Industries,SPECTRUM,1,0.05,SPECTRUM
BSE,bse_cm,DESCO,544387,E,Desco Infratech Limited,DESCO,500,0.05,DESCO
BSE,bse_cm,IDENTIXWEB,544388,E,Identixweb Limited,IDENTIXWEB,2000,0.01,IDENTIXWEB
BSE,bse_cm,SILVER360,544389,E,360 ONE Mutual Fund,SILVER360,1,0.01,SILVER360
BSE,bse_cm,ENRIN,544390,E,Siemens Energy India Limited,ENRIN,1,0.05,ENRIN
BSE,bse_cm,RETAGGIO,544391,E,Retaggio Industries Limited,RETAGGIO,3000,0.01,RETAGGIO
BSE,bse_cm,SPINAROO,544392,E,SPINAROO COMMERCIAL LIMITED,SPINAROO,2000,0.01,SPINAROO
BSE,bse_cm,INFONATIVE,544393,E,INFONATIVE SOLUTIONS LIMITED,INFONATIVE,1600,0.01,INFONATIVE
BSE,bse_cm,EVIETF,544394,E,ICICI Prudential Mutual Fund,EVIETF,1,0.01,EVIETF
BSE,bse_cm,STLNETWORK,544395,E,STL Networks Limited,STLNETWORK,1,0.01,STLNETWORK
BSE,bse_cm,NPST,544396,E,Network People Services Techno,NPST,1,0.05,NPST
BSE,bse_cm,ATHERENERG,544397,E,Ather Energy Limited,ATHERENERG,1,0.05,ATHERENERG
BSE,bse_cm,KENRIK,544398,E,Kenrik Industries Limited,KENRIK,6000,0.01,KENRIK
BSE,bse_cm,SRIGEE,544399,E,SRIGEE DLM LIMITED,SRIGEE,1200,0.01,SRIGEE
BSE,bse_cm,MANOJJEWEL,544400,E,Manoj Jewellers Limited,MANOJJEWEL,2000,0.01,MANOJJEWEL
BSE,bse_cm,EQUAL50,544401,E,Mirae Asset Mutual Fund,EQUAL50,1,0.01,EQUAL50
BSE,bse_cm,JASH,544402,E,JASH ENGINEERING LIMITED,JASH,1,0.05,JASH
BSE,bse_cm,ABLBL,544403,E,Aditya Birla Lifestyle Brands ,ABLBL,1,0.01,ABLBL
BSE,bse_cm,BORANA,544404,E,BORANA WEAVES LIMITED,BORANA,1,0.05,BORANA
BSE,bse_cm,BELRISE,544405,E,BELRISE INDUSTRIES LIMITED,BELRISE,1,0.05,BELRISE
BSE,bse_cm,UNIFIED,544406,E,UNIFIED DATA TECH SOLUTIONS LI,UNIFIED,400,0.05,UNIFIED
BSE,bse_cm,AEGISVOPAK,544407,E,AEGIS VOPAK TERMINALS LIMITED,AEGISVOPAK,1,0.05,AEGISVOPAK
BSE,bse_cm,THELEELA,544408,E,Leela Palaces Hotels & Resorts,THELEELA,1,0.05,THELEELA
BSE,bse_cm,ASTONEALAB,544409,E,ASTONEA LABS LIMITED,ASTONEALAB,1000,0.05,ASTONEALAB
BSE,bse_cm,PROSTARM,544410,E,PROSTARM INFO SYSTEMS LIMITED,PROSTARM,1,0.05,PROSTARM
BSE,bse_cm,SCODATUBES,544411,E,Scoda Tubes Limited,SCODATUBES,1,0.05,SCODATUBES
BSE,bse_cm,3BFILMS,544412,E,3B FILMS LIMITED,3BFILMS,3000,0.01,3BFILMS
BSE,bse_cm,DIGITIDE,544413,E,Digitide Solutions Limited,DIGITIDE,1,0.01,DIGITIDE
BSE,bse_cm,BLUSPRING,544414,E,Bluspring Enterprises Limited,BLUSPRING,1,0.05,BLUSPRING
BSE,bse_cm,SNXT30BEES,544415,E,Nippon India Mutual Fund,SNXT30BEES,1,0.01,SNXT30BEES
BSE,bse_cm,KRISHIVAL,544416,E,KRISHIVAL FOODS LIMITED,KRISHIVAL,1,0.05,KRISHIVAL
BSE,bse_cm,ATENPAPERS,544417,E,Aten Papers & Foam Limited,ATENPAPERS,1200,0.01,ATENPAPERS
BSE,bse_cm,OSWALPUMPS,544418,E,Oswal Pumps Limited,OSWALPUMPS,1,0.05,OSWALPUMPS
BSE,bse_cm,ARIS,544419,E,ArisInfra Solutions Limited,ARIS,1,0.05,ARIS
BSE,bse_cm,RAYMONDREL,544420,E,Raymond Realty Limited,RAYMONDREL,1,0.05,RAYMONDREL
BSE,bse_cm,ELLEN,544421,E,ELLENBARRIE INDUSTRIAL GASES L,ELLEN,1,0.05,ELLEN
BSE,bse_cm,ABRFL,544422,E,Abram Food Limited,ABRFL,1200,0.01,ABRFL
BSE,bse_cm,KALPATARU,544423,E,Kalpataru Limited,KALPATARU,1,0.05,KALPATARU
BSE,bse_cm,GLOBECIVIL,544424,E,GLOBE CIVIL PROJECTS LIMITED,GLOBECIVIL,1,0.01,GLOBECIVIL
BSE,bse_cm,AJCJEWEL,544425,E,AJC Jewel Manufacturers Limite,AJCJEWEL,1200,0.01,AJCJEWEL
BSE,bse_cm,ICON,544426,E,Icon Facilitators Limited,ICON,1200,0.01,ICON
BSE,bse_cm,TOP15IETF,544427,E,ICICI Prudential Mutual Fund,TOP15IETF,1,0.01,TOP15IETF
BSE,bse_cm,SEVL,544428,E,SUPERTECH EV LIMITED,SEVL,1200,0.01,SEVL
BSE,bse_cm,HDBFS,544429,E,HDB FINANCIAL SERVICES LIMITED,HDBFS,1,0.05,HDBFS
BSE,bse_cm,SAMBHV,544430,E,SAMBHV STEEL TUBES LIMITED,SAMBHV,1,0.05,SAMBHV
BSE,bse_cm,ACEALPHA,544431,E,Ace Alpha Tech Limited,ACEALPHA,1000,0.05,ACEALPHA
BSE,bse_cm,IGCL,544432,E,Indogulf Cropsciences Limited,IGCL,1,0.01,IGCL
BSE,bse_cm,VALINDIA,544433,E,Valencia India Limited,VALINDIA,1200,0.01,VALINDIA
BSE,bse_cm,NEETUYOSHI,544434,E,Neetu Yoshi Limited,NEETUYOSHI,800,0.05,NEETUYOSHI
BSE,bse_cm,ADCOUNTY,544435,E,ADCOUNTY MEDIA INDIA LIMITED,ADCOUNTY,800,0.01,ADCOUNTY
BSE,bse_cm,VANDAN,544436,E,VANDAN FOODS LIMITED,VANDAN,1200,0.01,VANDAN
BSE,bse_cm,MARCLOIRE,544437,E,MARC LOIRE FASHIONS LIMITED,MARCLOIRE,1200,0.01,MARCLOIRE
BSE,bse_cm,INTERNET,544438,E,Mirae Asset Mutual Fund,INTERNET,1,0.01,INTERNET
BSE,bse_cm,CRIZAC,544439,E,CRIZAC LIMITED,CRIZAC,1,0.05,CRIZAC
BSE,bse_cm,CRYOGENIC,544440,E,CRYOGENIC OGS LIMITED,CRYOGENIC,750,0.05,CRYOGENIC
BSE,bse_cm,METAINFO,544441,E,META INFOTECH LIMITED,METAINFO,800,0.01,METAINFO
BSE,bse_cm,CHEMKART,544442,E,Chemkart India Limited,CHEMKART,600,0.05,CHEMKART
BSE,bse_cm,TRAVELFOOD,544443,E,TRAVEL FOOD SERVICES LIMITED,TRAVELFOOD,1,0.05,TRAVELFOOD
BSE,bse_cm,GLEN,544444,E,Glen Industries Limited,GLEN,1200,0.01,GLEN
BSE,bse_cm,APL,544445,E,ASSTON PHARMACEUTICALS LIMITED,APL,1000,0.01,APL
BSE,bse_cm,ADVENTHTL,544446,E,Advent Hotels International Li,ADVENTHTL,1,0.05,ADVENTHTL
BSE,bse_cm,SMARTWORKS,544447,E,SMARTWORKS COWORKING SPACES LI,SMARTWORKS,1,0.05,SMARTWORKS
BSE,bse_cm,PASHUPATI,544448,E,Pashupati Cotspin Limited,PASHUPATI,1,0.01,PASHUPATI
BSE,bse_cm,ANTHEM,544449,E,Anthem Biosciences Limited,ANTHEM,1,0.05,ANTHEM
BSE,bse_cm,CHEMBONDCH,544450,E,CHEMBOND CHEMICALS  LIMITED,CHEMBONDCH,1,0.05,CHEMBONDCH
BSE,bse_cm,MONIKA,544451,E,MONIKA ALCOBEV LIMITED,MONIKA,400,0.05,MONIKA
BSE,bse_cm,SWASTIKAAL,544452,E,Swastika Castal Limited,SWASTIKAAL,2000,0.01,SWASTIKAAL
BSE,bse_cm,MSECL,544453,E,Monarch Surveyors and Engineer,MSECL,600,0.05,MSECL
BSE,bse_cm,INDIQUBE,544454,E,INDIQUBE SPACES LIMITED,INDIQUBE,1,0.05,INDIQUBE
BSE,bse_cm,EBGNG,544455,E,GNG Electronics Limited,EBGNG,1,0.05,EBGNG
BSE,bse_cm,RMDRIP,544456,E,R M DRIP AND SPRINKLERS SYSTEM,RMDRIP,1,0.01,RMDRIP
BSE,bse_cm,BRIGHOTEL,544457,E,Brigade Hotel Ventures Limited,BRIGHOTEL,1,0.01,BRIGHOTEL
BSE,bse_cm,SHREEREF,544458,E,SHREE REFRIGERATIONS LIMITED,SHREEREF,500,0.05,SHREEREF
BSE,bse_cm,SHANTIGOLD,544459,E,SHANTI GOLD INTERNATIONAL LIMI,SHANTIGOLD,1,0.05,SHANTIGOLD
BSE,bse_cm,PATELCHEM,544460,E,PATEL CHEM SPECIALITIES LIMITE,PATELCHEM,1600,0.05,PATELCHEM
BSE,bse_cm,EUROBOND,544461,E,Euro Panel Products Limited,EUROBOND,1,0.05,EUROBOND
BSE,bse_cm,PSTITANIA,544462,E,PropShare Titania,PSTITANIA,1,0.01,PSTITANIA
BSE,bse_cm,REPONO,544463,E,REPONO LIMITED,REPONO,1200,0.01,REPONO
BSE,bse_cm,UML,544464,E,Umiya Mobile Limited,UML,2000,0.01,UML
BSE,bse_cm,LAXMIINDIA,544465,E,LAXMI INDIA FINANCE LIMITED,LAXMIINDIA,1,0.01,LAXMIINDIA
BSE,bse_cm,CPPLUS,544466,E,Aditya Infotech Limited,CPPLUS,1,0.05,CPPLUS
BSE,bse_cm,NSDL,544467,E,National Securities Depository,NSDL,1,0.05,NSDL
BSE,bse_cm,BDI,544468,E,B. D. Industries (Pune) Limite,BDI,1200,0.05,BDI
BSE,bse_cm,LOTUSDEV,544469,E,Sri Lotus Developers and Realt,LOTUSDEV,1,0.05,LOTUSDEV
BSE,bse_cm,MBEL,544470,E,M & B ENGINEERING LIMITED,MBEL,1,0.05,MBEL
BSE,bse_cm,TAKYON,544471,E,TAKYON NETWORKS LIMITED,TAKYON,2000,0.01,TAKYON
BSE,bse_cm,MEHUL,544472,E,MEHUL COLOURS LIMITED,MEHUL,1600,0.01,MEHUL
BSE,bse_cm,GROWWPOWER,544473,E,Groww Mutual Fund,GROWWPOWER,1,0.01,GROWWPOWER
BSE,bse_cm,BLT,544474,E,BLT Logistics Limited,BLT,1600,0.01,BLT
BSE,bse_cm,ESSEX,544475,E,ESSEX MARINE LIMITED,ESSEX,2000,0.01,ESSEX
BSE,bse_cm,JSLL,544476,E,Jeena Sikho Lifecare Limited,JSLL,1,0.05,JSLL
BSE,bse_cm,HILINFRA,544477,E,Highway Infrastructure Limited,HILINFRA,1,0.01,HILINFRA
BSE,bse_cm,SBILIQETF,544478,E,SBI Mutual Fund,SBILIQETF,1,0.01,SBILIQETF
BSE,bse_cm,ALLTIME,544479,E,ALL TIME PLASTICS LIMITED,ALLTIME,1,0.05,ALLTIME
BSE,bse_cm,JSWCEMENT,544480,E,JSW CEMENT LIMITED,JSWCEMENT,1,0.05,JSWCEMENT
BSE,bse_cm,KRT,544481,E,KNOWLEDGE REALTY TRUST,KRT,1,0.01,KRT
BSE,bse_cm,STARIMAGIN,544482,E,STAR IMAGING AND PATH LAB LIMI,STARIMAGIN,1000,0.01,STARIMAGIN
BSE,bse_cm,ICODEX,544483,E,ICODEX PUBLISHING SOLUTIONS LI,ICODEX,1200,0.01,ICODEX
BSE,bse_cm,BLUESTONE,544484,E,BlueStone Jewellery and Lifest,BLUESTONE,1,0.05,BLUESTONE
BSE,bse_cm,REGAAL,544485,E,REGAAL RESOURCES LIMITED,REGAAL,1,0.01,REGAAL
BSE,bse_cm,LTGILTCASE,544486,E,Zerodha Mutual Fund,LTGILTCASE,1,0.01,LTGILTCASE
BSE,bse_cm,PATELRMART,544487,E,PATEL RETAIL LIMITED,PATELRMART,1,0.05,PATELRMART
BSE,bse_cm,VIKRAMSOLR,544488,E,Vikram Solar Limited,VIKRAMSOLR,1,0.05,VIKRAMSOLR
BSE,bse_cm,LGT,544489,E,LGT GLOBAL HOSPITALITY LIMITED,LGT,1200,0.01,LGT
BSE,bse_cm,SHREEJISPG,544490,E,Shreeji Shipping Global Limite,SHREEJISPG,1,0.05,SHREEJISPG
BSE,bse_cm,GEMAROMA,544491,E,Gem Aromatics Limited,GEMAROMA,1,0.05,GEMAROMA
BSE,bse_cm,MEIL,544492,E,MANGAL ELECTRICAL INDUSTRIES L,MEIL,1,0.05,MEIL
BSE,bse_cm,MANUFGBEES,544493,E,Nippon India Mutual Fund,MANUFGBEES,1,0.01,MANUFGBEES
BSE,bse_cm,GLOBTIER,544494,E,Globtier Infotech limited,GLOBTIER,1600,0.01,GLOBTIER
BSE,bse_cm,NISMGMT,544495,E,NIS MANAGEMENT LIMITED,NISMGMT,1200,0.01,NISMGMT
BSE,bse_cm,VIKRAN,544496,E,Vikran Engineering Limited,VIKRAN,1,0.01,VIKRAN
BSE,bse_cm,AHCL,544497,E,ANLON HEALTHCARE LIMITED,AHCL,1,0.01,AHCL
BSE,bse_cm,OVAL,544498,E,OVAL PROJECTS ENGINEERING LIMI,OVAL,1600,0.01,OVAL
BSE,bse_cm,CPEDU,544499,E,Career Point Edutech Limited,CPEDU,1,0.05,CPEDU
BSE,bse_cm,ABRIL,544500,E,ABRIL PAPER TECH LIMITED,ABRIL,2000,0.01,ABRIL
BSE,bse_cm,SUGSLLOYD,544501,E,SUGS LLOYD LIMITED,SUGSLLOYD,1000,0.05,SUGSLLOYD
BSE,bse_cm,AMANTA,544502,E,Amanta Healthcare Limited,AMANTA,1,0.05,AMANTA
BSE,bse_cm,RACHIT,544503,E,Rachit Prints Limited,RACHIT,1000,0.05,RACHIT
BSE,bse_cm,GOELCONS,544504,E,GOEL CONSTRUCTION COMPANY LIMI,GOELCONS,400,0.05,GOELCONS
BSE,bse_cm,AUSTERE,544505,E,AUSTERE SYSTEMS LIMITED,AUSTERE,2000,0.01,AUSTERE
BSE,bse_cm,SHARVAYA,544506,E,SHARVAYA METALS LIMITED,SHARVAYA,600,0.05,SHARVAYA
BSE,bse_cm,SML100CASE,544507,E,Zerodha Mutual Fund,SML100CASE,1,0.01,SML100CASE
BSE,bse_cm,VASHISHTHA,544508,E,VASHISHTHA LUXURY FASHION LIMI,VASHISHTHA,1200,0.01,VASHISHTHA
BSE,bse_cm,KRUPALU,544509,E,Krupalu Metals Limited,KRUPALU,1600,0.01,KRUPALU
BSE,bse_cm,NCML,544510,E,NILACHAL CARBO METALICKS LIMIT,NCML,1600,0.01,NCML
BSE,bse_cm,KARBON,544511,E,Karbonsteel Engineering Limite,KARBON,800,0.05,KARBON
BSE,bse_cm,SHRINGARMS,544512,E,SHRINGAR HOUSE OF MANGALSUTRA ,SHRINGARMS,1,0.05,SHRINGARMS
BSE,bse_cm,DEVX,544513,E,Dev Accelerator Limited,DEVX,1,0.01,DEVX
BSE,bse_cm,CITYSQUARE,544514,E,JAY AMBE SUPERMARKETS LIMITED,CITYSQUARE,800,0.05,CITYSQUARE
BSE,bse_cm,URBANCO,544515,E,Urban Company Limited,URBANCO,1,0.05,URBANCO
BSE,bse_cm,AIRFLOA,544516,E,AIRFLOA RAIL TECHNOLOGY LIMITE,AIRFLOA,500,0.05,AIRFLOA
BSE,bse_cm,BUILDPRO,544517,E,Shankara Buildpro Limited,BUILDPRO,1,0.05,BUILDPRO
BSE,bse_cm,LTELEVATOR,544518,E,L. T. ELEVATOR LIMITED,LTELEVATOR,800,0.05,LTELEVATOR
BSE,bse_cm,EUROPRATIK,544519,E,EURO PRATIK SALES LIMITED,EUROPRATIK,1,0.05,EUROPRATIK
BSE,bse_cm,SAMPAT,544520,E,SAMPAT ALUMINIUM LIMITED,SAMPAT,1200,0.01,SAMPAT
BSE,bse_cm,VMSTMT,544521,E,VMS TMT LIMITED,VMSTMT,1,0.01,VMSTMT
BSE,bse_cm,ABCOTS,544522,E,A B Cotspin India Limited,ABCOTS,1,0.05,ABCOTS
BSE,bse_cm,IVALUE,544523,E,IVALUE INFOSOLUTIONS LIMITED,IVALUE,1,0.05,IVALUE
BSE,bse_cm,JDCABLES,544524,E,JD CABLES LIMITED,JDCABLES,800,0.05,JDCABLES
BSE,bse_cm,GKENERGY,544525,E,GK ENERGY LIMITED,GKENERGY,1,0.05,GKENERGY
BSE,bse_cm,SAATVIKGL,544526,E,Saatvik Green Energy Limited,SAATVIKGL,1,0.05,SAATVIKGL
BSE,bse_cm,ATLANTAELE,544527,E,Atlanta Electricals Limited,ATLANTAELE,1,0.05,ATLANTAELE
BSE,bse_cm,GANESHCP,544528,E,Ganesh Consumer Products Limit,GANESHCP,1,0.05,GANESHCP
BSE,bse_cm,APPL,544529,E,Aptus Pharma Limited,APPL,400,0.05,APPL
BSE,bse_cm,ARSSBL,544530,E,ANAND RATHI SHARE AND STOCK BR,ARSSBL,1,0.05,ARSSBL
BSE,bse_cm,TRUECOLORS,544531,E,TRUE COLORS LIMITED,TRUECOLORS,600,0.05,TRUECOLORS
BSE,bse_cm,SOLARWORLD,544532,E,Solarworld Energy Solutions Li,SOLARWORLD,1,0.05,SOLARWORLD
BSE,bse_cm,STYL,544533,E,Seshaasai Technologies Limited,STYL,1,0.05,STYL
BSE,bse_cm,JARO,544534,E,Jaro Institute of Technology M,JARO,1,0.05,JARO
BSE,bse_cm,BHARATROHAN,544535,E,BHARATROHAN AIRBORNE INNOVATIO,BHARATROHAN,800,0.05,BHARATROHAN
BSE,bse_cm,WEALTH,544536,E,Wealth First Portfolio Manager,WEALTH,1,0.05,WEALTH
BSE,bse_cm,JAINREC,544537,E,Jain Resource Recycling Limite,JAINREC,1,0.05,JAINREC
BSE,bse_cm,PRARUH,544538,E,PRARUH TECHNOLOGIES LIMITED,PRARUH,2000,0.01,PRARUH
BSE,bse_cm,SOLVEX,544539,E,Solvex Edibles Limited,SOLVEX,1600,0.01,SOLVEX
BSE,bse_cm,EPACKPEB,544540,E,Epack Prefab Technologies Limi,EPACKPEB,1,0.05,EPACKPEB
BSE,bse_cm,SYSTEMATIC,544541,E,SYSTEMATIC INDUSTRIES LIMITED,SYSTEMATIC,600,0.05,SYSTEMATIC
BSE,bse_cm,JUSTO,544542,E,Justo Realfintech Limited,JUSTO,1000,0.01,JUSTO
BSE,bse_cm,BMWVENTLTD,544543,E,BMW VENTURES LIMITED,BMWVENTLTD,1,0.01,BMWVENTLTD
BSE,bse_cm,TELGE,544544,E,TELGE PROJECTS LIMITED,TELGE,1200,0.05,TELGE
BSE,bse_cm,TRUALT,544545,E,TRUALT BIOENERGY LIMITED,TRUALT,1,0.05,TRUALT
BSE,bse_cm,CHTR,544546,E,Chatterbox Technologies Limite,CHTR,1200,0.01,CHTR
BSE,bse_cm,JKIPL,544547,E,Jinkushal Industries Limited,JKIPL,1,0.05,JKIPL
BSE,bse_cm,GPAPL,544548,E,GUJARAT PEANUT AND AGRI PRODUC,GPAPL,1600,0.01,GPAPL
BSE,bse_cm,EARKART,544549,E,EARKART LIMITED,EARKART,1000,0.05,EARKART
BSE,bse_cm,PACEDIGITK,544550,E,Pace Digitek Limited,PACEDIGITK,1,0.05,PACEDIGITK
BSE,bse_cm,BHAVIK,544551,E,BHAVIK ENTERPRISES LIMITED,BHAVIK,1000,0.05,BHAVIK
BSE,bse_cm,RDGAIL,544552,E,RUKMANI DEVI GARG AGRO IMPEX L,RDGAIL,1200,0.05,RDGAIL
BSE,bse_cm,MPKSTEELS,544553,E,M P K STEELS (I) LIMITED,MPKSTEELS,800,0.05,MPKSTEELS
BSE,bse_cm,KVSCASTING,544554,E,KVS Castings Limited,KVSCASTING,2000,0.01,KVSCASTING
BSE,bse_cm,AMEENJI,544555,E,AMEENJI RUBBER LIMITED,AMEENJI,1200,0.05,AMEENJI
BSE,bse_cm,DHILLON,544556,E,Dhillon Freight Carrier Limite,DHILLON,1600,0.01,DHILLON
BSE,bse_cm,GLOTTIS,544557,E,Glottis Limited,GLOTTIS,1,0.01,GLOTTIS
BSE,bse_cm,FABTECH,544558,E,Fabtech Technologies Limited,FABTECH,1,0.05,FABTECH
BSE,bse_cm,OML,544559,E,OM METALLOGIC LIMITED,OML,1600,0.01,OML
BSE,bse_cm,SODHACAP,544560,E,SODHANI CAPITAL LIMITED,SODHACAP,2000,0.01,SODHACAP
BSE,bse_cm,CHIRAHARIT,544561,E,Chiraharit Limited,CHIRAHARIT,6000,0.01,CHIRAHARIT
BSE,bse_cm,ADVANCE,544562,E,Advance Agrolife Limited,ADVANCE,1,0.05,ADVANCE
BSE,bse_cm,ZELIO,544563,E,Zelio E Mobility Limited,ZELIO,500,0.05,ZELIO
BSE,bse_cm,OMFREIGHT,544564,E,Om Freight Forwarders Limited,OMFREIGHT,1,0.01,OMFREIGHT
BSE,bse_cm,VALPLAST,544565,E,Valplast Technologies Limited,VALPLAST,2000,0.01,VALPLAST
BSE,bse_cm,SUNSKY,544566,E,Sunsky Logistics Limited,SUNSKY,1500,0.01,SUNSKY
BSE,bse_cm,INFINITY,544567,E,Infinity Infoway Limited,INFINITY,400,0.05,INFINITY
BSE,bse_cm,ZAPPFRESH,544568,E,DSM Fresh Foods Limited,ZAPPFRESH,1200,0.01,ZAPPFRESH
BSE,bse_cm,TMCV,544569,E,Tata Motors Limited,TMCV,1,0.05,TMCV
BSE,bse_cm,WEWORK,544570,E,WeWork India Management Limite,WEWORK,1,0.05,WEWORK
BSE,bse_cm,NSBBPO,544571,E,NSB BPO Solutions Limited,NSBBPO,1000,0.01,NSBBPO
BSE,bse_cm,SKFINDUS,544572,E,SKF INDIA (INDUSTRIAL) LIMITED,SKFINDUS,1,0.05,SKFINDUS
BSE,bse_cm,ELIQUID,544573,E,Edelweiss Mutual Fund,ELIQUID,1,0.01,ELIQUID
BSE,bse_cm,TATACAP,544574,E,Tata Capital Limited,TATACAP,1,0.05,TATACAP
BSE,bse_cm,MITTALSTL,544575,E,Mittal Sections Limited,MITTALSTL,1000,0.01,MITTALSTL
BSE,bse_cm,LGEINDIA,544576,E,LG Electronics India Limited,LGEINDIA,1,0.05,LGEINDIA
BSE,bse_cm,WORTHPERI,544577,E,Worth Peripherals Limited,WORTHPERI,1,0.05,WORTHPERI
BSE,bse_cm,RUBICON,544578,E,RUBICON RESEARCH LIMITED,RUBICON,1,0.05,RUBICON
BSE,bse_cm,ANANTAM,544579,E,Anantam Highways Trust,ANANTAM,1,0.01,ANANTAM
BSE,bse_cm,CRAMC,544580,E,Canara Robeco Asset Management,CRAMC,1,0.05,CRAMC
BSE,bse_cm,FLEXIADD,544581,E,DSP Nifty500 Flexicap Quality ,FLEXIADD,1,0.01,FLEXIADD
BSE,bse_cm,SHLOKKA,544582,E,SHLOKKA DYES LIMITED,SHLOKKA,1200,0.01,SHLOKKA
BSE,bse_cm,CANHLIFE,544583,E,Canara HSBC Life Insurance Com,CANHLIFE,1,0.05,CANHLIFE
BSE,bse_cm,SKM,544584,E,SK Minerals & Additives Limite,SKM,1000,0.05,SKM
BSE,bse_cm,SIHORA,544585,E,SIHORA INDUSTRIES LIMITED,SIHORA,2000,0.01,SIHORA
BSE,bse_cm,NIFTYCASE,544586,E,Zerodha Mutual Fund,NIFTYCASE,1,0.01,NIFTYCASE
BSE,bse_cm,MIDWESTLTD,544587,E,Midwest Limited,MIDWESTLTD,1,0.05,MIDWESTLTD
BSE,bse_cm,MHLSRG,544588,E,SBI Mutual Fund,MHLSRG,1,0.01,MHLSRG
BSE,bse_cm,MHLSRD,544589,E,SBI Mutual Fund,MHLSRD,1,0.01,MHLSRD
BSE,bse_cm,MHLSRDR,544590,E,SBI Mutual Fund,MHLSRDR,1,0.01,MHLSRDR
BSE,bse_cm,MHLSDG,544591,E,SBI Mutual Fund,MHLSDG,1,0.01,MHLSDG
BSE,bse_cm,MHLSDD,544592,E,SBI Mutual Fund,MHLSDD,1,0.01,MHLSDD
BSE,bse_cm,MHLSDDR,544593,E,SBI Mutual Fund,MHLSDDR,1,0.01,MHLSDDR
BSE,bse_cm,TRADEUNO,544594,E,GAME CHANGERS TEXFAB LIMITED,TRADEUNO,1200,0.01,TRADEUNO
BSE,bse_cm,ORKLAINDIA,544595,E,Orkla India Limited,ORKLAINDIA,1,0.05,ORKLAINDIA
BSE,bse_cm,SAFECURE,544596,E,Safecure Services Limited,SAFECURE,1200,0.01,SAFECURE
BSE,bse_cm,PIRAMALFIN,544597,E,Piramal Finance Limited,PIRAMALFIN,1,0.05,PIRAMALFIN
BSE,bse_cm,ACCURACY,544598,E,Accuracy Shipping Limited,ACCURACY,1,0.01,ACCURACY
BSE,bse_cm,STUDDS,544599,E,Studds Accessories Limited,STUDDS,1,0.05,STUDDS
BSE,bse_cm,LENSKART,544600,E,Lenskart Solutions Limited,LENSKART,1,0.05,LENSKART
BSE,bse_cm,CHOICEGOLD,544601,E,Choice Mutual Fund,CHOICEGOLD,1,0.01,CHOICEGOLD
BSE,bse_cm,AGL,544602,E,Allcargo Global Limited,AGL,1,0.01,AGL
BSE,bse_cm,GROWW,544603,E,Billionbrains Garage Ventures ,GROWW,1,0.05,GROWW
BSE,bse_cm,ENERGY,544604,E,Mirae Asset Mutual Fund,ENERGY,1,0.01,ENERGY
BSE,bse_cm,SMALL250,544605,E,Mirae Asset Mutual Fund,SMALL250,1,0.01,SMALL250
BSE,bse_cm,PINELABS,544606,E,Pine Labs Limited,PINELABS,1,0.05,PINELABS
BSE,bse_cm,SHTL,544607,E,SHINING TOOLS LIMITED,SHTL,1200,0.01,SHTL
BSE,bse_cm,EMMVEE,544608,E,Emmvee Photovoltaic Power Limi,EMMVEE,1,0.05,EMMVEE
BSE,bse_cm,PWL,544609,E,Physicswallah Limited,PWL,1,0.05,PWL
BSE,bse_cm,WORKMATES,544610,E,WORKMATES CORE2CLOUD SOLUTION ,WORKMATES,600,0.05,WORKMATES
BSE,bse_cm,MAHALIFE,544611,E,MAHAMAYA LIFESCIENCES LIMITED,MAHALIFE,1200,0.05,MAHALIFE
BSE,bse_cm,TENNIND,544612,E,Tenneco Clean Air India Limite,TENNIND,1,0.05,TENNIND
BSE,bse_cm,UTLSOLAR,544613,E,Fujiyama Power Systems Limited,UTLSOLAR,1,0.05,UTLSOLAR
BSE,bse_cm,CAPILLARY,544614,E,Capillary Technologies India L,CAPILLARY,1,0.05,CAPILLARY
BSE,bse_cm,KSR,544615,E,KSR Footwear Limited,KSR,1,0.01,KSR
BSE,bse_cm,GALLARD,544616,E,Gallard Steel Limited,GALLARD,1000,0.05,GALLARD
BSE,bse_cm,EXCELSOFT,544617,E,Excelsoft Technologies Limited,EXCELSOFT,1,0.01,EXCELSOFT
BSE,bse_cm,ESENSEX,544618,E,Edelweiss Mutual Fund,ESENSEX,1,0.01,ESENSEX
BSE,bse_cm,SUDEEPPHRM,544619,E,Sudeep Pharma Limited,SUDEEPPHRM,1,0.05,SUDEEPPHRM
BSE,bse_cm,MSCIADD,544620,E,DSP MSCI India ETF,MSCIADD,1,0.01,MSCIADD
BSE,bse_cm,SSMD,544621,E,SSMD AGROTECH INDIA LIMITED,SSMD,1000,0.01,SSMD
BSE,bse_cm,KWIL,544622,E,Kwality Walls (India) Limited,KWIL,1,0.01,KWIL
BSE,bse_cm,MNFL,544623,E,Mother Nutri Foods Limited,MNFL,1200,0.05,MNFL
BSE,bse_cm,KKSILK,544624,E,K K SILK MILLS LIMITED,KKSILK,3000,0.01,KKSILK
BSE,bse_cm,LOGICIEL,544625,E,Logiciel Solutions Limited,LOGICIEL,600,0.01,LOGICIEL
BSE,bse_cm,EXATO,544626,E,EXATO TECHNOLOGIES LIMITED,EXATO,500,0.05,EXATO
BSE,bse_cm,PURPLEWAVE,544627,E,PURPLE WAVE INFOCOM LIMITED,PURPLEWAVE,1000,0.05,PURPLEWAVE
BSE,bse_cm,ASTRONMULT,544628,E,Astron Multigrain Limited,ASTRONMULT,2000,0.01,ASTRONMULT
BSE,bse_cm,RAVEL,544629,E,Ravelcare Limited,RAVEL,1000,0.05,RAVEL
BSE,bse_cm,HELLOJI,544630,E,HELLOJI HOLIDAYS LIMITED,HELLOJI,1200,0.05,HELLOJI
BSE,bse_cm,CNL,544631,E,CREATIVE NEWTECH LIMITED,CNL,1,0.05,CNL
BSE,bse_cm,MEESHO,544632,E,Meesho Limited,MEESHO,1,0.05,MEESHO
BSE,bse_cm,VIDYAWIRES,544633,E,VIDYA WIRES LIMITED,VIDYAWIRES,1,0.01,VIDYAWIRES
BSE,bse_cm,AEQUS,544634,E,Aequs Limited,AEQUS,1,0.05,AEQUS
BSE,bse_cm,LUXURY,544635,E,Luxury Time Limited,LUXURY,1600,0.01,LUXURY
BSE,bse_cm,WOSAL,544636,E,Western Overseas Study Abroad ,WOSAL,2000,0.01,WOSAL
BSE,bse_cm,METHODHUB,544637,E,Methodhub Software Limited,METHODHUB,600,0.01,METHODHUB
BSE,bse_cm,GOLDBND,544638,E,Bandhan Mutual Fund,GOLDBND,1,0.01,GOLDBND
BSE,bse_cm,SILVERBND,544639,E,Bandhan Mutual Fund,SILVERBND,1,0.01,SILVERBND
BSE,bse_cm,RDEL,544640,E,Riddhi Display Equipments Limi,RDEL,1200,0.01,RDEL
BSE,bse_cm,KVTOYS,544641,E,K. V. TOYS INDIA LIMITED,KVTOYS,600,0.05,KVTOYS
BSE,bse_cm,WAKEFIT,544642,E,Wakefit Innovations Limited,WAKEFIT,1,0.05,WAKEFIT
BSE,bse_cm,PRODOCS,544643,E,PRODOCS SOLUTIONS LIMITED,PRODOCS,1000,0.05,PRODOCS
BSE,bse_cm,CORONA,544644,E,Corona Remedies Limited,CORONA,1,0.05,CORONA
BSE,bse_cm,PARKHOSPS,544645,E,PARK MEDI WORLD LIMITED,PARKHOSPS,1,0.05,PARKHOSPS
BSE,bse_cm,SHIPWAVES,544646,E,Shipwaves Online Limited,SHIPWAVES,10000,0.01,SHIPWAVES
BSE,bse_cm,NEPHROPLUS,544647,E,Nephrocare Health Services Lim,NEPHROPLUS,1,0.05,NEPHROPLUS
BSE,bse_cm,UNISEM,544648,E,UNISEM AGRITECH LIMITED,UNISEM,2000,0.01,UNISEM
BSE,bse_cm,TSIFDG,544649,E,Tata Mutual Fund,TSIFDG,1,0.01,TSIFDG
BSE,bse_cm,TSIFDIR,544650,E,Tata Mutual Fund,TSIFDIR,1,0.01,TSIFDIR
BSE,bse_cm,TSIFRG,544651,E,Tata Mutual Fund,TSIFRG,1,0.01,TSIFRG
BSE,bse_cm,TSIFRIP,544652,E,Tata Mutual Fund,TSIFRIP,1,0.01,TSIFRIP
BSE,bse_cm,TSIFRIR,544653,E,Tata Mutual Fund,TSIFRIR,1,0.01,TSIFRIR
BSE,bse_cm,SMALLADD,544654,E,DSP Nifty Smallcap 250 ETF,SMALLADD,1,0.01,SMALLADD
BSE,bse_cm,MIDCAPADD,544655,E,DSP Nifty Midcap 150 ETF,MIDCAPADD,1,0.01,MIDCAPADD
BSE,bse_cm,HRS,544656,E,HRS ALUGLAZE LIMITED,HRS,400,0.05,HRS
BSE,bse_cm,PAJSON,544657,E,Pajson Agro India Limited,PAJSON,600,0.05,PAJSON
BSE,bse_cm,ICICIAMC,544658,E,ICICI Prudential Asset Managem,ICICIAMC,1,0.05,ICICIAMC
BSE,bse_cm,STANBIK,544659,E,STANBIK AGRO LIMITED,STANBIK,4000,0.01,STANBIK
BSE,bse_cm,TOP20,544660,E,Mirae Asset Mutual Fund,TOP20,1,0.01,TOP20
BSE,bse_cm,DIVIDEND,544661,E,Mirae Asset Mutual Fund,DIVIDEND,1,0.01,DIVIDEND
BSE,bse_cm,SIMANDHAR,544662,E,SIMANDHAR IMPEX LIMITED,SIMANDHAR,1,0.05,SIMANDHAR
BSE,bse_cm,NEPLOG,544663,E,NEPTUNE LOGITEK LIMITED,NEPLOG,1000,0.01,NEPLOG
BSE,bse_cm,KSHINTL,544664,E,KSH INTERNATIONAL LIMITED,KSHINTL,1,0.05,KSHINTL
BSE,bse_cm,GLOBALLOG,544665,E,Global Ocean Logistics India L,GLOBALLOG,1600,0.05,GLOBALLOG
BSE,bse_cm,GKSL,544666,E,GUJARAT KIDNEY AND SUPER SPECI,GKSL,1,0.05,GKSL
BSE,bse_cm,DACHEPALLI,544667,E,Dachepalli Publishers Limited,DACHEPALLI,1200,0.01,DACHEPALLI
BSE,bse_cm,NANTA,544668,E,NANTA TECH LIMITED,NANTA,600,0.05,NANTA
BSE,bse_cm,ADMACH,544669,E,ADMACH SYSTEMS LIMITED,ADMACH,600,0.05,ADMACH
BSE,bse_cm,BAIKAKAJI,544670,E,BAI-KAKAJI POLYMERS LIMITED,BAIKAKAJI,600,0.05,BAIKAKAJI
BSE,bse_cm,ATIL,544671,E,APOLLO TECHNO INDUSTRIES LIMIT,ATIL,1000,0.01,ATIL
BSE,bse_cm,TWCGOLDETF,544672,E,The Wealth Company Mutual Fund,TWCGOLDETF,1,0.01,TWCGOLDETF
BSE,bse_cm,MDRC,544673,E,MODERN DIAGNOSTIC & RESEARCH C,MDRC,1600,0.01,MDRC
BSE,bse_cm,NEXT50ADD,544674,E,DSP Nifty Next 50 ETF,NEXT50ADD,1,0.01,NEXT50ADD
BSE,bse_cm,GTIL,544675,E,Gabion Technologies India Limi,GTIL,1600,0.01,GTIL
BSE,bse_cm,YAJUR,544676,E,YAJUR FIBRES LIMITED,YAJUR,800,0.01,YAJUR
BSE,bse_cm,DEFRAIL,544677,E,Defrail Technologies Limited,DEFRAIL,1600,0.01,DEFRAIL
BSE,bse_cm,BHARATCOAL,544678,E,BHARAT COKING COAL LIMITED,BHARATCOAL,1,0.01,BHARATCOAL
BSE,bse_cm,AMAGI,544679,E,Amagi Media Labs Limited,AMAGI,1,0.05,AMAGI
BSE,bse_cm,NARMADESH,544680,E,Narmadesh Brass Industries Lim,NARMADESH,240,0.05,NARMADESH
BSE,bse_cm,INDOSMC,544681,E,INDO SMC Limited,INDOSMC,1000,0.05,INDOSMC
BSE,bse_cm,GRERENEW,544682,E,GRE Renew Enertech Limited,GRERENEW,1200,0.05,GRERENEW
BSE,bse_cm,ARITAS,544683,E,Aritas Vinyl Limited,ARITAS,3000,0.01,ARITAS
BSE,bse_cm,DIGILOGIC,544684,E,DIGILOGIC SYSTEMS LIMITED,DIGILOGIC,1200,0.05,DIGILOGIC
BSE,bse_cm,SHADOWFAX,544685,E,SHADOWFAX TECHNOLOGIES LIMITED,SHADOWFAX,1,0.05,SHADOWFAX
BSE,bse_cm,SHAYONAENG,544686,E,SHAYONA ENGINEERING LIMITED,SHAYONAENG,1000,0.05,SHAYONAENG
BSE,bse_cm,HANNAH,544687,E,Hannah Joseph Hospital Limited,HANNAH,2000,0.05,HANNAH
BSE,bse_cm,KASTURI,544688,E,KASTURI METAL COMPOSITE LIMITE,KASTURI,2000,0.01,KASTURI
BSE,bse_cm,ARSIFHRG,544689,E,Bandhan Mutual Fund,ARSIFHRG,1,0.01,ARSIFHRG
BSE,bse_cm,ARSIFHRMD,544690,E,Bandhan Mutual Fund,ARSIFHRMD,1,0.01,ARSIFHRMD
BSE,bse_cm,ARSIFHDG,544691,E,Bandhan Mutual Fund,ARSIFHDG,1,0.01,ARSIFHDG
BSE,bse_cm,ARSIFHRHD,544692,E,Bandhan Mutual Fund,ARSIFHRHD,1,0.01,ARSIFHRHD
BSE,bse_cm,KANISHK,544693,E,KANISHK ALUMINIUM INDIA LIMITE,KANISHK,1600,0.01,KANISHK
BSE,bse_cm,ANL,544694,E,Accretion Nutraveda Limited,ANL,1000,0.05,ANL
BSE,bse_cm,MSAFE,544695,E,Msafe Equipments Limited,MSAFE,1000,0.05,MSAFE
BSE,bse_cm,ISIFHLSG,544696,E,ICICI Prudential Mutual Fund,ISIFHLSG,1,0.01,ISIFHLSG
BSE,bse_cm,ISIFHLSDG,544697,E,ICICI Prudential Mutual Fund,ISIFHLSDG,1,0.01,ISIFHLSDG
BSE,bse_cm,PANHR,544698,E,PAN HR SOLUTION LIMITED,PANHR,1600,0.01,PANHR
BSE,bse_cm,AYE,544699,E,Aye Finance Limited,AYE,1,0.05,AYE
BSE,bse_cm,FRACTAL,544700,E,Fractal Analytics Limited,FRACTAL,1,0.05,FRACTAL
BSE,bse_cm,HEALTHCARE,544701,E,Mirae Asset Mutual Fund,HEALTHCARE,1,0.01,HEALTHCARE
BSE,bse_cm,DCMSIL,544702,E,DCM SHRIRAM INTERNATIONAL LIMI,DCMSIL,1,0.01,DCMSIL
BSE,bse_cm,DSFCL,544703,E,DCM SHRIRAM FINE CHEMICALS LIM,DSFCL,1,0.01,DSFCL
BSE,bse_cm,INFRA,544704,E,Mirae Asset Mutual Fund,INFRA,1,0.01,INFRA
BSE,bse_cm,DEFENCE,544705,E,Mirae Asset Mutual Fund,DEFENCE,1,0.01,DEFENCE
BSE,bse_cm,ABSLMSCIN,544706,E,Aditya Birla Sun Life Mutual F,ABSLMSCIN,1,0.01,ABSLMSCIN
BSE,bse_cm,FIL,544707,E,Fractal Industries Limited,FIL,600,0.05,FIL
BSE,bse_cm,YASHHTEJ,544708,E,Yashhtej Industries (India) Li,YASHHTEJ,1200,0.01,YASHHTEJ
BSE,bse_cm,GAUDIUMIVF,544709,E,Gaudium IVF and Women Health L,GAUDIUMIVF,1,0.05,GAUDIUMIVF
BSE,bse_cm,ACCORDTS,544710,E,ACCORD TRANSFORMER & SWITCHGEA,ACCORDTS,3000,0.01,ACCORDTS
BSE,bse_cm,KIAASA,544711,E,KIAASA RETAIL LIMITED,KIAASA,1000,0.01,KIAASA
BSE,bse_cm,SRTL,544716,E,SHREE RAM TWISTEX LIMITED,SRTL,1,0.01,SRTL
BSE,bse_cm,CLEANMAX,544717,E,Clean Max Enviro Energy Soluti,CLEANMAX,1,0.05,CLEANMAX
BSE,bse_cm,PNGSREVA,544718,E,PNGS Reva Diamond Jewellery Li,PNGSREVA,1,0.05,PNGSREVA
BSE,bse_cm,ABSL10BANK,544719,E,Aditya Birla Sun Life Mutual F,ABSL10BANK,1,0.01,ABSL10BANK
BSE,bse_cm,OMNI,544720,E,Omnitech Engineering Limited,OMNI,1,0.05,OMNI
BSE,bse_cm,GROWWHOSPI,544721,E,Groww Mutual Fund,GROWWHOSPI,1,0.01,GROWWHOSPI
BSE,bse_cm,SBIMIDMOM,544722,E,SBI Mutual Fund,SBIMIDMOM,1,0.01,SBIMIDMOM
BSE,bse_cm,SEDEMAC,544723,E,SEDEMAC MECHATRONICS LIMITED,SEDEMAC,1,0.05,SEDEMAC
BSE,bse_cm,ELFIN,544724,E,Elfin Agro India Limited,ELFIN,3000,0.01,ELFIN
BSE,bse_cm,BANK10ADD,544725,E,DSP BSE Top 10 Banks ETF,BANK10ADD,1,0.01,BANK10ADD
BSE,bse_cm,KOTYARK,544726,E,Kotyark Industries Limited,KOTYARK,1,0.01,KOTYARK
BSE,bse_cm,RSL,544731,E,RAJPUTANA STAINLESS LIMITED,RSL,1,0.05,RSL
BSE,bse_cm,INNOVISION,544732,E,Innovision Limited,INNOVISION,1,0.05,INNOVISION
BSE,bse_cm,GSPCROP,544733,E,GSP CROP SCIENCE LIMITED,GSPCROP,1,0.05,GSPCROP
BSE,bse_cm,RIIT,544734,E,Raajmarg Infra Investment Trus,RIIT,1,0.01,RIIT
BSE,bse_cm,NOVUS,544735,E,Novus Loyalty Limited,NOVUS,1000,0.05,NOVUS
BSE,bse_cm,HSBCGOLD,544736,E,HSBC Mutual Fund,HSBCGOLD,1,0.01,HSBCGOLD
BSE,bse_cm,VALUE,544737,E,Mirae Asset Mutual Fund,VALUE,1,0.01,VALUE
BSE,bse_cm,SPML,544738,E,SPECIALITY MEDICINES LIMITED,SPML,1000,0.05,SPML
BSE,bse_cm,CMPDI,544739,E,Central Mine Planning & Design,CMPDI,1,0.05,CMPDI
BSE,bse_cm,TIPCO,544740,E,Tipco Engineering India Limite,TIPCO,1600,0.05,TIPCO
BSE,bse_cm,HIGHNESS,544741,E,Highness Microelectronics Limi,HIGHNESS,1200,0.05,HIGHNESS
BSE,bse_cm,SAIPARENT,544742,E,Sai Parenteral's Limited,SAIPARENT,1,0.05,SAIPARENT
BSE,bse_cm,AEROPLANE,544743,E,Amir Chand Jagdish Kumar (Expo,AEROPLANE,1,0.05,AEROPLANE
BSE,bse_cm,POWERICA,544744,E,Powerica Ltd.,POWERICA,1,0.05,POWERICA
BSE,bse_cm,SBINMID150,544745,E,SBI Mutual Fund,SBINMID150,1,0.01,SBINMID150
BSE,bse_cm,SCDL,544746,E,SAFETY CONTROLS & DEVICES LIMI,SCDL,1600,0.01,SCDL
BSE,bse_cm,EMIAC,544747,E,EMIAC TECHNOLOGIES LIMITED,EMIAC,1200,0.01,EMIAC
BSE,bse_cm,ONEPOINT,544748,E,ONE POINT ONE SOLUTIONS LIMITE,ONEPOINT,1,0.01,ONEPOINT
BSE,bse_cm,ARSIFHDAD,544749,E,Bandhan Mutual Fund,ARSIFHDAD,1,0.01,ARSIFHDAD
BSE,bse_cm,OMPOWER,544750,E,OM POWER TRANSMISSION LIMITED,OMPOWER,1,0.05,OMPOWER
BSE,bse_cm,MTL,544751,E,MEHUL TELECOM LIMITED,MTL,1200,0.01,MTL
BSE,bse_cm,PSCELESTIA,544752,E,PropShare Celestia,PSCELESTIA,1,0.01,PSCELESTIA
BSE,bse_cm,CITIUSINVT,544753,E,Citius TransNet Investment Tru,CITIUSINVT,1,0.01,CITIUSINVT
BSE,bse_cm,KISSHT,544754,E,OnEMI Technology Solutions Lim,KISSHT,1,0.05,KISSHT
BSE,bse_cm,RECODE,544755,E,RECODE STUDIOS LIMITED,RECODE,800,0.05,RECODE
BSE,bse_cm,UNITEDPOLY,544756,E,United Polyfab Gujarat Limited,UNITEDPOLY,1,0.01,UNITEDPOLY
BSE,bse_cm,BSHSL,544757,E,BOMBAY SUPER HYBRID SEEDS LIMI,BSHSL,1,0.01,BSHSL
BSE,bse_cm,BAGMANE,544758,E,Bagmane Prime Office REIT,BAGMANE,1,0.01,BAGMANE
BSE,bse_cm,GLPL,544759,E,GOLDLINE PHARMACEUTICAL LIMITE,GLPL,3000,0.01,GLPL
BSE,bse_cm,FMCGADD,544760,E,DSP Nifty FMCG ETF,FMCGADD,1,0.01,FMCGADD
BSE,bse_cm,ENEXT50,544761,E,Edelweiss Mutual Fund,ENEXT50,1,0.01,ENEXT50
BSE,bse_cm,SBIVALETF,544762,E,SBI Mutual Fund,SBIVALETF,1,0.01,SBIVALETF
BSE,bse_cm,SBISMLETF,544763,E,SBI Mutual Fund,SBISMLETF,1,0.01,SBISMLETF
BSE,bse_cm,MWL,544764,E,Mangalam Worldwide Limited,MWL,1,0.05,MWL
BSE,bse_cm,VPAL,544765,E,Vegorama Punjabi Angithi Limit,VPAL,1600,0.05,VPAL
BSE,bse_cm,MSCI360,544766,E,360 ONE Mutual Fund,MSCI360,1,0.01,MSCI360
BSE,bse_cm,AFLTD,544767,E,Autofurnish Limited,AFLTD,3000,0.01,AFLTD
BSE,bse_cm,MANIVENI,544768,E,M.R.MANIVENI FOODS LIMITED,MANIVENI,2000,0.01,MANIVENI
BSE,bse_cm,HARIKANTA,544769,E,HARIKANTA OVERSEAS LIMITED,HARIKANTA,1200,0.01,HARIKANTA
BSE,bse_cm,YAASHVI,544770,E,YAASHVI JEWELLERS LIMITED,YAASHVI,1600,0.05,YAASHVI
BSE,bse_cm,RFIL,544771,E,Rajnandini Fashion India Limit,RFIL,2000,0.01,RFIL
BSE,bse_cm,AUREATE,544772,E,AUREATE TRADDE LIMITED,AUREATE,2000,0.01,AUREATE
BSE,bse_cm,MRTX,544773,E,Merritronix Limited,MRTX,1000,0.05,MRTX
BSE,bse_cm,SMR,544774,E,SMR Jewels Limited,SMR,1000,0.05,SMR
BSE,bse_cm,ISIFAAFG,544775,E,ICICI Prudential Mutual Fund,ISIFAAFG,1,0.01,ISIFAAFG
BSE,bse_cm,ISIFAAFDG,544776,E,ICICI Prudential Mutual Fund,ISIFAAFDG,1,0.01,ISIFAAFDG
BSE,bse_cm,CMRGREEN,544777,E,CMR Green Technologies Limited,CMRGREEN,1,0.05,CMRGREEN
BSE,bse_cm,VAHH,544778,E,Vahh Chemicals Limited,VAHH,2000,0.01,VAHH
BSE,bse_cm,UHMVL,544779,E,UHM Vacation Limited,UHMVL,800,0.01,UHMVL
BSE,bse_cm,VAML,544780,E,Vedanta Aluminium Metal Limite,VAML,1,0.05,VAML
BSE,bse_cm,VEDPOWER,544781,E,Vedanta Power Limited,VEDPOWER,1,0.01,VEDPOWER
BSE,bse_cm,VOGL,544782,E,Vedanta Oil and Gas Limited,VOGL,1,0.01,VOGL
BSE,bse_cm,E2E,544783,E,E2E Networks Limited,E2E,1,0.05,E2E
BSE,bse_cm,VISL,544784,E,Vedanta Iron and Steel Limited,VISL,1,0.01,VISL
BSE,bse_cm,HEXAGON,544785,E,Hexagon Nutrition Limited,HEXAGON,1,0.01,HEXAGON
BSE,bse_cm,SELECTRIC,544786,E,Schneider Electric President S,SELECTRIC,1,0.05,SELECTRIC
BSE,bse_cm,PHLSRG,544787,E,Mirae Asset Mutual Fund,PHLSRG,1,0.01,PHLSRG
BSE,bse_cm,PHLSRDI,544788,E,Mirae Asset Mutual Fund,PHLSRDI,1,0.01,PHLSRDI
BSE,bse_cm,PHLSRDP,544789,E,Mirae Asset Mutual Fund,PHLSRDP,1,0.01,PHLSRDP
BSE,bse_cm,PHLSDG,544790,E,Mirae Asset Mutual Fund,PHLSDG,1,0.01,PHLSDG
BSE,bse_cm,PHLSDDI,544791,E,Mirae Asset Mutual Fund,PHLSDDI,1,0.01,PHLSDDI
BSE,bse_cm,PHLSDDP,544792,E,Mirae Asset Mutual Fund,PHLSDDP,1,0.01,PHLSDDP
BSE,bse_cm,SUSAN,544793,E,Susan Electricals India Limite,SUSAN,1000,0.05,SUSAN
BSE,bse_cm,HORIZON,544794,E,HORIZON RECLAIM (INDIA) LIMITE,HORIZON,1200,0.05,HORIZON
BSE,bse_cm,SMALLIETF,544795,E,ICICI Prudential Mutual Fund,SMALLIETF,1,0.01,SMALLIETF
BSE,bse_cm,LIOTECH,544796,E,LIOTECH INDUSTRIES LIMITED,LIOTECH,400,0.05,LIOTECH
BSE,bse_cm,LESL,544797,E,LEAPFROG ENGINEERING SERVICES ,LESL,6000,0.01,LESL
BSE,bse_cm,DIKSHA,544798,E,DIKSHA POLYMERS LIMITED,DIKSHA,1200,0.05,DIKSHA
BSE,bse_cm,TURTLEMINT,544799,E,Turtlemint Fintech Solutions L,TURTLEMINT,1,0.05,TURTLEMINT
BSE,bse_cm,ANUBHAV,544800,E,ANUBHAV PLAST LIMITED,ANUBHAV,1600,0.01,ANUBHAV
BSE,bse_cm,CORDELIA,544802,E,Waterways Leisure Tourism Limi,CORDELIA,1,0.05,CORDELIA
BSE,bse_cm,RAMBHAJO,544803,E,Advit Jewels Limited,RAMBHAJO,1,0.05,RAMBHAJO
BSE,bse_cm,RIYAASAT,544804,E,Riyaasat Lifestyle Limited,RIYAASAT,1200,0.05,RIYAASAT
BSE,bse_cm,JIVIAL,544805,E,Jivial Industries Limited,JIVIAL,600,0.05,JIVIAL
BSE,bse_cm,CSM,544806,E,CSM TECHNOLOGIES LIMITED,CSM,1,0.05,CSM
BSE,bse_cm,CRAZY,544807,E,CRAZY SNACKS LIMITED,CRAZY,3000,0.01,CRAZY
BSE,bse_cm,AASTHA,544808,E,AASTHA SPINTEX LIMITED,AASTHA,1,0.05,AASTHA
BSE,bse_cm,ADON,544809,E,ADON AGRO COMMODITIES LIMITED,ADON,2000,0.01,ADON
BSE,bse_cm,SILL,544810,E,Sampark India Logistics Limite,SILL,1600,0.01,SILL
BSE,bse_cm,KRATIKAL,544811,E,KRATIKAL TECH LIMITED,KRATIKAL,1000,0.05,KRATIKAL
BSE,bse_cm,ATHARVA,544812,E,Atharva Poly-Plast Limited,ATHARVA,2000,0.01,ATHARVA
BSE,bse_cm,SEEMAX,544813,E,Seemax Resources Limited,SEEMAX,1000,0.05,SEEMAX
BSE,bse_cm,KNACK,544814,E,KNACK PACKAGING LIMITED,KNACK,1,0.05,KNACK
BSE,bse_cm,INSIFHLSDG,544815,E,Kotak Mahindra Mutual Fund,INSIFHLSDG,1,0.01,INSIFHLSDG
BSE,bse_cm,INSIFHLSDR,544817,E,Kotak Mahindra Mutual Fund,INSIFHLSDR,1,0.01,INSIFHLSDR
BSE,bse_cm,INSIFHLSRG,544818,E,Kotak Mahindra Mutual Fund,INSIFHLSRG,1,0.01,INSIFHLSRG
BSE,bse_cm,INSIFHLSRD,544819,E,Kotak Mahindra Mutual Fund,INSIFHLSRD,1,0.01,INSIFHLSRD
BSE,bse_cm,INSIFHLSRR,544820,E,Kotak Mahindra Mutual Fund,INSIFHLSRR,1,0.01,INSIFHLSRR
BSE,bse_cm,KUSUMGAR,544821,E,Kusumgar Limited,KUSUMGAR,1,0.05,KUSUMGAR
BSE,bse_cm,LASERPOWER,544822,E,Laser Power & Infra Limited,LASERPOWER,1,0.05,LASERPOWER
BSE,bse_cm,DEVSON,544823,E,DEVSON CATALYST LIMITED,DEVSON,1200,0.05,DEVSON
BSE,bse_cm,ALPINETEX,544825,E,ALPINE TEXWORLD LIMITED,ALPINETEX,1,0.05,ALPINETEX
BSE,bse_cm,MILLWORKS,544826,E,MILLWORKS TECHNOLOGIES LIMITED,MILLWORKS,400,0.05,MILLWORKS
BSE,bse_cm,BANK10BETF,544827,E,Bajaj Finserv Mutual Fund,BANK10BETF,1,0.01,BANK10BETF
BSE,bse_cm,LIQUIDBETA,544828,E,UTI Mutual Fund,LIQUIDBETA,1,0.01,LIQUIDBETA
BSE,bse_cm,SBIFUNDS,544829,E,SBI Funds Management Limited,SBIFUNDS,1,0.05,SBIFUNDS
BSE,bse_cm,MOMMIDCAP,544830,E,Mirae Asset Mutual Fund,MOMMIDCAP,1,0.01,MOMMIDCAP
BSE,bse_cm,MEEIND,544831,E,MEENAKSHI INDIA LIMITED,MEEIND,1,0.01,MEEIND
BSE,bse_cm,SOTEFIN,544832,E,Sotefin Bharat Limited,SOTEFIN,600,0.05,SOTEFIN
BSE,bse_cm,CMLL,544833,E,CALIBER MINING AND LOGISTICS L,CMLL,1,0.05,CMLL
BSE,bse_cm,GULFLLOYDS,544834,E,GULF LLOYDS (INDIA) LIMITED,GULFLLOYDS,1200,0.01,GULFLLOYDS
BSE,bse_cm,MALA,544835,E,Shree Balaji (Mala) Textiles L,MALA,2000,0.01,MALA
BSE,bse_cm,INDOMIM,544837,E,INDO-MIM Limited,INDOMIM,1,0.05,INDOMIM
BSE,bse_cm,XTRANET,544838,E,XTRANET TECHNOLOGIES LIMITED,XTRANET,1,0.05,XTRANET
BSE,bse_cm,LCL,544839,E,Lohia Corp Limited,LCL,1,0.05,LCL
BSE,bse_cm,SSPRL,544840,E,SILVERSTORM PARKS AND RESORTS ,SSPRL,1000,0.05,SSPRL
BSE,bse_cm,HYBRIDETF,544841,E,Mirae Asset Mutual Fund,HYBRIDETF,1,0.01,HYBRIDETF
BSE,bse_cm,HDFCNIMEG,544842,E,HDFC Mutual Fund,HDFCNIMEG,1,0.01,HDFCNIMEG
BSE,bse_cm,SENSEXIETF,555555,E,ICICI Prudential BSE Sensex ET,SENSEXIETF,1,0.01,SENSEXIETF
BSE,bse_cm,FELDVR,570002,E,Future Enterprises Limited,FELDVR,1,0.01,FELDVR
BSE,bse_cm,JISLDVREQS,570004,E,JAIN IRRIGATION SYSTEMS LTD.,JISLDVREQS,1,0.01,JISLDVREQS
BSE,bse_cm,GATECHDVR,570005,E,GACM Technologies Limited - DV,GATECHDVR,1,0.01,GATECHDVR
BSE,bse_cm,KARURVYSYA,590003,E,KARUR VYSYA BANK LTD.,KARURVYSYA,1,0.05,KARURVYSYA
BSE,bse_cm,VEEDOL,590005,E,VEEDOL CORPORATION LIMITED,VEEDOL,1,0.05,VEEDOL
BSE,bse_cm,AMRUTANJAN,590006,E,AMRUTANJAN HEALTH CARE LTD.,AMRUTANJAN,1,0.05,AMRUTANJAN
BSE,bse_cm,XPROINDIA,590013,E,XPRO INDIA LTD.,XPROINDIA,1,0.05,XPROINDIA
BSE,bse_cm,HISARMETAL,590018,E,HISAR METAL INDUSTRIES LTD.,HISARMETAL,1,0.05,HISARMETAL
BSE,bse_cm,BHARATRAS,590021,E,BHARAT RASAYAN LTD.,BHARATRAS,1,0.05,BHARATRAS
BSE,bse_cm,EASTSILK,590022,E,EASTERN SILK INDUSTRIES LTD.,EASTSILK,1,0.01,EASTSILK
BSE,bse_cm,FACT,590024,E,FERTILIZERS & CHEMICALS TRAVAN,FACT,1,0.05,FACT
BSE,bse_cm,GINNIFILA,590025,E,GINNI FILAMENTS LTD.,GINNIFILA,1,0.01,GINNIFILA
BSE,bse_cm,SPIC,590030,E,SOUTHERN PETROCHEMICALS LTD.,SPIC,1,0.01,SPIC
BSE,bse_cm,DENORA,590031,E,DE NORA INDIA LTD.,DENORA,1,0.05,DENORA
BSE,bse_cm,KAVDEFENCE,590041,E,Kavveri Defence &amp; Wireless,KAVDEFENCE,1,0.01,KAVDEFENCE
BSE,bse_cm,SAKSOFT,590051,E,SAKSOFT LTD.,SAKSOFT,1,0.05,SAKSOFT
BSE,bse_cm,SALONA,590056,E,SALONA COTSPIN LTD.,SALONA,1,0.05,SALONA
BSE,bse_cm,EQUIPPP,590057,E,EQUIPPP SOCIAL IMPACT TECHNOLO,EQUIPPP,1,0.01,EQUIPPP
BSE,bse_cm,ANDHRSUGAR,590062,E,ANDHRA SUGARS LTD.,ANDHRSUGAR,1,0.01,ANDHRSUGAR
BSE,bse_cm,IMPAL,590065,E,INDIA MOTOR PARTS & ACCESSORIE,IMPAL,1,0.05,IMPAL
BSE,bse_cm,KCP,590066,E,K.C.P.LTD.,KCP,1,0.05,KCP
BSE,bse_cm,KHAITANLTD,590068,E,KHAITAN (INDIA) LTD.,KHAITANLTD,1,0.05,KHAITANLTD
BSE,bse_cm,RADAAN,590070,E,RADAAN MEDIAWORKS (I) LTD.,RADAAN,1,0.01,RADAAN
BSE,bse_cm,SUNDARMFIN,590071,E,SUNDARAM FINANCE LTD.,SUNDARMFIN,1,0.05,SUNDARMFIN
BSE,bse_cm,SUNDRMBRAK,590072,E,SUNDARAM BRAKE LININGS LTD.,SUNDRMBRAK,1,0.05,SUNDRMBRAK
BSE,bse_cm,WHEELS,590073,E,WHEELS INDIA LTD.,WHEELS,1,0.05,WHEELS
BSE,bse_cm,LAMBODHARA,590075,E,LAMBODHARA TEXTILES LTD.,LAMBODHARA,1,0.05,LAMBODHARA
BSE,bse_cm,MAITHANALL,590078,E,MAITHAN ALLOYS LTD.,MAITHANALL,1,0.05,MAITHANALL
BSE,bse_cm,ORISSAMINE,590086,E,ORISSA MINERALS DEVELOPMENT CO,ORISSAMINE,1,0.05,ORISSAMINE
BSE,bse_cm,GOLDBEES,590095,E,NIPPON INDIA ETF GOLD BEES,GOLDBEES,1,0.01,GOLDBEES
BSE,bse_cm,LIQUIDBEES,590096,E,NIPPON INDIA ETF LIQUID BEES,LIQUIDBEES,1,0.01,LIQUIDBEES
BSE,bse_cm,GOLD1,590097,E,KOTAK MAHINDRA MUTUAL FUND - K,GOLD1,1,0.01,GOLD1
BSE,bse_cm,SETFGOLD,590098,E,SBI MUTUAL FUND - SBI GOLD EXC,SETFGOLD,1,0.01,SETFGOLD
BSE,bse_cm,QGOLDHALF,590099,E,QUANTUM GOLD FUND - EXCHANGE T,QGOLDHALF,1,0.01,QGOLDHALF
BSE,bse_cm,GOLDBETA,590101,E,UTI MUTUAL FUND - UTI GOLD EXC,GOLDBETA,1,0.01,GOLDBETA
BSE,bse_cm,NIFTYBEES,590103,E,NIPPON INDIA ETF NIFTY BEES,NIFTYBEES,1,0.01,NIFTYBEES
BSE,bse_cm,JUNIORBEES,590104,E,NIPPON INDIA ETF JUNIOR BEES,JUNIORBEES,1,0.01,JUNIORBEES
BSE,bse_cm,BANKBEES,590106,E,NIPPON INDIA ETF BANK BEES,BANKBEES,1,0.01,BANKBEES
BSE,bse_cm,PSUBANK,590107,E,KOTAK MAHINDRA MUTUAL FUND - K,PSUBANK,1,0.01,PSUBANK
BSE,bse_cm,PSUBNKBEES,590108,E,NIPPON INDIA ETF PSU BANK BEES,PSUBNKBEES,1,0.01,PSUBNKBEES
BSE,bse_cm,SHARIABEES,590109,E,NIPPON INDIA ETF SHARIAH BEES,SHARIABEES,1,0.01,SHARIABEES
BSE,bse_cm,QNIFTY,590110,E,Quantum Nifty 50 ETF,QNIFTY,1,0.01,QNIFTY
BSE,bse_cm,HNGSNGBEES,590113,E,NIPPON INDIA ETF HANG SENG BEE,HNGSNGBEES,1,0.01,HNGSNGBEES
BSE,bse_cm,MOM50,590115,E,MOTILAL OSWAL MUTUAL FUND,MOM50,1,0.01,MOM50
BSE,bse_cm,MADRASFERT,590134,E,Madras Fertilizer Limited,MADRASFERT,1,0.01,MADRASFERT
BSE,bse_cm,BANKNIFTY1,590136,E,Kotak Mahindra Mutual Fund - P,BANKNIFTY1,1,0.01,BANKNIFTY1
BSE,bse_cm,SETFNIFBK,590137,E,SBI Mutual Fund-Permitted,SETFNIFBK,1,0.01,SETFNIFBK
BSE,bse_cm,SETFNIF50,590138,E,SBI Mutual Fund-Permitted,SETFNIF50,1,0.01,SETFNIF50
BSE,bse_cm,LIQUID1,590139,E,Kotak Mahindra Mutual Fund - P,LIQUID1,1,0.01,LIQUID1
BSE,bse_cm,TATAGOLD,590140,E,Tata Mutual Fund - Permitted,TATAGOLD,1,0.01,TATAGOLD
BSE,bse_cm,ITBEES,590141,E,Nippon India Mutual Fund - Per,ITBEES,1,0.01,ITBEES
BSE,bse_cm,PHARMABEES,590142,E,Nippon India Mutual Fund - Per,PHARMABEES,1,0.01,PHARMABEES
BSE,bse_cm,LTGILTBEES,590143,E,Nippon India Mutual Fund - Per,LTGILTBEES,1,0.01,LTGILTBEES
BSE,bse_cm,MID150BEES,590144,E,Nippon India Mutual Fund - Per,MID150BEES,1,0.01,MID150BEES
BSE,bse_cm,SILVERBEES,590145,E,Nippon India Mutual Fund - Per,SILVERBEES,1,0.01,SILVERBEES
BSE,bse_cm,MOGOLD,590146,E,Motilal Oswal Mutual Fund-Perm,MOGOLD,1,0.01,MOGOLD
BSE,bse_cm,MOSILVER,590147,E,Motilal Oswal Mutual Fund-Perm,MOSILVER,1,0.01,MOSILVER
BSE,bse_cm,MOSMALL250,590148,E,Motilal Oswal Mutual Fund-Perm,MOSMALL250,1,0.01,MOSMALL250
BSE,bse_cm,MOCAPITAL,590149,E,Motilal Oswal Mutual Fund-Perm,MOCAPITAL,1,0.01,MOCAPITAL
BSE,bse_cm,MOREALTY,590150,E,Motilal Oswal Mutual Fund-Perm,MOREALTY,1,0.01,MOREALTY
BSE,bse_cm,MOMENTUM50,590151,E,Motilal Oswal Mutual Fund-Perm,MOMENTUM50,1,0.01,MOMENTUM50
BSE,bse_cm,MODEFENCE,590152,E,Motilal Oswal Mutual Fund-Perm,MODEFENCE,1,0.01,MODEFENCE
BSE,bse_cm,MONIFTY500,590153,E,Motilal Oswal Mutual Fund-Perm,MONIFTY500,1,0.01,MONIFTY500
BSE,bse_cm,ALPHA,590154,E,Kotak Mahindra Mutual Fund - P,ALPHA,1,0.01,ALPHA
BSE,bse_cm,GROWWSLVR,590155,E,GROWW MUTUAL FUND  PERMITTED,GROWWSLVR,1,0.01,GROWWSLVR
BSE,bse_cm,GROWWGOLD,590156,E,GROWW MUTUAL FUND  PERMITTED,GROWWGOLD,1,0.01,GROWWGOLD
BSE,bse_cm,GROWWDEFNC,590157,E,GROWW MUTUAL FUND  PERMITTED,GROWWDEFNC,1,0.01,GROWWDEFNC
BSE,bse_cm,GROWWRAIL,590158,E,GROWW MUTUAL FUND  PERMITTED,GROWWRAIL,1,0.01,GROWWRAIL
BSE,bse_cm,GROWWLIQID,590159,E,GROWW MUTUAL FUND  PERMITTED,GROWWLIQID,1,0.01,GROWWLIQID
BSE,bse_cm,NETF,590160,E,Tata Mutual Fund - Permitted,NETF,1,0.01,NETF
BSE,bse_cm,TATSILV,590161,E,Tata Mutual Fund - Permitted,TATSILV,1,0.01,TATSILV
BSE,bse_cm,VALIANTOCPS,710057,E,Valiant Organics Limited,VALIANTOCPS,10000,0.01,VALIANTOCPS
BSE,bse_cm,1PSL35,715024,D,PSL-0.01%-12-10-35-PVTNCRPS,1PSL35,1,0.01,1PSL35
BSE,bse_cm,TVSMNCRPS,717506,E,TVS Motor Company Ltd.,TVSMNCRPS,1,0.01,TVSMNCRPS
BSE,bse_cm,MML13825,730012,D,MML-13-8-26-CP,MML13825,1,0.01,MML13825
BSE,bse_cm,MFL180825,730043,D,MFL-17-8-26-CP,MFL180825,1,0.01,MFL180825
BSE,bse_cm,NFL19825,730047,D,NFL-18-08-26-CP,NFL19825,1,0.01,NFL19825
BSE,bse_cm,BBTC100925,730192,D,BBTCL-10-8-26-CP,BBTC100925,1,0.01,BBTC100925
BSE,bse_cm,BBT100925,730195,D,BBTCL-10-9-26-CP,BBT100925,1,0.01,BBT100925
BSE,bse_cm,SCSI160925,730249,D,SCSIL-16-9-26-CP,SCSI160925,1,0.01,SCSI160925
BSE,bse_cm,IFPL180925,730264,D,IFPL-11-9-26-CP,IFPL180925,1,0.01,IFPL180925
BSE,bse_cm,MML23925,730297,D,MML-23-09-26-CP,MML23925,1,0.01,MML23925
BSE,bse_cm,BBTCL23925,730298,D,BBTCL-19-08-26-CP,BBTCL23925,1,0.01,BBTCL23925
BSE,bse_cm,MML081025,730366,D,MML-8-10-26-CP,MML081025,1,0.01,MML081025
BSE,bse_cm,KMPL161025,730400,D,KMPL-7-9-26-CP,KMPL161025,1,0.01,KMPL161025
BSE,bse_cm,NFL171025A,730420,D,NFL-16-10-26-CP,NFL171025A,1,0.01,NFL171025A
BSE,bse_cm,KMIL201025,730424,D,KMIL-14-9-26-CP,KMIL201025,1,0.01,KMIL201025
BSE,bse_cm,KMPL231025,730427,D,KMPL-28-8-26-CP,KMPL231025,1,0.01,KMPL231025
BSE,bse_cm,MFL311025,730478,D,MFL-16-9-26-CP,MFL311025,1,0.01,MFL311025
BSE,bse_cm,MFL031125,730479,D,MFL-25-09-26-CP,MFL031125,1,0.01,MFL031125
BSE,bse_cm,360OP31125,730481,D,360OPL-29-10-26-CP,360OP31125,1,0.01,360OP31125
BSE,bse_cm,360O031125,730482,D,360OPL-15-10-26-CP,360O031125,1,0.01,360O031125
BSE,bse_cm,360P031125,730483,D,360OPPL-05-10-26-CP,360P031125,1,0.01,360P031125
BSE,bse_cm,OWL031125,730486,D,OWL-15-9-26-CP,OWL031125,1,0.01,OWL031125
BSE,bse_cm,OWL031125A,730489,D,OWL-2-9-26-CP,OWL031125A,1,0.01,OWL031125A
BSE,bse_cm,BFL41125,730501,D,BFL-04-11-26-CP,BFL41125,1,0.01,BFL41125
BSE,bse_cm,MFL041125,730503,D,MFL-03-11-26-CP,MFL041125,1,0.01,MFL041125
BSE,bse_cm,NWML71125,730511,D,NWML-11-09-26-CP,NWML71125,1,0.01,NWML71125
BSE,bse_cm,BFL61125,730512,D,BFL-6-11-26-CP,BFL61125,1,0.01,BFL61125
BSE,bse_cm,MFL061125,730514,D,MFL-15-9-26,MFL061125,1,0.01,MFL061125
BSE,bse_cm,MFL101125,730534,D,MFL-30-1-26-CP,MFL101125,1,0.01,MFL101125
BSE,bse_cm,AEL111125,730536,D,AEL-11-11-26-CP,AEL111125,1,0.01,AEL111125
BSE,bse_cm,ECL111125,730538,D,ECL-10-08-26-CP,ECL111125,1,0.01,ECL111125
BSE,bse_cm,MFL121125,730547,D,MFL-21-09-26-CP,MFL121125,1,0.01,MFL121125
BSE,bse_cm,TBBT121125,730548,D,TBBT-12-11-26-CP,TBBT121125,1,0.01,TBBT121125
BSE,bse_cm,BFL121125,730557,D,BFL-12-11-26-CP,BFL121125,1,0.01,BFL121125
BSE,bse_cm,SCC141125,730568,D,SCC-10-9-26-CP,SCC141125,1,0.01,SCC141125
BSE,bse_cm,SCCL181125,730590,D,SCCL-4-9-26-CP,SCCL181125,1,0.01,SCCL181125
BSE,bse_cm,IFPL181125,730600,D,IFPL-17-11-26-CP,IFPL181125,1,0.01,IFPL181125
BSE,bse_cm,MFL191125,730601,D,MFL-04-11-26-CP,MFL191125,1,0.01,MFL191125
BSE,bse_cm,MML201125,730612,D,MML-20-11-26-CP,MML201125,1,0.01,MML201125
BSE,bse_cm,KMPL211125,730616,D,KMPL-7-10-26-CP,KMPL211125,1,0.01,KMPL211125
BSE,bse_cm,SCCL211125,730623,D,SCCL-23-9-26-CP,SCCL211125,1,0.01,SCCL211125
BSE,bse_cm,SCN211125,730634,D,SCN-20-11-26-CP,SCN211125,1,0.01,SCN211125
BSE,bse_cm,NCS211125,730635,D,NCSL-21-10-26-CP,NCS211125,1,0.01,NCS211125
BSE,bse_cm,MFL261125,730662,D,MFL-26-11-26-CP,MFL261125,1,0.01,MFL261125
BSE,bse_cm,AEL281125,730679,D,AEL-27-11-26-CP,AEL281125,1,0.01,AEL281125
BSE,bse_cm,JBC031225,730692,D,JBC-30-11-26-CP,JBC031225,1,0.01,JBC031225
BSE,bse_cm,MFL031225,730695,D,MFL-3-12-26-CP,MFL031225,1,0.01,MFL031225
BSE,bse_cm,MFL031225B,730701,D,MFL-2-12-26-CP,MFL031225B,1,0.01,MFL031225B
BSE,bse_cm,IFPL041225,730706,D,IFPL-30-11-26-CP,IFPL041225,1,0.01,IFPL041225
BSE,bse_cm,KMPL101225,730738,D,KMPL-24-11-26-CP,KMPL101225,1,0.01,KMPL101225
BSE,bse_cm,KMP101225,730739,D,KMPL-9-12-26-CP,KMP101225,1,0.01,KMP101225
BSE,bse_cm,MRHF121225,730753,D,MRHF-11-12-26-CP,MRHF121225,1,0.01,MRHF121225
BSE,bse_cm,SCSL121225,730758,D,SCSL-11-12-26-CP,SCSL121225,1,0.01,SCSL121225
BSE,bse_cm,KMIL151225,730772,D,KMIL-11-12-26-CP,KMIL151225,1,0.01,KMIL151225
BSE,bse_cm,IFP151225,730777,D,IFPL-14-12-26-CP,IFP151225,1,0.01,IFP151225
BSE,bse_cm,AFL171225,730797,D,AFL-23-10-26-CP,AFL171225,1,0.01,AFL171225
BSE,bse_cm,MFL181225,730812,D,MFL-16-12-26-CP,MFL181225,1,0.01,MFL181225
BSE,bse_cm,IFPL191225,730827,D,IFPL-12-11-26-CP,IFPL191225,1,0.01,IFPL191225
BSE,bse_cm,LFL301225,730883,D,LFL-30-12-26-CP,LFL301225,1,0.01,LFL301225
BSE,bse_cm,BHFL1126,730886,D,BHFL-01-01-27-CP,BHFL1126,1,0.01,BHFL1126
BSE,bse_cm,360OAA2126,730887,D,360OAAML-05-10-26-CP,360OAA2126,1,0.01,360OAA2126
BSE,bse_cm,KMPL070126,730894,D,KMPL-5-1-27-CP,KMPL070126,1,0.01,KMPL070126
BSE,bse_cm,JBCIPL7126,730895,D,JBCIPL-07-01-27-CP,JBCIPL7126,1,0.01,JBCIPL7126
BSE,bse_cm,JBC90126,730904,D,JBC-8-1-27-CP,JBC90126,1,0.01,JBC90126
BSE,bse_cm,BGHPL9126,730905,D,BGHPL-08-01-27-CP,BGHPL9126,1,0.01,BGHPL9126
BSE,bse_cm,IHPL090126,730906,D,IHPL-8-1-27-CP,IHPL090126,1,0.01,IHPL090126
BSE,bse_cm,NFL140126,730924,D,NFL-12-10-26-CP,NFL140126,1,0.01,NFL140126
BSE,bse_cm,KMPL16126,730925,D,KMPL-15-1-27-CP,KMPL16126,1,0.01,KMPL16126
BSE,bse_cm,THDC16126,730932,D,THDCL-15-01-27-CP,THDC16126,1,0.01,THDC16126
BSE,bse_cm,OPL190126,730937,D,OPL-18-1-27-CP,OPL190126,1,0.01,OPL190126
BSE,bse_cm,JBCIP20126,730939,D,JBCIPL-19-01-27-CP,JBCIP20126,1,0.01,JBCIP20126
BSE,bse_cm,IFPL190126,730940,D,IFPL-18-1-27-CP,IFPL190126,1,0.01,IFPL190126
BSE,bse_cm,MFL190126,730941,D,MFL-18-01-27-CP,MFL190126,1,0.01,MFL190126
BSE,bse_cm,OAAM20126,730942,D,OAAML-19-1-27-CP,OAAM20126,1,0.01,OAAM20126
BSE,bse_cm,BGHP210126,730944,D,BGHPL-21-1-27-CP,BGHP210126,1,0.01,BGHP210126
BSE,bse_cm,NWAL200126,730947,D,NWAL-20-1-27-CP,NWAL200126,1,0.01,NWAL200126
BSE,bse_cm,OPL200126,730948,D,OPL-19-1-27-CP,OPL200126,1,0.01,OPL200126
BSE,bse_cm,360OA21126,730949,D,360OAAML-20-01-27-PVT,360OA21126,1,0.01,360OA21126
BSE,bse_cm,AEL210126,730950,D,AEL-25-8-26-CP,AEL210126,1,0.01,AEL210126
BSE,bse_cm,MFL220126,730956,D,MFL-21-1-27-CP,MFL220126,1,0.01,MFL220126
BSE,bse_cm,OWL220126,730957,D,OWL-21-1-27-CP,OWL220126,1,0.01,OWL220126
BSE,bse_cm,KSL220126,730958,D,KSL-21-10-26-CP,KSL220126,1,0.01,KSL220126
BSE,bse_cm,BGHP230126,730961,D,BGHPL-22-1-27-CP,BGHP230126,1,0.01,BGHP230126
BSE,bse_cm,BGH230126,730962,D,BGHPL-6-1-27-CP,BGH230126,1,0.01,BGH230126
BSE,bse_cm,BGHPL27126,730965,D,BGHPL-27-01-27-CP,BGHPL27126,1,0.01,BGHPL27126
BSE,bse_cm,JBCL270126,730968,D,JBCL-27-1-27-CP,JBCL270126,1,0.01,JBCL270126
BSE,bse_cm,MRHF27126,730970,D,MRHFL-27-01-27-CP,MRHF27126,1,0.01,MRHF27126
BSE,bse_cm,NWFL27126,730971,D,NWFL-27-01-27-CP,NWFL27126,1,0.01,NWFL27126
BSE,bse_cm,TTL28126,730972,D,TTL-25-08-26-CP,TTL28126,1,0.01,TTL28126
BSE,bse_cm,OPL270126,730973,D,OPL-25-1-27-CP,OPL270126,1,0.01,OPL270126
BSE,bse_cm,NWL270126A,730976,D,NWL-27-1-27-CP,NWL270126A,1,0.01,NWL270126A
BSE,bse_cm,OWL270126,730978,D,OWL-25-1-27-CP,OWL270126,1,0.01,OWL270126
BSE,bse_cm,BHFL270126,730979,D,BHFL-27-1-27-CP,BHFL270126,1,0.01,BHFL270126
BSE,bse_cm,PFL28126,730983,D,PFL-28-10-27-CP,PFL28126,1,0.01,PFL28126
BSE,bse_cm,PIICL30126,730988,D,PIICL-29-01-27-CP,PIICL30126,1,0.01,PIICL30126
BSE,bse_cm,KMPL30126,730991,D,KMPL-9-11-26-CP,KMPL30126,1,0.01,KMPL30126
BSE,bse_cm,TRIL30126,730997,D,TRIL-29-1-27-CP,TRIL30126,1,0.01,TRIL30126
BSE,bse_cm,BGHPL02226,731000,D,BGHPL-2-2-27-CP,BGHPL02226,1,0.01,BGHPL02226
BSE,bse_cm,PFL020226,731005,D,PFL-2-2-27-CP,PFL020226,1,0.01,PFL020226
BSE,bse_cm,BFL030226,731006,D,BFL-3-2-27-CP,BFL030226,1,0.01,BFL030226
BSE,bse_cm,NWF030226,731009,D,NWFL-3-2-27-CP,NWF030226,1,0.01,NWF030226
BSE,bse_cm,BFL040226,731012,D,BFL-4-2-27-CP,BFL040226,1,0.01,BFL040226
BSE,bse_cm,BGHP50226,731013,D,BGHPL-4-2-27-CP,BGHP50226,1,0.01,BGHP50226
BSE,bse_cm,NWML040226,731015,D,NWML-4-2-27-CP,NWML040226,1,0.01,NWML040226
BSE,bse_cm,ECLF40226,731017,D,ECLFL-4-8-26-CP,ECLF40226,1,0.01,ECLF40226
BSE,bse_cm,IFPL040226,731018,D,IFPL-3-2-27-CP,IFPL040226,1,0.01,IFPL040226
BSE,bse_cm,IFP040226,731020,D,IFP-1-2-27-CP,IFP040226,1,0.01,IFP040226
BSE,bse_cm,BHFL040226,731021,D,BHFL-4-2-27-CP,BHFL040226,1,0.01,BHFL040226
BSE,bse_cm,SCSL050226,731022,D,SCSL-5-2-27-CP,SCSL050226,1,0.01,SCSL050226
BSE,bse_cm,BGHP60226,731025,D,BGHPL-5-2-27-CP,BGHP60226,1,0.01,BGHP60226
BSE,bse_cm,PIICL6226,731026,D,PIICL-5-2-27-CP,PIICL6226,1,0.01,PIICL6226
BSE,bse_cm,OAAML60226,731034,D,OAAML-6-8-26-CP,OAAML60226,1,0.01,OAAML60226
BSE,bse_cm,OPL60226,731036,D,OPL-5-2-27-CP,OPL60226,1,0.01,OPL60226
BSE,bse_cm,OWL060226,731038,D,360OWL-5-2-27-CP,OWL060226,1,0.01,OWL060226
BSE,bse_cm,NWFL060226,731039,D,NWFL-5-2-27-CP,NWFL060226,1,0.01,NWFL060226
BSE,bse_cm,KMPL09226,731042,D,KMPL-05-02-27-CP,KMPL09226,1,0.01,KMPL09226
BSE,bse_cm,MFL06226,731043,D,MFL-05-02-27-CP,MFL06226,1,0.01,MFL06226
BSE,bse_cm,MFL060226,731045,D,MFL-04-02-27-CP,MFL060226,1,0.01,MFL060226
BSE,bse_cm,SCSIL9226,731049,D,SCSIPL-07-08-26-CP,SCSIL9226,1,0.01,SCSIL9226
BSE,bse_cm,BGHPL10226,731051,D,BGHPL-10-02-27-CP,BGHPL10226,1,0.01,BGHPL10226
BSE,bse_cm,BGHP11226,731055,D,BGHPL-11-2-27-CP,BGHP11226,1,0.01,BGHP11226
BSE,bse_cm,OAAM10226,731056,D,OAAML-9-2-27-CP,OAAM10226,1,0.01,OAAM10226
BSE,bse_cm,NWIL10226,731057,D,NWIL-5-2-27-CP,NWIL10226,1,0.01,NWIL10226
BSE,bse_cm,OWL100226,731064,D,360OWL-9-2-27-CP,OWL100226,1,0.01,OWL100226
BSE,bse_cm,360OP10226,731068,D,360OPL-09-02-27-CP,360OP10226,1,0.01,360OP10226
BSE,bse_cm,ECLF10226,731070,D,ECL-10-02-27-CP,ECLF10226,1,0.01,ECLF10226
BSE,bse_cm,AKCS110226,731074,D,AKCSL-20-8-26-CP,AKCS110226,1,0.01,AKCS110226
BSE,bse_cm,JSWEL12229,731075,D,JSWEL-10-09-26-CP,JSWEL12229,1,0.01,JSWEL12229
BSE,bse_cm,VCL120226,731076,D,VCL-10-8-26-CP,VCL120226,1,0.01,VCL120226
BSE,bse_cm,VCL120226A,731077,D,VCL-14-8-26-CP,VCL120226A,1,0.01,VCL120226A
BSE,bse_cm,VCL120226B,731078,D,VCL-6-11-26-CP,VCL120226B,1,0.01,VCL120226B
BSE,bse_cm,TTL130226,731080,D,TTL-14-8-26-CP,TTL130226,1,0.01,TTL130226
BSE,bse_cm,AFL120226,731091,D,AFL-12-02-27-CP,AFL120226,1,0.01,AFL120226
BSE,bse_cm,IFPL13226,731097,D,IFPL-12-02-27-CP,IFPL13226,1,0.01,IFPL13226
BSE,bse_cm,OPL160226,731107,D,360OPL-15-2-27-CP,OPL160226,1,0.01,OPL160226
BSE,bse_cm,ABHF160226,731110,D,ABHF-16-2-27-CP,ABHF160226,1,0.01,ABHF160226
BSE,bse_cm,KSL170226,731125,D,KSL-17-8-26-CP,KSL170226,1,0.01,KSL170226
BSE,bse_cm,AAML180226,731129,D,AAML-19-8-26-CP,AAML180226,1,0.01,AAML180226
BSE,bse_cm,OAAM180226,731131,D,OAAM-17-2-27-CP,OAAM180226,1,0.01,OAAM180226
BSE,bse_cm,OAAM18226,731132,D,OAAM-18-8-26-CP,OAAM18226,1,0.01,OAAM18226
BSE,bse_cm,MAFS180226,731137,D,MAFS-18-2-27-CP,MAFS180226,1,0.01,MAFS180226
BSE,bse_cm,GHFL180226,731138,D,GHFL-18-2-27-CP,GHFL180226,1,0.01,GHFL180226
BSE,bse_cm,GFL180226,731142,D,GFL-18-2-27-CP,GFL180226,1,0.01,GFL180226
BSE,bse_cm,VCL18226,731144,D,VCL-21-08-26-CP,VCL18226,1,0.01,VCL18226
BSE,bse_cm,PILANI INVE,731146,D,PIAICL-18-02-27-CP,PILANI INVE,1,0.01,PILANI INVE
BSE,bse_cm,IHPL200226,731149,D,IHPL-18-2-27-CP,IHPL200226,1,0.01,IHPL200226
BSE,bse_cm,FFSL20226,731156,D,FFSL-18-02-27-CP,FFSL20226,1,0.01,FFSL20226
BSE,bse_cm,JEL230226,731162,D,JSWEL-18-12-26-CP,JEL230226,1,0.01,JEL230226
BSE,bse_cm,OPL20226,731164,D,OPL-18-2-27-CP,OPL20226,1,0.01,OPL20226
BSE,bse_cm,BHFL23226,731167,D,BHFL-23-2-27-CP,BHFL23226,1,0.01,BHFL23226
BSE,bse_cm,BGHP240226,731168,D,BGHP-24-2-27-CP,BGHP240226,1,0.01,BGHP240226
BSE,bse_cm,OPL230226,731175,D,OPL-22-2-27-CP,OPL230226,1,0.01,OPL230226
BSE,bse_cm,GHF240226,731177,D,GHFL-24-02-27-CP,GHF240226,1,0.01,GHF240226
BSE,bse_cm,IFPL240226,731179,D,IFPL-23-2-27-CP,IFPL240226,1,0.01,IFPL240226
BSE,bse_cm,GHFL25226,731181,D,GHFL-25-2-27-CP,GHFL25226,1,0.01,GHFL25226
BSE,bse_cm,ABHF240226,731187,D,ABHFL-23-2-27-CP,ABHF240226,1,0.01,ABHF240226
BSE,bse_cm,MFL25226,731190,D,MFL-24-2-27-CP,MFL25226,1,0.01,MFL25226
BSE,bse_cm,VCL250226,731192,D,VCL-24-8-26-CP,VCL250226,1,0.01,VCL250226
BSE,bse_cm,AFL250226,731193,D,AFL-21-9-26-CP,AFL250226,1,0.01,AFL250226
BSE,bse_cm,AFL250226A,731194,D,AFL-25-1-27-CP,AFL250226A,1,0.01,AFL250226A
BSE,bse_cm,360OA25226,731196,D,360OAAML-26-08-26-CP,360OA25226,1,0.01,360OA25226
BSE,bse_cm,GICHF26226,731198,D,GICHFL-26-02-27-CP,GICHF26226,1,0.01,GICHF26226
BSE,bse_cm,FFSL250226,731200,D,FFSL-25-2-27-CP,FFSL250226,1,0.01,FFSL250226
BSE,bse_cm,FFS250226,731201,D,FFSL-22-2-27-CP,FFS250226,1,0.01,FFS250226
BSE,bse_cm,OPL260226,731206,D,360OPL-25-2-27-CP,OPL260226,1,0.01,OPL260226
BSE,bse_cm,NFL26226,731207,D,NFL-25-8-26-CP,NFL26226,1,0.01,NFL26226
BSE,bse_cm,NWML27226,731212,D,NWML-26-2-27-CP,NWML27226,1,0.01,NWML27226
BSE,bse_cm,HHFL270226,731213,D,HHFL-26-8-26-CP,HHFL270226,1,0.01,HHFL270226
BSE,bse_cm,IFSL270226,731215,D,IFSL-26-8-26-CP,IFSL270226,1,0.01,IFSL270226
BSE,bse_cm,AFL270226,731216,D,AFL-29-1-27-CP,AFL270226,1,0.01,AFL270226
BSE,bse_cm,FFSL270226,731223,D,FFSL-29-1-27-CP,FFSL270226,1,0.01,FFSL270226
BSE,bse_cm,CFSL2326,731224,D,CFSL-01-03-27-CP,CFSL2326,1,0.01,CFSL2326
BSE,bse_cm,NFL2326,731226,D,NFL-31-08-26-CP,NFL2326,1,0.01,NFL2326
BSE,bse_cm,FFSL020326,731228,D,FFSL-2-3-27-CP,FFSL020326,1,0.01,FFSL020326
BSE,bse_cm,ABHL020326,731230,D,ABHL-2-3-27-CP,ABHL020326,1,0.01,ABHL020326
BSE,bse_cm,BGHP40326,731232,D,BGHPL-4-3-27-CP,BGHP40326,1,0.01,BGHP40326
BSE,bse_cm,MFL20326,731236,D,MFL-26-02-27-CP,MFL20326,1,0.01,MFL20326
BSE,bse_cm,IFPL2326,731237,D,IFPL-01-03-27-CP,IFPL2326,1,0.01,IFPL2326
BSE,bse_cm,FFSL020326A,731242,D,FFSL-22-1-27-CP,FFSL020326A,1,0.01,FFSL020326A
BSE,bse_cm,NFL050326,731254,D,NFL-1-9-26-CP,NFL050326,1,0.01,NFL050326
BSE,bse_cm,CGCL06326,731256,D,CGCL-07-09-26-CP,CGCL06326,1,0.01,CGCL06326
BSE,bse_cm,MAFS050326,731258,D,MAFS-5-3-27-CP,MAFS050326,1,0.01,MAFS050326
BSE,bse_cm,NWIL050326,731259,D,NWIL-3-3-27-CP,NWIL050326,1,0.01,NWIL050326
BSE,bse_cm,CFSL5326,731261,D,CFSL-04-03-27-CP,CFSL5326,1,0.01,CFSL5326
BSE,bse_cm,FFSL6326,731265,D,FFSL-05-03-27-CP,FFSL6326,1,0.01,FFSL6326
BSE,bse_cm,ABHF090326,731272,D,ABHFL-4-3-27-CP,ABHF090326,1,0.01,ABHF090326
BSE,bse_cm,DFPL90326,731275,D,DFPL-9-3-27-CP,DFPL90326,1,0.01,DFPL90326
BSE,bse_cm,KMPL10326,731277,D,KMPL-5-3-27-CP,KMPL10326,1,0.01,KMPL10326
BSE,bse_cm,SCSL090326,731278,D,SCSL-8-3-27-CP,SCSL090326,1,0.01,SCSL090326
BSE,bse_cm,OAAM090326,731283,D,OAAM-7-9-26-CP,OAAM090326,1,0.01,OAAM090326
BSE,bse_cm,NWML090326,731285,D,NWML-8-3-27-CP,NWML090326,1,0.01,NWML090326
BSE,bse_cm,IFPL09326,731287,D,IFPL-08-03-27-CP,IFPL09326,1,0.01,IFPL09326
BSE,bse_cm,NACL11326,731298,D,NACL-7-9-26-CP,NACL11326,1,0.01,NACL11326
BSE,bse_cm,BGHP11326,731299,D,BGHPL-11-3-27-CP,BGHP11326,1,0.01,BGHP11326
BSE,bse_cm,PIIC110326,731301,D,PIICL-11-3-27-CP,PIIC110326,1,0.01,PIIC110326
BSE,bse_cm,IHPL11326,731305,D,IHPL-8-3-27-CP,IHPL11326,1,0.01,IHPL11326
BSE,bse_cm,ABHFL11326,731306,D,ABHFL-09-03-27-CP,ABHFL11326,1,0.01,ABHFL11326
BSE,bse_cm,IHPL120326,731310,D,IHPL-12-3-27-CP,IHPL120326,1,0.01,IHPL120326
BSE,bse_cm,IHPL12326,731312,D,IHPL-11-3-27-CP,IHPL12326,1,0.01,IHPL12326
BSE,bse_cm,PIICL12326,731313,D,PIICL-12-3-27-CP,PIICL12326,1,0.01,PIICL12326
BSE,bse_cm,360OA11326,731317,D,360OAAML-08-09-26-CP,360OA11326,1,0.01,360OA11326
BSE,bse_cm,FFSL12326,731320,D,FFSL-28-1-27-CP,FFSL12326,1,0.01,FFSL12326
BSE,bse_cm,OPL120326,731322,D,OPL-11-3-27-CP,OPL120326,1,0.01,OPL120326
BSE,bse_cm,BGHPL12326,731325,D,BGHPL-12-03-27-CP,BGHPL12326,1,0.01,BGHPL12326
BSE,bse_cm,BHFL120326,731327,D,BHFL-12-3-27-CP,BHFL120326,1,0.01,BHFL120326
BSE,bse_cm,DFPL130326,731332,D,DFPL-12-3-27-CP,DFPL130326,1,0.01,DFPL130326
BSE,bse_cm,EOPR13326,731343,D,EOPR-12-3-27-CP,EOPR13326,1,0.01,EOPR13326
BSE,bse_cm,MFL13326,731347,D,MFL-12-3-27-CP,MFL13326,1,0.01,MFL13326
BSE,bse_cm,MSFL13326,731351,D,MSFL-12-3-27-CP,MSFL13326,1,0.01,MSFL13326
BSE,bse_cm,AFL160326,731353,D,AFL-26-02-27-CP,AFL160326,1,0.01,AFL160326
BSE,bse_cm,MRHFL17326,731354,D,MRHFL-17-03-27-CP,MRHFL17326,1,0.01,MRHFL17326
BSE,bse_cm,CGCL17326,731356,D,CGCL-17-9-26-CP,CGCL17326,1,0.01,CGCL17326
BSE,bse_cm,OAML170326,731361,D,OAML-15-9-26-CP,OAML170326,1,0.01,OAML170326
BSE,bse_cm,CGCL18326,731362,D,CGCL-11-9-26-CP,CGCL18326,1,0.01,CGCL18326
BSE,bse_cm,VCL18326,731363,D,VCL-16-9-26-CP,VCL18326,1,0.01,VCL18326
BSE,bse_cm,MAFS18326,731371,D,MAFS-18-3-27-CP,MAFS18326,1,0.01,MAFS18326
BSE,bse_cm,GHFL20326,731377,D,GHFL-19-03-27-CP,GHFL20326,1,0.01,GHFL20326
BSE,bse_cm,CGCL20326,731379,D,CGCL-18-12-26-CP,CGCL20326,1,0.01,CGCL20326
BSE,bse_cm,JBCIP23326,731386,D,JBCIPL-26-02-27-CP,JBCIP23326,1,0.01,JBCIP23326
BSE,bse_cm,JCL20326,731390,D,JCL-19-3-27-CP,JCL20326,1,0.01,JCL20326
BSE,bse_cm,GHFL230326,731391,D,GHFL-23-3-27-CP,GHFL230326,1,0.01,GHFL230326
BSE,bse_cm,360O24326,731402,D,360OAAML-22-09-26-CP,360O24326,1,0.01,360O24326
BSE,bse_cm,IFPL24326A,731406,D,IFPL-23-3-27-CP,IFPL24326A,1,0.01,IFPL24326A
BSE,bse_cm,CGCL25326,731407,D,CGCL-05-10-26-CP,CGCL25326,1,0.01,CGCL25326
BSE,bse_cm,IFSL2403226,731408,D,IFSL-23-3-27-CP,IFSL2403226,1,0.01,IFSL2403226
BSE,bse_cm,AKCS25326,731414,D,AKCSL-15-10-26-CP,AKCS25326,1,0.01,AKCS25326
BSE,bse_cm,JCL270326,731418,D,JCL-12-3-27-CP,JCL270326,1,0.01,JCL270326
BSE,bse_cm,NFL30326,731421,D,NFL-29-09-26-CP,NFL30326,1,0.01,NFL30326
BSE,bse_cm,BHFL30326,731423,D,BHFL-10-3-27-CP,BHFL30326,1,0.01,BHFL30326
BSE,bse_cm,IFSL300326,731424,D,IFSL-29-9-26-CP,IFSL300326,1,0.01,IFSL300326
BSE,bse_cm,IFSL30326,731425,D,IFSL-15-10-26-CP,IFSL30326,1,0.01,IFSL30326
BSE,bse_cm,SCSL020426,731427,D,SCSL-2-4-27-CP,SCSL020426,1,0.01,SCSL020426
BSE,bse_cm,TTL60426,731428,D,TTL-5-10-26-CP,TTL60426,1,0.01,TTL60426
BSE,bse_cm,PDL2426,731429,D,PDL-29-09-26-CP,PDL2426,1,0.01,PDL2426
BSE,bse_cm,EFL070426,731432,D,EFL-7-10-26-CP,EFL070426,1,0.01,EFL070426
BSE,bse_cm,KMPL8426,731433,D,KMPL-24-03-27-CP,KMPL8426,1,0.01,KMPL8426
BSE,bse_cm,PDL80426,731434,D,PDL-8-10-26-CP,PDL80426,1,0.01,PDL80426
BSE,bse_cm,IFSL090426,731442,D,IFSL-30-9-26-CP,IFSL090426,1,0.01,IFSL090426
BSE,bse_cm,UCL9426,731443,D,UCL-09-10-26-CP,UCL9426,1,0.01,UCL9426
BSE,bse_cm,TTL100426,731444,D,TTL-09-04-27-CP,TTL100426,1,0.01,TTL100426
BSE,bse_cm,CGCL10426,731451,D,CGCL-13-10-26-CP,CGCL10426,1,0.01,CGCL10426
BSE,bse_cm,AKCS100426,731454,D,AKCS-5-3-27-CP,AKCS100426,1,0.01,AKCS100426
BSE,bse_cm,PDL100426,731455,D,PDL-30-9-26-CP,PDL100426,1,0.01,PDL100426
BSE,bse_cm,CGCL130426,731458,D,CGCL-12-10-26-CP,CGCL130426,1,0.01,CGCL130426
BSE,bse_cm,TTL13426,731459,D,TTL-25-3-27-CP,TTL13426,1,0.01,TTL13426
BSE,bse_cm,TTL15426,731464,D,TTL-19-3-27-CP,TTL15426,1,0.01,TTL15426
BSE,bse_cm,EOPR100426,731468,D,EOPR-23-3-27-CP,EOPR100426,1,0.01,EOPR100426
BSE,bse_cm,EOPR104026,731469,D,EOPR-18-3-27-CP,EOPR104026,1,0.01,EOPR104026
BSE,bse_cm,TFL150426,731475,D,TFL-15-3-27-CP,TFL150426,1,0.01,TFL150426
BSE,bse_cm,DSPFP15426,731477,D,DSPFPL-02-09-26-CP,DSPFP15426,1,0.01,DSPFP15426
BSE,bse_cm,KMPL16426,731479,D,KMPL-16-10-26-CP,KMPL16426,1,0.01,KMPL16426
BSE,bse_cm,KMPL160426,731480,D,KMPL-28-10-26-CP,KMPL160426,1,0.01,KMPL160426
BSE,bse_cm,CGCL160426,731483,D,CGCL-13-11-26-CP,CGCL160426,1,0.01,CGCL160426
BSE,bse_cm,AEL17426,731494,D,AEL-15-10-26-CP,AEL17426,1,0.01,AEL17426
BSE,bse_cm,TTL200426,731496,D,TTL-19-10-26-CP,TTL200426,1,0.01,TTL200426
BSE,bse_cm,CGCL20426,731500,D,CGCL-20-10-26-CP,CGCL20426,1,0.01,CGCL20426
BSE,bse_cm,MML20426,731509,D,MML-16-10-26-CP,MML20426,1,0.01,MML20426
BSE,bse_cm,CFSL200426,731512,D,CFSL-12-3-27-CP,CFSL200426,1,0.01,CFSL200426
BSE,bse_cm,NFL200426,731514,D,NFL-19-10-26-CP,NFL200426,1,0.01,NFL200426
BSE,bse_cm,NFL204026,731516,D,NFL-21-8-26-CP,NFL204026,1,0.01,NFL204026
BSE,bse_cm,OPAL220426,731524,D,OPAL-25-9-26-CP,OPAL220426,1,0.01,OPAL220426
BSE,bse_cm,DFPL220426,731527,D,DFPL-8-3-27-CP,DFPL220426,1,0.01,DFPL220426
BSE,bse_cm,CGCL23426,731528,D,CGCL-04-08-26-CP,CGCL23426,1,0.01,CGCL23426
BSE,bse_cm,BL224026,731530,D,BL-13-8-26-CP,BL224026,1,0.01,BL224026
BSE,bse_cm,NCSL22426,731532,D,NCSL-22-10-26-CP,NCSL22426,1,0.01,NCSL22426
BSE,bse_cm,IFSL23426,731534,D,IFSL-23-10-26-CP,IFSL23426,1,0.01,IFSL23426
BSE,bse_cm,DFPL230426,731538,D,DFPL-19-3-27-CP,DFPL230426,1,0.01,DFPL230426
BSE,bse_cm,NFL23426,731541,D,NFL-22-10-26-CP,NFL23426,1,0.01,NFL23426
BSE,bse_cm,BFL230426,731543,D,BFL-9-3-27-CP,BFL230426,1,0.01,BFL230426
BSE,bse_cm,BFL230426A,731544,D,BFL-19-3-27-CP,BFL230426A,1,0.01,BFL230426A
BSE,bse_cm,BFL23426,731545,D,BFL-15-3-27-CP,BFL23426,1,0.01,BFL23426
BSE,bse_cm,TTL240426,731547,D,TTL-23-10-26-CP,TTL240426,1,0.01,TTL240426
BSE,bse_cm,MBPR240426,731549,D,MBPR-5-2-27-CP,MBPR240426,1,0.01,MBPR240426
BSE,bse_cm,IFSL240426,731550,D,IFSL-26-10-26-CP,IFSL240426,1,0.01,IFSL240426
BSE,bse_cm,NFL240426,731552,D,NFL-23-10-26-CP,NFL240426,1,0.01,NFL240426
BSE,bse_cm,NFL270426,731554,D,NFL-26-10-26-CP,NFL270426,1,0.01,NFL270426
BSE,bse_cm,UGC270426,731558,D,UGL-23-10-26-CP,UGC270426,1,0.01,UGC270426
BSE,bse_cm,MSFL280426,731560,D,MSFL-23-10-26-CP,MSFL280426,1,0.01,MSFL280426
BSE,bse_cm,SCSL280426,731563,D,SCSL-28-10-26-CP,SCSL280426,1,0.01,SCSL280426
BSE,bse_cm,MFL280426,731566,D,MFL-17-9-26-CP,MFL280426,1,0.01,MFL280426
BSE,bse_cm,TTL290426,731567,D,TTL-29-10-26-CP,TTL290426,1,0.01,TTL290426
BSE,bse_cm,DAL300426,731576,D,DAL-27-10-26-CP,DAL300426,1,0.01,DAL300426
BSE,bse_cm,DAL30426,731577,D,DAL-28-04-27-CP,DAL30426,1,0.01,DAL30426
BSE,bse_cm,DAL300426A,731580,D,DAL-30-4-27-CP,DAL300426A,1,0.01,DAL300426A
BSE,bse_cm,MBPR300426,731581,D,MBPR-15-9-26-CP,MBPR300426,1,0.01,MBPR300426
BSE,bse_cm,IFPL4526,731584,D,IFPL-15-10-26-CP,IFPL4526,1,0.01,IFPL4526
BSE,bse_cm,N18MIL5526,731585,D,N18MIL-04-08-26-CP,N18MIL5526,1,0.01,N18MIL5526
BSE,bse_cm,DFPL040526,731586,D,DFPL-18-9-26-CP,DFPL040526,1,0.01,DFPL040526
BSE,bse_cm,MAFS050526,731587,D,MAFS-4-8-26-CP,MAFS050526,1,0.01,MAFS050526
BSE,bse_cm,N18MIL6526,731588,D,N18MIL-05-08-26-CP,N18MIL6526,1,0.01,N18MIL6526
BSE,bse_cm,BHFL50526,731589,D,BHFL-4-8-26-CP,BHFL50526,1,0.01,BHFL50526
BSE,bse_cm,NWIL50526,731590,D,NWIL-4-8-26-CP,NWIL50526,1,0.01,NWIL50526
BSE,bse_cm,NBFFI05526,731591,D,NBFFI-4-8-26-CP,NBFFI05526,1,0.01,NBFFI05526
BSE,bse_cm,360OAA05526,731592,D,360OAA-4-8-26-CP,360OAA05526,1,0.01,360OAA05526
BSE,bse_cm,DAL05526,731593,D,DAL-3-11-26-CP,DAL05526,1,0.01,DAL05526
BSE,bse_cm,IFPL06526,731594,D,IFPL-26-10-26-CP,IFPL06526,1,0.01,IFPL06526
BSE,bse_cm,NWFL6526,731595,D,NWFL-23-09-26-CP,NWFL6526,1,0.01,NWFL6526
BSE,bse_cm,360OAA6526,731596,D,360OAAML-05-08-26-CP,360OAA6526,1,0.01,360OAA6526
BSE,bse_cm,TRIL6526,731597,D,TRIL-05-08-26-CP,TRIL6526,1,0.01,TRIL6526
BSE,bse_cm,NCSL060526,731599,D,NCSL-5-8-26-CP,NCSL060526,1,0.01,NCSL060526
BSE,bse_cm,NCSL06526,731600,D,NCSL-23-9-26-CP,NCSL06526,1,0.01,NCSL06526
BSE,bse_cm,DFPL060526,731601,D,DFPL-5-8-26-CP,DFPL060526,1,0.01,DFPL060526
BSE,bse_cm,BFL60526,731603,D,BFL-5-8-26-CP,BFL60526,1,0.01,BFL60526
BSE,bse_cm,NWIL60526,731604,D,NWIL-24-9-26-CP,NWIL60526,1,0.01,NWIL60526
BSE,bse_cm,AEL60526,731605,D,AEL-5-8-26-CP,AEL60526,1,0.01,AEL60526
BSE,bse_cm,OPL60526,731606,D,OPL-4-8-26-CP,OPL60526,1,0.01,OPL60526
BSE,bse_cm,FFSL60526,731607,D,FFSL-5-8-26-CP,FFSL60526,1,0.01,FFSL60526
BSE,bse_cm,IHFCL7526,731608,D,IHFCL-06-08-26-CP,IHFCL7526,1,0.01,IHFCL7526
BSE,bse_cm,KMPL070526,731609,D,KMPL-20-11-26-CP,KMPL070526,1,0.01,KMPL070526
BSE,bse_cm,DFPL070526,731610,D,DFPL-6-8-26-CP,DFPL070526,1,0.01,DFPL070526
BSE,bse_cm,ABHFL07526,731611,D,ABHFL-6-8-26-CP,ABHFL07526,1,0.01,ABHFL07526
BSE,bse_cm,NCSL70526,731612,D,NCSL-6-8-26-CP,NCSL70526,1,0.01,NCSL70526
BSE,bse_cm,FFSL70526,731613,D,FFSL-6-8-26-CP,FFSL70526,1,0.01,FFSL70526
BSE,bse_cm,UCL070526,731614,D,UCL-03-11-26-CP,UCL070526,1,0.01,UCL070526
BSE,bse_cm,SBFCF7526,731615,D,SBFCFL-24-09-26-CP,SBFCF7526,1,0.01,SBFCF7526
BSE,bse_cm,GIL080526,731616,D,GIL-6-8-26-CP,GIL080526,1,0.01,GIL080526
BSE,bse_cm,KMPL80526,731617,D,KMPL-4-12-26-CP,KMPL80526,1,0.01,KMPL80526
BSE,bse_cm,NFL7526,731618,D,NFL-06-08-26-CP,NFL7526,1,0.01,NFL7526
BSE,bse_cm,BFL7526,731619,D,BFL-07-05-27-CP,BFL7526,1,0.01,BFL7526
BSE,bse_cm,TPCL080526,731620,D,TPCL-6-8-26-CP,TPCL080526,1,0.01,TPCL080526
BSE,bse_cm,BFL07526,731621,D,BFL-06-08-26-CP,BFL07526,1,0.01,BFL07526
BSE,bse_cm,360OAA8526,731622,D,360OAAML-4-11-26-CP,360OAA8526,1,0.01,360OAA8526
BSE,bse_cm,MAFS8526,731623,D,MAFSPL-7-8-26-CP,MAFS8526,1,0.01,MAFS8526
BSE,bse_cm,PDL080526,731624,D,PDL-4-11-26-CP,PDL080526,1,0.01,PDL080526
BSE,bse_cm,360OPL8526,731626,D,360OPL-19-08-26-CP,360OPL8526,1,0.01,360OPL8526
BSE,bse_cm,360OP8526,731627,D,360OPL-17-08-26-CP,360OP8526,1,0.01,360OP8526
BSE,bse_cm,ABREL11526,731628,D,ABREL-07-08-26-CP,ABREL11526,1,0.01,ABREL11526
BSE,bse_cm,MRHFL08526,731630,D,MRHFL-6-11-26-CP,MRHFL08526,1,0.01,MRHFL08526
BSE,bse_cm,CFHL080526,731631,D,CFHL-7-8-26-CP,CFHL080526,1,0.01,CFHL080526
BSE,bse_cm,KMPL110526,731632,D,KMPL-5-4-27-CP,KMPL110526,1,0.01,KMPL110526
BSE,bse_cm,GHFL080526,731633,D,GHFL-7-8-26-CP,GHFL080526,1,0.01,GHFL080526
BSE,bse_cm,BFL110526,731634,D,BFL-10-8-26-CP,BFL110526,1,0.01,BFL110526
BSE,bse_cm,ABHFL11526,731635,D,ABHFL-10-8-26-CP,ABHFL11526,1,0.01,ABHFL11526
BSE,bse_cm,DAL110526,731636,D,DAL-29-03-27-CP,DAL110526,1,0.01,DAL110526
BSE,bse_cm,DAL11526,731637,D,DAL-06-11-26-CP,DAL11526,1,0.01,DAL11526
BSE,bse_cm,IFPL110526,731638,D,IFPL-10-8-26-CP,IFPL110526,1,0.01,IFPL110526
BSE,bse_cm,NMIL120526,731639,D,NMIL-11-8-26-CP,NMIL120526,1,0.01,NMIL120526
BSE,bse_cm,APSEZ11526,731640,D,APSEZ-10-8-26-CP,APSEZ11526,1,0.01,APSEZ11526
BSE,bse_cm,ONGCPA12526,731641,D,ONGCPAL-10-08-26-CP,ONGCPA12526,1,0.01,ONGCPA12526
BSE,bse_cm,DFPL12526,731642,D,DFPL-11-8-26-CP,DFPL12526,1,0.01,DFPL12526
BSE,bse_cm,KRT12526,731643,D,DFPL-11-8-26-CP,KRT12526,1,0.01,KRT12526
BSE,bse_cm,JBCPL12526,731644,D,JBCPL-11-8-26-CP,JBCPL12526,1,0.01,JBCPL12526
BSE,bse_cm,CGCL13526,731645,D,CGCL-12-8-26-CP,CGCL13526,1,0.01,CGCL13526
BSE,bse_cm,NMIL130526,731646,D,NMIL-12-8-26-CP,NMIL130526,1,0.01,NMIL130526
BSE,bse_cm,EFL120526,731647,D,EFL-12-8-26-CP,EFL120526,1,0.01,EFL120526
BSE,bse_cm,UCL12526,731648,D,UCL-12-11-26-CP,UCL12526,1,0.01,UCL12526
BSE,bse_cm,OAAM120526,731649,D,OAAML-11-8-26-CP,OAAM120526,1,0.01,OAAM120526
BSE,bse_cm,OAAM12526,731650,D,OAAML-9-11-26-CP,OAAM12526,1,0.01,OAAM12526
BSE,bse_cm,BFL12526,731651,D,BFL-11-08-26-CP,BFL12526,1,0.01,BFL12526
BSE,bse_cm,IHFCL13526,731652,D,IHFCL-12-08-26-CP,IHFCL13526,1,0.01,IHFCL13526
BSE,bse_cm,360OA13526,731653,D,360OA-12-8-26-CP,360OA13526,1,0.01,360OA13526
BSE,bse_cm,TTL14526,731654,D,TTL-13-8-26-CP,TTL14526,1,0.01,TTL14526
BSE,bse_cm,BFL13526,731655,D,BFL-12-8-26-CP,BFL13526,1,0.01,BFL13526
BSE,bse_cm,APSEZ13526,731656,D,APSEZ-12-8-26-CP,APSEZ13526,1,0.01,APSEZ13526
BSE,bse_cm,APSZ13526A,731657,D,APSEZ-17-8-26-CP,APSZ13526A,1,0.01,APSZ13526A
BSE,bse_cm,OPL13526,731658,D,OPL-11-8-26-CP,OPL13526,1,0.01,OPL13526
BSE,bse_cm,NWIL13526,731659,D,NWIL-13-08-26-CP,NWIL13526,1,0.01,NWIL13526
BSE,bse_cm,AIL140526,731660,D,AIL-12-8-26-CP,AIL140526,1,0.01,AIL140526
BSE,bse_cm,THDC13526,731661,D,THDCL-12-08-26-CP,THDC13526,1,0.01,THDC13526
BSE,bse_cm,OWL130526,731662,D,OWL-11-8-26-CP,OWL130526,1,0.01,OWL130526
BSE,bse_cm,JBCIP14526,731663,D,JBCIPL-13-08-26-CP,JBCIP14526,1,0.01,JBCIP14526
BSE,bse_cm,OWL13526,731664,D,OWL-12-8-26-CP,OWL13526,1,0.01,OWL13526
BSE,bse_cm,NMIL140526,731665,D,NMIL-13-8-26-CP,NMIL140526,1,0.01,NMIL140526
BSE,bse_cm,SPTL14526,731666,D,SPTL-13-08-26-CP,SPTL14526,1,0.01,SPTL14526
BSE,bse_cm,BFSL130526,731667,D,BFSL-15-10-26-CP,BFSL130526,1,0.01,BFSL130526
BSE,bse_cm,BFSL13526,731668,D,BFSL-12-8-26-CP,BFSL13526,1,0.01,BFSL13526
BSE,bse_cm,NWFL14526,731669,D,NWFL-13-08-26-CP,NWFL14526,1,0.01,NWFL14526
BSE,bse_cm,MACMI14526,731671,D,MACMIPL-13-08-26-,MACMI14526,1,0.01,MACMI14526
BSE,bse_cm,BFL14526,731672,D,BFL-13-08-26-CP,BFL14526,1,0.01,BFL14526
BSE,bse_cm,DFPL140526,731673,D,DFPL-13-8-26-CP,DFPL140526,1,0.01,DFPL140526
BSE,bse_cm,AEL140526,731674,D,AEL-15-9-26-CP,AEL140526,1,0.01,AEL140526
BSE,bse_cm,JBC15526,731675,D,JBC-14-8-26-CP,JBC15526,1,0.01,JBC15526
BSE,bse_cm,FFSL14526,731676,D,FFSL-13-10-26-CP,FFSL14526,1,0.01,FFSL14526
BSE,bse_cm,N18MI15526,731677,D,N18MIL-14-08-26-CP,N18MI15526,1,0.01,N18MI15526
BSE,bse_cm,BFSL14526,731679,D,BFSL-13-08-26-CP,BFSL14526,1,0.01,BFSL14526
BSE,bse_cm,360OW15526,731680,D,360OW-21-9-26-CP,360OW15526,1,0.01,360OW15526
BSE,bse_cm,BFSL150526,731682,D,BFSL-14-8-26-CP,BFSL150526,1,0.01,BFSL150526
BSE,bse_cm,MFL150526,731683,D,MFL-14-8-26-CP,MFL150526,1,0.01,MFL150526
BSE,bse_cm,FFSL15526,731684,D,FFSL-12-10-26-CP,FFSL15526,1,0.01,FFSL15526
BSE,bse_cm,BFL150526,731685,D,BFL-14-8-26-CP,BFL150526,1,0.01,BFL150526
BSE,bse_cm,AFL150526,731686,D,AFL-11-8-26-CP,AFL150526,1,0.01,AFL150526
BSE,bse_cm,IHPL180526,731687,D,IHPL-17-8-26-CP,IHPL180526,1,0.01,IHPL180526
BSE,bse_cm,DFPL150526,731688,D,DFPL-14-8-26-CP,DFPL150526,1,0.01,DFPL150526
BSE,bse_cm,NFL18526,731689,D,NFL-13-11-26-CP,NFL18526,1,0.01,NFL18526
BSE,bse_cm,IFPL18526,731691,D,IFPL-17-08-26-CP,IFPL18526,1,0.01,IFPL18526
BSE,bse_cm,360OA18526,731692,D,360OA-16-11-26-CP,360OA18526,1,0.01,360OA18526
BSE,bse_cm,DAL180526,731693,D,DAL-16-11-26-CP,DAL180526,1,0.01,DAL180526
BSE,bse_cm,GHFL19526,731694,D,GHFL-18-08-26-CP,GHFL19526,1,0.01,GHFL19526
BSE,bse_cm,APSEZ19526,731695,D,APSEZ-18-8-26-CP,APSEZ19526,1,0.01,APSEZ19526
BSE,bse_cm,FFSL19526,731696,D,FFSL-16-11-26-CP,FFSL19526,1,0.01,FFSL19526
BSE,bse_cm,JUPP19526,731698,D,JUPP-18-8-26-CP,JUPP19526,1,0.01,JUPP19526
BSE,bse_cm,DFPL19526,731699,D,DFPL-17-8-26-CP,DFPL19526,1,0.01,DFPL19526
BSE,bse_cm,DFPL190526,731700,D,DFPL-18-8-26-CP,DFPL190526,1,0.01,DFPL190526
BSE,bse_cm,MML190526,731701,D,MML-17-11-26-CP,MML190526,1,0.01,MML190526
BSE,bse_cm,IFSL190526,731702,D,IFSL-16-11-26-CP,IFSL190526,1,0.01,IFSL190526
BSE,bse_cm,BFSL19526,731703,D,BFSL-19-08-26-CP,BFSL19526,1,0.01,BFSL19526
BSE,bse_cm,BFSL190526,731704,D,BFSL-18-08-26-CP,BFSL190526,1,0.01,BFSL190526
BSE,bse_cm,KFL200526,731705,D,KFL-17-11-26-CP,KFL200526,1,0.01,KFL200526
BSE,bse_cm,BGHPL20526,731706,D,BGHPL-19-8-26-CP,BGHPL20526,1,0.01,BGHPL20526
BSE,bse_cm,IHFC200526,731707,D,IHFCL-19-8-26-CP,IHFC200526,1,0.01,IHFC200526
BSE,bse_cm,TPCL200526,731708,D,TPCL-18-8-26-CP,TPCL200526,1,0.01,TPCL200526
BSE,bse_cm,ABREL19526,731709,D,ABREL-18-08-26-CP,ABREL19526,1,0.01,ABREL19526
BSE,bse_cm,JBCPL20526,731710,D,JBCPL-19-8-26-CP,JBCPL20526,1,0.01,JBCPL20526
BSE,bse_cm,IGHHP20526,731711,D,IGHPL-19-08-26-CP,IGHHP20526,1,0.01,IGHHP20526
BSE,bse_cm,360OP20526,731712,D,360OP-18-8-26-CP,360OP20526,1,0.01,360OP20526
BSE,bse_cm,DFPL200526,731713,D,DFPL-19-8-26-CP,DFPL200526,1,0.01,DFPL200526
BSE,bse_cm,PFL200526,731714,D,PFL-19-8-26-CP,PFL200526,1,0.01,PFL200526
BSE,bse_cm,360OA20526,731715,D,360OAAML-15-02-27-CP,360OA20526,1,0.01,360OA20526
BSE,bse_cm,GHFL21526,731716,D,GHFL-19-8-26-CP,GHFL21526,1,0.01,GHFL21526
BSE,bse_cm,NWFL21526,731717,D,NWFL-20-8-26-CP,NWFL21526,1,0.01,NWFL21526
BSE,bse_cm,NWIL210526,731718,D,NWIL-20-8-26-CP,NWIL210526,1,0.01,NWIL210526
BSE,bse_cm,IFSL21526,731719,D,IFSL-20-11-26-CP,IFSL21526,1,0.01,IFSL21526
BSE,bse_cm,BFSL21526,731720,D,BFSL-21-8-26-CP,BFSL21526,1,0.01,BFSL21526
BSE,bse_cm,MAFSP21526,731721,D,MAFSIPL-20-08-26-CP,MAFSP21526,1,0.01,MAFSP21526
BSE,bse_cm,360OA21526,731722,D,360OA-17-11-26-CP,360OA21526,1,0.01,360OA21526
BSE,bse_cm,360OP21526,731723,D,360OPL-20-08-26-CP,360OP21526,1,0.01,360OP21526
BSE,bse_cm,NWML21526,731725,D,NWML-20-08-26-CP,NWML21526,1,0.01,NWML21526
BSE,bse_cm,IGHHP22526,731726,D,IGHHPL-21-08-26-CP,IGHHP22526,1,0.01,IGHHP22526
BSE,bse_cm,BGHPL22526,731727,D,BGHPL-18-11-26-CP,BGHPL22526,1,0.01,BGHPL22526
BSE,bse_cm,BGHP22526,731728,D,BGHPL-21-08-26-CP,BGHP22526,1,0.01,BGHP22526
BSE,bse_cm,JBCIP22526,731729,D,JBCIPL-27-08-26-CP,JBCIP22526,1,0.01,JBCIP22526
BSE,bse_cm,CFHL22526,731730,D,CFHL-21-8-26-CP,CFHL22526,1,0.01,CFHL22526
BSE,bse_cm,GHFL25526,731732,D,GHFL-24-8-26-CP,GHFL25526,1,0.01,GHFL25526
BSE,bse_cm,SSL220526,731734,D,SSL-21-8-26-CP,SSL220526,1,0.01,SSL220526
BSE,bse_cm,SL220526,731735,D,SL-21-8-26-CP,SL220526,1,0.01,SL220526
BSE,bse_cm,AIL250526,731736,D,AIL-21-8-26-CP,AIL250526,1,0.01,AIL250526
BSE,bse_cm,SCCL250526,731737,D,SCCL-23-11-26-CP,SCCL250526,1,0.01,SCCL250526
BSE,bse_cm,MFL22526,731738,D,MFL-21-08-26-CP,MFL22526,1,0.01,MFL22526
BSE,bse_cm,360OP25526,731739,D,360OPL-24-08-26-CP,360OP25526,1,0.01,360OP25526
BSE,bse_cm,SSL250526,731742,D,SSL-24-8-26-CP,SSL250526,1,0.01,SSL250526
BSE,bse_cm,CFHL250526,731743,D,CFHL-24-8-26-CP,CFHL250526,1,0.01,CFHL250526
BSE,bse_cm,PIICL26526,731744,D,PIICL-25-08-26-CP,PIICL26526,1,0.01,PIICL26526
BSE,bse_cm,OAAM250526,731745,D,OAAML-24-8-26-CP,OAAM250526,1,0.01,OAAM250526
BSE,bse_cm,JBCPL26526,731746,D,JBCPL-9-10-26-CP,JBCPL26526,1,0.01,JBCPL26526
BSE,bse_cm,THDC26526,731747,D,THDCL-25-8-26-CP,THDC26526,1,0.01,THDC26526
BSE,bse_cm,MML26526,731748,D,MML-26-11-26-CP,MML26526,1,0.01,MML26526
BSE,bse_cm,SBICA26526,731750,D,SBICAPSL-25-08-26-CP,SBICA26526,1,0.01,SBICA26526
BSE,bse_cm,PFL26526,731751,D,PFL-25-08-26-CP,PFL26526,1,0.01,PFL26526
BSE,bse_cm,TPCL27526,731752,D,TPCL-24-8-26-CP,TPCL27526,1,0.01,TPCL27526
BSE,bse_cm,TRIL26527,731753,D,TRIL-25-08-26-CP,TRIL26527,1,0.01,TRIL26527
BSE,bse_cm,IHPL270526,731754,D,IHPL-25-8-26-CP,IHPL270526,1,0.01,IHPL270526
BSE,bse_cm,SL260526,731755,D,SL-25-8-26-CP,SL260526,1,0.01,SL260526
BSE,bse_cm,NFL260526,731756,D,NFL-26-11-26-CP,NFL260526,1,0.01,NFL260526
BSE,bse_cm,360OA26526,731757,D,360OA-18-2-27-CP,360OA26526,1,0.01,360OA26526
BSE,bse_cm,EFL260526,731758,D,EFL-26-11-26-CP,EFL260526,1,0.01,EFL260526
BSE,bse_cm,OAAML26526,731759,D,OAAML-23-11-27-CP,OAAML26526,1,0.01,OAAML26526
BSE,bse_cm,VCLM26526,731762,D,VCLMP-26-11-26-CP,VCLM26526,1,0.01,VCLM26526
BSE,bse_cm,NWFL270526,731764,D,NWFL--24-8-26-CP,NWFL270526,1,0.01,NWFL270526
BSE,bse_cm,BFL27526,731765,D,BFL-27-5-27-CP,BFL27526,1,0.01,BFL27526
BSE,bse_cm,GICHF27526,731766,D,GICHFL-25-08-26-CP,GICHF27526,1,0.01,GICHF27526
BSE,bse_cm,NWIL27526,731767,D,NWIL-24-8-26-CP,NWIL27526,1,0.01,NWIL27526
BSE,bse_cm,IHPL29526,731768,D,IHPL-28-8-26-CP,IHPL29526,1,0.01,IHPL29526
BSE,bse_cm,BGHPL29526,731770,D,BGHPL-28-08-26-CP,BGHPL29526,1,0.01,BGHPL29526
BSE,bse_cm,JBCIP29526,731771,D,JBCIPL-28-08-26-CP,JBCIP29526,1,0.01,JBCIP29526
BSE,bse_cm,VIT29526,731772,D,VIT-28-8-26-CP,VIT29526,1,0.01,VIT29526
BSE,bse_cm,VIT290526,731773,D,VIT-27-8-26-CP,VIT290526,1,0.01,VIT290526
BSE,bse_cm,TSL29526,731774,D,TSL-27-8-26-CP,TSL29526,1,0.01,TSL29526
BSE,bse_cm,SSL29526,731775,D,SSL-28-8-26-CP,SSL29526,1,0.01,SSL29526
BSE,bse_cm,JBC10626,731776,D,JBC-31-8-26-CP,JBC10626,1,0.01,JBC10626
BSE,bse_cm,IFPL29526,731777,D,IFPL-28-08-26-CP,IFPL29526,1,0.01,IFPL29526
BSE,bse_cm,NMIL010626,731778,D,NMIL-31-8-26-CP,NMIL010626,1,0.01,NMIL010626
BSE,bse_cm,FFSL290526,731779,D,FFSL-28-8-26-CP,FFSL290526,1,0.01,FFSL290526
BSE,bse_cm,PIICL1626,731781,D,PIICL-31-8-26-CP,PIICL1626,1,0.01,PIICL1626
BSE,bse_cm,HHFL29526,731782,D,HHFL-25-11-26-CP,HHFL29526,1,0.01,HHFL29526
BSE,bse_cm,IGHHPL1626,731783,D,IGHHPL-31-08-26-CP,IGHHPL1626,1,0.01,IGHHPL1626
BSE,bse_cm,IKFFL29526,731784,D,IKFFL-28-09-26-CP,IKFFL29526,1,0.01,IKFFL29526
BSE,bse_cm,OAAM010626,731785,D,OAAM-27-11-26-CP,OAAM010626,1,0.01,OAAM010626
BSE,bse_cm,NFL010626,731786,D,NFL-29-3-27-CP,NFL010626,1,0.01,NFL010626
BSE,bse_cm,GICHF10626,731787,D,GICHFL-31-8-26-CP,GICHF10626,1,0.01,GICHF10626
BSE,bse_cm,BHFL10626,731788,D,BHFL-28-8-26-CP,BHFL10626,1,0.01,BHFL10626
BSE,bse_cm,IHPL020626,731789,D,IHPL-1-9-26-CP,IHPL020626,1,0.01,IHPL020626
BSE,bse_cm,MFL01626,731790,D,MFL-31-08-26-CP,MFL01626,1,0.01,MFL01626
BSE,bse_cm,TRIL01626,731791,D,TRIL-31-08-26-CP,TRIL01626,1,0.01,TRIL01626
BSE,bse_cm,AFL1626,731792,D,AFL-18-09-26-CP,AFL1626,1,0.01,AFL1626
BSE,bse_cm,SL030626,731794,D,SL-2-9-26-CP,SL030626,1,0.01,SL030626
BSE,bse_cm,JBCI030626,731795,D,JBCI-2-9-26-CP,JBCI030626,1,0.01,JBCI030626
BSE,bse_cm,IHFCL030626,731796,D,IHFCL-2-9-26-CP,IHFCL030626,1,0.01,IHFCL030626
BSE,bse_cm,N18MIL3626,731797,D,N18MIL-02-09-26-CP,N18MIL3626,1,0.01,N18MIL3626
BSE,bse_cm,BFL2626,731798,D,BFL-01-09-26-CP,BFL2626,1,0.01,BFL2626
BSE,bse_cm,MFL030626,731800,D,MFL-02-09-26-CP,MFL030626,1,0.01,MFL030626
BSE,bse_cm,OAAM030626,731801,D,OAAM-2-9-26-CP,OAAM030626,1,0.01,OAAM030626
BSE,bse_cm,BGHPL4626,731802,D,BGHPL-03-09-26-CP,BGHPL4626,1,0.01,BGHPL4626
BSE,bse_cm,BFL30626,731804,D,BFL-3-6-27-CP,BFL30626,1,0.01,BFL30626
BSE,bse_cm,BFL030626,731805,D,BFL-2-9-26-CP,BFL030626,1,0.01,BFL030626
BSE,bse_cm,FFSL30626,731806,D,FFSL-2-9-26-CP,FFSL30626,1,0.01,FFSL30626
BSE,bse_cm,IT030626,731807,D,IT-2-9-26-CP,IT030626,1,0.01,IT030626
BSE,bse_cm,N18MIL4626,731808,D,N18MIL-03-09-26-CP,N18MIL4626,1,0.01,N18MIL4626
BSE,bse_cm,IHPL040626,731809,D,IHPL-3-9-26-CP,IHPL040626,1,0.01,IHPL040626
BSE,bse_cm,SL040626,731810,D,SL-03-09-26-CP,SL040626,1,0.01,SL040626
BSE,bse_cm,BFSL40626,731811,D,BFSL-7-8-26-CP,BFSL40626,1,0.01,BFSL40626
BSE,bse_cm,BFSL4626,731812,D,BFSL-11-8-26-CP,BFSL4626,1,0.01,BFSL4626
BSE,bse_cm,BFSL4626B,731814,D,BFSL-5-8-26-CP,BFSL4626B,1,0.01,BFSL4626B
BSE,bse_cm,BFSL4626C,731815,D,BFSL-6-8-26-CP,BFSL4626C,1,0.01,BFSL4626C
BSE,bse_cm,BFSL4626D,731816,D,BFSL-10-8-26-CP,BFSL4626D,1,0.01,BFSL4626D
BSE,bse_cm,BFSL4626E,731817,D,BFSL-4-8-26-CP,BFSL4626E,1,0.01,BFSL4626E
BSE,bse_cm,JBC50626,731820,D,JBC-4-9-26-CP,JBC50626,1,0.01,JBC50626
BSE,bse_cm,BFL4626,731821,D,BFL-03-09-26-CP,BFL4626,1,0.01,BFL4626
BSE,bse_cm,BFL040626,731822,D,BFL-04-06-27-CP,BFL040626,1,0.01,BFL040626
BSE,bse_cm,AHFL4626,731823,D,AHFL-03-09-26-CP,AHFL4626,1,0.01,AHFL4626
BSE,bse_cm,MSFL040626,731824,D,MSFL-18-3-27-CP,MSFL040626,1,0.01,MSFL040626
BSE,bse_cm,CFHL040626,731825,D,CFHL-3-9-26-CP,CFHL040626,1,0.01,CFHL040626
BSE,bse_cm,GSIFPL5626,731826,D,GSIFPL-4-9-26-CP,GSIFPL5626,1,0.01,GSIFPL5626
BSE,bse_cm,MAFS050626,731827,D,MAFS-4-9-26-CP,MAFS050626,1,0.01,MAFS050626
BSE,bse_cm,MACMIP5626,731828,D,MACMIPL-04-09-2026,MACMIP5626,1,0.01,MACMIP5626
BSE,bse_cm,NWML050626,731829,D,NWML-3-9-26-CP,NWML050626,1,0.01,NWML050626
BSE,bse_cm,TSL562026,731831,D,TSL-3-9-26-CP,TSL562026,1,0.01,TSL562026
BSE,bse_cm,AIL80626,731832,D,AIL-7-9-26-CP,AIL80626,1,0.01,AIL80626
BSE,bse_cm,NWIL5626,731833,D,NWIL-04-09-26-CP,NWIL5626,1,0.01,NWIL5626
BSE,bse_cm,DSPFPL5626,731834,D,DSPFPL-04-09-26-CP,DSPFPL5626,1,0.01,DSPFPL5626
BSE,bse_cm,TRIL5626,731835,D,TRIL-04-09-26-CP,TRIL5626,1,0.01,TRIL5626
BSE,bse_cm,KECIL8626,731836,D,KECIL-04-09-26-CP,KECIL8626,1,0.01,KECIL8626
BSE,bse_cm,AFSL50626,731837,D,AFSL-27-8-26-CP,AFSL50626,1,0.01,AFSL50626
BSE,bse_cm,AFSL5626,731838,D,AFSL-4-9-26-CP,AFSL5626,1,0.01,AFSL5626
BSE,bse_cm,SSL050626,731839,D,SSL-4-9-26-CP,SSL050626,1,0.01,SSL050626
BSE,bse_cm,BGHPL8626,731840,D,BGHPL-07-09-26-CP,BGHPL8626,1,0.01,BGHPL8626
BSE,bse_cm,THDC80626,731841,D,THDC-7-9-26-CP,THDC80626,1,0.01,THDC80626
BSE,bse_cm,NWFL80626,731842,D,NWFL-7-9-26-CP,NWFL80626,1,0.01,NWFL80626
BSE,bse_cm,IFPL8626,731843,D,IFPL-07-09-26-CP,IFPL8626,1,0.01,IFPL8626
BSE,bse_cm,BFSL080626,731844,D,BFSL-7-9-26-CP,BFSL080626,1,0.01,BFSL080626
BSE,bse_cm,TCL8626,731845,D,TCL-04-09-26-CP,TCL8626,1,0.01,TCL8626
BSE,bse_cm,KECIL9626,731846,D,KECIL-07-09-26-CP,KECIL9626,1,0.01,KECIL9626
BSE,bse_cm,N18MIL9626,731847,D,N18MIL-08-09-26-CP,N18MIL9626,1,0.01,N18MIL9626
BSE,bse_cm,BGHPL9626,731848,D,BGHPL-08-09-26-CP,BGHPL9626,1,0.01,BGHPL9626
BSE,bse_cm,NWML080626,731849,D,NWML-4-9-26-CP,NWML080626,1,0.01,NWML080626
BSE,bse_cm,ABHFL08626,731850,D,ABHFL-7-9-26-CP,ABHFL08626,1,0.01,ABHFL08626
BSE,bse_cm,NWFL90626,731851,D,NWFL-8-9-26-CP,NWFL90626,1,0.01,NWFL90626
BSE,bse_cm,NWIL090626,731853,D,NWIL-08-09-26-CP,NWIL090626,1,0.01,NWIL090626
BSE,bse_cm,NFL9626,731854,D,NFL-07-09-26-CP,NFL9626,1,0.01,NFL9626
BSE,bse_cm,BFSL90626,731855,D,BFSL-8-9-26-CP,BFSL90626,1,0.01,BFSL90626
BSE,bse_cm,MFL090626,731856,D,MFL-8-9-26-CP,MFL090626,1,0.01,MFL090626
BSE,bse_cm,ASL090626,731857,D,ASL-7-9-26-CP,ASL090626,1,0.01,ASL090626
BSE,bse_cm,JBC1062026,731858,D,JBC-9-9-26-CP,JBC1062026,1,0.01,JBC1062026
BSE,bse_cm,N18MI10626,731859,D,N18MIL-09-09-26-CP,N18MI10626,1,0.01,N18MI10626
BSE,bse_cm,BGHP100626,731860,D,BGHP-9-9-26-CP,BGHP100626,1,0.01,BGHP100626
BSE,bse_cm,NWML090626,731861,D,NWML-8-9-26-CP,NWML090626,1,0.01,NWML090626
BSE,bse_cm,KIL100626,731862,D,KIL-8-9-26-CP,KIL100626,1,0.01,KIL100626
BSE,bse_cm,LTMRH10626,731863,D,LTMRHL-10-08-26-CP,LTMRH10626,1,0.01,LTMRH10626
BSE,bse_cm,SSL090626,731864,D,SSL-8-9-26-CP,SSL090626,1,0.01,SSL090626
BSE,bse_cm,IHPL090626,731866,D,IHPL-8-9-26-CP,IHPL090626,1,0.01,IHPL090626
BSE,bse_cm,NWFL10626,731868,D,NWFL-9-9-26-CP,NWFL10626,1,0.01,NWFL10626
BSE,bse_cm,LTL10626,731869,D,LTL-04-09-26-CP,LTL10626,1,0.01,LTL10626
BSE,bse_cm,PFL10626,731870,D,PFL-9-9-26-CP,PFL10626,1,0.01,PFL10626
BSE,bse_cm,MFL100626,731871,D,MFL-9-9-26-CP,MFL100626,1,0.01,MFL100626
BSE,bse_cm,SL100626,731872,D,SL-9-9-26-CP,SL100626,1,0.01,SL100626
BSE,bse_cm,AIL110626,731873,D,AIL-10-9-26-CP,AIL110626,1,0.01,AIL110626
BSE,bse_cm,NJCP10626,731874,D,NJCPL-9-9-26-CP,NJCP10626,1,0.01,NJCP10626
BSE,bse_cm,SCCL110626,731875,D,SCCL-14-12-26-CP,SCCL110626,1,0.01,SCCL110626
BSE,bse_cm,360OW10626,731876,D,360OWL-07-12-26-CP,360OW10626,1,0.01,360OW10626
BSE,bse_cm,BFSL10626,731877,D,BFSL-09-09-26-CP,BFSL10626,1,0.01,BFSL10626
BSE,bse_cm,N18MI11626,731878,D,N18MIL-10-09-26-CP,N18MI11626,1,0.01,N18MI11626
BSE,bse_cm,GFL100626,731879,D,GFL-9-9-26-CP,GFL100626,1,0.01,GFL100626
BSE,bse_cm,NWIL100626,731880,D,NWIL-9-9-26-CP,NWIL100626,1,0.01,NWIL100626
BSE,bse_cm,BGHP110626,731881,D,BGHPL-10-9-26-CP,BGHP110626,1,0.01,BGHP110626
BSE,bse_cm,KIL110626,731882,D,KIL-9-9-26-CP,KIL110626,1,0.01,KIL110626
BSE,bse_cm,TSL11626,731883,D,TSL-9-9-26-CP,TSL11626,1,0.01,TSL11626
BSE,bse_cm,NCSL11626,731884,D,NCSL-9-9-26-CP,NCSL11626,1,0.01,NCSL11626
BSE,bse_cm,GHFL110626,731886,D,GHFL-10-9-26-CP,GHFL110626,1,0.01,GHFL110626
BSE,bse_cm,MAFSI11626,731887,D,MAFSI-10-9-26-CP,MAFSI11626,1,0.01,MAFSI11626
BSE,bse_cm,BGHP12626,731888,D,BGHPL-11-9-26-CP,BGHP12626,1,0.01,BGHP12626
BSE,bse_cm,IFPL11626,731889,D,IFPL-10-09-26-CP,IFPL11626,1,0.01,IFPL11626
BSE,bse_cm,BFSL11626,731890,D,BFSL-10-09-26-CP,BFSL11626,1,0.01,BFSL11626
BSE,bse_cm,TPCL120626,731891,D,TPCL-10-9-26-CP,TPCL120626,1,0.01,TPCL120626
BSE,bse_cm,NWML110626,731892,D,NWML-9-9-26-CP,NWML110626,1,0.01,NWML110626
BSE,bse_cm,SSL110626,731893,D,SSL-10-9-26-CP,SSL110626,1,0.01,SSL110626
BSE,bse_cm,GIL120626,731894,D,GIL-11-9-26-CP,GIL120626,1,0.01,GIL120626
BSE,bse_cm,TRIL12626,731895,D,TRIL-11-9-26-CP,TRIL12626,1,0.01,TRIL12626
BSE,bse_cm,SSL12626,731896,D,SSL-11-9-26-CP,SSL12626,1,0.01,SSL12626
BSE,bse_cm,ABHF120626,731897,D,ABHFL-11-9-26-CP,ABHF120626,1,0.01,ABHF120626
BSE,bse_cm,OPL120626,731899,D,OPL-10-9-26-CP,OPL120626,1,0.01,OPL120626
BSE,bse_cm,BFL12626,731900,D,BFL-11-9-26-CP,BFL12626,1,0.01,BFL12626
BSE,bse_cm,PIICL15626,731901,D,PIICL-11-9-26-CP,PIICL15626,1,0.01,PIICL15626
BSE,bse_cm,GFL12626,731902,D,GFL-11-09-26-CP,GFL12626,1,0.01,GFL12626
BSE,bse_cm,MFL12626,731903,D,MFL-11-09-26-CP,MFL12626,1,0.01,MFL12626
BSE,bse_cm,TCL12626,731904,D,TCL-10-09-26-CP,TCL12626,1,0.01,TCL12626
BSE,bse_cm,BFSL12626,731905,D,BFSL-11-09-26-CP,BFSL12626,1,0.01,BFSL12626
BSE,bse_cm,KFIL120626,731906,D,KFIL-10-9-26-CP,KFIL120626,1,0.01,KFIL120626
BSE,bse_cm,JBCIP15626,731907,D,JBCIPL-11-09-26-CP,JBCIP15626,1,0.01,JBCIP15626
BSE,bse_cm,GHFL120626,731908,D,GHFL-11-9-26-CP,GHFL120626,1,0.01,GHFL120626
BSE,bse_cm,SSL120626,731909,D,SSL-15-9-26-CP,SSL120626,1,0.01,SSL120626
BSE,bse_cm,THDCL12626,731910,D,THDCL-11-9-26-CP,THDCL12626,1,0.01,THDCL12626
BSE,bse_cm,NWFL150626,731911,D,NWFL-11-9-26-CP,NWFL150626,1,0.01,NWFL150626
BSE,bse_cm,UCL15626,731912,D,UCL-15-9-26-CP,UCL15626,1,0.01,UCL15626
BSE,bse_cm,TSL150626,731913,D,TSL-11-9-26-CP,TSL150626,1,0.01,TSL150626
BSE,bse_cm,AIL16626,731914,D,AIL-15-9-26-CP,AIL16626,1,0.01,AIL16626
BSE,bse_cm,MFL150626,731915,D,MFL-11-12-26-CP,MFL150626,1,0.01,MFL150626
BSE,bse_cm,MFL15626,731916,D,MFL-11-9-26-CP,MFL15626,1,0.01,MFL15626
BSE,bse_cm,SMIL160626,731917,D,SMIL-11-9-26-CP,SMIL160626,1,0.01,SMIL160626
BSE,bse_cm,SL16626,731918,D,SL-15-9-26-CP,SL16626,1,0.01,SL16626
BSE,bse_cm,GFL160626,731919,D,GFL-15-9-26-CP,GFL160626,1,0.01,GFL160626
BSE,bse_cm,THDC16626,731920,D,THDC-15-9-26-CP,THDC16626,1,0.01,THDC16626
BSE,bse_cm,BFSL16626,731921,D,BFSL-15-9-26-CP,BFSL16626,1,0.01,BFSL16626
BSE,bse_cm,JBCI170626,731922,D,JBCI-16-9-26-CP,JBCI170626,1,0.01,JBCI170626
BSE,bse_cm,SCSL160626,731923,D,SCSL-15-6-27-CP,SCSL160626,1,0.01,SCSL160626
BSE,bse_cm,NWIL16626,731924,D,NWIL-15-09-26-CP,NWIL16626,1,0.01,NWIL16626
BSE,bse_cm,BFL160626,731925,D,BFL-16-10-26-CP,BFL160626,1,0.01,BFL160626
BSE,bse_cm,SCSIL17626,731926,D,SCSIL-25-09-26-CP,SCSIL17626,1,0.01,SCSIL17626
BSE,bse_cm,GFL17626,731927,D,GFL-16-09-26-CP,GFL17626,1,0.01,GFL17626
BSE,bse_cm,MFL17626,731928,D,MFL-15-9-26-CP,MFL17626,1,0.01,MFL17626
BSE,bse_cm,SSL17626,731929,D,SSL-16-9-26-CP,SSL17626,1,0.01,SSL17626
BSE,bse_cm,NFL170626,731930,D,NFL-21-9-26-CP,NFL170626,1,0.01,NFL170626
BSE,bse_cm,TPCL18626,731931,D,TPCL-16-9-26-CP,TPCL18626,1,0.01,TPCL18626
BSE,bse_cm,THDCL17626,731932,D,THDCL-16-9-26-CP,THDCL17626,1,0.01,THDCL17626
BSE,bse_cm,BFSL170626,731933,D,BFSL-16-9-26-CP,BFSL170626,1,0.01,BFSL170626
BSE,bse_cm,NFL17626,731934,D,NFL-15-03-27-CP,NFL17626,1,0.01,NFL17626
BSE,bse_cm,GIL18626,731935,D,GIL-17-09-26-CP,GIL18626,1,0.01,GIL18626
BSE,bse_cm,IFPL180626,731936,D,IFPL-17-9-26-CP,IFPL180626,1,0.01,IFPL180626
BSE,bse_cm,SIIL190626,731937,D,SIIL-17-9-26-CP,SIIL190626,1,0.01,SIIL190626
BSE,bse_cm,DAL180626,731938,D,DAL-18-3-27-CP,DAL180626,1,0.01,DAL180626
BSE,bse_cm,NFL180626,731939,D,NFL-15-12-26-CP,NFL180626,1,0.01,NFL180626
BSE,bse_cm,DAL18626,731940,D,DAL-17-12-26-CP,DAL18626,1,0.01,DAL18626
BSE,bse_cm,BGHP190626,731941,D,BGHPL-18-9-26-CP,BGHP190626,1,0.01,BGHP190626
BSE,bse_cm,CFHL18626,731942,D,CFHL-17-09-26-CP,CFHL18626,1,0.01,CFHL18626
BSE,bse_cm,GIL190626,731943,D,GIL-18-9-26-CP,GIL190626,1,0.01,GIL190626
BSE,bse_cm,MHFCL18626,731944,D,MHFCL-02-11-26-CP,MHFCL18626,1,0.01,MHFCL18626
BSE,bse_cm,RJIL18626,731945,D,RJIL-16-9-26-CP,RJIL18626,1,0.01,RJIL18626
BSE,bse_cm,LTMR18626,731946,D,LTMR-10-9-26-CP,LTMR18626,1,0.01,LTMR18626
BSE,bse_cm,DSPFP19626,731947,D,DSPFPL-17-9-26-CP,DSPFP19626,1,0.01,DSPFP19626
BSE,bse_cm,MFL190626,731948,D,MFL-10-2-27-CP,MFL190626,1,0.01,MFL190626
BSE,bse_cm,ABLBL19626,731949,D,ABLBL-17-9-26-CP,ABLBL19626,1,0.01,ABLBL19626
BSE,bse_cm,MFL19626,731950,D,MFL-18-9-26-CP,MFL19626,1,0.01,MFL19626
BSE,bse_cm,RL190626,731951,D,RL-17-9-26-CP,RL190626,1,0.01,RL190626
BSE,bse_cm,RL19626,731952,D,RL-18-9-26-CP,RL19626,1,0.01,RL19626
BSE,bse_cm,SBICA19626,731953,D,SBICAPSL-18-9-26-CP,SBICA19626,1,0.01,SBICA19626
BSE,bse_cm,GFL19626,731954,D,GFL-18-09-26-CP,GFL19626,1,0.01,GFL19626
BSE,bse_cm,JCL19626,731955,D,JCL-18-9-26-CP,JCL19626,1,0.01,JCL19626
BSE,bse_cm,360OA19626,731956,D,360OAAML-18-09-26-CP,360OA19626,1,0.01,360OA19626
BSE,bse_cm,360O19626A,731957,D,360OAAML-16-12-26-CP,360O19626A,1,0.01,360O19626A
BSE,bse_cm,360O19626B,731958,D,360OAAML-16-03-27-CP,360O19626B,1,0.01,360O19626B
BSE,bse_cm,360O19626C,731959,D,360OAAML-18-06-27-CP,360O19626C,1,0.01,360O19626C
BSE,bse_cm,360O19626D,731960,D,360OAAML-17-09-26-CP,360O19626D,1,0.01,360O19626D
BSE,bse_cm,BFL19626,731961,D,BFL-18-09-26-CP,BFL19626,1,0.01,BFL19626
BSE,bse_cm,GHFL190626,731962,D,GHFL-28-1-27-CP,GHFL190626,1,0.01,GHFL190626
BSE,bse_cm,LTMRH22626,731963,D,LTMRHL-21-09-26-CP,LTMRH22626,1,0.01,LTMRH22626
BSE,bse_cm,GHF190626,731964,D,GHFL-18-9-26-CP,GHF190626,1,0.01,GHF190626
BSE,bse_cm,BGHPL22626,731965,D,BGHPL-21-09-26-CP,BGHPL22626,1,0.01,BGHPL22626
BSE,bse_cm,KIL230626,731966,D,KIL-21-9-26-CP,KIL230626,1,0.01,KIL230626
BSE,bse_cm,DFPL220626,731967,D,DFPL-21-9-26-CP,DFPL220626,1,0.01,DFPL220626
BSE,bse_cm,UGL220626,731968,D,UGL-21-9-26-CP,UGL220626,1,0.01,UGL220626
BSE,bse_cm,HTML22626,731969,D,HTML-18-9-26-CP,HTML22626,1,0.01,HTML22626
BSE,bse_cm,360OP22626,731970,D,360OPL-22-12-26-CP,360OP22626,1,0.01,360OP22626
BSE,bse_cm,RL220626,731971,D,RL-21-9-26-CP,RL220626,1,0.01,RL220626
BSE,bse_cm,NFL22626,731972,D,NFL-20-11-26-CP,NFL22626,1,0.01,NFL22626
BSE,bse_cm,ABHF220626,731973,D,ABHFL-21-9-26-CP,ABHF220626,1,0.01,ABHF220626
BSE,bse_cm,PIICL23626,731974,D,PILICL-22-09-26-CP,PIICL23626,1,0.01,PIICL23626
BSE,bse_cm,VCL220626,731975,D,VCL-20-11-26-CP,VCL220626,1,0.01,VCL220626
BSE,bse_cm,NWFL23626,731976,D,NWFL-21-9-26-CP,NWFL23626,1,0.01,NWFL23626
BSE,bse_cm,SCSL23626,731977,D,SCSL-23-12-26-CP,SCSL23626,1,0.01,SCSL23626
BSE,bse_cm,KFIL230626,731978,D,KFIL-21-9-26-CP,KFIL230626,1,0.01,KFIL230626
BSE,bse_cm,KIL240626,731979,D,KIL-22-9-26-CP,KIL240626,1,0.01,KIL240626
BSE,bse_cm,ECLFL23626,731980,D,ECLFL-21-12-26-CP,ECLFL23626,1,0.01,ECLFL23626
BSE,bse_cm,TTL24626,731981,D,TTL-24-06-27-CP,TTL24626,1,0.01,TTL24626
BSE,bse_cm,DFPL230626,731982,D,DFPL-22-12-26-CP,DFPL230626,1,0.01,DFPL230626
BSE,bse_cm,MHFC220626,731983,D,MHFCL-21-12-26-CP,MHFC220626,1,0.01,MHFC220626
BSE,bse_cm,MBPR24626,731984,D,MBPR-23-9-26-CP,MBPR24626,1,0.01,MBPR24626
BSE,bse_cm,MBPR240626,731985,D,MBPR-10-6-27-CP,MBPR240626,1,0.01,MBPR240626
BSE,bse_cm,JKCL25626,731986,D,JKCL-27-8-26-CP,JKCL25626,1,0.01,JKCL25626
BSE,bse_cm,MAFSI24626,731987,D,MAFSIPL-23-09-26-CP,MAFSI24626,1,0.01,MAFSI24626
BSE,bse_cm,HTML24626,731988,D,HTML-22-09-26-CP,HTML24626,1,0.01,HTML24626
BSE,bse_cm,RL25626,731989,D,RL-22-09-26-CP,RL25626,1,0.01,RL25626
BSE,bse_cm,RL250626,731990,D,RL-24-09-26-CP,RL250626,1,0.01,RL250626
BSE,bse_cm,RL25062026,731991,D,RL-23-09-26-CP,RL25062026,1,0.01,RL25062026
BSE,bse_cm,KIL250626,731992,D,KIL-23-9-26-CP,KIL250626,1,0.01,KIL250626
BSE,bse_cm,SSL240626,731993,D,SSL-22-10-26-CP,SSL240626,1,0.01,SSL240626
BSE,bse_cm,NLCIL24626,731994,D,NLCIL-22-9-26-CP,NLCIL24626,1,0.01,NLCIL24626
BSE,bse_cm,GHFL240626,731995,D,GHFL-23-9-26-CP,GHFL240626,1,0.01,GHFL240626
BSE,bse_cm,NWIL240626,731996,D,NWIL-18-9-26-CP,NWIL240626,1,0.01,NWIL240626
BSE,bse_cm,GIL250626,731997,D,GIL-24-9-26-CP,GIL250626,1,0.01,GIL250626
BSE,bse_cm,TPCL250626,731998,D,TPCL-23-9-26-CP,TPCL250626,1,0.01,TPCL250626
BSE,bse_cm,OFSL250626,731999,D,OFSL-22-12-26-CP,OFSL250626,1,0.01,OFSL250626
BSE,bse_cm,NST25626,732000,D,NST-24-9-26-CP,NST25626,1,0.01,NST25626
BSE,bse_cm,SEIL29626,732001,D,SEIL-10-9-26-CP,SEIL29626,1,0.01,SEIL29626
BSE,bse_cm,DFPL250626,732002,D,DFPL-22-9-26-CP,DFPL250626,1,0.01,DFPL250626
BSE,bse_cm,VCL250626,732003,D,VCL-14-12-26-CP,VCL250626,1,0.01,VCL250626
BSE,bse_cm,KECIL29626,732004,D,KECIL-25-09-26-CP,KECIL29626,1,0.01,KECIL29626
BSE,bse_cm,SSL290626,732005,D,SSL-28-9-26-CP,SSL290626,1,0.01,SSL290626
BSE,bse_cm,CGCL300626,732006,D,CGCL-1-1-27-CP,CGCL300626,1,0.01,CGCL300626
BSE,bse_cm,IFPL29626,732007,D,IFPL-28-09-26-CP,IFPL29626,1,0.01,IFPL29626
BSE,bse_cm,KIL30626,732009,D,KIL-28-9-26-CP,KIL30626,1,0.01,KIL30626
BSE,bse_cm,AFL29626,732010,D,AFL-25-9-26-CP,AFL29626,1,0.01,AFL29626
BSE,bse_cm,MACM290626,732011,D,MACMPL-22-9-26-CP,MACM290626,1,0.01,MACM290626
BSE,bse_cm,CGCL30626,732012,D,CGCL-1-10-26-CP,CGCL30626,1,0.01,CGCL30626
BSE,bse_cm,KMPL30626,732013,D,KMPL-25-6-27-CP,KMPL30626,1,0.01,KMPL30626
BSE,bse_cm,LTL30626,732014,D,LTL-29-09-26-CP,LTL30626,1,0.01,LTL30626
BSE,bse_cm,VCL29626,732016,D,VCL-24-12-26-CP,VCL29626,1,0.01,VCL29626
BSE,bse_cm,NLCIL29626,732017,D,NLCIL-28-9-26-CP,NLCIL29626,1,0.01,NLCIL29626
BSE,bse_cm,ASL300626,732018,D,ASL-28-9-26-CP,ASL300626,1,0.01,ASL300626
BSE,bse_cm,GFL30626,732020,D,GFL-28-9-26-CP,GFL30626,1,0.01,GFL30626
BSE,bse_cm,VCL300626,732021,D,VCL-30-10-26-CP,VCL300626,1,0.01,VCL300626
BSE,bse_cm,NFL30626,732022,D,NFL-30-12-26-CP,NFL30626,1,0.01,NFL30626
BSE,bse_cm,NFL300626,732023,D,NFL-25-11-26-CP,NFL300626,1,0.01,NFL300626
BSE,bse_cm,CFSL30626,732024,D,CFSL-21-12-26-CP,CFSL30626,1,0.01,CFSL30626
BSE,bse_cm,GSIF010726,732025,D,GSIF-25-9-26-CP,GSIF010726,1,0.01,GSIF010726
BSE,bse_cm,AFSL30626,732026,D,AFSL-24-09-26-CP,AFSL30626,1,0.01,AFSL30626
BSE,bse_cm,TSL010726,732027,D,TSL-29-9-26-CP,TSL010726,1,0.01,TSL010726
BSE,bse_cm,NWML010726,732028,D,NWML-10-9-26-CP,NWML010726,1,0.01,NWML010726
BSE,bse_cm,IHFC20726,732029,D,IHFC-24-6-27-CP,IHFC20726,1,0.01,IHFC20726
BSE,bse_cm,TTL2726,732030,D,TTL-31-12-26-CP,TTL2726,1,0.01,TTL2726
BSE,bse_cm,CPCL020726,732031,D,CPCL-3-9-26-CP,CPCL020726,1,0.01,CPCL020726
BSE,bse_cm,EFL020726,732032,D,EFL-20-11-26-CP,EFL020726,1,0.01,EFL020726
BSE,bse_cm,UCL2726,732033,D,UCL-20-11-26-CP,UCL2726,1,0.01,UCL2726
BSE,bse_cm,BFSL020726,732034,D,BFSL-25-9-26-CP,BFSL020726,1,0.01,BFSL020726
BSE,bse_cm,GIL030726,732035,D,GIL-18-8-26-CP,GIL030726,1,0.01,GIL030726
BSE,bse_cm,RL30726,732036,D,RL-10-9-26-CP,RL30726,1,0.01,RL30726
BSE,bse_cm,RL3726,732037,D,RL-11-9-26-CP,RL3726,1,0.01,RL3726
BSE,bse_cm,SEIL60726,732038,D,SEIL-22-9-26-CP,SEIL60726,1,0.01,SEIL60726
BSE,bse_cm,JBC60726,732039,D,JBC-25-9-26-CP,JBC60726,1,0.01,JBC60726
BSE,bse_cm,AFL3726,732040,D,AFL-30-04-27-CP,AFL3726,1,0.01,AFL3726
BSE,bse_cm,MFL3726,732041,D,MFL-02-07-27-CP,MFL3726,1,0.01,MFL3726
BSE,bse_cm,BFSL3726,732042,D,BFSL-22-09-26-CP,BFSL3726,1,0.01,BFSL3726
BSE,bse_cm,BPCL60726,732043,D,BPCL-24-9-26-CP,BPCL60726,1,0.01,BPCL60726
BSE,bse_cm,BPCL70726,732044,D,BPCL-4-8-26-CP,BPCL70726,1,0.01,BPCL70726
BSE,bse_cm,ASL060726,732045,D,ASL-29-9-26-CP,ASL060726,1,0.01,ASL060726
BSE,bse_cm,IOCL6726,732046,D,IOCL-25-09-26-CP,IOCL6726,1,0.01,IOCL6726
BSE,bse_cm,TTL7726,732047,D,TTL-05-01-27-CP,TTL7726,1,0.01,TTL7726
BSE,bse_cm,CGCL070726,732048,D,CGCL-7-1-27-CP,CGCL070726,1,0.01,CGCL070726
BSE,bse_cm,SL6726,732049,D,SL-22-09-26-CP,SL6726,1,0.01,SL6726
BSE,bse_cm,BCML070726,732050,D,BCML-18-9-26-CP,BCML070726,1,0.01,BCML070726
BSE,bse_cm,BCML70726,732051,D,BCML-23-9-26-CP,BCML70726,1,0.01,BCML70726
BSE,bse_cm,CFHL70726,732052,D,CFHL-22-9-26-CP,CFHL70726,1,0.01,CFHL70726
BSE,bse_cm,GHFL070726,732053,D,GHFL-12-2-27-CP,GHFL070726,1,0.01,GHFL070726
BSE,bse_cm,AEL70726,732054,D,AEL-25-9-26-CP,AEL70726,1,0.01,AEL70726
BSE,bse_cm,IHFC070726,732055,D,IHFCL-22-9-26-CP,IHFC070726,1,0.01,IHFC070726
BSE,bse_cm,BFSL070726,732056,D,BFSL-18-9-26-CP,BFSL070726,1,0.01,BFSL070726
BSE,bse_cm,BHEL8726,732057,D,BHEL-29-09-26-CP,BHEL8726,1,0.01,BHEL8726
BSE,bse_cm,AFSL7726,732058,D,AFSL-10-09-26-CP,AFSL7726,1,0.01,AFSL7726
BSE,bse_cm,BFL8726,732059,D,BFL-05-10-26-CP,BFL8726,1,0.01,BFL8726
BSE,bse_cm,OFSL80726,732060,D,OFSL-7-7-27-CP,OFSL80726,1,0.01,OFSL80726
BSE,bse_cm,DCBL080726,732061,D,DCBL-21-9-26-CP,DCBL080726,1,0.01,DCBL080726
BSE,bse_cm,SMIL090726,732062,D,SMIL-25-9-26-CP,SMIL090726,1,0.01,SMIL090726
BSE,bse_cm,HSCL090726,732063,D,HSCL-7-10-26-CP,HSCL090726,1,0.01,HSCL090726
BSE,bse_cm,360OAAML27,732064,D,360OAAML-05-04-27-CP,360OAAML27,1,0.01,360OAAML27
BSE,bse_cm,360OAAML26,732065,D,360OAAML-08-10-26-CP,360OAAML26,1,0.01,360OAAML26
BSE,bse_cm,TTL10726,732066,D,TTL-08-01-27-CP,TTL10726,1,0.01,TTL10726
BSE,bse_cm,BFSL9726,732067,D,BFSL-26-10-26-CP,BFSL9726,1,0.01,BFSL9726
BSE,bse_cm,IOCL10726,732068,D,IOCL-08-09-26-CP,IOCL10726,1,0.01,IOCL10726
BSE,bse_cm,ABL090726,732069,D,ABL-7-10-26-CP,ABL090726,1,0.01,ABL090726
BSE,bse_cm,BCML100726,732070,D,BCML-25-9-26-CP,BCML100726,1,0.01,BCML100726
BSE,bse_cm,NACL100726,732071,D,NACL-9-11-26-CP,NACL100726,1,0.01,NACL100726
BSE,bse_cm,MAFS100726,732072,D,MAFS-9-10-26-CP,MAFS100726,1,0.01,MAFS100726
BSE,bse_cm,MHFC9726,732073,D,MHFCL-7-12-26-CP,MHFC9726,1,0.01,MHFC9726
BSE,bse_cm,TCL100726,732074,D,TCL-8-10-26-CP,TCL100726,1,0.01,TCL100726
BSE,bse_cm,ECL100726,732075,D,ECL-8-10-26-CP,ECL100726,1,0.01,ECL100726
BSE,bse_cm,NFL10726,732076,D,NFL-7-12-26-CP,NFL10726,1,0.01,NFL10726
BSE,bse_cm,UCL10726,732077,D,UCL-6-1-27-CP,UCL10726,1,0.01,UCL10726
BSE,bse_cm,SGFL10726,732078,D,SGFL-31-8-26-CP,SGFL10726,1,0.01,SGFL10726
BSE,bse_cm,DSPFP10726,732079,D,DSPFL-23-09-26-CP,DSPFP10726,1,0.01,DSPFP10726
BSE,bse_cm,JBCPL13726,732080,D,JBCIPL-25-11-26-CP,JBCPL13726,1,0.01,JBCPL13726
BSE,bse_cm,BFSL100726,732081,D,BFSL-30-10-26-CP,BFSL100726,1,0.01,BFSL100726
BSE,bse_cm,VCL130726,732082,D,VCL-1-1-27-CP,VCL130726,1,0.01,VCL130726
BSE,bse_cm,VCL13726,732083,D,VCL-30-3-27-CP,VCL13726,1,0.01,VCL13726
BSE,bse_cm,NFL130726,732084,D,NFL-31-12-26-CP,NFL130726,1,0.01,NFL130726
BSE,bse_cm,IFSL130726,732085,D,IFSL-11-12-26-CP,IFSL130726,1,0.01,IFSL130726
BSE,bse_cm,EFL130726,732086,D,EFL-1-1-27-CP,EFL130726,1,0.01,EFL130726
BSE,bse_cm,UCL13726,732087,D,UCL-30-12-26-CP,UCL13726,1,0.01,UCL13726
BSE,bse_cm,PDL14726,732088,D,PDL-30-12-26-CP,PDL14726,1,0.01,PDL14726
BSE,bse_cm,TSL140726,732089,D,TSL-13-8-26-CP,TSL140726,1,0.01,TSL140726
BSE,bse_cm,BHEL15726,732090,D,BHEL-25-9-26-CP,BHEL15726,1,0.01,BHEL15726
BSE,bse_cm,APSEZ14726,732091,D,APSEZL-13-10-26-CP,APSEZ14726,1,0.01,APSEZ14726
BSE,bse_cm,VCL140726,732092,D,VCL-1-12-26-CP,VCL140726,1,0.01,VCL140726
BSE,bse_cm,AEL140726,732093,D,AEL-12-11-26-CP,AEL140726,1,0.01,AEL140726
BSE,bse_cm,KMPL15726A,732095,D,KMPL-11-09-26-CP,KMPL15726A,1,0.01,KMPL15726A
BSE,bse_cm,JBCIP15726,732096,D,JBCIPL-28-09-26-CP,JBCIP15726,1,0.01,JBCIP15726
BSE,bse_cm,IHFC16726,732097,D,IHFC-24-9-26-CP,IHFC16726,1,0.01,IHFC16726
BSE,bse_cm,KMPL160726,732098,D,KMPL-5-10-26-CP,KMPL160726,1,0.01,KMPL160726
BSE,bse_cm,IFSL150726,732099,D,IFSL-30-12-26-CP,IFSL150726,1,0.01,IFSL150726
BSE,bse_cm,EFL160726,732100,D,EFL-12-1-27-CP,EFL160726,1,0.01,EFL160726
BSE,bse_cm,NACL170726,732101,D,NACL-13-1-27-CP,NACL170726,1,0.01,NACL170726
BSE,bse_cm,NFL160726,732102,D,NFL-12-1-27-CP,NFL160726,1,0.01,NFL160726
BSE,bse_cm,IFPL160726,732103,D,IFPL-24-5-27-CP,IFPL160726,1,0.01,IFPL160726
BSE,bse_cm,BFL160726,732104,D,BFL-15-10-26-CP,BFL160726,1,0.01,BFL160726
BSE,bse_cm,DFPL170726,732106,D,DFPL-24-9-26-CP,DFPL170726,1,0.01,DFPL170726
BSE,bse_cm,BFSL170726,732107,D,BFSL-12-11-26-CP,BFSL170726,1,0.01,BFSL170726
BSE,bse_cm,BFSL17726,732108,D,BFSL-16-10-26-CP,BFSL17726,1,0.01,BFSL17726
BSE,bse_cm,AKCF170726,732109,D,AKCFL-7-1-27-CP,AKCF170726,1,0.01,AKCF170726
BSE,bse_cm,KIL200726,732110,D,KIL-29-9-26-CP,KIL200726,1,0.01,KIL200726
BSE,bse_cm,NVFL170726,732111,D,NVFL-17-3-27-CP,NVFL170726,1,0.01,NVFL170726
BSE,bse_cm,RL170726,732112,D,RL-21-8-26-CP,RL170726,1,0.01,RL170726
BSE,bse_cm,OPL200726,732113,D,OPL-19-7-27-CP,OPL200726,1,0.01,OPL200726
BSE,bse_cm,KFIL200726,732114,D,KFIL-14-10-26-CP,KFIL200726,1,0.01,KFIL200726
BSE,bse_cm,KIL210726,732115,D,KIL-30-9-26-CP,KIL210726,1,0.01,KIL210726
BSE,bse_cm,BFL200726,732116,D,BFL-19-10-26-CP,BFL200726,1,0.01,BFL200726
BSE,bse_cm,IFPL20726,732117,D,IFPL-11-11-26-CP,IFPL20726,1,0.01,IFPL20726
BSE,bse_cm,SPTL210726,732118,D,SPTL-16-10-26-CP,SPTL210726,1,0.01,SPTL210726
BSE,bse_cm,BFSL20726,732119,D,BFSL-19-10-26-CP,BFSL20726,1,0.01,BFSL20726
BSE,bse_cm,IML200726,732120,D,IML-22-1-27-CP,IML200726,1,0.01,IML200726
BSE,bse_cm,TSL20726,732121,D,TSL-19-8-26-CP,TSL20726,1,0.01,TSL20726
BSE,bse_cm,NIL200726,732122,D,NIL-19-10-26-CP,NIL200726,1,0.01,NIL200726
BSE,bse_cm,APSEZ20726,732123,D,APSEZ-16-10-26-CP,APSEZ20726,1,0.01,APSEZ20726
BSE,bse_cm,JKCL210726,732124,D,JKCL-25-9-26-CP,JKCL210726,1,0.01,JKCL210726
BSE,bse_cm,JBCL220726,732125,D,JBCPL-21-10-26-CP,JBCL220726,1,0.01,JBCL220726
BSE,bse_cm,MFL210726,732126,D,MFL-15-01-27-CP,MFL210726,1,0.01,MFL210726
BSE,bse_cm,ABL210726,732127,D,ABL-19-10-26-CP,ABL210726,1,0.01,ABL210726
BSE,bse_cm,ABHF210726,732128,D,ABHFL-19-10-26-CP,ABHF210726,1,0.01,ABHF210726
BSE,bse_cm,IFPL210726,732129,D,IFPL-15-12-226-CP,IFPL210726,1,0.01,IFPL210726
BSE,bse_cm,DFL210726,732130,D,DFPL-9-6-27-CP,DFL210726,1,0.01,DFL210726
BSE,bse_cm,PFL210726,732131,D,PFL-15-1-27-CP,PFL210726,1,0.01,PFL210726
BSE,bse_cm,DFPL210726,732132,D,DFPL-9-7-27-CP,DFPL210726,1,0.01,DFPL210726
BSE,bse_cm,ISPDL22726,732133,D,ISPL-22-9-26-CP,ISPDL22726,1,0.01,ISPDL22726
BSE,bse_cm,TCL210726,732134,D,TCL-19-10-26-CP,TCL210726,1,0.01,TCL210726
BSE,bse_cm,TRIL210726,732135,D,TRIL-19-10-26-CP,TRIL210726,1,0.01,TRIL210726
BSE,bse_cm,BFSL220726,732136,D,BFSL-26-11-26-CP,BFSL220726,1,0.01,BFSL220726
BSE,bse_cm,BFL220726,732137,D,BFL-21-10-26-CP,BFL220726,1,0.01,BFL220726
BSE,bse_cm,OAAM220726,732138,D,OAAML-22-10-26-CP,OAAM220726,1,0.01,OAAM220726
BSE,bse_cm,BHFL220726,732139,D,BHFL-21-10-26-CP,BHFL220726,1,0.01,BHFL220726
BSE,bse_cm,PFL220726,732140,D,PFL-12-10-26-CP,PFL220726,1,0.01,PFL220726
BSE,bse_cm,CGCL230726,732141,D,CGCL-21-10-26-CP,CGCL230726,1,0.01,CGCL230726
BSE,bse_cm,PFL22726,732142,D,PFL-19-10-26-CP,PFL22726,1,0.01,PFL22726
BSE,bse_cm,RECL230726,732143,D,RECL-22-10-26-CP,RECL230726,1,0.01,RECL230726
BSE,bse_cm,IHFCL24726,732144,D,IHFCL-28-09-26-CP,IHFCL24726,1,0.01,IHFCL24726
BSE,bse_cm,JBCP240726,732145,D,JBCPL-23-10-26-CP,JBCP240726,1,0.01,JBCP240726
BSE,bse_cm,CGCL240726,732146,D,CGCL-29-3-27-CP,CGCL240726,1,0.01,CGCL240726
BSE,bse_cm,CGCL24726,732147,D,CGCL-19-3-27-CP,CGCL24726,1,0.01,CGCL24726
BSE,bse_cm,ABHFL24726,732148,D,ABHFL-23-10-26-CP,ABHFL24726,1,0.01,ABHFL24726
BSE,bse_cm,AKCFL24726,732149,D,AKCFL-22-10-26-CP,AKCFL24726,1,0.01,AKCFL24726
BSE,bse_cm,NFL240726,732150,D,NFL-27-10-26-CP,NFL240726,1,0.01,NFL240726
BSE,bse_cm,BFL240726,732151,D,BFL-25-9-26-CP,BFL240726,1,0.01,BFL240726
BSE,bse_cm,FFSL24726,732153,D,FFSL-27-11-26-CP,FFSL24726,1,0.01,FFSL24726
BSE,bse_cm,JBCP270726,732154,D,JBCPL-06-11-26-CP,JBCP270726,1,0.01,JBCP270726
BSE,bse_cm,KMPL27726,732155,D,KMPL-23-7-27-CP,KMPL27726,1,0.01,KMPL27726
BSE,bse_cm,FFSL24726A,732156,D,FFSL-04-09-26-CP,FFSL24726A,1,0.01,FFSL24726A
BSE,bse_cm,OWL240726,732157,D,OWL-22-10-26-CP,OWL240726,1,0.01,OWL240726
BSE,bse_cm,IFPL240726,732158,D,IFPL-7-10-26-CP,IFPL240726,1,0.01,IFPL240726
BSE,bse_cm,IFSL270726,732159,D,IFSL-25-1-27-CP,IFSL270726,1,0.01,IFSL270726
BSE,bse_cm,GICHF24726,732160,D,GICHFL-18-09-26-CP,GICHF24726,1,0.01,GICHF24726
BSE,bse_cm,JBCPL28726,732161,D,JBCPL-8-2-27-CP,JBCPL28726,1,0.01,JBCPL28726
BSE,bse_cm,OAAM270726,732162,D,OAAML-14-12-26,OAAM270726,1,0.01,OAAM270726
BSE,bse_cm,BFL270726,732163,D,BFL-26-10-26-CP,BFL270726,1,0.01,BFL270726
BSE,bse_cm,KMPL280726,732164,D,KMPL-5-7-27-CP,KMPL280726,1,0.01,KMPL280726
BSE,bse_cm,BFSL270726,732166,D,BFSL-28-12-26-CP,BFSL270726,1,0.01,BFSL270726
BSE,bse_cm,APSE270726,732167,D,APSEZL-26-10-26-CP,APSE270726,1,0.01,APSE270726
BSE,bse_cm,BFSL27726,732168,D,BFSL-14-1-27-CP,BFSL27726,1,0.01,BFSL27726
BSE,bse_cm,GIL280726,732169,D,GIL-26-10-26-CP,GIL280726,1,0.01,GIL280726
BSE,bse_cm,MAFSP28726,732170,D,MAFSP-27-10-26-CP,MAFSP28726,1,0.01,MAFSP28726
BSE,bse_cm,FFSL27726,732171,D,FFSL-27-8-26-CP,FFSL27726,1,0.01,FFSL27726
BSE,bse_cm,NCSL270726,732172,D,NCSL-26-10-26-CP,NCSL270726,1,0.01,NCSL270726
BSE,bse_cm,FFSL270726,732173,D,FFSL-26-11-26-CP,FFSL270726,1,0.01,FFSL270726
BSE,bse_cm,TTL280726,732174,D,TTL-25-1-27-CP,TTL280726,1,0.01,TTL280726
BSE,bse_cm,NCSL280726,732175,D,NCSL-15-3-27-CP,NCSL280726,1,0.01,NCSL280726
BSE,bse_cm,TRAIL28726,732176,D,TRAIL-27-10-26-CP,TRAIL28726,1,0.01,TRAIL28726
BSE,bse_cm,AKCF280726,732177,D,AKCFL-16-2-27-CP,AKCF280726,1,0.01,AKCF280726
BSE,bse_cm,FFSL280726,732178,D,FFSL-7-9-26-CP,FFSL280726,1,0.01,FFSL280726
BSE,bse_cm,PFL280726,732179,D,PFL-16-10-26-CP,PFL280726,1,0.01,PFL280726
BSE,bse_cm,ABHFL28726,732180,D,ABHFL-15-10-26-CP,ABHFL28726,1,0.01,ABHFL28726
BSE,bse_cm,JKCL280726,732181,D,JKCL-23-9-26-CP,JKCL280726,1,0.01,JKCL280726
BSE,bse_cm,ABHF280726,732182,D,ADHFL-27-10-26-CP,ABHF280726,1,0.01,ABHF280726
BSE,bse_cm,NWML280726,732183,D,NWML-15-3-27-CP,NWML280726,1,0.01,NWML280726
BSE,bse_cm,IFPL280726,732184,D,IFPL-27-10-26-CP,IFPL280726,1,0.01,IFPL280726
BSE,bse_cm,NCSL29726,732185,D,NCSL-18-03-27-CP,NCSL29726,1,0.01,NCSL29726
BSE,bse_cm,TRIL29726,732186,D,TRIL-28-10-26-CP,TRIL29726,1,0.01,TRIL29726
BSE,bse_cm,OAAML29726,732187,D,OAAML-27-10-26-CP,OAAML29726,1,0.01,OAAML29726
BSE,bse_cm,CGCL300726,732188,D,CGCL-25-3-27-CP,CGCL300726,1,0.01,CGCL300726
BSE,bse_cm,AEL290726,732189,D,AEL-27-1-27-CP,AEL290726,1,0.01,AEL290726
BSE,bse_cm,VCL290726,732190,D,VCL-25-1-27-CP,VCL290726,1,0.01,VCL290726
BSE,bse_cm,MINOLT-RE,751127,E,Minolta Finance Ltd.,MINOLT-RE,1,0.01,MINOLT-RE
BSE,bse_cm,1018GOI26,800123,D,10.18% GOI 2026,1018GOI26,1,0.05,1018GOI26
BSE,bse_cm,0795GOI32,800145,D,7.95% GOI 2032,0795GOI32,1,0.05,0795GOI32
BSE,bse_cm,826GS2027,800148,D,8.26% CENTRAL GOVT 2027,826GS2027,1,0.05,826GS2027
BSE,bse_cm,832GS2032,800157,D,832GOI2032,832GS2032,1,0.05,832GS2032
BSE,bse_cm,833GS2036,800158,D,833GOI2036,833GS2036,1,0.05,833GS2036
BSE,bse_cm,683GS2039,800159,D,638GOI2039,683GS2039,1,0.01,683GS2039
BSE,bse_cm,83GS2040,800160,D,830GOI2040,83GS2040,1,0.05,83GS2040
BSE,bse_cm,883GS2041,800161,D,883GOI2041,883GS2041,1,0.05,883GS2041
BSE,bse_cm,83GS2042,800162,D,830GOI2042,83GS2042,1,0.05,83GS2042
BSE,bse_cm,923GS2043,800163,D,923GOI2043,923GS2043,1,0.01,923GS2043
BSE,bse_cm,824GS2027,800164,D,824GOI2027,824GS2027,1,0.05,824GS2027
BSE,bse_cm,828GS2027,800173,D,828GOI2027,828GS2027,1,0.05,828GS2027
BSE,bse_cm,601GS2028,800174,D,601GOI2028,601GS2028,1,0.01,601GS2028
BSE,bse_cm,613GS2028,800175,D,613GOI2028,613GS2028,1,0.01,613GS2028
BSE,bse_cm,897GS2030,800176,D,897GOI2030,897GS2030,1,0.05,897GS2030
BSE,bse_cm,92GS2030,800177,D,920GOI2030,92GS2030,1,0.05,92GS2030
BSE,bse_cm,828GS2032,800178,D,828GOI2032,828GS2032,1,0.05,828GS2032
BSE,bse_cm,833GS2032,800179,D,833GOI2032,833GS2032,1,0.01,833GS2032
BSE,bse_cm,75GS2034,800180,D,750GOI2034,75GS2034,1,0.05,75GS2034
BSE,bse_cm,74GS2035,800181,D,740GOI2035,74GS2035,1,0.05,74GS2035
BSE,bse_cm,824GS2033,800211,D,824GOI2033,824GS2033,1,0.05,824GS2033
BSE,bse_cm,1018GS2026,800212,D,1018GOI2026,1018GS2026,1,0.05,1018GS2026
BSE,bse_cm,815GS2026,800218,D,815GOI2026,815GS2026,1,0.05,815GS2026
BSE,bse_cm,86GS2028,800219,D,860GOI2028,86GS2028,1,0.01,86GS2028
BSE,bse_cm,795GS2032,800220,D,795GOI2032,795GS2032,1,0.05,795GS2032
BSE,bse_cm,FRBGOI2035,800239,D,FRBGOI2035,FRBGOI2035,1,0.01,FRBGOI2035
BSE,bse_cm,773GS2034,800241,D,773CG2034,773GS2034,1,0.01,773GS2034
BSE,bse_cm,761GS2030,800243,D,761CG2030,761GS2030,1,0.01,761GS2030
BSE,bse_cm,759GS2029,800246,D,759CG2029,759GS2029,1,0.01,759GS2029
BSE,bse_cm,788GS2030,800247,D,788CG2030,788GS2030,1,0.05,788GS2030
BSE,bse_cm,813CG2045A,800249,D,813CG2045,813CG2045A,1,0.05,813CG2045A
BSE,bse_cm,772GS2055,800250,D,772CG2055,772GS2055,1,0.05,772GS2055
BSE,bse_cm,817GS2044,800257,D,817GOI2044,817GS2044,1,0.05,817GS2044
BSE,bse_cm,697GS2026,800260,D,697GOI2026,697GS2026,1,0.01,697GS2026
BSE,bse_cm,679GS2029,800261,D,679GOI2029,679GS2029,1,0.05,679GS2029
BSE,bse_cm,657GS2033,800262,D,657GOI2033,657GS2033,1,0.05,657GS2033
BSE,bse_cm,706GS2046,800263,D,706GOI2046,706GS2046,1,0.01,706GS2046
BSE,bse_cm,662GS2051,800264,D,662GOI2051,662GS2051,1,0.01,662GS2051
BSE,bse_cm,679GS2027,800266,D,679GOI2027,679GS2027,1,0.05,679GS2027
BSE,bse_cm,668GS2031,800272,D,668GOI2031,668GS2031,1,0.01,668GS2031
BSE,bse_cm,717GS2028,800286,D,717GOI2028,717GS2028,1,0.05,717GS2028
BSE,bse_cm,SGBOCT26,800288,D,SOVEREIGN GOLD BOND 2019 SERIE,SGBOCT26,1,0.01,SGBOCT26
BSE,bse_cm,SGBNOV26,800289,D,SOVEREIGN GOLD BOND 2019 SERIE,SGBNOV26,1,0.01,SGBNOV26
BSE,bse_cm,SGBDEC26,800290,D,SOVEREIGN GOLD BOND 2019 SERIE,SGBDEC26,1,0.01,SGBDEC26
BSE,bse_cm,SGBJAN27,800291,D,SOVEREIGN GOLD BOND 2019 SERIE,SGBJAN27,1,0.01,SGBJAN27
BSE,bse_cm,SGBFEB27,800292,D,SOVERIEGN GOLD BOND 2019 SERIE,SGBFEB27,1,0.01,SGBFEB27
BSE,bse_cm,895FCI29,800293,D,895FCI29,895FCI29,1,0.01,895FCI29
BSE,bse_cm,757GS2033,800294,D,757GOI2033,757GS2033,1,0.05,757GS2033
BSE,bse_cm,SGBJUN27,800295,D,SOVEREIGN GOLD BOND 2019-20 SE,SGBJUN27,1,0.01,SGBJUN27
BSE,bse_cm,SGBJUL27,800296,D,SOVEREIGN GOLD BOND 2019-20 SE,SGBJUL27,1,0.01,SGBJUL27
BSE,bse_cm,SGBAUG27,800297,D,SOVEREIGN GOLD BOND 2019-20 SE,SGBAUG27,1,0.01,SGBAUG27
BSE,bse_cm,769GS2043,800298,D,769GOI2043,769GS2043,1,0.05,769GS2043
BSE,bse_cm,772GS2049,800299,D,772GOI2049,772GS2049,1,0.05,772GS2049
BSE,bse_cm,763GS2059,800300,D,763GOI2059,763GS2059,1,0.05,763GS2059
BSE,bse_cm,SGBSEP27,800301,D,Sovereign Gold Bonds 2019-20 S,SGBSEP27,1,0.01,SGBSEP27
BSE,bse_cm,SGBOCT27,800302,D,Sovereign Gold Bonds 2019 - 20,SGBOCT27,1,0.01,SGBOCT27
BSE,bse_cm,SGBOCT27VI,800303,D,Sovereign Gold Bonds 2019-20 S,SGBOCT27VI,1,0.01,SGBOCT27VI
BSE,bse_cm,762GS2039,800304,D,762GOI2039,762GS2039,1,0.05,762GS2039
BSE,bse_cm,726GS2029,800310,D,726GOI2029,726GS2029,1,0.05,726GS2029
BSE,bse_cm,645GS2029,800311,D,645GOI2029,645GS2029,1,0.01,645GS2029
BSE,bse_cm,SGBDC27VII,800312,D,Sovereign Gold Bonds 2019-20 S,SGBDC27VII,1,0.01,SGBDC27VII
BSE,bse_cm,SGBJ28VIII,800313,D,Sovereign Gold Bonds 2019-20 S,SGBJ28VIII,1,0.01,SGBJ28VIII
BSE,bse_cm,SGBFEB28IX,800314,D,Sovereign Gold Bonds 2019-20 S,SGBFEB28IX,1,0.01,SGBFEB28IX
BSE,bse_cm,SGBMAR28X,800315,D,Sovereign Gold Bonds 2019-20 S,SGBMAR28X,1,0.01,SGBMAR28X
BSE,bse_cm,719GS2060,800316,D,719GOI2060,719GS2060,1,0.01,719GS2060
BSE,bse_cm,716GS2050,800317,D,716GOI2050,716GS2050,1,0.01,716GS2050
BSE,bse_cm,SGBAPR28I,800318,D,Sovereign Gold Bonds 2020-21 S,SGBAPR28I,1,0.01,SGBAPR28I
BSE,bse_cm,579GS2030,800319,D,579GOI2030,579GS2030,1,0.01,579GS2030
BSE,bse_cm,SGBMAY28,800320,D,Sovereign Gold Bonds 2020-21 S,SGBMAY28,1,0.01,SGBMAY28
BSE,bse_cm,SGBJUN28,800322,D,Sovereign Gold Bonds 2020-21 S,SGBJUN28,1,0.01,SGBJUN28
BSE,bse_cm,619GS2034,800323,D,619GOI2034,619GS2034,1,0.05,619GS2034
BSE,bse_cm,SGBJUL28IV,800324,D,Sovereign Gold Bond 2020-21 IV,SGBJUL28IV,1,0.01,SGBJUL28IV
BSE,bse_cm,SGBAUG28V,800325,D,Sovereign Gold Bonds 2020-21 V,SGBAUG28V,1,0.01,SGBAUG28V
BSE,bse_cm,68GS2060,800326,D,68GOI2060,68GS2060,1,0.01,68GS2060
BSE,bse_cm,SGBSEP28VI,800327,D,Sovereign Gold Bonds 2020-21 S,SGBSEP28VI,1,0.01,SGBSEP28VI
BSE,bse_cm,SGBOC28VII,800328,D,Sovereign Gold Bonds 2020-21 S,SGBOC28VII,1,0.01,SGBOC28VII
BSE,bse_cm,SGBN28VIII,800329,D,Sovereign Gold Bonds 2020-21 S,SGBN28VIII,1,0.01,SGBN28VIII
BSE,bse_cm,667GS2050,800330,D,667GOI2050,667GS2050,1,0.01,667GS2050
BSE,bse_cm,SGBJAN29IX,800331,D,SGB 2020-21 Series IX,SGBJAN29IX,1,0.01,SGBJAN29IX
BSE,bse_cm,SGBJAN29X,800332,D,Sovereign Gold Bonds 2021-21 S,SGBJAN29X,1,0.01,SGBJAN29X
BSE,bse_cm,SGBFEB29XI,800333,D,SGB 2020-21 SERIES XI,SGBFEB29XI,1,0.01,SGBFEB29XI
BSE,bse_cm,676GS2061,800334,D,676GOI2061,676GS2061,1,0.01,676GS2061
BSE,bse_cm,SGBMR29XII,800339,D,SGB 2020-21 Series XII,SGBMR29XII,1,0.01,SGBMR29XII
BSE,bse_cm,SGBMAY29I,800340,D,SGB 2021-22 Series I,SGBMAY29I,1,0.01,SGBMAY29I
BSE,bse_cm,SGBJUN29II,800341,D,SGB 2021-22 Series II,SGBJUN29II,1,0.01,SGBJUN29II
BSE,bse_cm,SGBJU29III,800342,D,Sovereign Gold Bonds 2021-22  ,SGBJU29III,1,0.01,SGBJU29III
BSE,bse_cm,GS151226C,800358,D,GS15DEC26C,GS151226C,1,0.01,GS151226C
BSE,bse_cm,GS02JAN27C,800359,D,GS02JAN27C,GS02JAN27C,1,0.01,GS02JAN27C
BSE,bse_cm,GS12JUN27C,800360,D,GS12JUN27C,GS12JUN27C,1,0.01,GS12JUN27C
BSE,bse_cm,GS02JUL27C,800361,D,GS02JUL27C,GS02JUL27C,1,0.01,GS02JUL27C
BSE,bse_cm,GS12DEC27C,800362,D,GS12DEC27C,GS12DEC27C,1,0.01,GS12DEC27C
BSE,bse_cm,GS02JAN28C,800363,D,GS02JAN28C,GS02JAN28C,1,0.01,GS02JAN28C
BSE,bse_cm,GS12JUN28C,800364,D,GS12JUN28C,GS12JUN28C,1,0.01,GS12JUN28C
BSE,bse_cm,GS02JUL28C,800365,D,GS02JUL28C,GS02JUL28C,1,0.01,GS02JUL28C
BSE,bse_cm,GS12DEC28C,800366,D,GS12DEC28C,GS12DEC28C,1,0.01,GS12DEC28C
BSE,bse_cm,SGBJUL29IV,800367,D,Sovereign Gold Bond Series IV ,SGBJUL29IV,1,0.01,SGBJUL29IV
BSE,bse_cm,GS17DEC26C,800377,D,GS17DEC26C,GS17DEC26C,1,0.01,GS17DEC26C
BSE,bse_cm,GS220830C,800378,D,GS22AUG30C,GS220830C,1,0.01,GS220830C
BSE,bse_cm,GS220230C,800379,D,GS22FEB30C,GS220230C,1,0.01,GS220230C
BSE,bse_cm,GS02JAN36C,800380,D,GS02JAN36C,GS02JAN36C,1,0.01,GS02JAN36C
BSE,bse_cm,GS02JUL36C,800381,D,GS02JUL36C,GS02JUL36C,1,0.01,GS02JUL36C
BSE,bse_cm,GS02JUL40C,800382,D,GS02JUL40C,GS02JUL40C,1,0.01,GS02JUL40C
BSE,bse_cm,GS220840C,800383,D,GS22AUG40C,GS220840C,1,0.01,GS220840C
BSE,bse_cm,GS22FEB41C,800384,D,GS22FEB41C,GS22FEB41C,1,0.01,GS22FEB41C
BSE,bse_cm,SGBAUG29V,800385,D,Sovereign Gold Bonds 2021-22 S,SGBAUG29V,1,0.01,SGBAUG29V
BSE,bse_cm,SGBSEP29VI,800386,D,Sovereign Gold Bonds 2021-22 S,SGBSEP29VI,1,0.01,SGBSEP29VI
BSE,bse_cm,GS15DEC29C,800387,D,GS15DEC29C,GS15DEC29C,1,0.01,GS15DEC29C
BSE,bse_cm,GS17DEC29C,800388,D,GS17DEC29C,GS17DEC29C,1,0.01,GS17DEC29C
BSE,bse_cm,GS15JUN30C,800389,D,GS15JUN30C,GS15JUN30C,1,0.01,GS15JUN30C
BSE,bse_cm,GS17JUN30C,800391,D,GS17JUN30C,GS17JUN30C,1,0.01,GS17JUN30C
BSE,bse_cm,GS15DEC30C,800392,D,GS15DEC30C,GS15DEC30C,1,0.01,GS15DEC30C
BSE,bse_cm,GS17DEC30C,800393,D,GS17DEC30C,GS17DEC30C,1,0.01,GS17DEC30C
BSE,bse_cm,GS220231C,800394,D,GS22FEB31C,GS220231C,1,0.01,GS220231C
BSE,bse_cm,GS15JUN31C,800396,D,GS15JUN31C,GS15JUN31C,1,0.01,GS15JUN31C
BSE,bse_cm,GS22FEB27C,800397,D,GS22FEB27C,GS22FEB27C,1,0.01,GS22FEB27C
BSE,bse_cm,GS17JUN31C,800398,D,GS17JUN31C,GS17JUN31C,1,0.01,GS17JUN31C
BSE,bse_cm,GS220831C,800399,D,GS22AUG31C,GS220831C,1,0.01,GS220831C
BSE,bse_cm,GS15JUN27C,800400,D,GS15JUN27C,GS15JUN27C,1,0.01,GS15JUN27C
BSE,bse_cm,GS15DEC31C,800401,D,GS15DEC31C,GS15DEC31C,1,0.01,GS15DEC31C
BSE,bse_cm,GS17JUN27C,800402,D,GS17JUN27C,GS17JUN27C,1,0.01,GS17JUN27C
BSE,bse_cm,GS17DEC31C,800403,D,GS17DEC31C,GS17DEC31C,1,0.01,GS17DEC31C
BSE,bse_cm,GS22AUG27C,800404,D,GS22AUG27C,GS22AUG27C,1,0.01,GS22AUG27C
BSE,bse_cm,GS22FEB32C,800405,D,GS22FEB32C,GS22FEB32C,1,0.01,GS22FEB32C
BSE,bse_cm,GS15JUN32C,800406,D,GS15JUN32C,GS15JUN32C,1,0.01,GS15JUN32C
BSE,bse_cm,GS15DEC27C,800407,D,GS15DEC27C,GS15DEC27C,1,0.01,GS15DEC27C
BSE,bse_cm,GS17JUN32C,800408,D,GS17JUN32C,GS17JUN32C,1,0.01,GS17JUN32C
BSE,bse_cm,GS17DEC27C,800409,D,GS17DEC27C,GS17DEC27C,1,0.01,GS17DEC27C
BSE,bse_cm,GS22AUG32C,800410,D,GS22AUG32C,GS22AUG32C,1,0.01,GS22AUG32C
BSE,bse_cm,GS22FEB28C,800411,D,GS22FEB28C,GS22FEB28C,1,0.01,GS22FEB28C
BSE,bse_cm,GS15DEC32C,800412,D,GS15DEC32C,GS15DEC32C,1,0.01,GS15DEC32C
BSE,bse_cm,GS15JUN28C,800413,D,GS15JUN28C,GS15JUN28C,1,0.01,GS15JUN28C
BSE,bse_cm,GS17DEC32C,800414,D,GS17DEC32C,GS17DEC32C,1,0.01,GS17DEC32C
BSE,bse_cm,GS22FEB34C,800415,D,GS22FEB34C,GS22FEB34C,1,0.01,GS22FEB34C
BSE,bse_cm,GS17JUN28C,800416,D,GS17JUN28C,GS17JUN28C,1,0.01,GS17JUN28C
BSE,bse_cm,GS02JAN39C,800417,D,GS02JAN39C,GS02JAN39C,1,0.01,GS02JAN39C
BSE,bse_cm,GS15JUN39C,800418,D,GS15JUN39C,GS15JUN39C,1,0.01,GS15JUN39C
BSE,bse_cm,GS22AUG28C,800419,D,GS22AUG28C,GS22AUG28C,1,0.01,GS22AUG28C
BSE,bse_cm,GS17JUN39C,800420,D,GS17JUN39C,GS17JUN39C,1,0.01,GS17JUN39C
BSE,bse_cm,GS15DEC28C,800421,D,GS15DEC28C,GS15DEC28C,1,0.01,GS15DEC28C
BSE,bse_cm,GS02JUL39C,800422,D,GS02JUL39C,GS02JUL39C,1,0.01,GS02JUL39C
BSE,bse_cm,GS15DEC39C,800423,D,GS15DEC39C,GS15DEC39C,1,0.01,GS15DEC39C
BSE,bse_cm,GS17DEC28C,800424,D,GS17DEC28C,GS17DEC28C,1,0.01,GS17DEC28C
BSE,bse_cm,GS17JUN40C,800425,D,GS17JUN40C,GS17JUN40C,1,0.01,GS17JUN40C
BSE,bse_cm,GS02JAN29C,800426,D,GS02JAN29C,GS02JAN29C,1,0.01,GS02JAN29C
BSE,bse_cm,GS22FEB29C,800427,D,GS22FEB29C,GS22FEB29C,1,0.01,GS22FEB29C
BSE,bse_cm,GS15JUN29C,800428,D,GS15JUN29C,GS15JUN29C,1,0.01,GS15JUN29C
BSE,bse_cm,GS17JUN29C,800429,D,GS17JUN29C,GS17JUN29C,1,0.01,GS17JUN29C
BSE,bse_cm,GS22AUG29C,800430,D,GS22AUG29C,GS22AUG29C,1,0.01,GS22AUG29C
BSE,bse_cm,667GS2035,800432,D,667GOI2035,667GS2035,1,0.05,667GS2035
BSE,bse_cm,664GS2035,800433,D,664GOI35,664GS2035,1,0.01,664GS2035
BSE,bse_cm,SGBNV29VII,800434,D,Sovereign Gold Bonds 2021-22 S,SGBNV29VII,1,0.01,SGBNV29VII
BSE,bse_cm,699GS2051,800435,D,699GOI2051,699GS2051,1,0.01,699GS2051
BSE,bse_cm,695GS2061,800436,D,695GOI2061,695GS2061,1,0.01,695GS2061
BSE,bse_cm,SGBD29VIII,800437,D,Sovereign Gold Bonds 2021-22 S,SGBD29VIII,1,0.01,SGBD29VIII
BSE,bse_cm,SGBJAN30IX,800438,D,Soveriegn Gold Bonds 2021-22 S,SGBJAN30IX,1,0.01,SGBJAN30IX
BSE,bse_cm,SGBMAR30X,800439,D,Sovereign Gold Bonds 2021-22 S,SGBMAR30X,1,0.01,SGBMAR30X
BSE,bse_cm,654GS2032,800440,D,654GOI2032,654GS2032,1,0.05,654GS2032
BSE,bse_cm,754GS2036,800441,D,754GOI2036,754GS2036,1,0.05,754GS2036
BSE,bse_cm,738GS2027,800442,D,738GOI2027,738GS2027,1,0.05,738GS2027
BSE,bse_cm,SGBJUN30,800443,D,Sovereign Gold Bonds 2022-23 S,SGBJUN30,1,0.01,SGBJUN30
BSE,bse_cm,710GS2029,800444,D,71GOI2029,710GS2029,1,0.05,710GS2029
BSE,bse_cm,GS16DEC2030,800446,D,GS16DEC2030C,GS16DEC2030,1,0.01,GS16DEC2030
BSE,bse_cm,GS16DEC2026,800449,D,GS16DEC2026C,GS16DEC2026,1,0.01,GS16DEC2026
BSE,bse_cm,GS16JUN2027,800450,D,GS16JUN2027C,GS16JUN2027,1,0.01,GS16JUN2027
BSE,bse_cm,GS16DEC2027,800451,D,GS16DEC2027C,GS16DEC2027,1,0.01,GS16DEC2027
BSE,bse_cm,736GS2052,800452,D,736GOI2052,736GS2052,1,0.01,736GS2052
BSE,bse_cm,GS15JUN2034,800455,D,GS15JUN2034,GS15JUN2034,100,0.01,GS15JUN2034
BSE,bse_cm,GS15DEC2034,800456,D,GS15DEC2034,GS15DEC2034,100,0.01,GS15DEC2034
BSE,bse_cm,GS15JUN2035,800457,D,GS15JUN2035,GS15JUN2035,100,0.01,GS15JUN2035
BSE,bse_cm,GS15DEC2035,800458,D,GS15DEC2035,GS15DEC2035,100,0.01,GS15DEC2035
BSE,bse_cm,SGBAUG30,800488,D,Sovereign Gold Bonds 2022-23 S,SGBAUG30,1,0.01,SGBAUG30
BSE,bse_cm,74GS2062,800489,D,74GOI2062,74GS2062,1,0.01,74GS2062
BSE,bse_cm,GS19SEP2026,800496,D,GS19SEP2026,GS19SEP2026,1,0.01,GS19SEP2026
BSE,bse_cm,GS19MAR2027,800497,D,GS19MAR2027,GS19MAR2027,1,0.01,GS19MAR2027
BSE,bse_cm,GS19SEP2027,800498,D,GS19SEP2027,GS19SEP2027,1,0.01,GS19SEP2027
BSE,bse_cm,GS19MAR2028,800499,D,GS19MAR2028,GS19MAR2028,1,0.01,GS19MAR2028
BSE,bse_cm,GS19SEP2028,800500,D,GS19SEP2028,GS19SEP2028,1,0.01,GS19SEP2028
BSE,bse_cm,GS19MAR2029,800501,D,GS19MAR2029,GS19MAR2029,1,0.01,GS19MAR2029
BSE,bse_cm,GS19SEP2029,800502,D,GS19SEP2029,GS19SEP2029,1,0.01,GS19SEP2029
BSE,bse_cm,GS19MAR2030,800503,D,GS19MAR2030,GS19MAR2030,1,0.01,GS19MAR2030
BSE,bse_cm,GS19SEP2030,800504,D,GS19SEP2030,GS19SEP2030,1,0.01,GS19SEP2030
BSE,bse_cm,GS19MAR2031,800505,D,GS19MAR2031,GS19MAR2031,1,0.01,GS19MAR2031
BSE,bse_cm,GS19SEP2031,800506,D,GS19SEP2031,GS19SEP2031,1,0.01,GS19SEP2031
BSE,bse_cm,GS19SEP2034,800508,D,GS19SEP2034,GS19SEP2034,1,0.01,GS19SEP2034
BSE,bse_cm,GS19MAR2032,800509,D,GS19MAR2032,GS19MAR2032,1,0.01,GS19MAR2032
BSE,bse_cm,GS19SEP2032,800510,D,GS19SEP2032,GS19SEP2032,1,0.01,GS19SEP2032
BSE,bse_cm,GS19MAR2033,800511,D,GS19MAR2033,GS19MAR2033,1,0.01,GS19MAR2033
BSE,bse_cm,GS19MAR2035,800512,D,GS19MAR2035,GS19MAR2035,1,0.01,GS19MAR2035
BSE,bse_cm,GS19SEP2033,800513,D,GS19SEP2033,GS19SEP2033,1,0.01,GS19SEP2033
BSE,bse_cm,GS19SEP2035,800514,D,GS19SEP2035,GS19SEP2035,1,0.01,GS19SEP2035
BSE,bse_cm,GS19MAR2036,800515,D,GS19MAR2036,GS19MAR2036,1,0.01,GS19MAR2036
BSE,bse_cm,GS19SEP2036,800516,D,GS19SEP2036,GS19SEP2036,1,0.01,GS19SEP2036
BSE,bse_cm,GS19SEP2058,800517,D,GS19SEP2058,GS19SEP2058,1,0.01,GS19SEP2058
BSE,bse_cm,726GS2032,800520,D,726GOI2032,726GS2032,1,0.05,726GS2032
BSE,bse_cm,GS19MAR2038,800521,D,GS19MAR2038,GS19MAR2038,1,0.01,GS19MAR2038
BSE,bse_cm,GS19MAR2040,800522,D,GS19MAR2040,GS19MAR2040,1,0.01,GS19MAR2040
BSE,bse_cm,GS19MAR2037,800523,D,GS19MAR2037,GS19MAR2037,1,0.01,GS19MAR2037
BSE,bse_cm,GS19MAR2039,800524,D,GS19MAR2039,GS19MAR2039,1,0.01,GS19MAR2039
BSE,bse_cm,GS19MAR2041,800525,D,GS19MAR2041,GS19MAR2041,1,0.01,GS19MAR2041
BSE,bse_cm,GS19MAR2043,800526,D,GS19MAR2043,GS19MAR2043,1,0.01,GS19MAR2043
BSE,bse_cm,GS19MAR2045,800527,D,GS19MAR2045,GS19MAR2045,1,0.01,GS19MAR2045
BSE,bse_cm,GS19MAR2047,800528,D,GS19MAR2047,GS19MAR2047,1,0.01,GS19MAR2047
BSE,bse_cm,GS19MAR2049,800529,D,GS19MAR2049,GS19MAR2049,1,0.01,GS19MAR2049
BSE,bse_cm,GS19MAR2051,800530,D,GS19MAR2051,GS19MAR2051,1,0.01,GS19MAR2051
BSE,bse_cm,GS19MAR2053,800531,D,GS19MAR2053,GS19MAR2053,1,0.01,GS19MAR2053
BSE,bse_cm,GS19SEP2038,800532,D,GS19SEP2038C,GS19SEP2038,1,0.01,GS19SEP2038
BSE,bse_cm,GS19MAR2055,800533,D,GS19MAR2055,GS19MAR2055,1,0.01,GS19MAR2055
BSE,bse_cm,GS19MAR2057,800534,D,GS19MAR2057,GS19MAR2057,1,0.01,GS19MAR2057
BSE,bse_cm,GS19MAR2042,800535,D,GS19MAR2042,GS19MAR2042,1,0.01,GS19MAR2042
BSE,bse_cm,GS19SEP2059,800536,D,GS19SEP2059,GS19SEP2059,1,0.01,GS19SEP2059
BSE,bse_cm,GS19SEP2061,800537,D,GS19SEP2061,GS19SEP2061,1,0.01,GS19SEP2061
BSE,bse_cm,GS19MAR2044,800538,D,GS19MAR2044,GS19MAR2044,1,0.01,GS19MAR2044
BSE,bse_cm,GS19SEP2040,800539,D,GS19SEP2040,GS19SEP2040,1,0.01,GS19SEP2040
BSE,bse_cm,GS19SEP2042,800540,D,GS19SEP2042,GS19SEP2042,1,0.01,GS19SEP2042
BSE,bse_cm,GS19MAR2046,800541,D,GS19MAR2046,GS19MAR2046,1,0.01,GS19MAR2046
BSE,bse_cm,GS19SEP2044,800542,D,GS19SEP2044,GS19SEP2044,1,0.01,GS19SEP2044
BSE,bse_cm,GS19MAR2048,800543,D,GS19MAR2048,GS19MAR2048,1,0.01,GS19MAR2048
BSE,bse_cm,GS19MAR2050,800544,D,GS19MAR2050,GS19MAR2050,1,0.01,GS19MAR2050
BSE,bse_cm,GS19SEP2046,800545,D,GS19SEP2046,GS19SEP2046,1,0.01,GS19SEP2046
BSE,bse_cm,GS19SEP2048,800546,D,GS19SEP2048,GS19SEP2048,1,0.01,GS19SEP2048
BSE,bse_cm,GS19MAR2052,800547,D,GS19MAR2052,GS19MAR2052,1,0.01,GS19MAR2052
BSE,bse_cm,GS19SEP2050,800548,D,GS19SEP2050,GS19SEP2050,1,0.01,GS19SEP2050
BSE,bse_cm,GS19SEP2052,800549,D,GS19SEP2052,GS19SEP2052,1,0.01,GS19SEP2052
BSE,bse_cm,GS19MAR2054,800550,D,GS19MAR2054,GS19MAR2054,1,0.01,GS19MAR2054
BSE,bse_cm,GS19SEP2054,800551,D,GS19SEP2054,GS19SEP2054,1,0.01,GS19SEP2054
BSE,bse_cm,GS19SEP2056,800552,D,GS19SEP2056,GS19SEP2056,1,0.01,GS19SEP2056
BSE,bse_cm,GS19MAR2059,800553,D,GS19MAR2059,GS19MAR2059,1,0.01,GS19MAR2059
BSE,bse_cm,GS19SEP2037,800554,D,GS19SEP2037,GS19SEP2037,1,0.01,GS19SEP2037
BSE,bse_cm,GS19MAR2056,800555,D,GS19MAR2056,GS19MAR2056,1,0.01,GS19MAR2056
BSE,bse_cm,GS19MAR2061,800556,D,GS19MAR2061,GS19MAR2061,1,0.01,GS19MAR2061
BSE,bse_cm,GS19SEP2039,800557,D,GS19SEP2039,GS19SEP2039,1,0.01,GS19SEP2039
BSE,bse_cm,GS19MAR2058,800558,D,GS19MAR2058,GS19MAR2058,1,0.01,GS19MAR2058
BSE,bse_cm,GS19SEP2041,800559,D,GS19SEP2041,GS19SEP2041,1,0.01,GS19SEP2041
BSE,bse_cm,GS19SEP2060,800560,D,GS19SEP2060,GS19SEP2060,1,0.01,GS19SEP2060
BSE,bse_cm,GS19SEP2062,800561,D,GS19SEP2062,GS19SEP2062,1,0.01,GS19SEP2062
BSE,bse_cm,GS19SEP2043,800562,D,GS19SEP2043,GS19SEP2043,1,0.01,GS19SEP2043
BSE,bse_cm,GS19SEP2045,800563,D,GS19SEP2045,GS19SEP2045,1,0.01,GS19SEP2045
BSE,bse_cm,GS19SEP2047,800564,D,GS19SEP2047,GS19SEP2047,1,0.01,GS19SEP2047
BSE,bse_cm,GS19SEP2049,800565,D,GS19SEP2049,GS19SEP2049,1,0.01,GS19SEP2049
BSE,bse_cm,GS19SEP2051,800566,D,GS19SEP2051,GS19SEP2051,1,0.01,GS19SEP2051
BSE,bse_cm,GS19SEP2053,800567,D,GS19SEP2053,GS19SEP2053,1,0.01,GS19SEP2053
BSE,bse_cm,GS19SEP2055,800568,D,GS19SEP2055,GS19SEP2055,1,0.01,GS19SEP2055
BSE,bse_cm,GS19SEP2057,800569,D,GS19SEP2057,GS19SEP2057,1,0.01,GS19SEP2057
BSE,bse_cm,GS19MAR2060,800570,D,GS19MAR2060,GS19MAR2060,1,0.01,GS19MAR2060
BSE,bse_cm,GS19MAR2062,800571,D,GS19MAR2062,GS19MAR2062,1,0.01,GS19MAR2062
BSE,bse_cm,GS16JUN2029,800572,D,GS16JUN2029,GS16JUN2029,1,0.01,GS16JUN2029
BSE,bse_cm,SGBDE30III,800573,D,Soverign Gold Bond 2022-23 Sr ,SGBDE30III,1,0.01,SGBDE30III
BSE,bse_cm,741GS2036,800574,D,741GOI36,741GS2036,1,0.05,741GS2036
BSE,bse_cm,SGBMAR31IV,800575,D,Sovereign Gold Bond 2022-23 Sr,SGBMAR31IV,1,0.01,SGBMAR31IV
BSE,bse_cm,726GS2033,800576,D,726GOI2033,726GS2033,1,0.05,726GS2033
BSE,bse_cm,GSEC190962,800577,D,GSEC190962,GSEC190962,1,0.05,GSEC190962
BSE,bse_cm,SGBJUN31I,800580,D,Sovereign Gold Bonds 2023-24 S,SGBJUN31I,1,0.01,SGBJUN31I
BSE,bse_cm,706GS2028,800581,D,706GS28M23,706GS2028,1,0.05,706GS2028
BSE,bse_cm,GS12DC2032C,800582,D,GS12DC2032C,GS12DC2032C,1,0.01,GS12DC2032C
BSE,bse_cm,574GS2026,800583,D,574GS2026,574GS2026,1,0.01,574GS2026
BSE,bse_cm,73GS2053,800584,D,73GOI2053,73GS2053,1,0.05,73GS2053
BSE,bse_cm,GS12DEC2030,800585,D,GS12DEC2030,GS12DEC2030,1,0.01,GS12DEC2030
BSE,bse_cm,GS19DEC2030,800586,D,GS19DEC2030,GS19DEC2030,1,0.01,GS19DEC2030
BSE,bse_cm,GS19JUN2031,800587,D,GS19JUN2031,GS19JUN2031,1,0.01,GS19JUN2031
BSE,bse_cm,725GS2063,800588,D,725GOI2063,725GS2063,1,0.01,725GS2063
BSE,bse_cm,GS12JUN2040,800592,D,GS12JUN2040,GS12JUN2040,1,0.01,GS12JUN2040
BSE,bse_cm,GS12DEC2040,800593,D,GS12DEC2040,GS12DEC2040,1,0.01,GS12DEC2040
BSE,bse_cm,GS12JUN2041,800594,D,GS12JUN2041,GS12JUN2041,1,0.01,GS12JUN2041
BSE,bse_cm,GS12DEC2041,800595,D,GS12DEC2041,GS12DEC2041,1,0.01,GS12DEC2041
BSE,bse_cm,SGBSEP31II,800596,D,Sovereign Gold Bonds 2023-24 S,SGBSEP31II,1,0.01,SGBSEP31II
BSE,bse_cm,746GS2073,800597,D,746GOI2073,746GS2073,1,0.05,746GS2073
BSE,bse_cm,718GS2037,800598,D,718GS2037,718GS2037,1,0.05,718GS2037
BSE,bse_cm,718GS2033,800599,D,718GS2033,718GS2033,1,0.05,718GS2033
BSE,bse_cm,GS12SEP2041,800600,D,GS12SEP2041,GS12SEP2041,1,0.01,GS12SEP2041
BSE,bse_cm,737GR2054,800601,D,737GS54,737GR2054,1,0.05,737GR2054
BSE,bse_cm,SGBDE31III,800603,D,Sovereign Gold Bonds 2023-24 S,SGBDE31III,1,0.01,SGBDE31III
BSE,bse_cm,733GS2026,800604,D,733GS26J24,733GS2026,1,0.05,733GS2026
BSE,bse_cm,SGBFEB32IV,800605,D,Sovereign Gold Bonds 2023-24 S,SGBFEB32IV,1,0.01,SGBFEB32IV
BSE,bse_cm,GS12DEC2034,800606,D,GS12DEC2034C,GS12DEC2034,1,0.01,GS12DEC2034
BSE,bse_cm,734GS2064,800607,D,734GOI2064,734GS2064,1,0.01,734GS2064
BSE,bse_cm,71GS2034,800608,D,71GOI2034,71GS2034,1,0.01,71GS2034
BSE,bse_cm,GS12JUN33,800609,D,GS12JUN33,GS12JUN33,1,0.01,GS12JUN33
BSE,bse_cm,GS12DEC33,800610,D,GS12DEC33,GS12DEC33,1,0.01,GS12DEC33
BSE,bse_cm,GS12JUN34,800611,D,GS12JUN34,GS12JUN34,1,0.01,GS12JUN34
BSE,bse_cm,GS06NOV29C,800612,D,GS06NOV29C,GS06NOV29C,1,0.01,GS06NOV29C
BSE,bse_cm,GS06MAY30C,800613,D,GS06MAY30C,GS06MAY30C,1,0.01,GS06MAY30C
BSE,bse_cm,GS06NOV30C,800614,D,GS06NOV30C,GS06NOV30C,1,0.01,GS06NOV30C
BSE,bse_cm,GS12JUN32C,800615,D,GS12JUN32C,GS12JUN32C,1,0.01,GS12JUN32C
BSE,bse_cm,GS22OCT30,800616,D,GS22OCT30,GS22OCT30,1,0.01,GS22OCT30
BSE,bse_cm,GS22OCT29,800617,D,GS22OCT29,GS22OCT29,1,0.01,GS22OCT29
BSE,bse_cm,709GOI54,800618,D,709GOI54,709GOI54,1,0.01,709GOI54
BSE,bse_cm,GS22OCT32,800619,D,GS22OCT32,GS22OCT32,1,0.01,GS22OCT32
BSE,bse_cm,GS22APR33,800620,D,GS22APR33,GS22APR33,1,0.01,GS22APR33
BSE,bse_cm,GS22OCT33,800621,D,GS22OCT33,GS22OCT33,1,0.01,GS22OCT33
BSE,bse_cm,GS15APR34C,800622,D,GS15APR34C,GS15APR34C,1,0.01,GS15APR34C
BSE,bse_cm,GS15OCT34C,800623,D,GS15OCT34C,GS15OCT34C,1,0.01,GS15OCT34C
BSE,bse_cm,GS15APR35C,800624,D,GS15APR35C,GS15APR35C,1,0.01,GS15APR35C
BSE,bse_cm,GS15OCT35C,800625,D,GS15OCT35C,GS15OCT35C,1,0.01,GS15OCT35C
BSE,bse_cm,GS15APR36C,800626,D,GS15APR36C,GS15APR36C,1,0.01,GS15APR36C
BSE,bse_cm,GS15OCT36C,800627,D,GS15OCT36C,GS15OCT36C,1,0.01,GS15OCT36C
BSE,bse_cm,GS15APR37C,800628,D,GS15APR37C,GS15APR37C,1,0.01,GS15APR37C
BSE,bse_cm,GS15OCT37C,800629,D,GS15OCT37C,GS15OCT37C,1,0.01,GS15OCT37C
BSE,bse_cm,GS15APR38C,800630,D,GS15APR38C,GS15APR38C,1,0.01,GS15APR38C
BSE,bse_cm,GS15OCT38C,800631,D,GS15OCT38C,GS15OCT38C,1,0.01,GS15OCT38C
BSE,bse_cm,GS15APR39C,800632,D,GS15APR39C,GS15APR39C,1,0.01,GS15APR39C
BSE,bse_cm,GS15APR29C,800633,D,GS15APR29C,GS15APR29C,1,0.01,GS15APR29C
BSE,bse_cm,GS15OCT29C,800634,D,GS15OCT29C,GS15OCT29C,1,0.01,GS15OCT29C
BSE,bse_cm,GS15APR30C,800635,D,GS15APR30C,GS15APR30C,1,0.01,GS15APR30C
BSE,bse_cm,GS15OCT30C,800636,D,GS15OCT30C,GS15OCT30C,1,0.01,GS15OCT30C
BSE,bse_cm,GS15APR31C,800637,D,GS15APR31C,GS15APR31C,1,0.01,GS15APR31C
BSE,bse_cm,GS15OCT31C,800638,D,GS15OCT31C,GS15OCT31C,1,0.01,GS15OCT31C
BSE,bse_cm,GS15APR32C,800639,D,GS15APR32C,GS15APR32C,1,0.01,GS15APR32C
BSE,bse_cm,GS15OCT32C,800640,D,GS15OCT32C,GS15OCT32C,1,0.01,GS15OCT32C
BSE,bse_cm,GS15APR33C,800641,D,GS15APR33C,GS15APR33C,1,0.01,GS15APR33C
BSE,bse_cm,GS15OCT33C,800642,D,GS15OCT33C,GS15OCT33C,1,0.01,GS15OCT33C
BSE,bse_cm,GS22OCT31C,800643,D,GS22OCT31C,GS22OCT31C,1,0.01,GS22OCT31C
BSE,bse_cm,GS22APR32C,800644,D,GS22APR32C,GS22APR32C,1,0.01,GS22APR32C
BSE,bse_cm,723GS39P,800645,D,723GS39P,723GS39P,1,0.01,723GS39P
BSE,bse_cm,GS15OCT26C,800650,D,GS15OCT26C,GS15OCT26C,1,0.01,GS15OCT26C
BSE,bse_cm,GS15APR27C,800651,D,GS15APR27C,GS15APR27C,1,0.01,GS15APR27C
BSE,bse_cm,GS15OCT27C,800652,D,GS15OCT27C,GS15OCT27C,1,0.01,GS15OCT27C
BSE,bse_cm,GS15APR28C,800653,D,GS15APR28C,GS15APR28C,1,0.01,GS15APR28C
BSE,bse_cm,GS15OCT28C,800654,D,GS15OCT28C,GS15OCT28C,1,0.01,GS15OCT28C
BSE,bse_cm,723GS2039,800655,D,723GS2039,723GS2039,1,0.01,723GS2039
BSE,bse_cm,GS06MAY39C,800656,D,GS06MAY39C,GS06MAY39C,1,0.01,GS06MAY39C
BSE,bse_cm,GS17JUN35,800657,D,GS17JUN35,GS17JUN35,1,0.01,GS17JUN35
BSE,bse_cm,GS06NOV39C,800658,D,GS06NOV39C,GS06NOV39C,1,0.01,GS06NOV39C
BSE,bse_cm,GS22AUG35,800659,D,GS22AUG35,GS22AUG35,1,0.01,GS22AUG35
BSE,bse_cm,GS15MAR34C,800660,D,GS15MAR34C,GS15MAR34C,1,0.01,GS15MAR34C
BSE,bse_cm,GS17JUN34C,800661,D,GS17JUN34C,GS17JUN34C,1,0.01,GS17JUN34C
BSE,bse_cm,GS17DEC35,800662,D,GS17DEC35,GS17DEC35,1,0.01,GS17DEC35
BSE,bse_cm,GS22AUG34C,800663,D,GS22AUG34C,GS22AUG34C,1,0.01,GS22AUG34C
BSE,bse_cm,GS12JUN42,800664,D,GS12JUN42,GS12JUN42,1,0.01,GS12JUN42
BSE,bse_cm,GS17DEC34C,800665,D,GS17DEC34C,GS17DEC34C,1,0.01,GS17DEC34C
BSE,bse_cm,GS12DEC42,800666,D,GS12DEC42,GS12DEC42,1,0.01,GS12DEC42
BSE,bse_cm,GS22FEB35C,800667,D,GS22FEB35C,GS22FEB35C,1,0.01,GS22FEB35C
BSE,bse_cm,GS12JUN43,800668,D,GS12JUN43,GS12JUN43,1,0.01,GS12JUN43
BSE,bse_cm,GS06NOV35C,800669,D,GS06NOV35C,GS06NOV35C,1,0.01,GS06NOV35C
BSE,bse_cm,GS12DEC43,800670,D,GS12DEC43,GS12DEC43,1,0.01,GS12DEC43
BSE,bse_cm,GS12JUN44,800671,D,GS12JUN44,GS12JUN44,1,0.01,GS12JUN44
BSE,bse_cm,GS06MAY36C,800672,D,GS06MAY36C,GS06MAY36C,1,0.01,GS06MAY36C
BSE,bse_cm,GS12DEC44,800673,D,GS12DEC44,GS12DEC44,1,0.01,GS12DEC44
BSE,bse_cm,GS22APR35C,800674,D,GS22APR35C,GS22APR35C,1,0.01,GS22APR35C
BSE,bse_cm,GS06NOV36C,800675,D,GS06NOV36C,GS06NOV36C,1,0.01,GS06NOV36C
BSE,bse_cm,GS06MAY37C,800676,D,GS06MAY37C,GS06MAY37C,1,0.01,GS06MAY37C
BSE,bse_cm,GS22OCT35C,800677,D,GS22OCT35C,GS22OCT35C,1,0.01,GS22OCT35C
BSE,bse_cm,GS06NOV37C,800678,D,GS06NOV37C,GS06NOV37C,1,0.01,GS06NOV37C
BSE,bse_cm,GS22APR36C,800679,D,GS22APR36C,GS22APR36C,1,0.01,GS22APR36C
BSE,bse_cm,GS06MAY38C,800680,D,GS06MAY38C,GS06MAY38C,1,0.01,GS06MAY38C
BSE,bse_cm,GS22OCT36C,800681,D,GS22OCT36C,GS22OCT36C,1,0.01,GS22OCT36C
BSE,bse_cm,GS06NOV38C,800682,D,GS06NOV38C,GS06NOV38C,1,0.01,GS06NOV38C
BSE,bse_cm,GS06MAY34C,800683,D,GS06MAY34C,GS06MAY34C,1,0.01,GS06MAY34C
BSE,bse_cm,GS06NOV34C,800684,D,GS06NOV34C,GS06NOV34C,1,0.01,GS06NOV34C
BSE,bse_cm,GS06MAY35C,800685,D,GS06MAY35C,GS06MAY35C,1,0.01,GS06MAY35C
BSE,bse_cm,GS22OCT44,800686,D,GS22OCT44,GS22OCT44,1,0.01,GS22OCT44
BSE,bse_cm,GS22APR44,800687,D,GS22APR44,GS22APR44,1,0.01,GS22APR44
BSE,bse_cm,GS22OCT43,800688,D,GS22OCT43,GS22OCT43,1,0.01,GS22OCT43
BSE,bse_cm,GS22APR43,800689,D,GS22APR43,GS22APR43,1,0.01,GS22APR43
BSE,bse_cm,GS22OCT42,800690,D,GS22OCT42,GS22OCT42,1,0.01,GS22OCT42
BSE,bse_cm,GS22APR42,800691,D,GS22APR42,GS22APR42,1,0.01,GS22APR42
BSE,bse_cm,GS22OCT41,800692,D,GS22OCT41,GS22OCT41,1,0.01,GS22OCT41
BSE,bse_cm,GS22APR41,800693,D,GS22APR41,GS22APR41,1,0.01,GS22APR41
BSE,bse_cm,GS22OCT40,800694,D,GS22OCT40,GS22OCT40,1,0.01,GS22OCT40
BSE,bse_cm,GS22APR40,800695,D,GS22APR40,GS22APR40,1,0.01,GS22APR40
BSE,bse_cm,GS22OCT39,800696,D,GS22OCT39,GS22OCT39,1,0.01,GS22OCT39
BSE,bse_cm,GS22OCT38,800697,D,GS22OCT38,GS22OCT38,1,0.01,GS22OCT38
BSE,bse_cm,GS22APR38,800698,D,GS22APR38,GS22APR38,1,0.01,GS22APR38
BSE,bse_cm,GS22OCT37,800699,D,GS22OCT37,GS22OCT37,1,0.01,GS22OCT37
BSE,bse_cm,GS22APR37,800700,D,GS22APR37,GS22APR37,1,0.01,GS22APR37
BSE,bse_cm,GS22OCT34,800701,D,GS22OCT34,GS22OCT34,1,0.01,GS22OCT34
BSE,bse_cm,GS22APR39,800702,D,GS22APR39,GS22APR39,1,0.01,GS22APR39
BSE,bse_cm,GS22APR34,800703,D,GS22APR34,GS22APR34,1,0.01,GS22APR34
BSE,bse_cm,GS12JUN45,800704,D,GS12JUN45,GS12JUN45,1,0.01,GS12JUN45
BSE,bse_cm,GS12DEC45,800705,D,GS12DEC45,GS12DEC45,1,0.01,GS12DEC45
BSE,bse_cm,GS12SEP27,800706,D,GS12SEP27,GS12SEP27,1,0.01,GS12SEP27
BSE,bse_cm,GS22APR45,800707,D,GS22APR45,GS22APR45,1,0.01,GS22APR45
BSE,bse_cm,GS12JUN46,800708,D,GS12JUN46,GS12JUN46,1,0.01,GS12JUN46
BSE,bse_cm,GS12JUN47,800709,D,GS12JUN47,GS12JUN47,1,0.01,GS12JUN47
BSE,bse_cm,GS22APR48,800710,D,GS22APR48,GS22APR48,1,0.01,GS22APR48
BSE,bse_cm,GS12DEC48,800711,D,GS12DEC48,GS12DEC48,1,0.01,GS12DEC48
BSE,bse_cm,GS22OCT49,800712,D,GS22OCT49,GS22OCT49,1,0.01,GS22OCT49
BSE,bse_cm,GS22OCT45,800713,D,GS22OCT45,GS22OCT45,1,0.01,GS22OCT45
BSE,bse_cm,GS22APR46,800714,D,GS22APR46,GS22APR46,1,0.01,GS22APR46
BSE,bse_cm,GS22APR47,800715,D,GS22APR47,GS22APR47,1,0.01,GS22APR47
BSE,bse_cm,GS12DEC47,800716,D,GS12DEC47,GS12DEC47,1,0.01,GS12DEC47
BSE,bse_cm,GS22OCT48,800717,D,GS22OCT48,GS22OCT48,1,0.01,GS22OCT48
BSE,bse_cm,GS12JUN49,800718,D,GS12JUN49,GS12JUN49,1,0.01,GS12JUN49
BSE,bse_cm,GS22OCT46B,800719,D,GS22OCT46B,GS22OCT46B,1,0.01,GS22OCT46B
BSE,bse_cm,GS22OCT47C,800720,D,GS22OCT47C,GS22OCT47C,1,0.01,GS22OCT47C
BSE,bse_cm,GS12JUN48D,800721,D,GS12JUN48D,GS12JUN48D,1,0.01,GS12JUN48D
BSE,bse_cm,GS22APR49E,800722,D,GS22APR49E,GS22APR49E,1,0.01,GS22APR49E
BSE,bse_cm,GS12DEC49F,800723,D,GS12DEC49F,GS12DEC49F,1,0.01,GS12DEC49F
BSE,bse_cm,GS06MAY33,800724,D,GS06MAY33,GS06MAY33,1,0.01,GS06MAY33
BSE,bse_cm,GS06NOV33,800725,D,GS06NOV33,GS06NOV33,1,0.01,GS06NOV33
BSE,bse_cm,GS06NOV46,800726,D,GS06NOV46,GS06NOV46,1,0.01,GS06NOV46
BSE,bse_cm,GS06MAY40,800727,D,GS06MAY40,GS06MAY40,1,0.01,GS06MAY40
BSE,bse_cm,GS06MAY47,800728,D,GS06MAY47,GS06MAY47,1,0.01,GS06MAY47
BSE,bse_cm,GS06NOV40,800729,D,GS06NOV40,GS06NOV40,1,0.01,GS06NOV40
BSE,bse_cm,GS06NOV47,800730,D,GS06NOV47,GS06NOV47,1,0.01,GS06NOV47
BSE,bse_cm,GS06MAY41,800731,D,GS06MAY41,GS06MAY41,1,0.01,GS06MAY41
BSE,bse_cm,GS06MAY48,800732,D,GS06MAY48,GS06MAY48,1,0.01,GS06MAY48
BSE,bse_cm,GS06NOV41,800733,D,GS06NOV41,GS06NOV41,1,0.01,GS06NOV41
BSE,bse_cm,GS06NOV48,800734,D,GS06NOV48,GS06NOV48,1,0.01,GS06NOV48
BSE,bse_cm,GS06MAY42,800735,D,GS06MAY42,GS06MAY42,1,0.01,GS06MAY42
BSE,bse_cm,GS06MAY49,800736,D,GS06MAY49,GS06MAY49,1,0.01,GS06MAY49
BSE,bse_cm,GS06NOV42,800737,D,GS06NOV42,GS06NOV42,1,0.01,GS06NOV42
BSE,bse_cm,GS06NOV49,800738,D,GS06NOV49,GS06NOV49,1,0.01,GS06NOV49
BSE,bse_cm,GS06MAY43,800739,D,GS06MAY43,GS06MAY43,1,0.01,GS06MAY43
BSE,bse_cm,GS06MAY50,800740,D,GS06MAY50,GS06MAY50,1,0.01,GS06MAY50
BSE,bse_cm,GS06NOV43,800741,D,GS06NOV43,GS06NOV43,1,0.01,GS06NOV43
BSE,bse_cm,GS06NOV50,800742,D,GS06NOV50,GS06NOV50,1,0.01,GS06NOV50
BSE,bse_cm,GS06MAY44,800743,D,GS06MAY44,GS06MAY44,1,0.01,GS06MAY44
BSE,bse_cm,GS06NOV44,800744,D,GS06NOV44,GS06NOV44,1,0.01,GS06NOV44
BSE,bse_cm,GS06MAY51,800745,D,GS06MAY51,GS06MAY51,1,0.01,GS06MAY51
BSE,bse_cm,GS06NOV51,800746,D,GS06NOV51,GS06NOV51,1,0.01,GS06NOV51
BSE,bse_cm,GS06MAY45,800747,D,GS06MAY45,GS06MAY45,1,0.01,GS06MAY45
BSE,bse_cm,GS06NOV45,800748,D,GS06NOV45,GS06NOV45,1,0.01,GS06NOV45
BSE,bse_cm,GS06MAY46,800749,D,GS06MAY46,GS06MAY46,1,0.01,GS06MAY46
BSE,bse_cm,GS06MAY52,800750,D,GS06MAY52,GS06MAY52,1,0.01,GS06MAY52
BSE,bse_cm,GS06MAY60,800751,D,GS06MAY60,GS06MAY60,1,0.01,GS06MAY60
BSE,bse_cm,7466NOV73,800752,D,7466NOV73,7466NOV73,1,0.01,7466NOV73
BSE,bse_cm,GS06NOV52,800753,D,GS06NOV52,GS06NOV52,1,0.01,GS06NOV52
BSE,bse_cm,GS06MAY53,800754,D,GS06MAY53,GS06MAY53,1,0.01,GS06MAY53
BSE,bse_cm,GS06NOV60,800755,D,GS06NOV60,GS06NOV60,1,0.01,GS06NOV60
BSE,bse_cm,GS06MAY61,800756,D,GS06MAY61,GS06MAY61,1,0.01,GS06MAY61
BSE,bse_cm,GS06NOV53,800757,D,GS06NOV53,GS06NOV53,1,0.01,GS06NOV53
BSE,bse_cm,GS06NOV73,800758,D,GS06NOV73,GS06NOV73,1,0.01,GS06NOV73
BSE,bse_cm,GS06MAY54,800759,D,GS06MAY54,GS06MAY54,1,0.01,GS06MAY54
BSE,bse_cm,GS06NOV61,800760,D,GS06NOV61,GS06NOV61,1,0.01,GS06NOV61
BSE,bse_cm,GS06NOV54,800761,D,GS06NOV54,GS06NOV54,1,0.01,GS06NOV54
BSE,bse_cm,GS06MAY55,800762,D,GS06MAY55,GS06MAY55,1,0.01,GS06MAY55
BSE,bse_cm,GS06MAY73,800763,D,GS06MAY73,GS06MAY73,1,0.01,GS06MAY73
BSE,bse_cm,GS06MAY62,800764,D,GS06MAY62,GS06MAY62,1,0.01,GS06MAY62
BSE,bse_cm,GS06NOV55,800765,D,GS06NOV55,GS06NOV55,1,0.01,GS06NOV55
BSE,bse_cm,GS06MAY56,800766,D,GS06MAY56,GS06MAY56,1,0.01,GS06MAY56
BSE,bse_cm,GS06NOV62,800767,D,GS06NOV62,GS06NOV62,1,0.01,GS06NOV62
BSE,bse_cm,GS06NOV72,800768,D,GS06NOV72,GS06NOV72,1,0.01,GS06NOV72
BSE,bse_cm,GS06NOV56,800769,D,GS06NOV56,GS06NOV56,1,0.01,GS06NOV56
BSE,bse_cm,GS06MAY57,800770,D,GS06MAY57,GS06MAY57,1,0.01,GS06MAY57
BSE,bse_cm,GS06MAY63,800771,D,GS06MAY63,GS06MAY63,1,0.01,GS06MAY63
BSE,bse_cm,GS06NOV57,800772,D,GS06NOV57,GS06NOV57,1,0.01,GS06NOV57
BSE,bse_cm,GS06NOV63,800773,D,GS06NOV63,GS06NOV63,1,0.01,GS06NOV63
BSE,bse_cm,GS06MAY58,800774,D,GS06MAY58,GS06MAY58,1,0.01,GS06MAY58
BSE,bse_cm,GS06NOV58,800775,D,GS06NOV58,GS06NOV58,1,0.01,GS06NOV58
BSE,bse_cm,GS06MAY64,800776,D,GS06MAY64,GS06MAY64,1,0.01,GS06MAY64
BSE,bse_cm,GS06MAY72,800777,D,GS06MAY72,GS06MAY72,1,0.01,GS06MAY72
BSE,bse_cm,GS06MAY59,800778,D,GS06MAY59,GS06MAY59,1,0.01,GS06MAY59
BSE,bse_cm,GS06NOV64,800779,D,GS06NOV64,GS06NOV64,1,0.01,GS06NOV64
BSE,bse_cm,GS06NOV59,800780,D,GS06NOV59,GS06NOV59,1,0.01,GS06NOV59
BSE,bse_cm,GS06MAY65,800781,D,GS06MAY65,GS06MAY65,1,0.01,GS06MAY65
BSE,bse_cm,GS06NOV65,800782,D,GS06NOV65,GS06NOV65,1,0.01,GS06NOV65
BSE,bse_cm,GS06NOV71,800783,D,GS06NOV71,GS06NOV71,1,0.01,GS06NOV71
BSE,bse_cm,GS06MAY66,800784,D,GS06MAY66,GS06MAY66,1,0.01,GS06MAY66
BSE,bse_cm,GS06NOV66,800785,D,GS06NOV66,GS06NOV66,1,0.01,GS06NOV66
BSE,bse_cm,GS06MAY67,800786,D,GS06MAY67,GS06MAY67,1,0.01,GS06MAY67
BSE,bse_cm,GS06NOV67,800787,D,GS06NOV67,GS06NOV67,1,0.01,GS06NOV67
BSE,bse_cm,GS06MAY68,800788,D,GS06MAY68,GS06MAY68,1,0.01,GS06MAY68
BSE,bse_cm,GS06NOV68,800789,D,GS06NOV68,GS06NOV68,1,0.01,GS06NOV68
BSE,bse_cm,GS06MAY69,800790,D,GS06MAY69,GS06MAY69,1,0.01,GS06MAY69
BSE,bse_cm,GS06NOV69,800791,D,GS06NOV69,GS06NOV69,1,0.01,GS06NOV69
BSE,bse_cm,GS06MAY70,800792,D,GS06MAY70,GS06MAY70,1,0.01,GS06MAY70
BSE,bse_cm,GS06NOV70,800793,D,GS06NOV70,GS06NOV70,1,0.01,GS06NOV70
BSE,bse_cm,GS06MAY71,800794,D,GS06MAY71,GS06MAY71,1,0.01,GS06MAY71
BSE,bse_cm,GS22SEP33,800797,D,GS22SEP33,GS22SEP33,1,0.01,GS22SEP33
BSE,bse_cm,GS25NOV39,800798,D,GS25NOV39,GS25NOV39,1,0.01,GS25NOV39
BSE,bse_cm,GS25MAY40,800799,D,GS25MAY40,GS25MAY40,1,0.01,GS25MAY40
BSE,bse_cm,GS25NOV40,800800,D,GS25NOV40,GS25NOV40,1,0.01,GS25NOV40
BSE,bse_cm,GS25NOV42,800801,D,GS25NOV42,GS25NOV42,1,0.01,GS25NOV42
BSE,bse_cm,GS25MAY41,800802,D,GS25MAY41,GS25MAY41,1,0.01,GS25MAY41
BSE,bse_cm,GS12MAR40,800803,D,GS12MAR40,GS12MAR40,1,0.01,GS12MAR40
BSE,bse_cm,GS12DEC36,800804,D,GS12DEC36,GS12DEC36,1,0.01,GS12DEC36
BSE,bse_cm,73GS2053P,800805,D,73GS2053P,73GS2053P,1,0.01,73GS2053P
BSE,bse_cm,GS25NOV44,800806,D,GS25NOV44,GS25NOV44,1,0.01,GS25NOV44
BSE,bse_cm,709GOI74,800807,D,709GOI74,709GOI74,1,0.01,709GOI74
BSE,bse_cm,690GOI65,800808,D,690GOI65,690GOI65,1,0.01,690GOI65
BSE,bse_cm,724GOI55,800809,D,724GOI55,724GOI55,1,0.05,724GOI55
BSE,bse_cm,GS25MAY38,800810,D,GS25MAY38,GS25MAY38,1,0.01,GS25MAY38
BSE,bse_cm,GS25NOV38,800811,D,GS25NOV38,GS25NOV38,1,0.01,GS25NOV38
BSE,bse_cm,709G251174,800812,D,709G251174,709G251174,1,0.01,709G251174
BSE,bse_cm,GS12MAR28C,800813,D,GS12MAR28C,GS12MAR28C,1,0.01,GS12MAR28C
BSE,bse_cm,GS22FEB38,800814,D,GS22FEB38,GS22FEB38,1,0.01,GS22FEB38
BSE,bse_cm,743GOI2076,800815,D,743GOI2076,743GOI2076,1,0.05,743GOI2076
BSE,bse_cm,771GOI2066,800816,D,771GOI2066,771GOI2066,1,0.05,771GOI2066
BSE,bse_cm,CS12JUN35,800817,D,CS12JUN35,CS12JUN35,1,0.01,CS12JUN35
BSE,bse_cm,CS12JUN36,800818,D,CS12JUN36,CS12JUN36,1,0.01,CS12JUN36
BSE,bse_cm,CS12DEC35,800819,D,CS12DEC35,CS12DEC35,1,0.01,CS12DEC35
BSE,bse_cm,GS17DEC39C,800820,D,GS17DEC39C,GS17DEC39C,1,0.01,GS17DEC39C
BSE,bse_cm,GS23DEC43P,800821,D,GS23DEC43P,GS23DEC43P,1,0.01,GS23DEC43P
BSE,bse_cm,091TB190919,804149,D,091TB190919,091TB190919,1,0.01,091TB190919
BSE,bse_cm,364TB06826,805102,D,364TB06826,364TB06826,1,0.01,364TB06826
BSE,bse_cm,364TB13826,805105,D,364TB13826,364TB13826,1,0.01,364TB13826
BSE,bse_cm,364TB20826,805108,D,364TB20826,364TB20826,1,0.01,364TB20826
BSE,bse_cm,364TB28826,805111,D,364TB28826,364TB28826,1,0.01,364TB28826
BSE,bse_cm,364TB30926,805114,D,364TB30926,364TB30926,1,0.01,364TB30926
BSE,bse_cm,364TB10926,805117,D,364TB10926,364TB10926,1,0.01,364TB10926
BSE,bse_cm,364TB17926,805120,D,364TB17926,364TB17926,1,0.01,364TB17926
BSE,bse_cm,364TB24926,805123,D,364TB24926,364TB24926,1,0.01,364TB24926
BSE,bse_cm,364TB21026,805126,D,364TB21026,364TB21026,1,0.01,364TB21026
BSE,bse_cm,364TB81026,805129,D,364TB81026,364TB81026,1,0.01,364TB81026
BSE,bse_cm,364T151026,805132,D,364T151026,364T151026,1,0.01,364T151026
BSE,bse_cm,364T221026,805135,D,364T221026,364T221026,1,0.01,364T221026
BSE,bse_cm,364T291026,805138,D,364T291026,364T291026,1,0.01,364T291026
BSE,bse_cm,364TB61126,805141,D,364TB61126,364TB61126,1,0.01,364TB61126
BSE,bse_cm,364T121126,805144,D,364T121126,364T121126,1,0.01,364T121126
BSE,bse_cm,364T191126,805147,D,364T191126,364T191126,1,0.01,364T191126
BSE,bse_cm,364T261126,805150,D,364T261126,364T261126,1,0.01,364T261126
BSE,bse_cm,364TB31126,805153,D,364TB31126,364TB31126,1,0.01,364TB31126
BSE,bse_cm,364T101226,805156,D,364T101226,364T101226,1,0.01,364T101226
BSE,bse_cm,364T171226,805159,D,364T171226,364T171226,1,0.01,364T171226
BSE,bse_cm,364T251226,805162,D,364T251226,364T251226,1,0.01,364T251226
BSE,bse_cm,364TB70127,805165,D,364TB70127,364TB70127,1,0.01,364TB70127
BSE,bse_cm,364TB15127,805168,D,364TB15127,364TB15127,1,0.01,364TB15127
BSE,bse_cm,364TB21127,805171,D,364TB21127,364TB21127,1,0.01,364TB21127
BSE,bse_cm,364TB28127,805174,D,364TB28127,364TB28127,1,0.01,364TB28127
BSE,bse_cm,182TB60826,805176,D,182TB60826,182TB60826,1,0.01,182TB60826
BSE,bse_cm,364TB40227,805177,D,364TB40227,364TB40227,1,0.01,364TB40227
BSE,bse_cm,182TB13826,805179,D,182TB13826,182TB13826,1,0.01,182TB13826
BSE,bse_cm,364TB11227,805180,D,364TB11227,364TB11227,1,0.01,364TB11227
BSE,bse_cm,182TB21826,805182,D,182TB21826,182TB21826,1,0.01,182TB21826
BSE,bse_cm,364TB19227,805183,D,364TB19227,364TB19227,1,0.01,364TB19227
BSE,bse_cm,182TB27826,805185,D,182TB27826,182TB27826,1,0.01,182TB27826
BSE,bse_cm,364TB25227,805186,D,364TB25227,364TB25227,1,0.01,364TB25227
BSE,bse_cm,182TB30926,805188,D,182TB30926,182TB30926,1,0.01,182TB30926
BSE,bse_cm,364TB40327,805189,D,364TB40327,364TB40327,1,0.01,364TB40327
BSE,bse_cm,182TB10926,805191,D,182TB10926,182TB10926,1,0.01,182TB10926
BSE,bse_cm,364TB11327,805192,D,364TB11327,364TB11327,1,0.01,364TB11327
BSE,bse_cm,182TB18926,805194,D,182TB18926,182TB18926,1,0.01,182TB18926
BSE,bse_cm,364TB19327,805195,D,364TB19327,364TB19327,1,0.01,364TB19327
BSE,bse_cm,182TB25926,805197,D,182TB25926,182TB25926,1,0.01,182TB25926
BSE,bse_cm,364TB26327,805198,D,364TB26327,364TB26327,1,0.01,364TB26327
BSE,bse_cm,182TB81026,805200,D,182TB81026,182TB81026,1,0.01,182TB81026
BSE,bse_cm,364TB80427,805201,D,364TB80427,364TB80427,1,0.01,364TB80427
BSE,bse_cm,182T151026,805203,D,182T151026,182T151026,1,0.01,182T151026
BSE,bse_cm,364TB15427,805204,D,364TB15427,364TB15427,1,0.01,364TB15427
BSE,bse_cm,182T221026,805206,D,182T221026,182T221026,1,0.01,182T221026
BSE,bse_cm,364TB22427,805207,D,364TB22427,364TB22427,1,0.01,364TB22427
BSE,bse_cm,182T291026,805209,D,182T291026,182T291026,1,0.01,182T291026
BSE,bse_cm,364TB29427,805210,D,364TB29427,364TB29427,1,0.01,364TB29427
BSE,bse_cm,91TB60826,805211,D,91TB60826,91TB60826,1,0.01,91TB60826
BSE,bse_cm,182TB51126,805212,D,182TB51126,182TB51126,1,0.01,182TB51126
BSE,bse_cm,364TB60527,805213,D,364TB60527,364TB60527,1,0.01,364TB60527
BSE,bse_cm,91TB13826,805214,D,91TB13826,91TB13826,1,0.01,91TB13826
BSE,bse_cm,182T121126,805215,D,182T121126,182T121126,1,0.01,182T121126
BSE,bse_cm,364TB13527,805216,D,364TB13527,364TB13527,1,0.01,364TB13527
BSE,bse_cm,91TB20826,805217,D,91TB20826,91TB20826,1,0.01,91TB20826
BSE,bse_cm,182T191126,805218,D,182T191126,182T191126,1,0.01,182T191126
BSE,bse_cm,364TB20527,805219,D,364TB20527,364TB20527,1,0.01,364TB20527
BSE,bse_cm,91TB28826,805220,D,91TB28826,91TB28826,1,0.01,91TB28826
BSE,bse_cm,182T271126,805221,D,182T271126,182T271126,1,0.01,182T271126
BSE,bse_cm,364TB28527,805222,D,364TB28527,364TB28527,1,0.01,364TB28527
BSE,bse_cm,91TB30926,805223,D,91TB30926,91TB30926,1,0.01,91TB30926
BSE,bse_cm,182TB31226,805224,D,182TB31226,182TB31226,1,0.01,182TB31226
BSE,bse_cm,364TB30627,805225,D,364TB30627,364TB30627,1,0.01,364TB30627
BSE,bse_cm,91TB10926,805226,D,91TB10926,91TB10926,1,0.01,91TB10926
BSE,bse_cm,182T101226,805227,D,182T101226,182T101226,1,0.01,182T101226
BSE,bse_cm,364TB10627,805228,D,364TB10627,364TB10627,1,0.01,364TB10627
BSE,bse_cm,91TB17926,805229,D,91TB17926,91TB17926,1,0.01,91TB17926
BSE,bse_cm,182T171226,805230,D,182T171226,182T171226,1,0.01,182T171226
BSE,bse_cm,364TB17627,805231,D,364TB17627,364TB17627,1,0.01,364TB17627
BSE,bse_cm,91TB24926,805232,D,91TB24926,91TB24926,1,0.01,91TB24926
BSE,bse_cm,182T241226,805233,D,182T241226,182T241226,1,0.01,182T241226
BSE,bse_cm,364TB24627,805234,D,364TB24627,364TB24627,1,0.01,364TB24627
BSE,bse_cm,91TB011026,805235,D,91TB011026,91TB011026,1,0.01,91TB011026
BSE,bse_cm,182T311226,805236,D,182T311226,182T311226,1,0.01,182T311226
BSE,bse_cm,364TB01727,805237,D,364TB01727,364TB01727,1,0.01,364TB01727
BSE,bse_cm,91TB081026,805238,D,91TB081026,91TB081026,1,0.01,91TB081026
BSE,bse_cm,182T070127,805239,D,182T070127,182T070127,1,0.01,182T070127
BSE,bse_cm,364TB08727,805240,D,364TB08727,364TB08727,1,0.01,364TB08727
BSE,bse_cm,91TB151026,805241,D,91TB151026,91TB151026,1,0.01,91TB151026
BSE,bse_cm,182T140127,805242,D,182T140127,182T140127,1,0.01,182T140127
BSE,bse_cm,364TB15727,805243,D,364TB15727,364TB15727,1,0.01,364TB15727
BSE,bse_cm,91TB221026,805244,D,91TB221026,91TB221026,1,0.01,91TB221026
BSE,bse_cm,182T210127,805245,D,182T210127,182T210127,1,0.01,182T210127
BSE,bse_cm,364TB22727,805246,D,364TB22727,364TB22727,1,0.01,364TB22727
BSE,bse_cm,91TB291026,805247,D,91TB291026,91TB291026,1,0.01,91TB291026
BSE,bse_cm,182T280127,805248,D,182T280127,182T280127,1,0.01,182T280127
BSE,bse_cm,364TB29727,805249,D,364TB29727,364TB29727,1,0.01,364TB29727
BSE,bse_cm,775GUJ2028,810574,D,775GUJ2028,775GUJ2028,1,0.05,775GUJ2028
BSE,bse_cm,771GUJ2027,810575,D,771GUJ2027,771GUJ2027,1,0.05,771GUJ2027
BSE,bse_cm,835GUJ2028,810576,D,835GUJ2028,835GUJ2028,1,0.05,835GUJ2028
BSE,bse_cm,780GUJ2027,810577,D,780GUJ2027,780GUJ2027,1,0.05,780GUJ2027
BSE,bse_cm,823GUJ2028,810578,D,823GUJ2028,823GUJ2028,1,0.05,823GUJ2028
BSE,bse_cm,805GUJ2028,810579,D,805GUJ2028,805GUJ2028,1,0.05,805GUJ2028
BSE,bse_cm,828RJ2028,810581,D,828RJ2028,828RJ2028,1,0.05,828RJ2028
BSE,bse_cm,775GUJ2027,810583,D,775GUJ2027,775GUJ2027,1,0.01,775GUJ2027
BSE,bse_cm,816GUJ2028,810585,D,816GUJ2028,816GUJ2028,1,0.05,816GUJ2028
BSE,bse_cm,805TN2028,810588,D,805TN2028,805TN2028,1,0.01,805TN2028
BSE,bse_cm,773RJ2027,810590,D,773RJ2027,773RJ2027,1,0.01,773RJ2027
BSE,bse_cm,815TN2028,810594,D,815TN2028,815TN2028,1,0.05,815TN2028
BSE,bse_cm,795GJSDL28,810596,D,795GJSDL28,795GJSDL28,1,0.05,795GJSDL28
BSE,bse_cm,853RJSDL28,810597,D,853RJSDL28,853RJSDL28,1,0.01,853RJSDL28
BSE,bse_cm,870GJSDL28,810598,D,870GJSDL28,870GJSDL28,1,0.01,870GJSDL28
BSE,bse_cm,861GJSDL28,810599,D,861GJSDL28,861GJSDL28,1,0.01,861GJSDL28
BSE,bse_cm,858GJSDL28,810600,D,858GJSDL28,858GJSDL28,1,0.05,858GJSDL28
BSE,bse_cm,850GJSDL28,810601,D,850GJSDL28,850GJSDL28,1,0.05,850GJSDL28
BSE,bse_cm,825GJSDL29,810602,D,825GJSDL29,825GJSDL29,1,0.05,825GJSDL29
BSE,bse_cm,826MHSDL29,810603,D,826MHSDL29,826MHSDL29,1,0.01,826MHSDL29
BSE,bse_cm,808MHSDL28,810607,D,808MHSDL28,808MHSDL28,1,0.05,808MHSDL28
BSE,bse_cm,827GUJ2029,810608,D,827GUJ2029,827GUJ2029,1,0.05,827GUJ2029
BSE,bse_cm,830GJSDL202,810609,D,830GJSDL2029,830GJSDL202,1,0.05,830GJSDL202
BSE,bse_cm,828GUJ2029,810610,D,828GUJ2029,828GUJ2029,1,0.05,828GUJ2029
BSE,bse_cm,828GUJ2029A,810611,D,828GUJ2029A,828GUJ2029A,1,0.05,828GUJ2029A
BSE,bse_cm,838GJSDL29,810612,D,838GJSDL29,838GJSDL29,1,0.05,838GJSDL29
BSE,bse_cm,835GJSDL29,810613,D,835GJSDL29,835GJSDL29,1,0.05,835GJSDL29
BSE,bse_cm,844RSDL29,810614,D,844RSDL29,844RSDL29,1,0.01,844RSDL29
BSE,bse_cm,831KSDL29,810615,D,831KSDL29,831KSDL29,1,0.05,831KSDL29
BSE,bse_cm,84RAJ2029,810616,D,84RAJ2029,84RAJ2029,1,0.05,84RAJ2029
BSE,bse_cm,83GUJ2029,810617,D,83GUJ2029,83GUJ2029,1,0.05,83GUJ2029
BSE,bse_cm,818TN2028,810618,D,818TN2028,818TN2028,1,0.05,818TN2028
BSE,bse_cm,814GJ2029,810619,D,814GJ2029,814GJ2029,1,0.05,814GJ2029
BSE,bse_cm,815MH2030,810620,D,815MH2030,815MH2030,1,0.05,815MH2030
BSE,bse_cm,817GJ2029,810621,D,817GJ2029,817GJ2029,1,0.05,817GJ2029
BSE,bse_cm,814GJSDL29,810622,D,814GJSDL29,814GJSDL29,1,0.05,814GJSDL29
BSE,bse_cm,751APSDL37,810623,D,751APSDL37,751APSDL37,1,0.05,751APSDL37
BSE,bse_cm,731GUJ2029,810624,D,731GUJ2029,731GUJ2029,1,0.05,731GUJ2029
BSE,bse_cm,765TNSDL27,810626,D,765TNSDL27,765TNSDL27,1,0.01,765TNSDL27
BSE,bse_cm,808GUJSDL28,810627,D,808GUJSDL28,808GUJSDL28,1,0.05,808GUJSDL28
BSE,bse_cm,724MHSDL29,810628,D,724MHSDL29,724MHSDL29,1,0.01,724MHSDL29
BSE,bse_cm,717MHSDL,810629,D,717MHSDL29,717MHSDL,1,0.01,717MHSDL
BSE,bse_cm,723KA28,810630,D,721KADSL28,723KA28,1,0.05,723KA28
BSE,bse_cm,717KA29,810631,D,717KASDL29,717KA29,1,0.05,717KA29
BSE,bse_cm,714MH29,810632,D,714MHSDL29,714MH29,1,0.05,714MH29
BSE,bse_cm,773GJ29,810633,D,773GJSDL29,773GJ29,1,0.05,773GJ29
BSE,bse_cm,783MH30,810634,D,783MHSDL30,783MH30,1,0.01,783MH30
BSE,bse_cm,76MH30,810635,D,76MHSDL30,76MH30,1,0.05,76MH30
BSE,bse_cm,694TN50,810636,D,694TNSDL50,694TN50,1,0.01,694TN50
BSE,bse_cm,686UP30,810637,D,686UPSDL30,686UP30,1,0.01,686UP30
BSE,bse_cm,671RJ30,810638,D,671RAJ2030,671RJ30,1,0.01,671RJ30
BSE,bse_cm,669MP30,810639,D,669MADH2030,669MP30,1,0.01,669MP30
BSE,bse_cm,669UP30,810640,D,669UP2030,669UP30,1,0.01,669UP30
BSE,bse_cm,775TN30,810641,D,775TN2030,775TN30,1,0.01,775TN30
BSE,bse_cm,673TN30,810642,D,673TAMSDL30,673TN30,1,0.01,673TN30
BSE,bse_cm,672PN30,810643,D,672PUNSDL30,672PN30,1,0.01,672PN30
BSE,bse_cm,678RJ30,810644,D,678RAJSDL30,678RJ30,1,0.01,678RJ30
BSE,bse_cm,654MH30,810645,D,654MAHSDL30,654MH30,1,0.01,654MH30
BSE,bse_cm,72KARSDL29,810646,D,72KARSDL29,72KARSDL29,1,0.05,72KARSDL29
BSE,bse_cm,657MH31,810647,D,657MAHSDL31,657MH31,1,0.01,657MH31
BSE,bse_cm,654RJ30,810648,D,654RAJSDL30,654RJ30,1,0.01,654RJ30
BSE,bse_cm,669TN50,810649,D,669TNSDL50,669TN50,1,0.05,669TN50
BSE,bse_cm,670RJ50,810650,D,67RJSDL2050,670RJ50,1,0.01,670RJ50
BSE,bse_cm,659RJ30,810651,D,659RJSDL30,659RJ30,1,0.05,659RJ30
BSE,bse_cm,66TN29,810652,D,66TNSDL29,66TN29,1,0.01,66TN29
BSE,bse_cm,654GJ30,810653,D,654GJSDL2030,654GJ30,1,0.01,654GJ30
BSE,bse_cm,644GJ29,810654,D,644GUJSDL29,644GJ29,1,0.01,644GJ29
BSE,bse_cm,656AP31,810655,D,656ADRSDL31,656AP31,1,0.01,656AP31
BSE,bse_cm,633TN30,810656,D,633TNSDL30,633TN30,1,0.01,633TN30
BSE,bse_cm,64KA31,810657,D,64KARSDL31,64KA31,1,0.01,64KA31
BSE,bse_cm,739MAHSDL30,810658,D,739MAHSDL30,739MAHSDL30,1,0.01,739MAHSDL30
BSE,bse_cm,649MH31,810659,D,649MAHSDL31,649MH31,1,0.01,649MH31
BSE,bse_cm,649KA31,810660,D,649KARSDL31,649KA31,1,0.01,649KA31
BSE,bse_cm,664KA32,810661,D,664KARSDL32,664KA32,1,0.05,664KA32
BSE,bse_cm,65KA30,810662,D,65KARSDL30,65KA30,1,0.01,65KA30
BSE,bse_cm,665GJ30,810663,D,665GUJSDL30,665GJ30,1,0.01,665GJ30
BSE,bse_cm,663KA30,810664,D,663KARSDL30,663KA30,1,0.05,663KA30
BSE,bse_cm,645GJ30,810665,D,645GUJSDL30,645GJ30,1,0.01,645GJ30
BSE,bse_cm,711TNSDL29,810666,D,711TNSDL29,711TNSDL29,1,0.01,711TNSDL29
BSE,bse_cm,667MH31,810667,D,667MAHSDL31,667MH31,1,0.01,667MH31
BSE,bse_cm,675KA33,810668,D,675KARSDL33,675KA33,1,0.01,675KA33
BSE,bse_cm,663GJ29,810669,D,663GUJSDL29,663GJ29,1,0.01,663GJ29
BSE,bse_cm,67GJ30,810670,D,67GUJSDL30,67GJ30,1,0.01,67GJ30
BSE,bse_cm,678KA32,810671,D,678KARSDL32,678KA32,1,0.01,678KA32
BSE,bse_cm,71MH32,810672,D,71MAHSDL32,71MH32,1,0.01,71MH32
BSE,bse_cm,683GJ30,810673,D,683GUJSDL30,683GJ30,1,0.01,683GJ30
BSE,bse_cm,697KA31,810674,D,697KARSDL31,697KA31,1,0.01,697KA31
BSE,bse_cm,684GJ30,810675,D,684GUJSDL30,684GJ30,1,0.05,684GJ30
BSE,bse_cm,705MH32,810676,D,705MAHSDL32,705MH32,1,0.05,705MH32
BSE,bse_cm,675KA33A,810677,D,675KASDL33,675KA33A,1,0.01,675KA33A
BSE,bse_cm,662KA32,810678,D,662KASDL32,662KA32,1,0.01,662KA32
BSE,bse_cm,64GJ30A,810679,D,64GUJSDL30,64GJ30A,1,0.01,64GJ30A
BSE,bse_cm,65GJ30,810680,D,65GUJSDL30,65GJ30,1,0.01,65GJ30
BSE,bse_cm,675KA34,810681,D,675KARSDL34,675KA34,1,0.01,675KA34
BSE,bse_cm,653KA30,810682,D,653KARSDL30,653KA30,1,0.05,653KA30
BSE,bse_cm,669KA37,810683,D,669KARSDL37,669KA37,1,0.05,669KA37
BSE,bse_cm,654KA30,810684,D,654KARSDL30,654KA30,1,0.01,654KA30
BSE,bse_cm,668KA36,810685,D,668KARSDL36,668KA36,1,0.01,668KA36
BSE,bse_cm,652KA30,810686,D,652KARSDL30,652KA30,1,0.01,652KA30
BSE,bse_cm,665KA35,810687,D,665KARSDL35,665KA35,1,0.01,665KA35
BSE,bse_cm,663KA34,810688,D,663KARSDL34,663KA34,1,0.01,663KA34
BSE,bse_cm,662KA32A,810689,D,662KARSDL32,662KA32A,1,0.01,662KA32A
BSE,bse_cm,653TN31,810690,D,653TNSDL31,653TN31,1,0.01,653TN31
BSE,bse_cm,661MP37,810691,D,661MPSDL37,661MP37,1,0.01,661MP37
BSE,bse_cm,703RJSDL36,810692,D,703RJSDL36,703RJSDL36,1,0.01,703RJSDL36
BSE,bse_cm,697RJ51A,810693,D,697RJSDL51,697RJ51A,1,0.01,697RJ51A
BSE,bse_cm,695TN31,810694,D,695TNSDL31,695TN31,1,0.05,695TN31
BSE,bse_cm,695RJ31,810695,D,695RJSDL31,695RJ31,1,0.01,695RJ31
BSE,bse_cm,707GJ31,810696,D,707GUJSDL31,707GJ31,1,0.01,707GJ31
BSE,bse_cm,708MH31,810697,D,708MAHSDL31,708MH31,1,0.01,708MH31
BSE,bse_cm,735KA40,810698,D,735KARSDL40,735KA40,1,0.05,735KA40
BSE,bse_cm,657TN31,810699,D,657TAMSDL31,657TN31,1,0.01,657TN31
BSE,bse_cm,722KA38A,810700,D,722KARSDL38,722KA38A,1,0.05,722KA38A
BSE,bse_cm,724RJ36,810701,D,724RAJSDL36,724RJ36,1,0.01,724RJ36
BSE,bse_cm,729KA36,810702,D,729KARSDL36,729KA36,1,0.01,729KA36
BSE,bse_cm,724KA37,810703,D,724KASDL37,724KA37,1,0.01,724KA37
BSE,bse_cm,729KA39,810704,D,729KASDL39,729KA39,1,0.01,729KA39
BSE,bse_cm,708GJ31,810705,D,708GJSDL31,708GJ31,1,0.05,708GJ31
BSE,bse_cm,724KA38,810707,D,724KASDL38,724KA38,1,0.01,724KA38
BSE,bse_cm,711GJ31,810708,D,711GUJSDL31,711GJ31,1,0.01,711GJ31
BSE,bse_cm,719KA40,810710,D,719KARSDL40,719KA40,1,0.01,719KA40
BSE,bse_cm,76GJSDL26,810717,D,76GJSDL26,76GJSDL26,1,0.01,76GJSDL26
BSE,bse_cm,705RJ31,810718,D,705RAJSDL31,705RJ31,1,0.01,705RJ31
BSE,bse_cm,684GJ31,810719,D,684GUJSDL31,684GJ31,1,0.01,684GJ31
BSE,bse_cm,686PN33,810720,D,686PUNSDL33,686PN33,1,0.01,686PN33
BSE,bse_cm,678RJ31,810721,D,678RAJSDL31,678RJ31,1,0.01,678RJ31
BSE,bse_cm,682RJ31,810722,D,682RAJSDL31,682RJ31,1,0.05,682RJ31
BSE,bse_cm,687MH33,810723,D,687MAHSDL33,687MH33,1,0.01,687MH33
BSE,bse_cm,693GJ31,810724,D,693GUJSDL31,693GJ31,1,0.05,693GJ31
BSE,bse_cm,688MH33,810725,D,688MAHSDL33,688MH33,1,0.01,688MH33
BSE,bse_cm,687MH33A,810726,D,687MAHSD33,687MH33A,1,0.01,687MH33A
BSE,bse_cm,696TN56,810727,D,696TAMSDL56,696TN56,1,0.01,696TN56
BSE,bse_cm,683MH32A,810728,D,683MAHSDL32,683MH32A,1,0.05,683MH32A
BSE,bse_cm,697TN46,810729,D,697TAMSDL46,697TN46,1,0.01,697TN46
BSE,bse_cm,686MH32,810730,D,686MAHSDL32,686MH32,1,0.01,686MH32
BSE,bse_cm,703TN51,810731,D,703TAMSDL51,703TN51,1,0.01,703TN51
BSE,bse_cm,684RJ31,810732,D,684RAJSDL31,684RJ31,1,0.01,684RJ31
BSE,bse_cm,705TS41,810733,D,705TELSDL41,705TS41,1,0.01,705TS41
BSE,bse_cm,672GJ30,810734,D,672GUJSDL30,672GJ30,1,0.01,672GJ30
BSE,bse_cm,68RJ31,810735,D,68RAJSDL31,68RJ31,1,0.01,68RJ31
BSE,bse_cm,707RJ46,810736,D,707RAJSDL46,707RJ46,1,0.01,707RJ46
BSE,bse_cm,663TN55,810737,D,663TMLSDL55,663TN55,1,0.01,663TN55
BSE,bse_cm,675GJ31,810738,D,675GUJSDL31,675GJ31,1,0.01,675GJ31
BSE,bse_cm,683MH32B,810739,D,683MAHSD32,683MH32B,1,0.01,683MH32B
BSE,bse_cm,68MH31,810740,D,68MAHSDL31,68MH31,1,0.01,68MH31
BSE,bse_cm,709KL36,810741,D,709KERSDL36,709KL36,1,0.01,709KL36
BSE,bse_cm,689MH32,810742,D,689MAHSDL32,689MH32,1,0.01,689MH32
BSE,bse_cm,683MH31,810743,D,683MAHSDL31,683MH31,1,0.01,683MH31
BSE,bse_cm,704RJ36,810744,D,704RAJSDL36,704RJ36,1,0.01,704RJ36
BSE,bse_cm,706KL41,810745,D,706KERSDL41,706KL41,1,0.01,706KL41
BSE,bse_cm,695MH32,810746,D,695MAHSDL32,695MH32,1,0.01,695MH32
BSE,bse_cm,713RJ41,810747,D,713RAJSDL41,713RJ41,1,0.01,713RJ41
BSE,bse_cm,701MH32,810748,D,701MHSDL32,701MH32,1,0.01,701MH32
BSE,bse_cm,715AP37,810749,D,715APSDL37,715AP37,1,0.01,715AP37
BSE,bse_cm,695GJ31,810750,D,695GUJSDL31,695GJ31,1,0.01,695GJ31
BSE,bse_cm,695MH31,810751,D,695MAHSDL31,695MH31,1,0.01,695MH31
BSE,bse_cm,712AP35,810752,D,712APSDL35,712AP35,1,0.01,712AP35
BSE,bse_cm,714AP36,810753,D,714APSDL36,714AP36,1,0.01,714AP36
BSE,bse_cm,678MH31,810754,D,678MAHSDL31,678MH31,1,0.01,678MH31
BSE,bse_cm,697TN31,810755,D,697TAMIL31,697TN31,1,0.01,697TN31
BSE,bse_cm,724TN51,810756,D,724TAMIL51,724TN51,1,0.01,724TN51
BSE,bse_cm,697TN31A,810757,D,697TAMSDL31,697TN31A,1,0.01,697TN31A
BSE,bse_cm,71MH36,810758,D,710MAHSDL36,71MH36,1,0.01,71MH36
BSE,bse_cm,698TN31A,810759,D,698TAMSDL31,698TN31A,1,0.01,698TN31A
BSE,bse_cm,714AP41,810760,D,714APSDL41,714AP41,1,0.01,714AP41
BSE,bse_cm,698GJ31,810761,D,698GUJSDL31,698GJ31,1,0.01,698GJ31
BSE,bse_cm,624MH26,810762,D,624MAHSDL26,624MH26,1,0.01,624MH26
BSE,bse_cm,70TN31,810763,D,7TAMSDL31,70TN31,1,0.01,70TN31
BSE,bse_cm,643MH27,810764,D,643MAHSDL27,643MH27,1,0.01,643MH27
BSE,bse_cm,697TN31B,810765,D,697TAMSD31A,697TN31B,1,0.01,697TN31B
BSE,bse_cm,638MH27,810766,D,638MAHSDL27,638MH27,1,0.01,638MH27
BSE,bse_cm,695TN31B,810767,D,695TAMSDL31,695TN31B,1,0.01,695TN31B
BSE,bse_cm,691RJ31A,810768,D,691RAJSDL31,691RJ31A,1,0.01,691RJ31A
BSE,bse_cm,705TS35,810769,D,705TELSDL35,705TS35,1,0.01,705TS35
BSE,bse_cm,687RJ31,810770,D,687RAJSDL31,687RJ31,1,0.01,687RJ31
BSE,bse_cm,684GJ31A,810771,D,684GUJSD31,684GJ31A,1,0.01,684GJ31A
BSE,bse_cm,691MH33,810772,D,691MAHSDL33,691MH33,1,0.05,691MH33
BSE,bse_cm,691MH34,810773,D,691MAHSDL34,691MH34,1,0.01,691MH34
BSE,bse_cm,698AP36,810774,D,698APSDL36,698AP36,1,0.01,698AP36
BSE,bse_cm,686AP35,810775,D,686APSDL35,686AP35,1,0.01,686AP35
BSE,bse_cm,709AP39,810776,D,709APSDL39,709AP39,1,0.01,709AP39
BSE,bse_cm,704AP34,810777,D,704APSDL34,704AP34,1,0.01,704AP34
BSE,bse_cm,693KA32,810778,D,693KARSDL32,693KA32,1,0.01,693KA32
BSE,bse_cm,689GJ31,810779,D,689GUJSDL31,689GJ31,1,0.01,689GJ31
BSE,bse_cm,601RJ26,810780,D,601RAJSDL26,601RJ26,1,0.01,601RJ26
BSE,bse_cm,714AP41A,810781,D,714APSD41,714AP41A,1,0.01,714AP41A
BSE,bse_cm,675GJ29,810782,D,675GUJSDL29,675GJ29,1,0.01,675GJ29
BSE,bse_cm,703KA32,810783,D,703KARSDL32,703KA32,1,0.01,703KA32
BSE,bse_cm,708KA34A,810784,D,708KARSDL34,708KA34A,1,0.01,708KA34A
BSE,bse_cm,702AP37,810785,D,702APSDL37,702AP37,1,0.01,702AP37
BSE,bse_cm,696TN51,810786,D,696TANSDL51,696TN51,1,0.01,696TN51
BSE,bse_cm,693GJ31A,810787,D,693GJSDL31,693GJ31A,1,0.01,693GJ31A
BSE,bse_cm,634RJ27,810788,D,634RJSDL27,634RJ27,1,0.01,634RJ27
BSE,bse_cm,708AP35,810789,D,708APSDL35,708AP35,1,0.01,708AP35
BSE,bse_cm,70AP38A,810790,D,7APSDL2038,70AP38A,1,0.01,70AP38A
BSE,bse_cm,692RJ31,810791,D,692RAJSDL31,692RJ31,1,0.01,692RJ31
BSE,bse_cm,69KA31,810792,D,69KARSDL31,69KA31,1,0.01,69KA31
BSE,bse_cm,671TN29,810793,D,671TNSDL29,671TN29,1,0.01,671TN29
BSE,bse_cm,699TS43,810794,D,699TELSDL43,699TS43,1,0.01,699TS43
BSE,bse_cm,687KA31,810795,D,687KARSDL31,687KA31,1,0.01,687KA31
BSE,bse_cm,699TN41,810796,D,699TNSDL41,699TN41,1,0.05,699TN41
BSE,bse_cm,692AP41,810797,D,692APSDL41,692AP41,1,0.01,692AP41
BSE,bse_cm,688KA32,810798,D,688KARSDL32,688KA32,1,0.01,688KA32
BSE,bse_cm,666TN29,810799,D,666TAMSDL29,666TN29,1,0.01,666TN29
BSE,bse_cm,689KA33,810800,D,689KARSDL33,689KA33,1,0.01,689KA33
BSE,bse_cm,683TN31A,810801,D,683TAMSDL31,683TN31A,1,0.01,683TN31A
BSE,bse_cm,702KA33,810802,D,702KARSDL33,702KA33,1,0.01,702KA33
BSE,bse_cm,707TN38,810803,D,707TAMSDL38,707TN38,1,0.01,707TN38
BSE,bse_cm,712KA34,810804,D,712KARSDL34,712KA34,1,0.05,712KA34
BSE,bse_cm,722KA35,810805,D,722KASDL35,722KA35,1,0.01,722KA35
BSE,bse_cm,718KA33,810806,D,718KASDL33,718KA33,1,0.01,718KA33
BSE,bse_cm,731KA35,810807,D,731KARSDL35,731KA35,1,0.01,731KA35
BSE,bse_cm,704TN30,810808,D,704TAMSDL30,704TN30,1,0.01,704TN30
BSE,bse_cm,733KA37,810809,D,733KASDL37,733KA37,1,0.01,733KA37
BSE,bse_cm,735KA36,810810,D,735KASDL36,735KA36,1,0.01,735KA36
BSE,bse_cm,733KA40,810811,D,733KASDL40,733KA40,1,0.01,733KA40
BSE,bse_cm,737KA38,810812,D,737KASDL38,737KA38,1,0.01,737KA38
BSE,bse_cm,724RJ32,810813,D,724RAJSDL32,724RJ32,1,0.01,724RJ32
BSE,bse_cm,733MP42,810814,D,733MPSDL42,733MP42,1,0.01,733MP42
BSE,bse_cm,732KA34,810815,D,732KARSDL34,732KA34,1,0.05,732KA34
BSE,bse_cm,721RJ32,810816,D,721RAJSDL32,721RJ32,1,0.01,721RJ32
BSE,bse_cm,744KA35,810817,D,744KARSDL35,744KA35,1,0.01,744KA35
BSE,bse_cm,730KA32,810818,D,73KARSDL32,730KA32,1,0.01,730KA32
BSE,bse_cm,716KA36,810819,D,716KARSDL36,716KA36,1,0.01,716KA36
BSE,bse_cm,706GJ32,810820,D,706GUJSDL32,706GJ32,1,0.01,706GJ32
BSE,bse_cm,713KA38,810821,D,713KARSDL38,713KA38,1,0.01,713KA38
BSE,bse_cm,709GJ32,810822,D,709GUJSDL32,709GJ32,1,0.01,709GJ32
BSE,bse_cm,712GJ32,810823,D,712GUJSDL32,712GJ32,1,0.01,712GJ32
BSE,bse_cm,725GJ32,810824,D,725GUJSDL32,725GJ32,1,0.01,725GJ32
BSE,bse_cm,748AP38,810825,D,748APSDL38,748AP38,1,0.01,748AP38
BSE,bse_cm,731AP42,810826,D,731APSDL42,731AP42,1,0.01,731AP42
BSE,bse_cm,719TN32,810827,D,719TAMSDL32,719TN32,1,0.05,719TN32
BSE,bse_cm,719TN42,810828,D,719TAMSDL42,719TN42,1,0.01,719TN42
BSE,bse_cm,739TN52,810829,D,739TAMSDL52,739TN52,1,0.01,739TN52
BSE,bse_cm,742KL34,810830,D,742KERSDL34,742KL34,1,0.01,742KL34
BSE,bse_cm,737RJ34,810831,D,737RAJSDL34,737RJ34,1,0.01,737RJ34
BSE,bse_cm,74TN42,810832,D,74TNSDL42,74TN42,1,0.05,74TN42
BSE,bse_cm,713TN30,810833,D,713TNSDL30,713TN30,1,0.01,713TN30
BSE,bse_cm,729GJ32,810834,D,729GUJSDL32,729GJ32,1,0.01,729GJ32
BSE,bse_cm,739TN42,810835,D,739TNSDL42,739TN42,1,0.01,739TN42
BSE,bse_cm,74KL37,810836,D,740KERSDL37,74KL37,1,0.01,74KL37
BSE,bse_cm,734AP40,810837,D,734APSDL40,734AP40,1,0.01,734AP40
BSE,bse_cm,718MH30,810838,D,718MAHSDL30,718MH30,1,0.01,718MH30
BSE,bse_cm,752AP38,810839,D,752APSDL38,752AP38,1,0.01,752AP38
BSE,bse_cm,745AP37,810840,D,745APSDL37,745AP37,1,0.01,745AP37
BSE,bse_cm,776AP32,810841,D,776APSDL32,776AP32,1,0.01,776AP32
BSE,bse_cm,778AP41,810842,D,778APSDL41,778AP41,1,0.01,778AP41
BSE,bse_cm,778AP42,810843,D,778APSDL42,778AP42,1,0.01,778AP42
BSE,bse_cm,763MH30,810844,D,763MAHSDL30,763MH30,1,0.01,763MH30
BSE,bse_cm,763AP30,810845,D,763APSDL30,763AP30,1,0.01,763AP30
BSE,bse_cm,771AP32,810846,D,771APSDL32,771AP32,1,0.01,771AP32
BSE,bse_cm,770MH32,810847,D,77MAHSDL32,770MH32,1,0.01,770MH32
BSE,bse_cm,772MH34,810848,D,772MAHSDL34,772MH34,1,0.01,772MH34
BSE,bse_cm,79AP34,810849,D,790APSDL34,79AP34,1,0.01,79AP34
BSE,bse_cm,78GJ32,810850,D,780GJSDL32,78GJ32,1,0.01,78GJ32
BSE,bse_cm,803AP35,810851,D,803APSDL35,803AP35,1,0.01,803AP35
BSE,bse_cm,786MH30,810852,D,786MAHSDL30,786MH30,1,0.05,786MH30
BSE,bse_cm,789MH32,810853,D,789MAHSDL32,789MH32,1,0.01,789MH32
BSE,bse_cm,799TN42,810854,D,799TNSDL42,799TN42,1,0.01,799TN42
BSE,bse_cm,794TN32,810855,D,794TNSDL32,794TN32,1,0.01,794TN32
BSE,bse_cm,804AP41,810856,D,804APSDL41,804AP41,1,0.05,804AP41
BSE,bse_cm,804AP42,810857,D,804APSDL42,804AP42,1,0.01,804AP42
BSE,bse_cm,784TN52,810858,D,784TNSDL52,784TN52,1,0.01,784TN52
BSE,bse_cm,785AP37,810859,D,785APSDL37,785AP37,1,0.01,785AP37
BSE,bse_cm,769KSDL27,810860,D,769KSDL27,769KSDL27,1,0.05,769KSDL27
BSE,bse_cm,782GJ32,810861,D,782GJSDL32,782GJ32,1,0.05,782GJ32
BSE,bse_cm,765GJ29,810862,D,765GJSDL29,765GJ29,1,0.01,765GJ29
BSE,bse_cm,795AP40A,810863,D,795APSDL40,795AP40A,1,0.05,795AP40A
BSE,bse_cm,787TN33,810864,D,787TNSDL33,787TN33,1,0.01,787TN33
BSE,bse_cm,78GJ32A,810865,D,78GUJSDL32,78GJ32A,1,0.05,78GJ32A
BSE,bse_cm,795TS35,810866,D,795TELSDL35,795TS35,1,0.01,795TS35
BSE,bse_cm,78TN32A,810867,D,78TAMSDL32,78TN32A,1,0.01,78TN32A
BSE,bse_cm,777GJ32,810868,D,777GUJSDL32,777GJ32,1,0.05,777GJ32
BSE,bse_cm,804AP37,810869,D,804APSDL37,804AP37,1,0.01,804AP37
BSE,bse_cm,761GJ32,810870,D,761GUJSDL32,761GJ32,1,0.01,761GJ32
BSE,bse_cm,764TN32,810871,D,764TMN32,764TN32,1,0.05,764TN32
BSE,bse_cm,782AP42,810872,D,782APSDL42,782AP42,1,0.01,782AP42
BSE,bse_cm,773GJ32,810873,D,773GUJSDL32,773GJ32,1,0.05,773GJ32
BSE,bse_cm,76TN32,810874,D,760TMN32,76TN32,1,0.05,76TN32
BSE,bse_cm,774AP38,810875,D,774APSDL38,774AP38,1,0.01,774AP38
BSE,bse_cm,785KL35,810876,D,785KERSDL35,785KL35,1,0.01,785KL35
BSE,bse_cm,776KL38,810877,D,776KERSDL38,776KL38,1,0.05,776KL38
BSE,bse_cm,761TN32,810878,D,761TNSDL32,761TN32,1,0.01,761TN32
BSE,bse_cm,77TN42,810879,D,770TMSDL42,77TN42,1,0.01,77TN42
BSE,bse_cm,758AP40,810880,D,758APSDL40,758AP40,1,0.01,758AP40
BSE,bse_cm,758AP42,810881,D,758APSDL42,758AP42,1,0.01,758AP42
BSE,bse_cm,746MP32,810882,D,746MPSDL32,746MP32,1,0.01,746MP32
BSE,bse_cm,746TS48,810883,D,746TELSDL48,746TS48,1,0.01,746TS48
BSE,bse_cm,756TS40,810884,D,756TELSDL40,756TS40,1,0.01,756TS40
BSE,bse_cm,764TN29,810885,D,764TNSDL29,764TN29,1,0.01,764TN29
BSE,bse_cm,749GJ26,810886,D,749GUJSDL26,749GJ26,1,0.01,749GJ26
BSE,bse_cm,762MH30A,810887,D,762MHSDL30,762MH30A,1,0.01,762MH30A
BSE,bse_cm,764MH32,810888,D,764MHSDL32,764MH32,1,0.01,764MH32
BSE,bse_cm,769KL40,810889,D,769KERSDL40,769KL40,1,0.01,769KL40
BSE,bse_cm,776MH30,810890,D,776MAHSDL30,776MH30,1,0.05,776MH30
BSE,bse_cm,775GJ32,810891,D,775GUJSDL32,775GJ32,1,0.01,775GJ32
BSE,bse_cm,77KL47,810892,D,77KERSDL47,77KL47,1,0.01,77KL47
BSE,bse_cm,781GJ32,810893,D,781GUJSDL32,781GJ32,1,0.01,781GJ32
BSE,bse_cm,781UP34,810894,D,781UPSDL34,781UP34,1,0.01,781UP34
BSE,bse_cm,77MH30,810895,D,77MAHSDL30,77MH30,1,0.01,77MH30
BSE,bse_cm,741GJ26,810896,D,741GUJSDL26,741GJ26,1,0.01,741GJ26
BSE,bse_cm,762GJ29,810897,D,762GUJSDJ29,762GJ29,1,0.01,762GJ29
BSE,bse_cm,778MH30,810898,D,778MAHSDL30,778MH30,1,0.05,778MH30
BSE,bse_cm,783TN42,810900,D,783TNSDL42,783TN42,1,0.01,783TN42
BSE,bse_cm,788MP33,810901,D,788MPSDL33,788MP33,1,0.01,788MP33
BSE,bse_cm,78KL45,810902,D,78KERSDL45,78KL45,1,0.01,78KL45
BSE,bse_cm,782RJ32,810903,D,782RAJSDL32,782RJ32,1,0.01,782RJ32
BSE,bse_cm,757GJ26,810904,D,757GUJSDL26,757GJ26,1,0.01,757GJ26
BSE,bse_cm,78TN42,810905,D,780TNSDL42,78TN42,1,0.05,78TN42
BSE,bse_cm,767KA32,810906,D,767KARSDL32,767KA32,1,0.05,767KA32
BSE,bse_cm,763TN47,810907,D,763TNSDL47,763TN47,1,0.01,763TN47
BSE,bse_cm,774KA37,810908,D,774KARSDL37,774KA37,1,0.05,774KA37
BSE,bse_cm,766KA42,810909,D,766KARSDL42,766KA42,1,0.01,766KA42
BSE,bse_cm,763KA37,810910,D,763KARSDL37,763KA37,1,0.05,763KA37
BSE,bse_cm,76GJ32,810911,D,76GUJSDL32,76GJ32,1,0.05,76GJ32
BSE,bse_cm,759KA38,810912,D,759KARSDL38,759KA38,1,0.01,759KA38
BSE,bse_cm,763KA39,810913,D,763KARSDL39,763KA39,1,0.01,763KA39
BSE,bse_cm,768KA34,810914,D,768KARSDL34,768KA34,1,0.05,768KA34
BSE,bse_cm,76KA32,810915,D,760KARSDL32,76KA32,1,0.01,76KA32
BSE,bse_cm,757GJ31,810916,D,757GUJSDL31,757GJ31,1,0.01,757GJ31
BSE,bse_cm,76KA33,810917,D,76KARSDL33,76KA33,1,0.01,76KA33
BSE,bse_cm,764KL34,810918,D,764KERSDL34,764KL34,1,0.01,764KL34
BSE,bse_cm,757TN33,810919,D,757TAMSDL33,757TN33,1,0.01,757TN33
BSE,bse_cm,762TN43,810920,D,762TAMSDL43,762TN43,1,0.05,762TN43
BSE,bse_cm,763GJ32,810921,D,763GUJSDL32,763GJ32,1,0.01,763GJ32
BSE,bse_cm,765GJ33,810922,D,765GUJSDL33,765GJ33,1,0.01,765GJ33
BSE,bse_cm,76GJ35,810923,D,760GUJSDL35,76GJ35,1,0.01,76GJ35
BSE,bse_cm,768GJ30,810924,D,768GUJSDL30,768GJ30,1,0.01,768GJ30
BSE,bse_cm,762MP34,810925,D,762MPSDL34,762MP34,1,0.01,762MP34
BSE,bse_cm,766GJ30,810926,D,766GUJSDL30,766GJ30,1,0.05,766GJ30
BSE,bse_cm,759MP38,810927,D,759MP2038,759MP38,1,0.01,759MP38
BSE,bse_cm,772MH31,810928,D,772MAHSDL31,772MH31,1,0.01,772MH31
BSE,bse_cm,771GJ33,810929,D,771GUJSDL33,771GJ33,1,0.05,771GJ33
BSE,bse_cm,774MH33,810930,D,774MAHSDL33,774MH33,1,0.01,774MH33
BSE,bse_cm,771GJ34,810931,D,771GUJSDL34,771GJ34,1,0.01,771GJ34
BSE,bse_cm,77MH31,810932,D,770MAHSDL31,77MH31,1,0.01,77MH31
BSE,bse_cm,772GJ35,810933,D,772GUJSDL35,772GJ35,1,0.01,772GJ35
BSE,bse_cm,769MH31,810934,D,769MAHSDL31,769MH31,1,0.05,769MH31
BSE,bse_cm,768GJ33,810935,D,768GUJSDL33,768GJ33,1,0.05,768GJ33
BSE,bse_cm,774MP43,810936,D,774MPSDL43,774MP43,1,0.01,774MP43
BSE,bse_cm,778TS34,810937,D,778TLSDL34,778TS34,1,0.05,778TS34
BSE,bse_cm,772MH32,810938,D,772MAH32,772MH32,1,0.05,772MH32
BSE,bse_cm,773MH32,810939,D,773MAHSDL32,773MH32,1,0.05,773MH32
BSE,bse_cm,749GJ28,810940,D,749GUJSDL28,749GJ28,1,0.01,749GJ28
BSE,bse_cm,777MP47,810941,D,777MPSDL47,777MP47,1,0.01,777MP47
BSE,bse_cm,771AP33A,810942,D,771APSDL33,771AP33A,1,0.05,771AP33A
BSE,bse_cm,736MH28,810943,D,736MAHSDL28,736MH28,1,0.01,736MH28
BSE,bse_cm,761TS44,810944,D,761TELSDL44,761TS44,1,0.01,761TS44
BSE,bse_cm,738GJ30,810945,D,738GUJSDL30,738GJ30,1,0.01,738GJ30
BSE,bse_cm,747AP37,810946,D,747APSDL37,747AP37,1,0.01,747AP37
BSE,bse_cm,739TN33,810947,D,739TNSDL33,739TN33,1,0.01,739TN33
BSE,bse_cm,727GJ31,810948,D,727GUJSDL31,727GJ31,1,0.01,727GJ31
BSE,bse_cm,72MH28,810949,D,72MAHSDL28,72MH28,1,0.01,72MH28
BSE,bse_cm,729KL49,810950,D,729KELSDL49,729KL49,1,0.01,729KL49
BSE,bse_cm,718GJ28,810951,D,718GUJSDL28,718GJ28,1,0.01,718GJ28
BSE,bse_cm,735TN33,810952,D,735TNSDL33,735TN33,1,0.01,735TN33
BSE,bse_cm,74MH32,810953,D,740MHSDL32,74MH32,1,0.01,74MH32
BSE,bse_cm,744HR32,810954,D,744HRSDL32,744HR32,1,0.01,744HR32
BSE,bse_cm,736KL38,810955,D,736KERSDL38,736KL38,1,0.01,736KL38
BSE,bse_cm,733MH31,810956,D,733MAHSDL31,733MH31,1,0.01,733MH31
BSE,bse_cm,732MH32,810958,D,732MHSDL32,732MH32,1,0.01,732MH32
BSE,bse_cm,739TN33B,810959,D,739TNSDL33A,739TN33B,1,0.01,739TN33B
BSE,bse_cm,743TN43,810960,D,743TNSDL43,743TN43,1,0.01,743TN43
BSE,bse_cm,744TN33B,810961,D,744TNSDL33,744TN33B,1,0.05,744TN33B
BSE,bse_cm,743TN33,810962,D,743TNSDL33,743TN33,1,0.01,743TN33
BSE,bse_cm,744AP36,810963,D,744APSDL36,744AP36,1,0.01,744AP36
BSE,bse_cm,745GJ31,810964,D,745GUJSDL31,745GJ31,1,0.01,745GJ31
BSE,bse_cm,746MH33,810965,D,746MHSDL33,746MH33,1,0.01,746MH33
BSE,bse_cm,747MH34,810966,D,747MHSDL34,747MH34,1,0.01,747MH34
BSE,bse_cm,77KA33,810967,D,770KARSDL33,77KA33,1,0.01,77KA33
BSE,bse_cm,771MH33,810968,D,771MHSDL33,771MH33,1,0.05,771MH33
BSE,bse_cm,77MH34,810969,D,770MHSDL34,77MH34,1,0.05,77MH34
BSE,bse_cm,765TN30,810970,D,765TNSDL30,765TN30,1,0.01,765TN30
BSE,bse_cm,77MH33A,810971,D,77MAHSDL33,77MH33A,1,0.01,77MH33A
BSE,bse_cm,758GJ26,810972,D,758GUJSDL26,758GJ26,1,0.01,758GJ26
BSE,bse_cm,765GJ29A,810973,D,765GUJSDL29,765GJ29A,1,0.01,765GJ29A
BSE,bse_cm,769KA33A,810974,D,769KARSDL33,769KA33A,1,0.01,769KA33A
BSE,bse_cm,766GJ30A,810975,D,766GJSDL30,766GJ30A,1,0.01,766GJ30A
BSE,bse_cm,755GJ31,810976,D,755GUJSDL31,755GJ31,1,0.01,755GJ31
BSE,bse_cm,767GA33A,810977,D,767GOASDL33,767GA33A,1,0.01,767GA33A
BSE,bse_cm,74GJ26,810978,D,740GUJSDL26,74GJ26,1,0.01,74GJ26
BSE,bse_cm,774KA34,810979,D,774KARSDL34,774KA34,1,0.05,774KA34
BSE,bse_cm,764GJ31,810980,D,764GUJSDL31,764GJ31,1,0.01,764GJ31
BSE,bse_cm,766GJ32,810981,D,766GUJSDL32,766GJ32,1,0.01,766GJ32
BSE,bse_cm,773MH36,810982,D,773MAHSDL36,773MH36,1,0.01,773MH36
BSE,bse_cm,763GJ33,810983,D,763GUJSDL33,763GJ33,1,0.01,763GJ33
BSE,bse_cm,763GJ34,810984,D,763GUJSDL34,763GJ34,1,0.01,763GJ34
BSE,bse_cm,767KA42,810985,D,767KARSDL42,767KA42,1,0.01,767KA42
BSE,bse_cm,76GJ33,810986,D,76GUJSDL33,76GJ33,1,0.01,76GJ33
BSE,bse_cm,763MH36,810987,D,763MAHSDL36,763MH36,1,0.01,763MH36
BSE,bse_cm,76TN31,810988,D,76TAMSDL31,76TN31,1,0.01,76TN31
BSE,bse_cm,742GJ31,810989,D,742GUJSDL31,742GJ31,1,0.01,742GJ31
BSE,bse_cm,748MH35,810990,D,748MAHSDL35,748MH35,1,0.01,748MH35
BSE,bse_cm,749MH36,810991,D,749MAHSDL36,749MH36,1,0.01,749MH36
BSE,bse_cm,744TS46,810992,D,744TELSDL46,744TS46,1,0.01,744TS46
BSE,bse_cm,742GJ33,810993,D,742GUJSDL33,742GJ33,1,0.01,742GJ33
BSE,bse_cm,743MH35,810994,D,743MAHSDL35,743MH35,1,0.05,743MH35
BSE,bse_cm,736KA34,810995,D,736KARSDL34,736KA34,1,0.01,736KA34
BSE,bse_cm,737KA37,810996,D,737KARSDL37,737KA37,1,0.01,737KA37
BSE,bse_cm,737KA38A,810997,D,737KARSDL38,737KA38A,1,0.01,737KA38A
BSE,bse_cm,736TN54,810998,D,736TNSDL54,736TN54,1,0.01,736TN54
BSE,bse_cm,742MH37,810999,D,742MAHSDL37,742MH37,1,0.01,742MH37
BSE,bse_cm,749TN34,811000,D,749TNSDL34,749TN34,1,0.01,749TN34
BSE,bse_cm,75TN31,811001,D,750TNSDL31,75TN31,1,0.01,75TN31
BSE,bse_cm,75AP32,811002,D,750APSDL32,75AP32,1,0.01,75AP32
BSE,bse_cm,753AP36,811003,D,753APSDL36,753AP36,1,0.01,753AP36
BSE,bse_cm,752RJ34,811004,D,752RAJSDL34,752RJ34,1,0.01,752RJ34
BSE,bse_cm,747KL50,811005,D,747KERSDL50,747KL50,1,0.01,747KL50
BSE,bse_cm,749TN44,811006,D,749TAMSDL44,749TN44,1,0.01,749TN44
BSE,bse_cm,743TAMSDL34,811007,D,743TAMSDL34,743TAMSDL34,1,0.01,743TAMSDL34
BSE,bse_cm,743TGNSDL41,811008,D,743TGNSDL41,743TGNSDL41,1,0.01,743TGNSDL41
BSE,bse_cm,745APSDL33,811009,D,745APSDL33,745APSDL33,1,0.01,745APSDL33
BSE,bse_cm,741RJSDL34,811010,D,741RJSDL34,741RJSDL34,1,0.01,741RJSDL34
BSE,bse_cm,737RJSDL39,811011,D,737RJSDL39,737RJSDL39,1,0.01,737RJSDL39
BSE,bse_cm,739TNSDL32,811012,D,739TNSDL32,739TNSDL32,1,0.01,739TNSDL32
BSE,bse_cm,723GJSDL27,811013,D,723GJSDL27,723GJSDL27,1,0.01,723GJSDL27
BSE,bse_cm,727TNSDL54,811014,D,727TNSDL54,727TNSDL54,1,0.01,727TNSDL54
BSE,bse_cm,737APSDL36,811015,D,737APSDL36,737APSDL36,1,0.01,737APSDL36
BSE,bse_cm,732RJSDL34,811016,D,732RJSDL34,732RJSDL34,1,0.01,732RJSDL34
BSE,bse_cm,736RJSDL46,811017,D,736RJSDL46,736RJSDL46,1,0.01,736RJSDL46
BSE,bse_cm,731TMSDL54,811018,D,731TMSDL54,731TMSDL54,1,0.01,731TMSDL54
BSE,bse_cm,733APSDL43,811019,D,733APSDL43,733APSDL43,1,0.01,733APSDL43
BSE,bse_cm,736RJSDL34,811020,D,736RJSDL34,736RJSDL34,1,0.01,736RJSDL34
BSE,bse_cm,734TMSDL34,811021,D,734TMSDL34,734TMSDL34,1,0.01,734TMSDL34
BSE,bse_cm,733KRSDL54,811022,D,733KRSDL54,733KRSDL54,1,0.01,733KRSDL54
BSE,bse_cm,730MHSDL38,811023,D,730MHSDL38,730MHSDL38,1,0.01,730MHSDL38
BSE,bse_cm,730MHSDL39,811024,D,730MHSDL39,730MHSDL39,1,0.01,730MHSDL39
BSE,bse_cm,733MHSDL44,811025,D,733MHSDL44,733MHSDL44,1,0.01,733MHSDL44
BSE,bse_cm,727MHSDL34,811026,D,727MHSDL34,727MHSDL34,1,0.01,727MHSDL34
BSE,bse_cm,729TMSDL54,811027,D,729TMSDL54,729TMSDL54,1,0.01,729TMSDL54
BSE,bse_cm,727MHSDL44,811028,D,727MHSDL44,727MHSDL44,1,0.01,727MHSDL44
BSE,bse_cm,726MHSDL49,811029,D,726MHSDL49,726MHSDL49,1,0.05,726MHSDL49
BSE,bse_cm,727MHSDL39,811030,D,727MHSDL39,727MHSDL39,1,0.01,727MHSDL39
BSE,bse_cm,722RJSDL34,811031,D,722RJSDL34,722RJSDL34,1,0.01,722RJSDL34
BSE,bse_cm,726MPSDL38,811032,D,726MPSDL38,726MPSDL38,1,0.01,726MPSDL38
BSE,bse_cm,722MHSDL49,811033,D,722MHSDL49,722MHSDL49,1,0.01,722MHSDL49
BSE,bse_cm,727APSDL36,811034,D,727APSDL36,727APSDL36,1,0.01,727APSDL36
BSE,bse_cm,723MHSDL35,811035,D,723MHSDL35,723MHSDL35,1,0.01,723MHSDL35
BSE,bse_cm,725APSDL47,811036,D,725APSDL47,725APSDL47,1,0.01,725APSDL47
BSE,bse_cm,726MHSDL50,811037,D,726MHSDL50,726MHSDL50,1,0.01,726MHSDL50
BSE,bse_cm,725TLSDL46,811038,D,725TLSDL46,725TLSDL46,1,0.01,725TLSDL46
BSE,bse_cm,708KASDL34,811039,D,708KASDL34,708KASDL34,1,0.01,708KASDL34
BSE,bse_cm,682GJSDL27,811040,D,682GJSDL27,682GJSDL27,1,0.01,682GJSDL27
BSE,bse_cm,709RJSDL35,811041,D,709RJSDL35,709RJSDL35,1,0.01,709RJSDL35
BSE,bse_cm,71KARSDL35,811042,D,71KARSDL35,71KARSDL35,1,0.01,71KARSDL35
BSE,bse_cm,7TNSDL29,811043,D,7TNSDL29,7TNSDL29,1,0.01,7TNSDL29
BSE,bse_cm,715KRSDL36,811044,D,715KRSDL36,715KRSDL36,1,0.01,715KRSDL36
BSE,bse_cm,716TNSDL54,811045,D,716TNSDL54,716TNSDL54,1,0.01,716TNSDL54
BSE,bse_cm,712TNSDL34,811046,D,712TNSDL34,712TNSDL34,1,0.01,712TNSDL34
BSE,bse_cm,708GJSDL33,811047,D,708GJSDL33,708GJSDL33,1,0.01,708GJSDL33
BSE,bse_cm,704GJSDL32,811048,D,704GJSDL32,704GJSDL32,1,0.01,704GJSDL32
BSE,bse_cm,708TNSDL34,811049,D,708TNSDL34,708TNSDL34,1,0.01,708TNSDL34
BSE,bse_cm,712KASDL36,811050,D,712KASDL36,712KASDL36,1,0.01,712KASDL36
BSE,bse_cm,711GJSDL33,811051,D,711GJSDL33,711GJSDL33,1,0.01,711GJSDL33
BSE,bse_cm,712GJSDL35,811052,D,712GJSDL35,712GJSDL35,1,0.05,712GJSDL35
BSE,bse_cm,712MHSDL36,811053,D,712MHSDL36,712MHSDL36,1,0.01,712MHSDL36
BSE,bse_cm,719MHSDL40,811054,D,719MHSDL40,719MHSDL40,1,0.01,719MHSDL40
BSE,bse_cm,717MHSDL37,811055,D,717MHSDL37,717MHSDL37,1,0.01,717MHSDL37
BSE,bse_cm,718MHSDL39,811056,D,718MHSDL39,718MHSDL39,1,0.01,718MHSDL39
BSE,bse_cm,722KASDL32,811057,D,722KASDL32,722KASDL32,1,0.01,722KASDL32
BSE,bse_cm,713MHSDL37,811058,D,713MHSDL37,713MHSDL37,1,0.01,713MHSDL37
BSE,bse_cm,712MHSDL38,811059,D,712MHSDL38,712MHSDL38,1,0.01,712MHSDL38
BSE,bse_cm,714MHSDL39,811060,D,714MHSDL39,714MHSDL39,1,0.01,714MHSDL39
BSE,bse_cm,676MHSDL37,811061,D,676MHSDL37,676MHSDL37,1,0.01,676MHSDL37
BSE,bse_cm,640TNSDL32,811062,D,640TNSDL32,640TNSDL32,1,0.01,640TNSDL32
BSE,bse_cm,694TNSDL55,811063,D,694TNSDL55,694TNSDL55,1,0.01,694TNSDL55
BSE,bse_cm,709TNSDL55,811064,D,709TNSDL55,709TNSDL55,1,0.01,709TNSDL55
BSE,bse_cm,714MHSDL45,811065,D,714MHSDL45,714MHSDL45,1,0.01,714MHSDL45
BSE,bse_cm,712MHSDL47,811066,D,712MHSDL47,712MHSDL47,1,0.01,712MHSDL47
BSE,bse_cm,716MHSDL50,811067,D,716MHSDL50,716MHSDL50,1,0.01,716MHSDL50
BSE,bse_cm,707TNSDL55,811068,D,707TNSDL55,707TNSDL55,1,0.01,707TNSDL55
BSE,bse_cm,709TLSDL63,811069,D,709TLSDL63,709TLSDL63,1,0.01,709TLSDL63
BSE,bse_cm,716MHSDL55,811070,D,716MHSDL55,716MHSDL55,1,0.01,716MHSDL55
BSE,bse_cm,744TNSDL55,811071,D,744TNSDL55,744TNSDL55,1,0.01,744TNSDL55
BSE,bse_cm,754RJSDL53,811072,D,754RJSDL53,754RJSDL53,1,0.01,754RJSDL53
BSE,bse_cm,757MPSDL45,811073,D,757MPSDL45,757MPSDL45,1,0.01,757MPSDL45
BSE,bse_cm,754TGSDL55,811074,D,754TGSDL55,754TGSDL55,1,0.01,754TGSDL55
BSE,bse_cm,775WBSDL47,811075,D,775WBSDL47,775WBSDL47,1,0.05,775WBSDL47
BSE,bse_cm,708MAHSD39,811076,D,708MAHSD39,708MAHSD39,1,0.01,708MAHSD39
BSE,bse_cm,704MAHSD40,811077,D,704MAHSD40,704MAHSD40,1,0.01,704MAHSD40
BSE,bse_cm,778KLSDL45,811078,D,778KLSDL45,778KLSDL45,1,0.01,778KLSDL45
BSE,bse_cm,774TELSD51,811079,D,774TELSD51,774TELSD51,1,0.01,774TELSD51
BSE,bse_cm,731TNSDL34,811080,D,731TNSDL34,731TNSDL34,1,0.01,731TNSDL34
BSE,bse_cm,750MPSDL44,811081,D,750MPSDL44,750MPSDL44,1,0.01,750MPSDL44
BSE,bse_cm,718MAHSD33,811082,D,718MAHSD33,718MAHSD33,1,0.01,718MAHSD33
BSE,bse_cm,707GJSDL32,811083,D,707GJSDL32,707GJSDL32,1,0.01,707GJSDL32
BSE,bse_cm,726TNSDL35,811084,D,726TNSDL35,726TNSDL35,1,0.01,726TNSDL35
BSE,bse_cm,727MAHSD36,811085,D,727MAHSD36,727MAHSD36,1,0.01,727MAHSD36
BSE,bse_cm,750APSDL45,811086,D,750APSDL45,750APSDL45,1,0.01,750APSDL45
BSE,bse_cm,706GUJSD33,811087,D,706GUJSD33,706GUJSD33,1,0.01,706GUJSD33
BSE,bse_cm,726MAHSD42,811088,D,726MAHSD42,726MAHSD42,1,0.01,726MAHSD42
BSE,bse_cm,746TMSDL55,811089,D,746TMSDL55,746TMSDL55,1,0.01,746TMSDL55
BSE,bse_cm,745TLSDL57,811090,D,745TLSDL57,745TLSDL57,1,0.01,745TLSDL57
BSE,bse_cm,744TLSDL56,811091,D,744TLSDL56,744TLSDL56,1,0.01,744TLSDL56
BSE,bse_cm,684GJSDL31,811092,D,684GJSDL31,684GJSDL31,1,0.01,684GJSDL31
BSE,bse_cm,75TELSDL52,811093,D,75TELSDL52,75TELSDL52,1,0.01,75TELSDL52
BSE,bse_cm,744TNSD55A,811094,D,744TNSD55A,744TNSD55A,1,0.01,744TNSD55A
BSE,bse_cm,717GJSDL34,811095,D,717GJSDL34,717GJSDL34,1,0.01,717GJSDL34
BSE,bse_cm,72MHSDL34,811096,D,72MHSDL34,72MHSDL34,1,0.01,72MHSDL34
BSE,bse_cm,745TNSDL55,811097,D,745TNSDL55,745TNSDL55,1,0.01,745TNSDL55
BSE,bse_cm,743MHSDL40,811098,D,743MHSDL40,743MHSDL40,1,0.01,743MHSDL40
BSE,bse_cm,759WBSDL47,811099,D,759WBSDL47,759WBSDL47,1,0.01,759WBSDL47
BSE,bse_cm,752APSDL37,811100,D,752APSDL37,752APSDL37,1,0.01,752APSDL37
BSE,bse_cm,754RJSDL35,811101,D,754RJSDL35,754RJSDL35,1,0.01,754RJSDL35
BSE,bse_cm,746KASDL36,811102,D,746KASDL36,746KASDL36,1,0.01,746KASDL36
BSE,bse_cm,754MPSDL46,811103,D,754MPSDL46,754MPSDL46,1,0.01,754MPSDL46
BSE,bse_cm,758WBSDL42,811104,D,758WBSDL42,758WBSDL42,1,0.01,758WBSDL42
BSE,bse_cm,754TRSDL40,811105,D,754TRSDL40,754TRSDL40,1,0.01,754TRSDL40
BSE,bse_cm,759ADSDL47,811106,D,759ADSDL47,759ADSDL47,1,0.01,759ADSDL47
BSE,bse_cm,751KASDL36,811107,D,751KASDL36,751KASDL36,1,0.01,751KASDL36
BSE,bse_cm,75TNSDL37,811108,D,75TNSDL37,75TNSDL37,1,0.01,75TNSDL37
BSE,bse_cm,761HRSDL43,811109,D,761HRSDL43,761HRSDL43,1,0.01,761HRSDL43
BSE,bse_cm,762JKSDL41,811110,D,762JKSDL41,762JKSDL41,1,0.05,762JKSDL41
BSE,bse_cm,754KASDL37,811111,D,754KASDL37,754KASDL37,1,0.01,754KASDL37
BSE,bse_cm,758TNSDL56,811112,D,758TNSDL56,758TNSDL56,1,0.01,758TNSDL56
BSE,bse_cm,747GJSDL36,811113,D,747GJSDL36,747GJSDL36,1,0.01,747GJSDL36
BSE,bse_cm,724MHSDL34,811114,D,724MHSDL34,724MHSDL34,1,0.01,724MHSDL34
BSE,bse_cm,763MPSDL48,811115,D,763MPSDL48,763MPSDL48,1,0.01,763MPSDL48
BSE,bse_cm,754MHSDL37,811116,D,754MHSDL37,754MHSDL37,1,0.01,754MHSDL37
BSE,bse_cm,702GJSDL31,811117,D,702GJSDL31,702GJSDL31,1,0.01,702GJSDL31
BSE,bse_cm,761TNSDL56,811118,D,761TNSDL56,761TNSDL56,1,0.01,761TNSDL56
BSE,bse_cm,784TGSDL47,811119,D,784TGSDL47,784TGSDL47,1,0.01,784TGSDL47
BSE,bse_cm,762MPSDL39,811120,D,762MPSDL39,762MPSDL39,1,0.01,762MPSDL39
BSE,bse_cm,748MHSDL37,811121,D,748MHSDL37,748MHSDL37,1,0.01,748MHSDL37
BSE,bse_cm,741GJSDL37,811122,D,741GJSDL37,741GJSDL37,1,0.01,741GJSDL37
BSE,bse_cm,744KNSDL36,811123,D,744KNSDL36,744KNSDL36,1,0.01,744KNSDL36
BSE,bse_cm,766MHSDL47,811124,D,766MHSDL47,766MHSDL47,1,0.05,766MHSDL47
BSE,bse_cm,807MHSDL49,811125,D,807MHSDL49,807MHSDL49,1,0.01,807MHSDL49
BSE,bse_cm,807TGSDL56,811126,D,807TGSDL56,807TGSDL56,1,0.01,807TGSDL56
BSE,bse_cm,797RJSDL43,811127,D,797RJSDL43,797RJSDL43,1,0.01,797RJSDL43
BSE,bse_cm,727MHSGS36,811128,D,727MHSGS36,727MHSGS36,1,0.01,727MHSGS36
BSE,bse_cm,781APSDL56,811129,D,781APSDL56,781APSDL56,1,0.01,781APSDL56
BSE,bse_cm,777MHSDL44,811130,D,777MHSDL44,777MHSDL44,1,0.01,777MHSDL44
BSE,bse_cm,779MHSDL54,811131,D,779MHSDL54,779MHSDL54,1,0.01,779MHSDL54
BSE,bse_cm,767UPSDL41,811132,D,767UPSDL41,767UPSDL41,1,0.01,767UPSDL41
BSE,bse_cm,792BRSDL51,811133,D,792BRSDL51,792BRSDL51,1,0.01,792BRSDL51
BSE,bse_cm,774GJSDL38,811134,D,774GJSDL38,774GJSDL38,1,0.05,774GJSDL38
BSE,bse_cm,743GJSDL35,811135,D,743GJSDL35,743GJSDL35,1,0.01,743GJSDL35
BSE,bse_cm,761GJSDL39,811136,D,761GJSDL39,761GJSDL39,1,0.01,761GJSDL39
BSE,bse_cm,780TNSDL41,811137,D,780TNSDL41,780TNSDL41,1,0.01,780TNSDL41
BSE,bse_cm,756APSDL39,811138,D,756APSDL39,756APSDL39,1,0.01,756APSDL39
BSE,bse_cm,764TSSDL44,811139,D,764TSSDL44,764TSSDL44,1,0.01,764TSSDL44
BSE,bse_cm,761MPSDL44,811140,D,761MPSDL44,761MPSDL44,1,0.01,761MPSDL44
BSE,bse_cm,797TSDL43,811141,D,797TSDL43,797TSDL43,1,0.01,797TSDL43
BSE,bse_cm,759UPSDL42,811142,D,759UPSDL42,759UPSDL42,1,0.01,759UPSDL42
BSE,bse_cm,765APSDL43,811143,D,765APSDL43,765APSDL43,1,0.01,765APSDL43
BSE,bse_cm,759TNSDL41,811144,D,759TNSDL41,759TNSDL41,1,0.01,759TNSDL41
BSE,bse_cm,765TSDL55,811145,D,765TSDL55,765TSDL55,1,0.01,765TSDL55
BSE,bse_cm,782UPSDL46,811146,D,782UPSDL46,782UPSDL46,1,0.01,782UPSDL46
BSE,bse_cm,765RJSDL53,811147,D,765RJSDL53,765RJSDL53,1,0.01,765RJSDL53
BSE,bse_cm,751GJSDL38,811148,D,751GJSDL38,751GJSDL38,1,0.01,751GJSDL38
BSE,bse_cm,APLABPP,890217,E,Aplab Ltd.,APLABPP,1,0.01,APLABPP
BSE,bse_cm,SSFLPP,890221,E,Spandana Sphoorty Financial Li,SSFLPP,1,0.05,SSFLPP
BSE,bse_cm,SURAJINDPP,890226,E,Suraj Industries Limited.,SURAJINDPP,1,0.01,SURAJINDPP
BSE,bse_cm,ATLPP,890228,E,Allcargo Terminals Limited,ATLPP,1,0.01,ATLPP
BSE,bse_cm,ACESEPP,890230,E,Ace Software Exports ltd.,ACESEPP,1,0.01,ACESEPP
BSE,bse_cm,ANIRITPP,890231,E,ANIRIT VENTURES LIMITED,ANIRITPP,1,0.01,ANIRITPP
BSE,bse_cm,VERTEXPP,890234,E,Vertex Securities Ltd.,VERTEXPP,1,0.01,VERTEXPP
BSE,bse_cm,GSAILPP,890238,E,G.S. Auto International Ltd.,GSAILPP,1,0.01,GSAILPP
BSE,bse_cm,CHOLACCD,912463,D,CHOLA-7.50%-30-9-26-CCD,CHOLACCD,1,0.01,CHOLACCD
BSE,bse_cm,SMILCCD,912464,D,Samvardhana Motherson Internat,SMILCCD,1,0.01,SMILCCD
BSE,bse_cm,759PUNEM27,929001,D,PUNE MUNI BOND-7.59%-20-6-27-M,759PUNEM27,1,0.01,759PUNEM27
BSE,bse_cm,89GHMC28,929002,D,GHMC MUNI BOND-8.90%-16-2-28-M,89GHMC28,1,0.01,89GHMC28
BSE,bse_cm,938GHMC28,929003,D,GHMC MUNI BOND-9.38%-14-8-28-M,938GHMC28,1,0.01,938GHMC28
BSE,bse_cm,10GVMC28,929004,D,GVMC-10%-21-12-28-MB,10GVMC28,1,0.01,10GVMC28
BSE,bse_cm,85LMC26,929008,D,LMC-MUNIBOND-8.5%-18-11-26-MB,85LMC26,7,0.01,85LMC26
BSE,bse_cm,85LMC27,929009,D,LMC-MUNIBOND-8.5%-18-11-27-MB,85LMC27,7,0.01,85LMC27
BSE,bse_cm,85LMC28,929010,D,LMC-MUNIBOND-8.5%-18-11-28-MB,85LMC28,7,0.01,85LMC28
BSE,bse_cm,85LMC29,929011,D,LMC-MUNIBOND-8.5%-18-11-29-MB,85LMC29,7,0.01,85LMC29
BSE,bse_cm,85LMC30,929012,D,LMC-MUNIBOND-8.5%-18-11-30-MB,85LMC30,8,0.01,85LMC30
BSE,bse_cm,810GNN27,929015,D,GNN-8.1%-STRC-6-4-27-MB,810GNN27,7,0.01,810GNN27
BSE,bse_cm,810GNN28,929016,D,GNN-8.1%-STRD-6-4-28-MB,810GNN28,7,0.01,810GNN28
BSE,bse_cm,810GNN29,929017,D,GNN-8.1%-STRE-6-4-29-MB,810GNN29,7,0.01,810GNN29
BSE,bse_cm,810GNN30,929018,D,GNN-8.1%-STRF-6-4-30-MB,810GNN30,7,0.01,810GNN30
BSE,bse_cm,810GNN31,929019,D,GNN-8.10%-STRG-6-4-31-MB,810GNN31,8,0.01,810GNN31
BSE,bse_cm,815PCMC28,929020,D,PCMC-8.15%-28-7-28-MB,815PCMC28,1,0.01,815PCMC28
BSE,bse_cm,79AMC29,929021,D,AMC-7.90%-6-2-29-MB,79AMC29,1,0.01,79AMC29
BSE,bse_cm,79VMC29,929022,D,VMC-7.9%-4-3-29-MB,79VMC29,1,0.01,79VMC29
BSE,bse_cm,807PNN29,929023,D,PNN-8.07%-02-05-29-MB,807PNN29,1,0.01,807PNN29
BSE,bse_cm,807PNN30,929024,D,PNN-8.07%-02-05-30-MB,807PNN30,1,0.01,807PNN30
BSE,bse_cm,807PNN31,929025,D,PNN-8.07%-02-05-31-MB,807PNN31,1,0.01,807PNN31
BSE,bse_cm,807PNN32,929026,D,PNN-8.07%-02-05-32-MB,807PNN32,1,0.01,807PNN32
BSE,bse_cm,785PCMC29,929027,D,PCMC-7.85%-04-06-29-MB,785PCMC29,1,0.01,785PCMC29
BSE,bse_cm,785PCMC30A,929028,D,PCMC-7.85%-04-06-30-MB,785PCMC30A,1,0.01,785PCMC30A
BSE,bse_cm,727PFCL30,935508,D,PFC-7.27%-2A-17-10-30-BOND,727PFCL30,1,0.01,727PFCL30
BSE,bse_cm,752PFCL30,935510,D,PFC-7.52%-2B-17-10-30-BOND,752PFCL30,1,0.01,752PFCL30
BSE,bse_cm,735PFCL35,935512,D,PFC-7.35%-3A-17-10-35-BOND,735PFCL35,1,0.01,735PFCL35
BSE,bse_cm,760PFCL35,935514,D,PFC-7.60%-3B-17-10-35-BOND,760PFCL35,1,0.01,760PFCL35
BSE,bse_cm,709REC30,935542,D,REC-7.09%-5-11-30-S-2A-NCD,709REC30,1,0.01,709REC30
BSE,bse_cm,734REC30,935544,D,REC-7.34%-5-11-30-S-2B-NCD,734REC30,1,0.01,734REC30
BSE,bse_cm,718REC35,935546,D,REC-7.18%-5-11-35-S-3A-NCD,718REC35,1,0.01,718REC35
BSE,bse_cm,743REC35,935548,D,REC-7.43%-5-11-35-S-3B-NCD,743REC35,1,0.01,743REC35
BSE,bse_cm,728IRFC30,935568,D,IRFC-7.28%-21-12-30-TAXFREENCD,728IRFC30,1,0.01,728IRFC30
BSE,bse_cm,725IRFC35,935570,D,IRFC-7.25%-21-12-35-TAXFREENCD,725IRFC35,1,0.01,725IRFC35
BSE,bse_cm,753IRFC30,935574,D,IRFC-7.53%-21-12-30-TAXFREENCD,753IRFC30,1,0.01,753IRFC30
BSE,bse_cm,750IRFC35,935576,D,IRFC-7.50%-21-12-35-TAXFREENCD,750IRFC35,1,0.01,750IRFC35
BSE,bse_cm,735NHAI31,935582,D,NHAI-7.35%-11-1-31-TAXFREENCD,735NHAI31,1,0.01,735NHAI31
BSE,bse_cm,76NHAI31,935584,D,NHAI-7.6%-11-1-31-TAXFREENCD,76NHAI31,1,0.01,76NHAI31
BSE,bse_cm,749IREDA31,935612,D,IREDA-7.49%-21-1-31-TAXFREENCD,749IREDA31,1,0.01,749IREDA31
BSE,bse_cm,743IREDA36,935614,D,IREDA-7.43%-21-1-36-TAXFREENCD,743IREDA36,1,0.01,743IREDA36
BSE,bse_cm,774IREDA31,935618,D,IREDA-7.74%-21-1-31-TAXFREENCD,774IREDA31,1,0.01,774IREDA31
BSE,bse_cm,768IREDA36,935620,D,IREDA-7.68%-21-1-36-TAXFREENCD,768IREDA36,1,0.01,768IREDA36
BSE,bse_cm,739HUDC31,935638,D,HUDCO-7.39%-8-2-31-TAXFREENCD,739HUDC31,1,0.01,739HUDC31
BSE,bse_cm,764HUDCO31,935642,D,HUDCO-7.64%-8-2-31-TAXFREENCD,764HUDCO31,1,0.01,764HUDCO31
BSE,bse_cm,739NHAI31A,935664,D,NHAI-7.39%-9-3-31-TAXFREENCD,739NHAI31A,1,0.01,739NHAI31A
BSE,bse_cm,769NHAI31,935666,D,NHAI-7.69%-9-3-31-TAXFREENCD,769NHAI31,1,0.01,769NHAI31
BSE,bse_cm,739HUDCO31,935670,D,HUDCO-7.39%-15-3-31-TAXFREENCD,739HUDCO31,1,0.01,739HUDCO31
BSE,bse_cm,769HUDCO31,935674,D,HUDCO-7.69%-15-3-31-TAXFREENCD,769HUDCO31,1,0.01,769HUDCO31
BSE,bse_cm,735IRFC31,935678,D,IRFC-7.35%-22-3-31-NCDS,735IRFC31,1,0.01,735IRFC31
BSE,bse_cm,764IRFC31,935682,D,IRFC-7.64%-22-3-31-NCDS,764IRFC31,1,0.01,764IRFC31
BSE,bse_cm,735NABAR31,935686,D,NABARD-7.35%-23-3-31-NCDS,735NABAR31,1,0.01,735NABAR31
BSE,bse_cm,764NABAR31,935690,D,NABARD-7.64%-23-3-31-NCDS,764NABAR31,1,0.01,764NABAR31
BSE,bse_cm,865SCL26,935856,D,SCL-8.65%-26-9-26-NCDS,865SCL26,1,0.01,865SCL26
BSE,bse_cm,885SCL26,935858,D,SCL-8.85%-26-9-26-NCDS,885SCL26,1,0.01,885SCL26
BSE,bse_cm,9SCL26BA,935860,D,SCL-9%-26-9-26-NCDS,9SCL26BA,1,0.01,9SCL26BA
BSE,bse_cm,SCLZC26,935862,D,SCL-ZC-26-9-26-NCDS,SCLZC26,1,0.01,SCLZC26
BSE,bse_cm,879SCL26,935864,D,SCL-8.79%-26-9-26-NCDS,879SCL26,1,0.01,879SCL26
BSE,bse_cm,9SCL26B,935866,D,SC-9%-26-9-26-NCDS,9SCL26B,1,0.01,9SCL26B
BSE,bse_cm,915SCL26,935868,D,SCL-9.15%-26-9-26-NCDS,915SCL26,1,0.01,915SCL26
BSE,bse_cm,SCLZC26A,935870,D,SC-ZC-26-9-26-NCDS,SCLZC26A,1,0.01,SCLZC26A
BSE,bse_cm,790MMFSL27,936042,D,MMFSL-7.90%-24-04-27-NCD,790MMFSL27,1,0.01,790MMFSL27
BSE,bse_cm,800MMFSL27,936044,D,MMFSL-8.00%-24-07-27-NCD,800MMFSL27,1,0.01,800MMFSL27
BSE,bse_cm,795MMFSL32,936046,D,MMFSL-7.95%-24-07-32-NCD,795MMFSL32,1,0.01,795MMFSL32
BSE,bse_cm,805MMFSL32,936048,D,MMFSL-8.05%-24-07-32-NCD,805MMFSL32,1,0.01,805MMFSL32
BSE,bse_cm,888ECL28,936130,D,ECL-8.88%-22-3-28-NCD,888ECL28,1,0.01,888ECL28
BSE,bse_cm,925ECL28,936132,D,ECL-9.25%-22-3-28-NCD,925ECL28,1,0.01,925ECL28
BSE,bse_cm,975JMFCS28,936224,D,JMFCSL-9.75%-7-6-28-NCD,975JMFCS28,1,0.01,975JMFCS28
BSE,bse_cm,934JMFCS28,936226,D,JMFCSL-9.34%-7-6-28-NCD,934JMFCS28,1,0.01,934JMFCS28
BSE,bse_cm,903SFL28,936230,D,SFL-9.03%-12-7-28-NCD,903SFL28,1,0.01,903SFL28
BSE,bse_cm,94SFL28,936236,D,SFL-9.40%-12-7-28-NCD,94SFL28,1,0.01,94SFL28
BSE,bse_cm,943ECL28,936252,D,EFL-9.43%-6-8-28-NCD,943ECL28,1,0.01,943ECL28
BSE,bse_cm,985ECL28,936254,D,EFL-9.85%-6-8-28-NCD,985ECL28,1,0.01,985ECL28
BSE,bse_cm,931SFIL26A,936276,D,SFIL-8.75%-25-9-28-NCD,931SFIL26A,1,0.01,931SFIL26A
BSE,bse_cm,96SFIL24A,936278,D,SFIL-8.84%-25-9-28-NCD,96SFIL24A,1,0.01,96SFIL24A
BSE,bse_cm,97SFIL26A,936280,D,SFIL-9.10%-25-9-28-NCD,97SFIL26A,1,0.01,97SFIL26A
BSE,bse_cm,92SFIL28,936282,D,SFIL-9.20%-25-9-28-NCD,92SFIL28,1,0.01,92SFIL28
BSE,bse_cm,9TCAP28,936292,D,TCAP-9.00%-27-9-28-NCD,9TCAP28,1,0.01,9TCAP28
BSE,bse_cm,910TCAP28,936294,D,TCAP-9.10%-27-9-28-NCD,910TCAP28,1,0.01,910TCAP28
BSE,bse_cm,935AHFL28,936320,D,AHFL-9.35%-29-9-28-NCD,935AHFL28,1,0.01,935AHFL28
BSE,bse_cm,975AHFL28,936322,D,AHFL-9.75%-29-9-28-NCD,975AHFL28,1,0.01,975AHFL28
BSE,bse_cm,930SFL28,936326,D,SFL-9.30%-2-11-28-NCD,930SFL28,1,0.01,930SFL28
BSE,bse_cm,97SFL28,936332,D,SFL-9.70%-2-11-28-NCD,97SFL28,1,0.01,97SFL28
BSE,bse_cm,1025JFCS28,936384,D,JMFCSL-10.25%-13-12-28-NCD,1025JFCS28,1,0.01,1025JFCS28
BSE,bse_cm,981JMFCS28,936386,D,JMFCSL-9.81%-13-12-28-NCD,981JMFCS28,1,0.01,981JMFCS28
BSE,bse_cm,1015ECL29,936398,D,EFL-10.15%-4-1-29-NCD,1015ECL29,1,0.01,1015ECL29
BSE,bse_cm,1060ECL29,936400,D,EFL-10.60%-4-1-29-NCD,1060ECL29,1,0.01,1060ECL29
BSE,bse_cm,92MMFSL27,936410,D,MMFSL-9.2%-18-1-27-NCD,92MMFSL27,1,0.01,92MMFSL27
BSE,bse_cm,93MMFSL27,936412,D,MMFSL-9.3%-18-1-27-NCD,93MMFSL27,1,0.01,93MMFSL27
BSE,bse_cm,935MMFSL29,936414,D,MMFSL-9.35%-18-1-29-NCD,935MMFSL29,1,0.01,935MMFSL29
BSE,bse_cm,95MMFSL29,936416,D,MMFSL-9.5%-18-1-29-NCD,95MMFSL29,1,0.01,95MMFSL29
BSE,bse_cm,957ICCL25,936454,D,SFL-9.38%-6-2-29-NCD,957ICCL25,1,0.01,957ICCL25
BSE,bse_cm,97SFL29,936460,D,SFL-9.7%-6-2-29-NCD,97SFL29,1,0.01,97SFL29
BSE,bse_cm,10IIFL29,936476,D,IFL-10%-7-2-29-NCD,10IIFL29,1,0.01,10IIFL29
BSE,bse_cm,105IIFL29,936478,D,IFL-10.5%-7-2-29-NCD,105IIFL29,1,0.01,105IIFL29
BSE,bse_cm,92LTF29,936526,D,LTF-9.2%-13-3-29-NCD,92LTF29,1,0.01,92LTF29
BSE,bse_cm,935LTF29,936528,D,LTF-9.35%-13-3-29-NCD,935LTF29,1,0.01,935LTF29
BSE,bse_cm,884LTF29,936530,D,LTF-8.84%-13-3-29-NCD,884LTF29,1,0.01,884LTF29
BSE,bse_cm,898LTF29,936532,D,LTF-8.98%-13-3-29-NCD,898LTF29,1,0.01,898LTF29
BSE,bse_cm,885LTF27,936572,D,LTF-8.85%-15-4-27-NCD,885LTF27,1,0.01,885LTF27
BSE,bse_cm,905LTF27,936574,D,LTF-9.05%-15-4-27-NCD,905LTF27,1,0.01,905LTF27
BSE,bse_cm,852LTF27,936576,D,LTF-8.52%-15-4-27-NCD,852LTF27,1,0.01,852LTF27
BSE,bse_cm,87LTF27,936578,D,LTF-8.7%-15-4-27-NCD,87LTF27,1,0.01,87LTF27
BSE,bse_cm,829PFL29,936634,D,PFL-10.27%-6-5-29-NCD,829PFL29,1,0.01,829PFL29
BSE,bse_cm,85PFL26A,936636,D,PFL-10.75%-6-5-29-NCD,85PFL26A,1,0.01,85PFL26A
BSE,bse_cm,MHLZC26,936656,D,MHIL-ZC-13-11-26-NCD,MHLZC26,1,0.01,MHLZC26
BSE,bse_cm,995ECL29A,936722,D,EFL-9.95%-23-5-29-NCD,995ECL29A,1,0.01,995ECL29A
BSE,bse_cm,104ECL29A,936724,D,EFL-10.4%-23-5-29-NCD,104ECL29A,1,0.01,104ECL29A
BSE,bse_cm,MFLZC26A,936744,D,MFL-ZC-14-12-26-NCD,MFLZC26A,1,0.01,MFLZC26A
BSE,bse_cm,1025KFL26A,936776,D,KFL-10.25%-20-8-26-NCD,1025KFL26A,1,0.01,1025KFL26A
BSE,bse_cm,KFLZC26B,936778,D,KFL-ZC-20-8-26-NCD,KFLZC26B,1,0.01,KFLZC26B
BSE,bse_cm,931SFL26,936784,D,SFL-9.31%-22-8-26-NCD,931SFL26,1,0.01,931SFL26
BSE,bse_cm,97SFL26,936792,D,SFL-9.7%-22-8-26-NCD,97SFL26,1,0.01,97SFL26
BSE,bse_cm,SFLZC26A,936798,D,SFL-ZC-22-8-26-NCD,SFLZC26A,1,0.01,SFLZC26A
BSE,bse_cm,855TCAPS27,936808,D,TCAP-8.55%-26-8-27-NCD,855TCAPS27,1,0.01,855TCAPS27
BSE,bse_cm,865TCAPS27,936810,D,TCAP-8.65%-26-8-27-NCD,865TCAPS27,1,0.01,865TCAPS27
BSE,bse_cm,875TCAPS29,936812,D,TCAP-8.75%-26-8-29-NCD,875TCAPS29,1,0.01,875TCAPS29
BSE,bse_cm,885TCAPS29,936814,D,TCAP-8.85%-26-8-29-NCD,885TCAPS29,1,0.01,885TCAPS29
BSE,bse_cm,JMFPZC26,936854,D,JMFPL-ZC-11-9-26-NCD,JMFPZC26,1,0.01,JMFPZC26
BSE,bse_cm,MFLZC27D,936944,D,MFL-ZC-1-5-27-NCD,MFLZC27D,1,0.01,MFLZC27D
BSE,bse_cm,MHFLZC26,936959,D,MHFL-ZC-7-9-26-NCD,MHFLZC26,1,0.01,MHFLZC26
BSE,bse_cm,995ECL29,936975,D,ECL-9.95%-28-11-29-NCD,995ECL29,1,0.01,995ECL29
BSE,bse_cm,104ECL29,936977,D,ECL-10.4%-28-11-29-NCD,104ECL29,1,0.01,104ECL29
BSE,bse_cm,1025KFL26B,936991,D,KFL-10.25%-9-12-26-NCD,1025KFL26B,1,0.01,1025KFL26B
BSE,bse_cm,1041KFL26,936993,D,KFL-10.41%-9-12-26-NCD,1041KFL26,1,0.01,1041KFL26
BSE,bse_cm,85LTF26,937015,D,LTF-8.50%-23-12-26-NCD,85LTF26,1,0.01,85LTF26
BSE,bse_cm,865LTF26,937017,D,LTF-8.65%-23-12-26-NCD,865LTF26,1,0.01,865LTF26
BSE,bse_cm,MFLZC27B,937037,D,MFL-ZC-27-6-27-NCD,MFLZC27B,1,0.01,MFLZC27B
BSE,bse_cm,801TCH28,937051,D,TCH-8.01%-14-1-28-NCD,801TCH28,1,0.01,801TCH28
BSE,bse_cm,81TCHF28,937053,D,TCHF-8.1%-14-1-28-NCD,81TCHF28,1,0.01,81TCHF28
BSE,bse_cm,83TCHF28,937055,D,TCHF-8.3%-14-1-28-NCD,83TCHF28,1,0.01,83TCHF28
BSE,bse_cm,84TCHF28,937057,D,TCHF-8.4%-14-1-28-NCD,84TCHF28,1,0.01,84TCHF28
BSE,bse_cm,TCHF30,937059,D,TCH-SERIESVI-14-1-30-NCD,TCHF30,1,0.01,TCHF30
BSE,bse_cm,875SFL27,937065,D,SFL-8.75%-28-1-27-NCD,875SFL27,1,0.01,875SFL27
BSE,bse_cm,91SFL27,937071,D,SFL-9.10%-28-1-27-NCD,91SFL27,1,0.01,91SFL27
BSE,bse_cm,98NWFL30,937091,D,NWFL-9.80%-5-2-30-NCD,98NWFL30,1,0.01,98NWFL30
BSE,bse_cm,1025NWFL30,937093,D,NWFL-10.25%-5-2-30-NCD,1025NWFL30,1,0.01,1025NWFL30
BSE,bse_cm,MMLZC27,937129,D,MML-ZC-17-3-27-NCD,MMLZC27,1,0.01,MMLZC27
BSE,bse_cm,10JFPL30,937147,D,JFPL-10%-16-3-30-NCD,10JFPL30,1,0.01,10JFPL30
BSE,bse_cm,957JFPL30,937149,D,JFPL-9.57%-16-3-30-NCD,957JFPL30,1,0.01,957JFPL30
BSE,bse_cm,MVAF27,937169,D,MVAFL-ZC-17-9-27-NCD,MVAF27,1,0.01,MVAF27
BSE,bse_cm,1025KFL27,937205,D,KFL-10.25%-28-5-27-NCD,1025KFL27,1,0.01,1025KFL27
BSE,bse_cm,KFL27,937207,D,KFL-28-5-27-NCD,KFL27,1,0.01,KFL27
BSE,bse_cm,MMLZC27A,937221,D,MML-ZC-31-7-27-NCD,MMLZC27A,1,0.01,MMLZC27A
BSE,bse_cm,KAFLZC26A,937241,D,KLM-ZC-1-10-26-NCD,KAFLZC26A,1,0.01,KAFLZC26A
BSE,bse_cm,MMLZC27B,937273,D,MML-ZC-29-10-27-NCD,MMLZC27B,1,0.01,MMLZC27B
BSE,bse_cm,1025KFL27A,937287,D,KFL-10.25%-13-10-27-NCD,1025KFL27A,1,0.01,1025KFL27A
BSE,bse_cm,KFLZC27,937289,D,KFL-ZC-13-10-27-NCD,KFLZC27,1,0.01,KFLZC27
BSE,bse_cm,MMLZC27C,937333,D,MML-ZC-23-12-27-NCD,MMLZC27C,1,0.01,MMLZC27C
BSE,bse_cm,953EFSL31,937345,D,EFSL-9.53%-8-1-31-NCD,953EFSL31,1,0.01,953EFSL31
BSE,bse_cm,995EFSL31,937347,D,EFSL-9.95%-8-1-31-NCD,995EFSL31,1,0.01,995EFSL31
BSE,bse_cm,663PFCL31,937367,D,PFCL-6.63%-22-1-31-NCD,663PFCL31,1,0.01,663PFCL31
BSE,bse_cm,682PFCL31,937369,D,PFCL-6.82%-22-1-31-NCD,682PFCL31,1,0.01,682PFCL31
BSE,bse_cm,68PFCL31,937371,D,PFCL-6.8%-22-1-31-NCD,68PFCL31,1,0.01,68PFCL31
BSE,bse_cm,7PFCL31,937373,D,PFCL-7%-22-1-31-NCD,7PFCL31,1,0.01,7PFCL31
BSE,bse_cm,658PFCL31,937375,D,PFCL-6.58%-22-1-31-NCD,658PFCL31,1,0.01,658PFCL31
BSE,bse_cm,683PFCL31,937377,D,PFCL-6.83%-22-1-31-NCD,683PFCL31,1,0.01,683PFCL31
BSE,bse_cm,678PFCL36,937379,D,PFCL-6.78%-22-1-36-NCD,678PFCL36,1,0.01,678PFCL36
BSE,bse_cm,697PFCL36,937381,D,PFCL-6.97%-22-1-36-NCD,697PFCL36,1,0.01,697PFCL36
BSE,bse_cm,695PFCL36,937383,D,PFCL-6.95%-22-1-36-NCD,695PFCL36,1,0.01,695PFCL36
BSE,bse_cm,715PFCL36,937385,D,PFCL-7.15%-22-1-36-NCD,715PFCL36,1,0.01,715PFCL36
BSE,bse_cm,1025KFL28,937399,D,KFL-10.25%-22-1-28-NCD,1025KFL28,1,0.01,1025KFL28
BSE,bse_cm,KFLZC28,937401,D,KFL-ZC-22-1-28-NCD,KFLZC28,1,0.01,KFLZC28
BSE,bse_cm,9MFL27,937409,D,MFL-9%-29-1-27-NCD,9MFL27,1,0.01,9MFL27
BSE,bse_cm,94MFL27,937411,D,MFL-9.4%-29-1-27-NCD,94MFL27,1,0.01,94MFL27
BSE,bse_cm,MFLZC27C,937419,D,MFL-ZC-29-1-27-NCD,MFLZC27C,1,0.01,MFLZC27C
BSE,bse_cm,MMLZC28,937433,D,MML-ZC-14-2-28-NCD,MMLZC28,1,0.01,MMLZC28
BSE,bse_cm,9MFL27A,937441,D,MFL-9%-15-3-27-NCD,9MFL27A,1,0.01,9MFL27A
BSE,bse_cm,94MFL27A,937443,D,MFL-9.4%-15-3-27-NCD,94MFL27A,1,0.01,94MFL27A
BSE,bse_cm,MFLZC27E,937451,D,MFL-ZC-15-3-27-NCD,MFLZC27E,1,0.01,MFLZC27E
BSE,bse_cm,10IIFL28A,937453,D,IFL-10%-24-6-28-NCD,10IIFL28A,1,0.01,10IIFL28A
BSE,bse_cm,96IIFL28A,937455,D,IFL-9.6%-24-6-28-NCD,96IIFL28A,1,0.01,96IIFL28A
BSE,bse_cm,IIFLZC28,937457,D,IFL-ZC-24-6-28-NCD,IIFLZC28,1,0.01,IIFLZC28
BSE,bse_cm,MFLVI31F,937469,D,MFL-VI-20-4-31-NCD,MFLVI31F,1,0.01,MFLVI31F
BSE,bse_cm,1025KFL26C,937487,D,KFL-10.25%-28-10-26-NCD,1025KFL26C,1,0.01,1025KFL26C
BSE,bse_cm,KFLZC28A,937489,D,KFL-ZC-28-4-28-NCD,KFLZC28A,1,0.01,KFLZC28A
BSE,bse_cm,930EFSL31,937501,D,EFSL-9.30%-29-4-31-NCD,930EFSL31,1,0.01,930EFSL31
BSE,bse_cm,970EFSL31,937503,D,EFSL-9.70%-29-4-31-NCD,970EFSL31,1,0.01,970EFSL31
BSE,bse_cm,MMLZC28A,937517,D,MML-ZC-2-5-28-NCD,MMLZC28A,1,0.01,MMLZC28A
BSE,bse_cm,77IGT28,937527,D,IGT-7.7%-6-5-28-INVIT-NCD,77IGT28,1,0.01,77IGT28
BSE,bse_cm,79IGT28,937529,D,IGT-7.9%-6-5-28-NCD,79IGT28,1,0.01,79IGT28
BSE,bse_cm,749IGT28,937531,D,IGT-7.49%-6-5-28-INVIT-NCD,749IGT28,1,0.01,749IGT28
BSE,bse_cm,769IGT28,937533,D,IGT-7.69%-6-5-28-INVIT-NCD,769IGT28,1,0.01,769IGT28
BSE,bse_cm,795IGT31,937535,D,IGT-7.95%-6-5-31-INVIT-NCD,795IGT31,1,0.01,795IGT31
BSE,bse_cm,82IGT31,937537,D,IGT-8.2%-6-5-31-INVIT-NCD,82IGT31,1,0.01,82IGT31
BSE,bse_cm,772IGT31,937539,D,IGT-7.72%-6-5-31-INVIT-NCD,772IGT31,1,0.01,772IGT31
BSE,bse_cm,797IGT31,937541,D,IGT-7.97%-6-5-31-INVIT-NCD,797IGT31,1,0.01,797IGT31
BSE,bse_cm,950MFCL27D,937549,D,MFCL-9.5%-7-5-27-NCD,950MFCL27D,1,0.01,950MFCL27D
BSE,bse_cm,975MFCL28E,937551,D,MFCL-9.75%-7-8-28-NCD,975MFCL28E,1,0.01,975MFCL28E
BSE,bse_cm,MFLZC28E,937559,D,MFCL-ZC-7-8-28-NCD,MFLZC28E,1,0.01,MFLZC28E
BSE,bse_cm,875PFL31,937579,D,PFL-8.75%-23-7-31-NCD,875PFL31,1,0.01,875PFL31
BSE,bse_cm,9PFL31A,937581,D,PFL-9%-23-07-31-NCD,9PFL31A,1,0.01,9PFL31A
BSE,bse_cm,1050SFL26,937595,D,SFL-10.50%-29-8-26-NCD,1050SFL26,1,0.01,1050SFL26
BSE,bse_cm,SFLZC26,937597,D,SFL-ZC-29-8-26-NCD,SFLZC26,1,0.01,SFLZC26
BSE,bse_cm,KAFL28,937617,D,KLMAFL-29-2-28-NCD,KAFL28,1,0.01,KAFL28
BSE,bse_cm,10IIFL28,937619,D,IHFL-10%-3-11-28-NCD,10IIFL28,1,0.01,10IIFL28
BSE,bse_cm,96IIFL28,937621,D,IHFL-9.60%-3-11-28-NCD,96IIFL28,1,0.01,96IIFL28
BSE,bse_cm,IIFLZC28C,937623,D,IHFL-ZC-3-11-28-NCD,IIFLZC28C,1,0.01,IIFLZC28C
BSE,bse_cm,915EFSL26,937631,D,EFSL-9.15%-10-9-26-NCD,915EFSL26,1,0.01,915EFSL26
BSE,bse_cm,955EFSL26A,937633,D,EFSL-9.55%-10-9-26-NCD,955EFSL26A,1,0.01,955EFSL26A
BSE,bse_cm,EFSL26,937635,D,EFSL-10-9-26-NCD,EFSL26,1,0.01,EFSL26
BSE,bse_cm,93EFSL31,937637,D,EFSL-9.30%-10-9-31-NCD,93EFSL31,1,0.01,93EFSL31
BSE,bse_cm,97EFSL31,937639,D,EFSL-9.70%-10-9-31-NCD,97EFSL31,1,0.01,97EFSL31
BSE,bse_cm,10MML27B,937651,D,MML-10%-15-3-27-NCD,10MML27B,1,0.01,10MML27B
BSE,bse_cm,MMLZC28B,937653,D,MML-ZC-15-9-28-NCD,MMLZC28B,1,0.01,MMLZC28B
BSE,bse_cm,925SCL26,937677,D,SCL-8.75%-24-9-26-NCD,925SCL26,1,0.01,925SCL26
BSE,bse_cm,889SCL26,937679,D,SCL-9.25%-24-9-26-NCD,889SCL26,1,0.01,889SCL26
BSE,bse_cm,975SCL28,937681,D,SCL-8.89%-24-9-26-NCD,975SCL28,1,0.01,975SCL28
BSE,bse_cm,889SCL28,937683,D,SCL-9.75%-22-12-28-NCD,889SCL28,1,0.01,889SCL28
BSE,bse_cm,935SCL28,937685,D,SCL-8.89%-22-12-28-NCD,935SCL28,1,0.01,935SCL28
BSE,bse_cm,850SCL25A,937687,D,SCL-9.35%-22-12-28-NCD,850SCL25A,1,0.01,850SCL25A
BSE,bse_cm,9KSFL27,937701,D,KSFL-9%-29-9-27-NCD,9KSFL27,1,0.01,9KSFL27
BSE,bse_cm,KFLZC28B,937703,D,KSFL-ZC-29-9-28-NCD,KFLZC28B,1,0.01,KFLZC28B
BSE,bse_cm,820JMFPL26,937707,D,JMFPL-8.20%-7-10-26-NCD,820JMFPL26,1,0.01,820JMFPL26
BSE,bse_cm,791JMFPL26,937709,D,JMFPL-7.91%-7-10-26-NCD,791JMFPL26,1,0.01,791JMFPL26
BSE,bse_cm,830JMFPL30,937711,D,JMFPL-8.30%-7-2-30-NCD,830JMFPL30,1,0.01,830JMFPL30
BSE,bse_cm,842IIFL26,937721,D,IIFL-8.42%-14-10-26-NCD,842IIFL26,1,0.01,842IIFL26
BSE,bse_cm,875IIFL26,937723,D,IIFL-8.75%-14-10-26-NCD,875IIFL26,1,0.01,875IIFL26
BSE,bse_cm,IIFLZC26,937725,D,IIFL-ZC-14-10-26-NCD,IIFLZC26,1,0.01,IIFLZC26
BSE,bse_cm,12IML26,937743,D,IML-12%-24-11-26-NCD,12IML26,1,0.01,12IML26
BSE,bse_cm,12IML26A,937745,D,IML-12%-24-11-26-NCD,12IML26A,1,0.01,12IML26A
BSE,bse_cm,IML27,937747,D,IML-24-9-27-NCD,IML27,1,0.01,IML27
BSE,bse_cm,11KAFL26,937763,D,KLMAFL-11%-31-10-26-NCD,11KAFL26,1,0.01,11KAFL26
BSE,bse_cm,1125KLM26A,937765,D,KLMAFL-11.25%-31-10-26-NCD,1125KLM26A,1,0.01,1125KLM26A
BSE,bse_cm,KAFL28A,937767,D,KLMAFL-30-6-28-NCD,KAFL28A,1,0.01,KAFL28A
BSE,bse_cm,910MFL26,937773,D,MFL-8.75%-29-10-26-NCD,910MFL26,1,0.01,910MFL26
BSE,bse_cm,950MFL27,937775,D,MFL-9.50%-29-10-27-NCD,950MFL27,1,0.01,950MFL27
BSE,bse_cm,975MFL29,937777,D,MFL-9.75%-29-1-29-NCD,975MFL29,1,0.01,975MFL29
BSE,bse_cm,MFL26B,937783,D,MFL-29-10-26-NCD,MFL26B,1,0.01,MFL26B
BSE,bse_cm,MFL29A,937785,D,MFL-29-1-29-NCD,MFL29A,1,0.01,MFL29A
BSE,bse_cm,915EFSL26A,937799,D,EFSL-9.15%-28-12-26-NCD,915EFSL26A,1,0.01,915EFSL26A
BSE,bse_cm,955EFSL26B,937801,D,EFSL-9.55%-28-12-26-NCD,955EFSL26B,1,0.01,955EFSL26B
BSE,bse_cm,EFSL26A,937803,D,EFSL-28-12-26-NCD,EFSL26A,1,0.01,EFSL26A
BSE,bse_cm,93EFSL31A,937805,D,EFSL-9.30%-28-12-31-NCD,93EFSL31A,1,0.01,93EFSL31A
BSE,bse_cm,97EFSL31A,937807,D,EFSL-9.7%-28-12-31-NCD,97EFSL31A,1,0.01,97EFSL31A
BSE,bse_cm,MMLZC27D,937819,D,MML-ZC-2-7-27-NCD,MMLZC27D,1,0.01,MMLZC27D
BSE,bse_cm,820IIFL27,937825,D,IHFL-8.20%-3-1-27-NCD,820IIFL27,1,0.01,820IIFL27
BSE,bse_cm,850IIFL27,937827,D,IHFL-8.50%-3-1-27-NCD,850IIFL27,1,0.01,850IIFL27
BSE,bse_cm,IIFLHFZC27,937829,D,IHFL-ZC-3-1-27-NCD,IIFLHFZC27,1,0.01,IIFLHFZC27
BSE,bse_cm,843IHFL29,937831,D,IHFL-8.43%-3-1-29-NCD,843IHFL29,1,0.01,843IHFL29
BSE,bse_cm,875IHFL29,937833,D,IHFL-8.75%-3-1-29-NCD,875IHFL29,1,0.01,875IHFL29
BSE,bse_cm,IIFLHF29,937835,D,IHFL-ZC-3-1-29-NCD,IIFLHF29,1,0.01,IIFLHF29
BSE,bse_cm,875SCFL27,937859,D,SCL-8.75%-6-1-27-NCD,875SCFL27,1,0.01,875SCFL27
BSE,bse_cm,925SCFL27,937861,D,SCL-9.25%-6-1-27-NCD,925SCFL27,1,0.01,925SCFL27
BSE,bse_cm,843SCFL27,937863,D,SCL-8.43%-6-1-27-NCD,843SCFL27,1,0.01,843SCFL27
BSE,bse_cm,889SCFL27,937865,D,SCL-8.89%-6-1-27-NCD,889SCFL27,1,0.01,889SCFL27
BSE,bse_cm,850MFL27,937885,D,MFL-8.50%-2-2-27-NCD,850MFL27,1,0.01,850MFL27
BSE,bse_cm,875MFL28,937887,D,MFL-8.75%-2-2-28-NCD,875MFL28,1,0.01,875MFL28
BSE,bse_cm,9MFL30,937889,D,MFL-9%-2-2-30-NCD,9MFL30,1,0.01,9MFL30
BSE,bse_cm,MFLZC27A,937895,D,MFL-ZC-2-2-27-NCD,MFLZC27A,1,0.01,MFLZC27A
BSE,bse_cm,MFLZC28F,937897,D,MFL-ZC-2-2-28-NCD,MFLZC28F,1,0.01,MFLZC28F
BSE,bse_cm,MFLZC30,937899,D,MFL-ZC-2-2-30-NCD,MFLZC30,1,0.01,MFLZC30
BSE,bse_cm,11KAFL27,937921,D,KLM-11%-16-3-27-NCD,11KAFL27,1,0.01,11KAFL27
BSE,bse_cm,1125KAFL27,937923,D,KLM-11.25%-16-3-27-NCD,1125KAFL27,1,0.01,1125KAFL27
BSE,bse_cm,KAFLZC28,937925,D,KLM-ZC-16-11-28-NCD,KAFLZC28,1,0.01,KAFLZC28
BSE,bse_cm,KFLZC26D,937937,D,KFIL-ZC-17-10-26-NCD,KFLZC26D,1,0.01,KFLZC26D
BSE,bse_cm,10KFIL27,937939,D,KFIL-10-17-4-27-NCD,10KFIL27,1,0.01,10KFIL27
BSE,bse_cm,KFLZC29,937941,D,KFIL-ZC-17-8-29-NCD,KFLZC29,1,0.01,KFLZC29
BSE,bse_cm,875SCL27,937965,D,SCL-8.75%-28-4-27-NCD,875SCL27,1,0.01,875SCL27
BSE,bse_cm,925SCL27,937967,D,SCL-9.25%-28-4-27-NCD,925SCL27,1,0.01,925SCL27
BSE,bse_cm,843SCL27,937969,D,SCL-8.43%-28-4-27-NCD,843SCL27,1,0.01,843SCL27
BSE,bse_cm,889SCL27,937971,D,SCL-8.89%-28-4-27-NCD,889SCL27,1,0.01,889SCL27
BSE,bse_cm,10SFL27,937985,D,SFL-10%-29-04-27-NCD,10SFL27,1,0.01,10SFL27
BSE,bse_cm,SFL27,937987,D,SFL-29-4-27-NCD,SFL27,1,0.01,SFL27
BSE,bse_cm,915NIDO27,937999,D,NIDO-9.15%-29-4-27-NCD,915NIDO27,1,0.01,915NIDO27
BSE,bse_cm,955NIDO27,938001,D,NIDO-9.55%-29-4-27-NCD,955NIDO27,1,0.01,955NIDO27
BSE,bse_cm,NIDO27,938003,D,NIDO-29-4-27-NCD,NIDO27,1,0.01,NIDO27
BSE,bse_cm,930NIDO32,938005,D,NIDO-9.30%-29-4-32-NCD,930NIDO32,1,0.01,930NIDO32
BSE,bse_cm,970NIDO32,938007,D,NIDO-9.70%-29-4-32-NCD,970NIDO32,1,0.01,970NIDO32
BSE,bse_cm,MFLII27B,938011,D,MFL-II-5-5-27-NCD,MFLII27B,1,0.01,MFLII27B
BSE,bse_cm,MFLIV27D,938015,D,MFL-IV-5-5-27-NCD,MFLIV27D,1,0.01,MFLIV27D
BSE,bse_cm,MFLV29E,938019,D,MFL-V-5-5-29-NCD,MFLV29E,1,0.01,MFLV29E
BSE,bse_cm,MFLVI32F,938021,D,MFL-VI-5-5-32-NCD,MFLVI32F,1,0.01,MFLVI32F
BSE,bse_cm,MFLVIII27H,938029,D,MFL-VIII-5-5-27-NCD,MFLVIII27H,1,0.01,MFLVIII27H
BSE,bse_cm,MML27,938055,D,MML-22-11-27-NCD,MML27,1,0.01,MML27
BSE,bse_cm,MFLII27,938067,D,MFL-23-6-27-NCD,MFLII27,1,0.01,MFLII27
BSE,bse_cm,MFLIV27,938071,D,MFL-23-6-27-CP,MFLIV27,1,0.01,MFLIV27
BSE,bse_cm,MFLV29,938073,D,MFL-23-6-29-NCD,MFLV29,1,0.01,MFLV29
BSE,bse_cm,MFLVII27,938077,D,MFL-23-6-27-NCD,MFLVII27,1,0.01,MFLVII27
BSE,bse_cm,11IML27,938091,D,IML-11%-27-7-27-NCD,11IML27,1,0.01,11IML27
BSE,bse_cm,IML28C,938093,D,IML-27-11-28-NCD,IML28C,1,0.01,IML28C
BSE,bse_cm,916NWIL27,938105,D,NWIL-9.16%-15-7-27-NCD,916NWIL27,1,0.01,916NWIL27
BSE,bse_cm,955NWIL27,938107,D,NWIL-9.55%-15-7-27-NCD,955NWIL27,1,0.01,955NWIL27
BSE,bse_cm,NWIL27,938109,D,NWIL-15-7-27-NCD,NWIL27,1,0.01,NWIL27
BSE,bse_cm,953NWIL32,938111,D,NWIL-9.53%-15-7-32-NCD,953NWIL32,1,0.01,953NWIL32
BSE,bse_cm,995NWIL32,938113,D,NWIL-9.95%-15-7-32-NCD,995NWIL32,1,0.01,995NWIL32
BSE,bse_cm,KFL27A,938125,D,KFL-10-2-27-NCD,KFL27A,1,0.01,KFL27A
BSE,bse_cm,925KFL27,938127,D,KFL-9.25%-10-8-27-NCD,925KFL27,1,0.01,925KFL27
BSE,bse_cm,KFL29,938129,D,KFL-10-12-29-NCD,KFL29,1,0.01,KFL29
BSE,bse_cm,835MFL26,938135,D,MFL-8.35%-6-9-26-NCD,835MFL26,1,0.01,835MFL26
BSE,bse_cm,MFL26E,938141,D,MFL-6-9-26-NCD,MFL26E,1,0.01,MFL26E
BSE,bse_cm,MFL30,938143,D,MFL-6-9-30-NCD,MFL30,1,0.01,MFL30
BSE,bse_cm,87SCL27,938174,D,SCL-9.05%-28-9-27-NCD,87SCL27,1,0.01,87SCL27
BSE,bse_cm,915SCL27,938176,D,SCL-9.55%-28-9-27-NCD,915SCL27,1,0.01,915SCL27
BSE,bse_cm,865SCL24B,938178,D,SCL-8.7%-28-9-27-NCD,865SCL24B,1,0.01,865SCL24B
BSE,bse_cm,905SC24B,938180,D,SCL-9.15%-28-9-27-NCD,905SC24B,1,0.01,905SC24B
BSE,bse_cm,1050KLM27,938196,D,KLMAFL-10.50%-16-10-27-NCD,1050KLM27,1,0.01,1050KLM27
BSE,bse_cm,1075KLM27,938198,D,KLMAFL-10.75%-16-10-27-NCD,1075KLM27,1,0.01,1075KLM27
BSE,bse_cm,KAFL29,938200,D,KLMAFL-17-8-29-NCD,KAFL29,1,0.01,KAFL29
BSE,bse_cm,935EFSL27,938212,D,EFSL-9.35%-20-10-27-NCD,935EFSL27,1,0.01,935EFSL27
BSE,bse_cm,975EFSL27,938214,D,EFSL-9.75%-20-10-27-NCD,975EFSL27,1,0.01,975EFSL27
BSE,bse_cm,EFSL27,938216,D,EFSL-20-10-27-NCD,EFSL27,1,0.01,EFSL27
BSE,bse_cm,965EFSL32,938218,D,EFSL-9.65%-20-10-32-NCD,965EFSL32,1,0.01,965EFSL32
BSE,bse_cm,1010EFSL32,938220,D,EFSL-10.10%-20-10-32-NCD,1010EFSL32,1,0.01,1010EFSL32
BSE,bse_cm,79NHIT35,938222,D,NHIT-25-10-35-INVIT,79NHIT35,1,0.01,79NHIT35
BSE,bse_cm,79NHIT40,938224,D,NHIT-25-10-40-INVIT,79NHIT40,1,0.01,79NHIT40
BSE,bse_cm,79NHIT47,938226,D,NHIT-7.9%-25-10-47-INVIT,79NHIT47,1,0.01,79NHIT47
BSE,bse_cm,915SCL27A,938252,D,SCL-9.55%-03-11-27-NCD,915SCL27A,1,0.01,915SCL27A
BSE,bse_cm,89SCL24A,938254,D,SCL-8.7%-03-11-27-NCD,89SCL24A,1,0.01,89SCL24A
BSE,bse_cm,MFLTDII27,938256,D,MFL-3-11-27-NCD,MFLTDII27,1,0.01,MFLTDII27
BSE,bse_cm,93SCL24A,938258,D,SCL-9.15%-03-11-27-NCD,93SCL24A,1,0.01,93SCL24A
BSE,bse_cm,MFLV27,938264,D,MFL-3-11-27-NCD,MFLV27,1,0.01,MFLV27
BSE,bse_cm,MFLTDVII27,938268,D,MFL-3-11-27-NCD,MFLTDVII27,1,0.01,MFLTDVII27
BSE,bse_cm,10CAGL27,938278,D,CAGL-10%-23-11-27-NCD,10CAGL27,1,0.01,10CAGL27
BSE,bse_cm,CAGL27A,938280,D,CAGL-23-11-27-NCD,CAGL27A,1,0.01,CAGL27A
BSE,bse_cm,750MFL27,938284,D,MFL-7.50%-23-12-27-NCD,750MFL27,1,0.01,750MFL27
BSE,bse_cm,775MFL27,938290,D,MFL-7.75%-23-12-27-NCD,775MFL27,1,0.01,775MFL27
BSE,bse_cm,MFLZC27,938294,D,MFL-ZC-23-12-27-NCD,MFLZC27,1,0.01,MFLZC27
BSE,bse_cm,894SCL27,938316,D,SCL-9.8%-28-12-27-NCD,894SCL27,1,0.01,894SCL27
BSE,bse_cm,939SCL27,938318,D,SCL-8.94%-28-12-27-NCD,939SCL27,1,0.01,939SCL27
BSE,bse_cm,965SCL25C,938320,D,SCL-9.39%-28-12-27-NCD,965SCL25C,1,0.01,965SCL25C
BSE,bse_cm,115CCIL28,938330,D,CCIL-11.50%-11-1-28-NCD,115CCIL28,1,0.01,115CCIL28
BSE,bse_cm,CCILZC29,938336,D,CCIL-ZC-9-3-29-NCD,CCILZC29,1,0.01,CCILZC29
BSE,bse_cm,95KFL27,938348,D,KFL-9.5%-15-1-27-NCD,95KFL27,1,0.01,95KFL27
BSE,bse_cm,KFL27B,938350,D,KFL-15-7-27-NCD,KFL27B,1,0.01,KFL27B
BSE,bse_cm,KFL30,938352,D,KFL-15-5-30-NCD,KFL30,1,0.01,KFL30
BSE,bse_cm,967EFSL28D,938364,D,EFSL-9.67%-20-1-28-NCD,967EFSL28D,1,0.01,967EFSL28D
BSE,bse_cm,1010EFS28A,938366,D,EFSL-10.10%-20-1-28-NCD,1010EFS28A,1,0.01,1010EFS28A
BSE,bse_cm,EFSLZC28,938368,D,EFSL-Zero Coupon-20-1-28-NCD,EFSLZC28,1,0.01,EFSLZC28
BSE,bse_cm,10EFSL33B,938370,D,EFSL-10%-20-1-33-NCD,10EFSL33B,1,0.01,10EFSL33B
BSE,bse_cm,1045EFS33A,938372,D,EFSL-10.45%-20-1-33-NCD,1045EFS33A,1,0.01,1045EFS33A
BSE,bse_cm,865IIFL28,938382,D,IIFL-8.65%-25-1-28-NCD,865IIFL28,1,0.01,865IIFL28
BSE,bse_cm,9IIFL28A,938384,D,IIFL-9%-24-1-28-NCD,9IIFL28A,1,0.01,9IIFL28A
BSE,bse_cm,IIFLZC28A,938386,D,IIFL-ZERO COUPON-24-1-28-NCD,IIFLZC28A,1,0.01,IIFLZC28A
BSE,bse_cm,980SFIL28,938410,D,SFIL-9.80%-02-02-28-NCD,980SFIL28,1,0.01,980SFIL28
BSE,bse_cm,1030SFIL28,938414,D,SFIL-10.30%-2-2-28-NCD,1030SFIL28,1,0.01,1030SFIL28
BSE,bse_cm,940SFIL28,938418,D,SFIL-9.40%-2-2-28-NCD,940SFIL28,1,0.01,940SFIL28
BSE,bse_cm,840MFL27,938420,D,MFL-8.40%-2-2-27-NCD,840MFL27,1,0.01,840MFL27
BSE,bse_cm,985SFIL28,938422,D,SFIL-9.85%-2-2-28-NCD,985SFIL28,1,0.01,985SFIL28
BSE,bse_cm,850MFL28,938424,D,MFL-8.50%-2-2-28-NCD,850MFL28,1,0.01,850MFL28
BSE,bse_cm,870MFL27,938426,D,MFL-8.70%-2-2-27-NCD,870MFL27,1,0.01,870MFL27
BSE,bse_cm,880MFL28,938428,D,MFL-8.80%-2-2-28-NCD,880MFL28,1,0.01,880MFL28
BSE,bse_cm,785MFL28,938436,D,MFL-7.85%-10-4-28-NCD,785MFL28,1,0.01,785MFL28
BSE,bse_cm,81MFL28,938442,D,MFL-8.1%-10-4-28-NCD,81MFL28,1,0.01,81MFL28
BSE,bse_cm,MFL23A,938446,D,MFL-10-4-28-NCD,MFL23A,1,0.01,MFL23A
BSE,bse_cm,1050KLMA28,938462,D,KLMAFL-10.50%-9-3-28-NCD,1050KLMA28,1,0.01,1050KLMA28
BSE,bse_cm,1075KLMA28,938464,D,KLMAFL-10.75%-9-3-28-NCD,1075KLMA28,1,0.01,1075KLMA28
BSE,bse_cm,KAFLZC30,938466,D,KLMAFL-Zero Coupon-9-1-30-NCD,KAFLZC30,1,0.01,KAFLZC30
BSE,bse_cm,965SCL28,938484,D,SCL-9.65%-23-3-28-NCD,965SCL28,1,0.01,965SCL28
BSE,bse_cm,1015SCL28A,938486,D,SCL-10.15%-23-3-28-NCD,1015SCL28A,1,0.01,1015SCL28A
BSE,bse_cm,925SCL28,938488,D,SCL-9.25%-23-3-28-NCD,925SCL28,1,0.01,925SCL28
BSE,bse_cm,971SCL28,938490,D,SCL-9.71%-23-3-28-NCD,971SCL28,1,0.01,971SCL28
BSE,bse_cm,1003SFIL28,938508,D,SFIL-10.50%-25-4-28-NCD,1003SFIL28,1,0.01,1003SFIL28
BSE,bse_cm,866SFIL23A,938510,D,SFIL-9.57%-25-4-28-NCD,866SFIL23A,1,0.01,866SFIL23A
BSE,bse_cm,890SFIL23A,938512,D,SFIL-10.03%-25-4-28-NCD,890SFIL23A,1,0.01,890SFIL23A
BSE,bse_cm,967EFSL28,938524,D,EFSL-9.67%-27-4-28-NCD,967EFSL28,1,0.01,967EFSL28
BSE,bse_cm,101EFSL28,938526,D,EFSL-10.10%-27-4-28-NCD,101EFSL28,1,0.01,101EFSL28
BSE,bse_cm,EFSL28,938528,D,EFSL-27-4-28-NCD,EFSL28,1,0.01,EFSL28
BSE,bse_cm,10EFSL33,938530,D,EFSL-10%-27-4-33-NCD,10EFSL33,1,0.01,10EFSL33
BSE,bse_cm,1045EFS33B,938532,D,EFSL-10.45%-27-4-33-NCD,1045EFS33B,1,0.01,1045EFS33B
BSE,bse_cm,95KFL27A,938544,D,KFL-28-4-27-NCD,95KFL27A,1,0.01,95KFL27A
BSE,bse_cm,KFL27C,938546,D,KFL-28-10-27-NCD,KFL27C,1,0.01,KFL27C
BSE,bse_cm,KFL30A,938548,D,KFL-28-8-30-NCD,KFL30A,1,0.01,KFL30A
BSE,bse_cm,785MFL2028,938552,D,MFL-7.85%-3-6-28-NCD,785MFL2028,1,0.01,785MFL2028
BSE,bse_cm,810MFL2028,938558,D,MFL-8.10%-3-6-28-NCD,810MFL2028,1,0.01,810MFL2028
BSE,bse_cm,MFL28,938562,D,MFL-3-6-28-NCD,MFL28,1,0.01,MFL28
BSE,bse_cm,865MFL26A,938566,D,MFL-8.65%-2-11-26-NCD,865MFL26A,1,0.01,865MFL26A
BSE,bse_cm,88MFL28,938568,D,MFL-8.8%-2-5-28-NCD,88MFL28,1,0.01,88MFL28
BSE,bse_cm,9MFL30A,938570,D,MFL-9%-2-5-30-NCD,9MFL30A,1,0.01,9MFL30A
BSE,bse_cm,915MFL28,938572,D,MFL-9.15%-2-5-28-NCD,915MFL28,1,0.01,915MFL28
BSE,bse_cm,MFL26Z,938576,D,MFL-2-11-26-NCD,MFL26Z,1,0.01,MFL26Z
BSE,bse_cm,MFL30A,938578,D,MFL-2-5-30-NCD,MFL30A,1,0.01,MFL30A
BSE,bse_cm,840CIFCL28,938588,D,CIFCL-8.40%-4-5-28-NCD,840CIFCL28,1,0.01,840CIFCL28
BSE,bse_cm,CIFCZC28A,938590,D,CIFCL-ZC-4-5-28-NCD,CIFCZC28A,1,0.01,CIFCZC28A
BSE,bse_cm,950SFL27,938600,D,SFL-9.50%-8-5-27-NCD,950SFL27,1,0.01,950SFL27
BSE,bse_cm,SFL27A,938602,D,SFL-8-5-27-NCD,SFL27A,1,0.01,SFL27A
BSE,bse_cm,1025SFL28,938604,D,SFL-10.25%-8-5-28-NCD,1025SFL28,1,0.01,1025SFL28
BSE,bse_cm,SFL28,938606,D,SFL-8-5-28-NCD,SFL28,1,0.01,SFL28
BSE,bse_cm,SFL30,938608,D,SFL-08-06-30-NCD,SFL30,1,0.01,SFL30
BSE,bse_cm,1150IML28,938618,D,IML-11.50%-23-7-28-NCD,1150IML28,1,0.01,1150IML28
BSE,bse_cm,IML28,938620,D,IML-23-7-28-NCD,IML28,1,0.01,IML28
BSE,bse_cm,IML29,938622,D,IML-23-6-29-NCD,IML29,1,0.01,IML29
BSE,bse_cm,865IFL28,938632,D,IFL-8.65%-18-6-28-NCD,865IFL28,1,0.01,865IFL28
BSE,bse_cm,9IIFL28,938634,D,IIFL-9%-28-6-28-NCD,9IIFL28,1,0.01,9IIFL28
BSE,bse_cm,IIFLZC28B,938636,D,IFL-ZC-28-6-28-NCD,IIFLZC28B,1,0.01,IIFLZC28B
BSE,bse_cm,967EFS28,938658,D,EFSL-9.67%-21-7-28-NCD,967EFS28,1,0.01,967EFS28
BSE,bse_cm,1010EFS28,938660,D,EFSL-10.10%-21-7-28-NCD,1010EFS28,1,0.01,1010EFS28
BSE,bse_cm,EFSL28A,938662,D,EFSL-21-7-28-NCD,EFSL28A,1,0.01,EFSL28A
BSE,bse_cm,10EFS33,938664,D,EFSL-10%-21-7-33-NCD,10EFS33,1,0.01,10EFS33
BSE,bse_cm,1045EFS33,938666,D,EFSL-10.45%-21-7-33-NCD,1045EFS33,1,0.01,1045EFS33
BSE,bse_cm,1015SCL28B,938690,D,SCL-10.15%-27-7-28-NCD,1015SCL28B,1,0.01,1015SCL28B
BSE,bse_cm,925SCL28I,938692,D,SCL-9.25%-27-7-28-NCD,925SCL28I,1,0.01,925SCL28I
BSE,bse_cm,971SCL28I,938694,D,SCL-9.17%-27-7-28-NCD,971SCL28I,1,0.01,971SCL28I
BSE,bse_cm,747PFCL33,938700,D,PFC-7.47%-1-8-33-NCD,747PFCL33,1,0.01,747PFCL33
BSE,bse_cm,753PFCL33,938702,D,PFC-7.53%-1-8-33-NCD,753PFCL33,1,0.01,753PFCL33
BSE,bse_cm,750PFCL38,938704,D,PFC-7.50%-1-8-38-NCD,750PFCL38,1,0.01,750PFCL38
BSE,bse_cm,755PFCL38,938706,D,PFC-7.55%-1-8-38-NCD,755PFCL38,1,0.01,755PFCL38
BSE,bse_cm,925IHFL25E,938712,D,CIFCL-8.3%-9-9-26-NCD,925IHFL25E,1,0.01,925IHFL25E
BSE,bse_cm,CIFC26A,938714,D,CIFCL-9-9-26-NCD,CIFC26A,1,0.01,CIFC26A
BSE,bse_cm,84CIFCL28,938716,D,CIFCL-8.4%-9-8-28-NCD,84CIFCL28,1,0.01,84CIFCL28
BSE,bse_cm,CIFC28,938718,D,CIFCL-9-8-28-NCD,CIFC28,1,0.01,CIFC28
BSE,bse_cm,940CAGL27,938738,D,CAGL-9.40%-7-11-27-NCD,940CAGL27,1,0.01,940CAGL27
BSE,bse_cm,CAGL27,938740,D,CAGL-7-11-27-NCD,CAGL27,1,0.01,CAGL27
BSE,bse_cm,970CAGL28,938742,D,CAGL-9.70%-7-9-28-NCD,970CAGL28,1,0.01,970CAGL28
BSE,bse_cm,CAGL28,938744,D,CAGL-7-9-28-NCD,CAGL28,1,0.01,CAGL28
BSE,bse_cm,975KAFL26,938756,D,KAFL-9.75%-11-9-26-NCD,975KAFL26,1,0.01,975KAFL26
BSE,bse_cm,10KAFL26,938758,D,KAFL-10%-11-9-26-NCD,10KAFL26,1,0.01,10KAFL26
BSE,bse_cm,1050KAFL28,938760,D,KAFL-10.50%-12-9-28-NCD,1050KAFL28,1,0.01,1050KAFL28
BSE,bse_cm,1075KAFL28,938762,D,KAFL-10.75%-12-9-28-NCD,1075KAFL28,1,0.01,1075KAFL28
BSE,bse_cm,KAFL30,938764,D,KAFL-15-7-30-NCD,KAFL30,1,0.01,KAFL30
BSE,bse_cm,920NIDO26,938770,D,NHFL-9.20%-15-9-26-NCD,920NIDO26,1,0.01,920NIDO26
BSE,bse_cm,960NIDO26,938772,D,NHFL-9.60%-15-9-26-NCD,960NIDO26,1,0.01,960NIDO26
BSE,bse_cm,NIDO26,938774,D,NHFL-15-9-26-NCD,NIDO26,1,0.01,NIDO26
BSE,bse_cm,967NIDO28,938776,D,NHFL-9.67%-15-9-28-NCD,967NIDO28,1,0.01,967NIDO28
BSE,bse_cm,1010NIDO28,938778,D,NHFL-10.10%-15-9-28-NCD,1010NIDO28,1,0.01,1010NIDO28
BSE,bse_cm,NIDO28,938780,D,NHFL-15-9-28-NCD,NIDO28,1,0.01,NIDO28
BSE,bse_cm,10NIDO33,938782,D,NHFL-10%-15-9-33-NCD,10NIDO33,1,0.01,10NIDO33
BSE,bse_cm,1045NIDO33,938784,D,NHFL-10.45%-15-9-33-NCD,1045NIDO33,1,0.01,1045NIDO33
BSE,bse_cm,890MFL26A,938788,D,MFL-8.90%-20-9-26-NCD,890MFL26A,1,0.01,890MFL26A
BSE,bse_cm,905MFL28A,938790,D,MFL-9.05%-20-9-28-NCD,905MFL28A,1,0.01,905MFL28A
BSE,bse_cm,927MFL26A,938794,D,MFL-9.27%-20-9-26-NCD,927MFL26A,1,0.01,927MFL26A
BSE,bse_cm,944MFL28A,938796,D,MFL-9.44%-20-9-28-NCD,944MFL28A,1,0.01,944MFL28A
BSE,bse_cm,MFL26F,938800,D,MFL-20-9-26-NCD,MFL26F,1,0.01,MFL26F
BSE,bse_cm,MFL28B,938802,D,MFL-20-9-28-NCD,MFL28B,1,0.01,MFL28B
BSE,bse_cm,MFL31,938804,D,MFL-20-9-31-NCD,MFL31,1,0.01,MFL31
BSE,bse_cm,990SCL26,938816,D,SCL-9.90%-26-9-26-NCD,990SCL26,1,0.01,990SCL26
BSE,bse_cm,940SCL26,938818,D,SCL-9.40%-26-9-26-NCD,940SCL26,1,0.01,940SCL26
BSE,bse_cm,948SCL26,938820,D,SCL-9.48%-26-9-26-NCD,948SCL26,1,0.01,948SCL26
BSE,bse_cm,902SCL26,938822,D,SCL-9.02%-26-9-26-NCD,902SCL26,1,0.01,902SCL26
BSE,bse_cm,SCLZC26C,938824,D,SC-ZC-26-9-26-NCD,SCLZC26C,1,0.01,SCLZC26C
BSE,bse_cm,SCLZC26H,938826,D,SCL-ZC-26-9-26-NCD,SCLZC26H,1,0.01,SCLZC26H
BSE,bse_cm,965SCL28C,938828,D,SCL-9.65%-26-9-28-NCD,965SCL28C,1,0.01,965SCL28C
BSE,bse_cm,925SCL28C,938830,D,SCL-10.15%-26-9-28-NCD,925SCL28C,1,0.01,925SCL28C
BSE,bse_cm,971SCL28C,938832,D,SCL-9.25%-269-28-NCD,971SCL28C,1,0.01,971SCL28C
BSE,bse_cm,10SCL30A,938834,D,SCL-9.71%-26-9-28-NCD,10SCL30A,1,0.01,10SCL30A
BSE,bse_cm,1003SCL30,938836,D,SCL-10%-26-9-30-NCD,1003SCL30,1,0.01,1003SCL30
BSE,bse_cm,957SCL30,938838,D,SCL-10.50%-26-9-30-NCD,957SCL30,1,0.01,957SCL30
BSE,bse_cm,980SCL33C,938840,D,SCL-10.03%-26-09-30-NCD,980SCL33C,1,0.01,980SCL33C
BSE,bse_cm,888SCL25D,938842,D,SCL-9.57%-26-9-30-NCD,888SCL25D,1,0.01,888SCL25D
BSE,bse_cm,1025SCL33A,938844,D,SC-10.25%-26-9-33-NCD,1025SCL33A,1,0.01,1025SCL33A
BSE,bse_cm,1075SCL33A,938846,D,SCL-10.75%-26-9-33-NCD,1075SCL33A,1,0.01,1075SCL33A
BSE,bse_cm,980SCL33A,938848,D,SCL-9.80%-26-9-33-NCD,980SCL33A,1,0.01,980SCL33A
BSE,bse_cm,888SCL25E,938850,D,SCL-10.25%-26-9-33-NCD,888SCL25E,1,0.01,888SCL25E
BSE,bse_cm,925KFL26,938858,D,KFL-9.25%-27-9-26-NCD,925KFL26,1,0.01,925KFL26
BSE,bse_cm,KFL26C,938860,D,KFL-27-12-26-NCD,KFL26C,1,0.01,KFL26C
BSE,bse_cm,10KFL27,938862,D,KFL-10%-27-9-27-NCD,10KFL27,1,0.01,10KFL27
BSE,bse_cm,KFL28D,938864,D,KFL-27-3-28-NCD,KFL28D,1,0.01,KFL28D
BSE,bse_cm,KFL31,938866,D,KFL-27-1-31-NCD,KFL31,1,0.01,KFL31
BSE,bse_cm,775MFLTD26,938868,D,MFLTD-7.75%-4-10-26-NCD,775MFLTD26,1,0.01,775MFLTD26
BSE,bse_cm,775MFLTD28,938870,D,MFLTD-7.75%-4-10-28-NCD,775MFLTD28,1,0.01,775MFLTD28
BSE,bse_cm,8MFLTD26,938874,D,MFLTD-8%-4-10-26-NCD,8MFLTD26,1,0.01,8MFLTD26
BSE,bse_cm,8MFLTD28,938876,D,MFLTD-8%-4-10-28-NCD,8MFLTD28,1,0.01,8MFLTD28
BSE,bse_cm,MFL26A,938878,D,MFL-4-10-26-NCD,MFL26A,1,0.01,MFL26A
BSE,bse_cm,MFL28A,938880,D,MFL-4-10-28-NCD,MFL28A,1,0.01,MFL28A
BSE,bse_cm,8ABCL26,938882,D,ABCL-8%-9-10-26-NCD,8ABCL26,1,0.01,8ABCL26
BSE,bse_cm,ABCL26,938884,D,ABCL-9-10-26-NCD,ABCL26,1,0.01,ABCL26
BSE,bse_cm,805ABCL28,938886,D,ABCL-8.05%-9-10-28-NCD,805ABCL28,1,0.01,805ABCL28
BSE,bse_cm,ABCL28,938888,D,ABCL-9-10-28-NCD,ABCL28,1,0.01,ABCL28
BSE,bse_cm,78ABCL33,938890,D,ABCL-7.8%-9-10-33-NCD,78ABCL33,1,0.01,78ABCL33
BSE,bse_cm,81ABCL33,938892,D,ABCL-8.10%-9-10-33-NCD,81ABCL33,1,0.01,81ABCL33
BSE,bse_cm,920EFSL26A,938898,D,EFSL-9.20%-26-10-26-NCD,920EFSL26A,1,0.01,920EFSL26A
BSE,bse_cm,960EFSLA,938900,D,EFSL-9.60%-26-10-26-NCD,960EFSLA,1,0.01,960EFSLA
BSE,bse_cm,EFSLZC26C,938902,D,EFSL-ZC-26-10-26-NCD,EFSLZC26C,1,0.01,EFSLZC26C
BSE,bse_cm,967EFSL28A,938904,D,EFSL-9.67%-26-10-28-NCD,967EFSL28A,1,0.01,967EFSL28A
BSE,bse_cm,1010EFSL28,938906,D,EFSL-10.10%-26-10-28-NCD,1010EFSL28,1,0.01,1010EFSL28
BSE,bse_cm,EFSLZC28C,938908,D,EFSL-ZC-26-10-28-NCD,EFSLZC28C,1,0.01,EFSLZC28C
BSE,bse_cm,10EFSL33A,938910,D,EFSL-10%-26-10-33-NCD,10EFSL33A,1,0.01,10EFSL33A
BSE,bse_cm,1045EFSL33,938912,D,EFSL-10.45%-26-10-33-NCD,1045EFSL33,1,0.01,1045EFSL33
BSE,bse_cm,89MFL26,938916,D,MFL-8.9%-1-11-26-NCD,89MFL26,1,0.01,89MFL26
BSE,bse_cm,905MFL28,938918,D,MFL-9.05%-1-11-28-NCD,905MFL28,1,0.01,905MFL28
BSE,bse_cm,927MFL26,938922,D,MFL-9.27%-1-11-26-NCD,927MFL26,1,0.01,927MFL26
BSE,bse_cm,944MFL28,938924,D,MFL-9.44%-1-11-28-NCD,944MFL28,1,0.01,944MFL28
BSE,bse_cm,MFL26D,938928,D,MFL-1-11-26-NCD,MFL26D,1,0.01,MFL26D
BSE,bse_cm,MFL28D,938930,D,MFL-1-11-28-NCD,MFL28D,1,0.01,MFL28D
BSE,bse_cm,MFL31A,938932,D,MFL-1-11-31-NCD,MFL31A,1,0.01,MFL31A
BSE,bse_cm,11CCL26,938940,D,CCL-11%-2-11-26-NCD,11CCL26,1,0.01,11CCL26
BSE,bse_cm,1150CCIL28,938942,D,CCIL-11.50%-2-11-28-NCD,1150CCIL28,1,0.01,1150CCIL28
BSE,bse_cm,CCILZC30,938948,D,CCIL-ZC-3-1-30-NCD,CCILZC30,1,0.01,CCILZC30
BSE,bse_cm,905PFL26,938952,D,PFL-9.05%-3-11-26-NCD,905PFL26,1,0.01,905PFL26
BSE,bse_cm,920PFL28,938956,D,PFL-9.20%-3-11-28-NCD,920PFL28,1,0.01,920PFL28
BSE,bse_cm,935PFL33,938958,D,PFL-9.35%-3-11-33-NCD,935PFL33,1,0.01,935PFL33
BSE,bse_cm,940SCL26A,938972,D,SCL-9.40%-9-11-26-NCD,940SCL26A,1,0.01,940SCL26A
BSE,bse_cm,990SCL26A,938974,D,SCL-9.90%-9-11-26-NCD,990SCL26A,1,0.01,990SCL26A
BSE,bse_cm,902SCL26A,938976,D,SCL-9.02%-9-11-26-NCD,902SCL26A,1,0.01,902SCL26A
BSE,bse_cm,948SCL26A,938978,D,SCL-9.48%-9-11-26-NCD,948SCL26A,1,0.01,948SCL26A
BSE,bse_cm,SCLZC26D,938980,D,SC-ZC-9-11-26-NCD,SCLZC26D,1,0.01,SCLZC26D
BSE,bse_cm,SCLZC26E,938982,D,SCL-ZC-9-11-26-NCD,SCLZC26E,1,0.01,SCLZC26E
BSE,bse_cm,965SCL28A,938984,D,SCL-9.65%-9-11-28-NCD,965SCL28A,1,0.01,965SCL28A
BSE,bse_cm,1015SCL28,938986,D,SCL-10.15%-9-11-28-NCD,1015SCL28,1,0.01,1015SCL28
BSE,bse_cm,925SCL28A,938988,D,SCL-9.25%-9-11-28-NCD,925SCL28A,1,0.01,925SCL28A
BSE,bse_cm,971SCL28A,938990,D,SCL-9.71%-9-11-28-NCD,971SCL28A,1,0.01,971SCL28A
BSE,bse_cm,1050SCL30,938992,D,SCL-10.50%-9-11-30-NCD,1050SCL30,1,0.01,1050SCL30
BSE,bse_cm,1003SCL30A,938994,D,SCL-10.03%-9-11-30-NCD,1003SCL30A,1,0.01,1003SCL30A
BSE,bse_cm,1075SCL33B,938996,D,SC-10.25%-9-11-33-NCD,1075SCL33B,1,0.01,1075SCL33B
BSE,bse_cm,980SCL33,938998,D,SCL-10.75%-9-11-33-NCD,980SCL33,1,0.01,980SCL33
BSE,bse_cm,925SCL25G,939000,D,SCL-9.80%-9-11-33-NCD,925SCL25G,1,0.01,925SCL25G
BSE,bse_cm,965SCL25F,939002,D,SCL-10.25%-9-11-33-NCD,965SCL25F,1,0.01,965SCL25F
BSE,bse_cm,1030IFSL26,939010,D,IFSL-10.30%-10-11-26-NCD,1030IFSL26,1,0.01,1030IFSL26
BSE,bse_cm,984IFSL26,939012,D,IFSL-9.84%-10-11-26-NCD,984IFSL26,1,0.01,984IFSL26
BSE,bse_cm,850CIFCL26,939018,D,CIFCL-8.50%-7-12-26-NCD,850CIFCL26,1,0.01,850CIFCL26
BSE,bse_cm,CIFCZC26,939020,D,CIFCL-ZC-7-12-26-NCD,CIFCZC26,1,0.01,CIFCZC26
BSE,bse_cm,860CIFCL28,939022,D,CIFCL-8.60%-07-12-28-NCD,860CIFCL28,1,0.01,860CIFCL28
BSE,bse_cm,CIFCZC28,939024,D,CIFCL-ZC-7-12-28-NCD,CIFCZC28,1,0.01,CIFCZC28
BSE,bse_cm,12ICLFL26,939030,D,ICLFL-12%-14-12-26-NCD,12ICLFL26,1,0.01,12ICLFL26
BSE,bse_cm,125ICLFL28,939032,D,ICLFL-12.5%-14-12-28-NCD,125ICLFL28,1,0.01,125ICLFL28
BSE,bse_cm,125ICFL26,939038,D,ICLFL-12.5%-14-12-26-NCD,125ICFL26,1,0.01,125ICFL26
BSE,bse_cm,1225ICLF26,939042,D,ICLFL-12.25%-14-12-26-NCD,1225ICLF26,1,0.01,1225ICLF26
BSE,bse_cm,ICLFLZC29,939044,D,ICLFL-ZC-14-8-29-NCD,ICLFLZC29,1,0.01,ICLFLZC29
BSE,bse_cm,957ISFL26,939050,D,ISFL-9.57%-21-12-26-NCD,957ISFL26,1,0.01,957ISFL26
BSE,bse_cm,10ISFL26,939052,D,ISFL-10%-21-12-26-NCD,10ISFL26,1,0.01,10ISFL26
BSE,bse_cm,1003ISFL28,939054,D,ISFL-10.03%-21-12-28-NCD,1003ISFL28,1,0.01,1003ISFL28
BSE,bse_cm,1050ISFL28,939056,D,ISFL-10.50%-21-12-28-NCD,1050ISFL28,1,0.01,1050ISFL28
BSE,bse_cm,1025MML26,939082,D,MML-10.25%-21-12-26-NCD,1025MML26,1,0.01,1025MML26
BSE,bse_cm,1075MML26,939084,D,MML-10.75%-21-12-26-NCD,1075MML26,1,0.01,1075MML26
BSE,bse_cm,MML26,939086,D,MMLTD-21-12-26-NCD,MML26,1,0.01,MML26
BSE,bse_cm,MML26A,939088,D,MML-21-12-26-NCD,MML26A,1,0.01,MML26A
BSE,bse_cm,1050MML28,939090,D,MML-10.50%-21-12-28-NCD,1050MML28,1,0.01,1050MML28
BSE,bse_cm,11MML28,939092,D,MML-11%-21-12-28-NCD,11MML28,1,0.01,11MML28
BSE,bse_cm,MML28,939094,D,MMLTD-21-12-28-NCD,MML28,1,0.01,MML28
BSE,bse_cm,MML28A,939096,D,MML-21-12-28-NCD,MML28A,1,0.01,MML28A
BSE,bse_cm,MML30,939098,D,MML-21-3-30-NCD,MML30,1,0.01,MML30
BSE,bse_cm,940SCL26B,939112,D,SCL-9.40%-27-12-26-NCD,940SCL26B,1,0.01,940SCL26B
BSE,bse_cm,990SCL26B,939114,D,SCL-9.90%-27-12-26-NCD,990SCL26B,1,0.01,990SCL26B
BSE,bse_cm,948SCL26B,939116,D,SCL-9.48%-27-12-26-NCD,948SCL26B,1,0.01,948SCL26B
BSE,bse_cm,SCLZC26F,939118,D,SC-ZC-27-12-26-NCD,SCLZC26F,1,0.01,SCLZC26F
BSE,bse_cm,SCLZC26G,939120,D,SCL-ZC-27-12-26-NCD,SCLZC26G,1,0.01,SCLZC26G
BSE,bse_cm,965SCL28B,939122,D,SCL-9.65%-27-12-28-NCD,965SCL28B,1,0.01,965SCL28B
BSE,bse_cm,925SCL28B,939124,D,SCL-10.15%-27-12-28-NCD,925SCL28B,1,0.01,925SCL28B
BSE,bse_cm,971SCL28B,939126,D,SCL-9.25%-27-12-28-NCD,971SCL28B,1,0.01,971SCL28B
BSE,bse_cm,980SCL33D,939128,D,SCL-9.71%-27-12-28-NCD,980SCL33D,1,0.01,980SCL33D
BSE,bse_cm,835SCL23A,939130,D,SCL-10.50%-27-12-30-NCD,835SCL23A,1,0.01,835SCL23A
BSE,bse_cm,875SCL23A,939132,D,SCL-10.03%-27-12-30-NCD,875SCL23A,1,0.01,875SCL23A
BSE,bse_cm,1025SCL33,939134,D,SC-10.25%-27-12-33-NCD,1025SCL33,1,0.01,1025SCL33
BSE,bse_cm,1075SCL33,939136,D,SCL-10.75%-27-12-33-NCD,1075SCL33,1,0.01,1075SCL33
BSE,bse_cm,980SCL33B,939138,D,SCL-9.80%-27-12-33-NCD,980SCL33B,1,0.01,980SCL33B
BSE,bse_cm,835SCL23B,939140,D,SCL-10.25%-27-12-33-NCD,835SCL23B,1,0.01,835SCL23B
BSE,bse_cm,93ARKA26,939146,D,AFL-9.3%-27-12-26-NCD,93ARKA26,1,0.01,93ARKA26
BSE,bse_cm,965ARKA26,939148,D,AFL-9.65%-27-12-26-NCD,965ARKA26,1,0.01,965ARKA26
BSE,bse_cm,965ARKA28,939150,D,AFL-9.65%-27-12-28-NCD,965ARKA28,1,0.01,965ARKA28
BSE,bse_cm,10ARKA28,939152,D,AFL-10%-27-12-28-NCD,10ARKA28,1,0.01,10ARKA28
BSE,bse_cm,925FL27,939160,D,KFL-9.25%-17-1-27-NCD,925FL27,1,0.01,925FL27
BSE,bse_cm,KFLZC27A,939162,D,KFL-ZC-17-4-27-NCD,KFLZC27A,1,0.01,KFLZC27A
BSE,bse_cm,10KFL28,939164,D,KFL-10%-17-1-28-NCD,10KFL28,1,0.01,10KFL28
BSE,bse_cm,KFLZC28C,939166,D,KFL-ZC-17-7-28-NCD,KFLZC28C,1,0.01,KFLZC28C
BSE,bse_cm,KFLZC31,939168,D,KFL-ZC-17-5-31-NCD,KFLZC31,1,0.01,KFLZC31
BSE,bse_cm,921ONE27,939178,D,360OPL-9.21%-18-1-27-NCD,921ONE27,1,0.01,921ONE27
BSE,bse_cm,961ONE27,939180,D,360OPL-9.61%-18-1-27-NCD,961ONE27,1,0.01,961ONE27
BSE,bse_cm,926ONE29,939182,D,360OPL-9.26%-18-1-29-NCD,926ONE29,1,0.01,926ONE29
BSE,bse_cm,966ONE29,939184,D,360OPL-9.66%-18-1-9-NCD,966ONE29,1,0.01,966ONE29
BSE,bse_cm,920EFSL27,939190,D,EFSL-9.20%-29-1-27-NCD,920EFSL27,1,0.01,920EFSL27
BSE,bse_cm,960EFSL27,939192,D,ESFL-9.60%-29-1-27-NCD,960EFSL27,1,0.01,960EFSL27
BSE,bse_cm,EFSL27A,939194,D,EFSL-29-1-27-NCD,EFSL27A,1,0.01,EFSL27A
BSE,bse_cm,967EFSL29,939196,D,EFSL-9.67%-29-1-29-NCD,967EFSL29,1,0.01,967EFSL29
BSE,bse_cm,1010EFSL29,939198,D,EFSL-10.10%-29-1-29-NCD,1010EFSL29,1,0.01,1010EFSL29
BSE,bse_cm,EFSL29,939200,D,EFSL-29-1-29-NCD,EFSL29,1,0.01,EFSL29
BSE,bse_cm,10EFSL34,939202,D,EFSL-10%-29-1-34-NCD,10EFSL34,1,0.01,10EFSL34
BSE,bse_cm,1045EFSL34,939204,D,EFSL-10.45%-29-1-34-NCD,1045EFSL34,1,0.01,1045EFSL34
BSE,bse_cm,825MFL27,939206,D,MFL-8.25%-25-1-27-NCD,825MFL27,1,0.01,825MFL27
BSE,bse_cm,825MFL29,939208,D,MFL-8.25%-25-1-29-NCD,825MFL29,1,0.01,825MFL29
BSE,bse_cm,850MFL27A,939212,D,MFL-8.50%-25-1-27-NCD,850MFL27A,1,0.01,850MFL27A
BSE,bse_cm,850MFL29,939214,D,MFL-8.50%-25-1-29-NCD,850MFL29,1,0.01,850MFL29
BSE,bse_cm,MFL27,939216,D,MFL-25-1-27-NCD,MFL27,1,0.01,MFL27
BSE,bse_cm,MFL29,939218,D,MFL-25-1-29-NCD,MFL29,1,0.01,MFL29
BSE,bse_cm,85CIFC27,939224,D,CIFCL-8.5%-31-1-27-NCD,85CIFC27,1,0.01,85CIFC27
BSE,bse_cm,CIF27,939226,D,CIFCL-31-1-27-NCD,CIF27,1,0.01,CIF27
BSE,bse_cm,86CIFC29,939228,D,CIFCL-8.6%-31-1-29-NCD,86CIFC29,1,0.01,86CIFC29
BSE,bse_cm,CIF29,939230,D,CIFCL-31-1-29-NCD,CIF29,1,0.01,CIF29
BSE,bse_cm,915MFL27,939234,D,MFL-9.15%-31-1-27-NCD,915MFL27,1,0.01,915MFL27
BSE,bse_cm,935MFL29,939236,D,MFL-9.35%-31-1-29-NCD,935MFL29,1,0.01,935MFL29
BSE,bse_cm,950MFL27A,939240,D,MFL-9.50%-31-1-27-NCD,950MFL27A,1,0.01,950MFL27A
BSE,bse_cm,975MFL29A,939242,D,MFL-9.75%-31-1-29-NCD,975MFL29A,1,0.01,975MFL29A
BSE,bse_cm,MFLZC27F,939246,D,MFL-ZC-31-1-27-NCD,MFLZC27F,1,0.01,MFLZC27F
BSE,bse_cm,MFLZC29A,939248,D,MFL-ZC-31-1-29-NCD,MFLZC29A,1,0.01,MFLZC29A
BSE,bse_cm,MFLZC32,939250,D,MFL-ZC-31-1-32-NCD,MFLZC32,1,0.01,MFLZC32
BSE,bse_cm,1075IML27,939260,D,IML-10.75%-15-2-27-NCD,1075IML27,1,0.01,1075IML27
BSE,bse_cm,IML160224,939262,D,IML-15-2-27-NCD,IML160224,1,0.01,IML160224
BSE,bse_cm,1150IML29,939264,D,IML-11.50%-15-2-29-NCD,1150IML29,1,0.01,1150IML29
BSE,bse_cm,IML1622024,939266,D,IML-15-2-30-NCD,IML1622024,1,0.01,IML1622024
BSE,bse_cm,925SFL27,939272,D,SFL-9.25%-27-2-27-NCD,925SFL27,1,0.01,925SFL27
BSE,bse_cm,SFL27224,939274,D,SFL-27-2-27-NCD,SFL27224,1,0.01,SFL27224
BSE,bse_cm,1025SFL29,939276,D,SFL-10.25%-27-2-29-NCD,1025SFL29,1,0.01,1025SFL29
BSE,bse_cm,SFL2722024,939278,D,SFL-27-2-29-NCD,SFL2722024,1,0.01,SFL2722024
BSE,bse_cm,SFL270224A,939280,D,SFL-29-3-31-NCD,SFL270224A,1,0.01,SFL270224A
BSE,bse_cm,958NIDO27,939297,D,NHFL-9.58%-1-3-27-NCD,958NIDO27,1,0.01,958NIDO27
BSE,bse_cm,10NIDO27,939299,D,NIDO-10%-1-3-27-NCD,10NIDO27,1,0.01,10NIDO27
BSE,bse_cm,NIDO010327,939301,D,NHFL-1-3-27-NCD,NIDO010327,1,0.01,NIDO010327
BSE,bse_cm,1003NIDO29,939303,D,NHFL-10.03%-1-3-29-NCD,1003NIDO29,1,0.01,1003NIDO29
BSE,bse_cm,1050NIDO29,939305,D,NHFL-10.50%-1-3-29-NCD,1050NIDO29,1,0.01,1050NIDO29
BSE,bse_cm,NIDO010329,939307,D,NHFL-1-3-29-NCD,NIDO010329,1,0.01,NIDO010329
BSE,bse_cm,1026NIDO34,939309,D,NHFL-10.26%-1-3-34-NCD,1026NIDO34,1,0.01,1026NIDO34
BSE,bse_cm,1075NIDO34,939311,D,NHFL-10.75%-1-3-34-NCD,1075NIDO34,1,0.01,1075NIDO34
BSE,bse_cm,11CCIL27,939319,D,CCIL-11%-10-3-27-NCD,11CCIL27,1,0.01,11CCIL27
BSE,bse_cm,1150CCIL29,939321,D,CCIL-11.50%-10-3-29-NCD,1150CCIL29,1,0.01,1150CCIL29
BSE,bse_cm,CCI110324A,939327,D,CCIL-11-3-2030-NCD,CCI110324A,1,0.01,CCI110324A
BSE,bse_cm,1065NFL27,939335,D,NFL-10.65%-13-3-27-NCD,1065NFL27,1,0.01,1065NFL27
BSE,bse_cm,1119NFL27,939337,D,NFL-11.19%-13-3-27-NCD,1119NFL27,1,0.01,1119NFL27
BSE,bse_cm,940SCL27,939349,D,SCL-9.40%-26-3-27-NCD,940SCL27,1,0.01,940SCL27
BSE,bse_cm,990SCL27,939351,D,SCL-9.90%-26-3-27-NCDDDDD,990SCL27,1,0.01,990SCL27
BSE,bse_cm,902SCL27,939353,D,SCL-9.02%-26-3-27-NCD,902SCL27,1,0.01,902SCL27
BSE,bse_cm,948SCL27,939355,D,SCL-9.48%-26-3-27-NCD,948SCL27,1,0.01,948SCL27
BSE,bse_cm,0SCL27,939357,D,SCL-ZC-26-3-27-NCD,0SCL27,1,0.01,0SCL27
BSE,bse_cm,965SCL29,939359,D,SCL-9.65%-26-3-29-NCD,965SCL29,1,0.01,965SCL29
BSE,bse_cm,1015SCFL29,939361,D,SCL-10.15%-26-3-29-NCD,1015SCFL29,1,0.01,1015SCFL29
BSE,bse_cm,925SCL29,939363,D,SCL-9.25%-26-3-29-NCD,925SCL29,1,0.01,925SCL29
BSE,bse_cm,971SCL29,939365,D,SCL-9.71%-26-3-29-NCD,971SCL29,1,0.01,971SCL29
BSE,bse_cm,10SCL31,939367,D,SCL-10%-26-3-31-NCD,10SCL31,1,0.01,10SCL31
BSE,bse_cm,1050SCFL31,939369,D,SCL-10.50%-26-3-31-NCD,1050SCFL31,1,0.01,1050SCFL31
BSE,bse_cm,957SCL31,939371,D,SCL-9.57%-26-3-31-NCD,957SCL31,1,0.01,957SCL31
BSE,bse_cm,1003SCFL31,939373,D,SCL-10.03%-26-3-31-NCD,1003SCFL31,1,0.01,1003SCFL31
BSE,bse_cm,1025SCFL34,939375,D,SC-10.25%-26-3-34-NCD,1025SCFL34,1,0.01,1025SCFL34
BSE,bse_cm,1075SCFL34,939377,D,SCL-10.75%-26-3-34-NCD,1075SCFL34,1,0.01,1075SCFL34
BSE,bse_cm,980SCL34,939379,D,SCL-9.80%-26-3-34-NCD,980SCL34,1,0.01,980SCL34
BSE,bse_cm,1025SCL34,939381,D,SCL-10.25%-26-3-34-NCD,1025SCL34,1,0.01,1025SCL34
BSE,bse_cm,12IFL27,939387,D,IFL-12%-19-4-27-NCD,12IFL27,1,0.01,12IFL27
BSE,bse_cm,1250IFL29,939389,D,IFL-12.50%-18-4-29-NCD,1250IFL29,1,0.01,1250IFL29
BSE,bse_cm,IFL1942024,939395,D,IFL-19-4-27-NCD,IFL1942024,1,0.01,IFL1942024
BSE,bse_cm,1225IFL27,939399,D,IFL-12.25%-19-4-27-NCD,1225IFL27,1,0.01,1225IFL27
BSE,bse_cm,IFL19424A,939401,D,IFL-19-12-29-NCD,IFL19424A,1,0.01,IFL19424A
BSE,bse_cm,920EFSL27A,939407,D,EFSL-9.20%-29-4-27-NCD,920EFSL27A,1,0.01,920EFSL27A
BSE,bse_cm,96EFSL27,939409,D,EFSL9.6%-29-4-27-NCD,96EFSL27,1,0.01,96EFSL27
BSE,bse_cm,EFS290424,939411,D,EFSL-29-4-27-NCD,EFS290424,1,0.01,EFS290424
BSE,bse_cm,0KFL26,939417,D,KFL-ZC-25-10-26-NCD,0KFL26,1,0.01,0KFL26
BSE,bse_cm,950KFL27,939419,D,KFL-9.50%-25-4-27-NCD,950KFL27,1,0.01,950KFL27
BSE,bse_cm,0KFL27,939421,D,KFL-ZC-25-7-27-NCD,0KFL27,1,0.01,0KFL27
BSE,bse_cm,967EFSL29A,939423,D,EFSL-9.67%-29-4-29-NCD,967EFSL29A,1,0.01,967EFSL29A
BSE,bse_cm,1010EFS29,939425,D,EFSL-10.10%-29-4-29-NCD,1010EFS29,1,0.01,1010EFS29
BSE,bse_cm,10KFL28A,939427,D,KFL-10%-25-4-28-NCD,10KFL28A,1,0.01,10KFL28A
BSE,bse_cm,EFS290424A,939429,D,EFSL-29-4-29-NCD,EFS290424A,1,0.01,EFS290424A
BSE,bse_cm,0KFL28,939431,D,KFL-ZC-25-10-28-NCD,0KFL28,1,0.01,0KFL28
BSE,bse_cm,0KFL31,939433,D,KFL-ZC-25-8-31-NCD,0KFL31,1,0.01,0KFL31
BSE,bse_cm,1010EFS29A,939435,D,EFSL-10.10%-29-4-29-NCD,1010EFS29A,1,0.01,1010EFS29A
BSE,bse_cm,10EFSL34A,939437,D,EFSL-10%-29-4-34-NCD,10EFSL34A,1,0.01,10EFSL34A
BSE,bse_cm,1045EFS34,939439,D,EFSL-10.45%-29-4-34-NCD,1045EFS34,1,0.01,1045EFS34
BSE,bse_cm,1045EFS34A,939441,D,EFSL-10.45%-39-4-34-NCD,1045EFS34A,1,0.01,1045EFS34A
BSE,bse_cm,915MFCL27,939445,D,MFCL-9.15%-30-6-27-NCD,915MFCL27,1,0.01,915MFCL27
BSE,bse_cm,935MFCL29,939447,D,MFCL-9.35%-30-4-29-NCD,935MFCL29,1,0.01,935MFCL29
BSE,bse_cm,955MFCL30,939449,D,MFCL-9.55%-30-4-30-NCD,955MFCL30,1,0.01,955MFCL30
BSE,bse_cm,950MFCL27,939453,D,MFCL-9.50%-30-6-27-NCD,950MFCL27,1,0.01,950MFCL27
BSE,bse_cm,975MFCL29,939455,D,MFCL-9.75%-30-4-29-NCD,975MFCL29,1,0.01,975MFCL29
BSE,bse_cm,10MFCL30,939457,D,MFCL-10%-30-4-30-NCD,10MFCL30,1,0.01,10MFCL30
BSE,bse_cm,MFCL30424A,939461,D,MFCL-30-6-27-NCD,MFCL30424A,1,0.01,MFCL30424A
BSE,bse_cm,MFCL30424B,939463,D,MFCL-30-4-29-NCD,MFCL30424B,1,0.01,MFCL30424B
BSE,bse_cm,MFCL30424C,939465,D,MFCL-30-4-30-NCD,MFCL30424C,1,0.01,MFCL30424C
BSE,bse_cm,MFCL30424D,939467,D,MFCL-29-2-32-NCD,MFCL30424D,1,0.01,MFCL30424D
BSE,bse_cm,91MOFSL27,939473,D,MOFSL-9.1%-9-5-27-NCD,91MOFSL27,1,0.01,91MOFSL27
BSE,bse_cm,0MOFSL27,939475,D,MOFSL-ZC-9-5-27-NCD,0MOFSL27,1,0.01,0MOFSL27
BSE,bse_cm,897MOFSL29,939477,D,MOFSL-8.97%-9-5-29-NCD,897MOFSL29,1,0.01,897MOFSL29
BSE,bse_cm,935MOFSL29,939479,D,MOFSL-9.35%-9-5-29-NCD,935MOFSL29,1,0.01,935MOFSL29
BSE,bse_cm,93MOFSL34,939481,D,MOFSL-9.3%-9-5-34-NCD,93MOFSL34,1,0.01,93MOFSL34
BSE,bse_cm,97MOFSL34,939483,D,MOFSL-9.7%-9-5-34-NCD,97MOFSL34,1,0.01,97MOFSL34
BSE,bse_cm,1075MML27,939497,D,MML-10.75%-27-5-27-NCD,1075MML27,1,0.01,1075MML27
BSE,bse_cm,0MML27,939499,D,MML-ZC-27-5-27-NCD,0MML27,1,0.01,0MML27
BSE,bse_cm,1080MML29,939501,D,MML-10.80%-27-5-29-NCD,1080MML29,1,0.01,1080MML29
BSE,bse_cm,0MML29,939503,D,MML-ZC-27-5-29-NCD,0MML29,1,0.01,0MML29
BSE,bse_cm,0MML29A,939505,D,MML-ZC-27-7-30-NCD,0MML29A,1,0.01,0MML29A
BSE,bse_cm,94SCL27,939519,D,SCL-9.4%-31-5-27-NCD,94SCL27,1,0.01,94SCL27
BSE,bse_cm,99SCL27,939521,D,SCL-9.9%-31-5-27-NCD,99SCL27,1,0.01,99SCL27
BSE,bse_cm,902SCL27A,939523,D,SCL-9.02%-31-5-27-NCD,902SCL27A,1,0.01,902SCL27A
BSE,bse_cm,948SCL27A,939525,D,SCL-9.48%-31-5-27-NCD,948SCL27A,1,0.01,948SCL27A
BSE,bse_cm,SCL310524A,939527,D,SCL-31-5-27-NCD,SCL310524A,1,0.01,SCL310524A
BSE,bse_cm,1015SCL29,939529,D,SCL-10.15%-31-5-29-NCD,1015SCL29,1,0.01,1015SCL29
BSE,bse_cm,925SCL29A,939531,D,SCL-9.25%-31-5-29-NCD,925SCL29A,1,0.01,925SCL29A
BSE,bse_cm,971SCL29A,939533,D,SCL-9.71%-31-5-29-NCD,971SCL29A,1,0.01,971SCL29A
BSE,bse_cm,10SCL31A,939535,D,SCL-10%-31-5-31-NCD,10SCL31A,1,0.01,10SCL31A
BSE,bse_cm,1050SCL31,939537,D,SCL-10.50%-31-5-31-NCD,1050SCL31,1,0.01,1050SCL31
BSE,bse_cm,1003SCL31,939539,D,SCL-10.03%-31-5-31-NCD,1003SCL31,1,0.01,1003SCL31
BSE,bse_cm,1075SCL34,939541,D,SCL-10.75%-31-5-34-NCD,1075SCL34,1,0.01,1075SCL34
BSE,bse_cm,98SCL34,939543,D,SCL-9.8%-31-5-2034-NCD,98SCL34,1,0.01,98SCL34
BSE,bse_cm,1025SCL34A,939545,D,SCL-10.25%-31-05-2034-NCD,1025SCL34A,1,0.01,1025SCL34A
BSE,bse_cm,916ONE27,939555,D,360ONEPL-9.16%-12-6-27-NCD,916ONE27,1,0.01,916ONE27
BSE,bse_cm,955ONE27,939557,D,360ONEPL-9.55%-12-6-27-NCD,955ONE27,1,0.01,955ONE27
BSE,bse_cm,921ONE29,939559,D,360ONEPL-9.21%-12-6-29-NCD,921ONE29,1,0.01,921ONE29
BSE,bse_cm,96ONE29,939561,D,360ONEPL-9.6%-12-6-29-NCD,96ONE29,1,0.01,96ONE29
BSE,bse_cm,944ONE34,939563,D,360ONEPL-9.44%-12-6-34-NCD,944ONE34,1,0.01,944ONE34
BSE,bse_cm,985ONE34,939565,D,360ONEPL-9.85%-12-6-34-NCD,985ONE34,1,0.01,985ONE34
BSE,bse_cm,957IIFLS27,939571,D,IIFLSFL-9.57%-21-6-27-NCD,957IIFLS27,1,0.01,957IIFLS27
BSE,bse_cm,10IIFLSF27,939573,D,IIFLSFL-10%-21-6-27-NCD,10IIFLSF27,1,0.01,10IIFLSF27
BSE,bse_cm,1003IIFL29,939575,D,IIFLSFL-10.03%-21-6-29-NCD,1003IIFL29,1,0.01,1003IIFL29
BSE,bse_cm,1050IIFL29,939577,D,IIFLSFL-10.50%-21-6-29-NCD,1050IIFL29,1,0.01,1050IIFL29
BSE,bse_cm,958NHFL27,939583,D,NHFL-9.58%-3-7-27-NCD,958NHFL27,1,0.01,958NHFL27
BSE,bse_cm,10NHFL27,939585,D,NHFL-10%-3-7-27-NCD,10NHFL27,1,0.01,10NHFL27
BSE,bse_cm,0NHFL27,939587,D,NHFL-ZC-3-7-27-NCD,0NHFL27,1,0.01,0NHFL27
BSE,bse_cm,1003NHFL29,939589,D,NHFL-10.03%-3-7-29-NCD,1003NHFL29,1,0.01,1003NHFL29
BSE,bse_cm,1050NHFL29,939591,D,NHFL-10.50%-3-7-29-NCD,1050NHFL29,1,0.01,1050NHFL29
BSE,bse_cm,0NHFL29,939593,D,NHFL-ZC-3-7-29-NCD,0NHFL29,1,0.01,0NHFL29
BSE,bse_cm,1026NHFL34,939595,D,NHFL-10.26%-3-7-34-NCD,1026NHFL34,1,0.01,1026NHFL34
BSE,bse_cm,1075NHFL34,939597,D,NHFL-10.75%-3-7-34-NCD,1075NHFL34,1,0.01,1075NHFL34
BSE,bse_cm,925SFL27A,939603,D,SFL-9.25%-9-7-27-NCD,925SFL27A,1,0.01,925SFL27A
BSE,bse_cm,0SFL27A,939605,D,SFL-ZC-9-7-27-NCD,0SFL27A,1,0.01,0SFL27A
BSE,bse_cm,1025SF29,939607,D,SFL-10.25%-9-7-29-NCD,1025SF29,1,0.01,1025SF29
BSE,bse_cm,0SFL29A,939609,D,SFL-ZC-9-7-29-NCD,0SFL29A,1,0.01,0SFL29A
BSE,bse_cm,0SFL31,939611,D,SFL-ZC-9-8-31-NCD,0SFL31,1,0.01,0SFL31
BSE,bse_cm,957EFSL27,939617,D,EFSL-9.57%-26-7-27-NCD,957EFSL27,1,0.01,957EFSL27
BSE,bse_cm,10EFSL27,939619,D,EFSL-10%-26-7-27-NCD,10EFSL27,1,0.01,10EFSL27
BSE,bse_cm,EFSL260724,939621,D,EFSL-26-7-27-NCD,EFSL260724,1,0.01,EFSL260724
BSE,bse_cm,1004EFSL29,939623,D,EFSL-10.04%-26-7-29-NCD,1004EFSL29,1,0.01,1004EFSL29
BSE,bse_cm,1050EFSL29,939625,D,EFSL-10.50%-26-7-29-NCD,1050EFSL29,1,0.01,1050EFSL29
BSE,bse_cm,EFSL26724A,939627,D,EFSL-26-7-29-NCD,EFSL26724A,1,0.01,EFSL26724A
BSE,bse_cm,105EFSL29,939629,D,EFSL-10.5%-26-7-29-NCD,105EFSL29,1,0.01,105EFSL29
BSE,bse_cm,1049EFSL34,939631,D,EFSL-10.49%-26-7-34-NCD,1049EFSL34,1,0.01,1049EFSL34
BSE,bse_cm,11EFSL34,939633,D,EFSL-11%-26-7-34-NCD,11EFSL34,1,0.01,11EFSL34
BSE,bse_cm,11EFSL34A,939635,D,EFSL-11%-26-7-34-NCD,11EFSL34A,1,0.01,11EFSL34A
BSE,bse_cm,KFL070824A,939645,D,KFL-6-2-27-NCD,KFL070824A,1,0.01,KFL070824A
BSE,bse_cm,102SMCGS27,939647,D,SMCGSL-10.20%-07-08-27-NCD,102SMCGS27,1,0.01,102SMCGS27
BSE,bse_cm,10KFL27A,939649,D,KFL-10%-6-8-27-NCD,10KFL27A,1,0.01,10KFL27A
BSE,bse_cm,0SMCGSL27,939651,D,SMCGSL-ZC-07-08-27-NCD,0SMCGSL27,1,0.01,0SMCGSL27
BSE,bse_cm,KFL070824B,939653,D,KFL-6-11-27-NCD,KFL070824B,1,0.01,KFL070824B
BSE,bse_cm,994SMCGS29,939655,D,SMCGSL-9.94%-07-08-29-NCD,994SMCGS29,1,0.01,994SMCGS29
BSE,bse_cm,104SMCGS29,939657,D,SMCGSL-10.40%-07-08-29-NCD,104SMCGS29,1,0.01,104SMCGS29
BSE,bse_cm,1025KFL29,939659,D,KFL-10.25%-6-8-29-NCD,1025KFL29,1,0.01,1025KFL29
BSE,bse_cm,KFL070824C,939661,D,KFL-6-8-28-NCD,KFL070824C,1,0.01,KFL070824C
BSE,bse_cm,KFL070824D,939663,D,KFL-6-8-31-NCD,KFL070824D,1,0.01,KFL070824D
BSE,bse_cm,1025KAFL27,939675,D,KAFL-10.25%-7-8-27-NCD,1025KAFL27,1,0.01,1025KAFL27
BSE,bse_cm,1050KAFL27,939677,D,KAFL-10.50%-7-8-27-NCD,1050KAFL27,1,0.01,1050KAFL27
BSE,bse_cm,1075KAFL29,939679,D,KAFL-10.75%-7-8-29-NCD,1075KAFL29,1,0.01,1075KAFL29
BSE,bse_cm,11KAFL29,939681,D,KAFL-11%-7-8-29-NCD,11KAFL29,1,0.01,11KAFL29
BSE,bse_cm,KAF080824,939683,D,KAFL-7-3-31-NCD,KAF080824,1,0.01,KAF080824
BSE,bse_cm,1125CCI27,939691,D,CCIL-11.25%-13-8-27-NCD,1125CCI27,1,0.01,1125CCI27
BSE,bse_cm,12CCI29,939693,D,CCIL-12%-13-8-29-NCD,12CCI29,1,0.01,12CCI29
BSE,bse_cm,CCIL14824B,939699,D,CCIL-13-8-29-NCD,CCIL14824B,1,0.01,CCIL14824B
BSE,bse_cm,CCIL14824C,939701,D,CCIL-13-6-30-NCD,CCIL14824C,1,0.01,CCIL14824C
BSE,bse_cm,1125MML27,939711,D,MML-11.25%-11-9-27-NCD,1125MML27,1,0.01,1125MML27
BSE,bse_cm,MML11924A,939713,D,MML-11-9-27-NCD,MML11924A,1,0.01,MML11924A
BSE,bse_cm,1150MML29,939715,D,MML-11.50%-11-9-29-NCD,1150MML29,1,0.01,1150MML29
BSE,bse_cm,MML11924B,939717,D,MML-11-9-29-NCD,MML11924B,1,0.01,MML11924B
BSE,bse_cm,MML11924C,939719,D,MML-11-10-30-NCD,MML11924C,1,0.01,MML11924C
BSE,bse_cm,925AEL26,939721,D,AEL-9.25%-12-9-26-NCD,925AEL26,1,0.01,925AEL26
BSE,bse_cm,AEL120924,939723,D,AEL-12-9-26-NCD,AEL120924,1,0.01,AEL120924
BSE,bse_cm,932AEL27,939725,D,AEL-9.32%-12-9-27-NCD,932AEL27,1,0.01,932AEL27
BSE,bse_cm,965AEL27,939727,D,AEL-9.65%-12-9-27-NCD,965AEL27,1,0.01,965AEL27
BSE,bse_cm,AEL120924A,939729,D,AEL-12-9-27-NCD,AEL120924A,1,0.01,AEL120924A
BSE,bse_cm,956AEL29,939731,D,AEL-9.56%-12-9-29-NCD,956AEL29,1,0.01,956AEL29
BSE,bse_cm,99AEL29,939733,D,AEL-9.90%-12-9-29-NCD,99AEL29,1,0.01,99AEL29
BSE,bse_cm,AEL120924B,939735,D,AEL-12-9-29-NCD,AEL120924B,1,0.01,AEL120924B
BSE,bse_cm,9MFCL26,939737,D,MFCL-9%-16-9-26-NCD,9MFCL26,1,0.01,9MFCL26
BSE,bse_cm,925MFCL27,939739,D,MFCL-9.25%-16-9-27-NCD,925MFCL27,1,0.01,925MFCL27
BSE,bse_cm,945MFCL29,939741,D,MFCL-9.45%-16-9-29-NCD,945MFCL29,1,0.01,945MFCL29
BSE,bse_cm,965MFCL30,939743,D,MFCL-9.65%-16-9-30-NCD,965MFCL30,1,0.01,965MFCL30
BSE,bse_cm,940MFCL26,939745,D,MFCL-9.40%-16-9-26-NCD,940MFCL26,1,0.01,940MFCL26
BSE,bse_cm,965MFCL27,939747,D,MFCL-9.65%-16-9-27-NCD,965MFCL27,1,0.01,965MFCL27
BSE,bse_cm,990MFCL29,939749,D,MFCL-9.90%-16-9-29-NCD,990MFCL29,1,0.01,990MFCL29
BSE,bse_cm,1010MFCL30,939751,D,MFCL-10.10%-16-9-30-NCD,1010MFCL30,1,0.01,1010MFCL30
BSE,bse_cm,MFCL160924,939753,D,MFCL-16-9-26-NCD,MFCL160924,1,0.01,MFCL160924
BSE,bse_cm,MFCL16924,939755,D,MFCL-16-9-27-NCD,MFCL16924,1,0.01,MFCL16924
BSE,bse_cm,MFCL16924A,939757,D,MFCL-16-9-29-NCD,MFCL16924A,1,0.01,MFCL16924A
BSE,bse_cm,MFCL16924B,939759,D,MFCL-16-9-30-NCD,MFCL16924B,1,0.01,MFCL16924B
BSE,bse_cm,MFCL16924C,939761,D,MFCL-16-5-32-NCD,MFCL16924C,1,0.01,MFCL16924C
BSE,bse_cm,925SCL26E,939763,D,SCL-9.25%-25-9-26-NCD,925SCL26E,1,0.01,925SCL26E
BSE,bse_cm,965SCL26F,939765,D,SCL-9.65%-25-9-26-NCD,965SCL26F,1,0.01,965SCL26F
BSE,bse_cm,925SCL26F,939767,D,SCL-9.25%-25-9-26-NCD,925SCL26F,1,0.01,925SCL26F
BSE,bse_cm,SCL25924,939769,D,SCL-ZC-25-9-26-NCD,SCL25924,1,0.01,SCL25924
BSE,bse_cm,SCL25924A,939771,D,SCL-ZC-25-9-26-NCD,SCL25924A,1,0.01,SCL25924A
BSE,bse_cm,940SCL27A,939773,D,SCL-9.40%-25-9-27-NCD,940SCL27A,1,0.01,940SCL27A
BSE,bse_cm,990SCL27B,939775,D,SCL-9.90%-25-9-27-NCD,990SCL27B,1,0.01,990SCL27B
BSE,bse_cm,902SCL27C,939777,D,SCL-9.02%-25-9-27-NCD,902SCL27C,1,0.01,902SCL27C
BSE,bse_cm,948SCL27D,939779,D,SCL-9.48%-25-9-27-NCD,948SCL27D,1,0.01,948SCL27D
BSE,bse_cm,SCL25924C,939781,D,SCL-ZC-25-9-27-NCD,SCL25924C,1,0.01,SCL25924C
BSE,bse_cm,SCL25924D,939783,D,SCL-ZC-25-9-27-NCD,SCL25924D,1,0.01,SCL25924D
BSE,bse_cm,1015SCL29B,939785,D,SCL-10.15%-25-9-29-NCD,1015SCL29B,1,0.01,1015SCL29B
BSE,bse_cm,925SCL29C,939787,D,SCL-9.25%-25-9-29-NCD,925SCL29C,1,0.01,925SCL29C
BSE,bse_cm,971SCL29B,939789,D,SCL-9.71%-25-9-29-NCD,971SCL29B,1,0.01,971SCL29B
BSE,bse_cm,1050SCL31A,939791,D,SCL-10.50%-25-9-31-NCD,1050SCL31A,1,0.01,1050SCL31A
BSE,bse_cm,1003SCL31A,939793,D,SCL-10.03%-25-9-31-NCD,1003SCL31A,1,0.01,1003SCL31A
BSE,bse_cm,1075SCL34A,939795,D,SCL-10.75-25-9-34-NCD,1075SCL34A,1,0.01,1075SCL34A
BSE,bse_cm,1075SCL34C,939797,D,SCL-10.75%-25-9-34-NCD,1075SCL34C,1,0.01,1075SCL34C
BSE,bse_cm,980SCL34B,939799,D,SCL-9.80%-25-9-34-NCD,980SCL34B,1,0.01,980SCL34B
BSE,bse_cm,1025SCL34B,939801,D,SCL-10.25%-25-9-34-NCD,1025SCL34B,1,0.01,1025SCL34B
BSE,bse_cm,1050ICFL26,939803,D,ICFL-10.50%-25-9-26-NCD,1050ICFL26,1,0.01,1050ICFL26
BSE,bse_cm,ICFL250924,939805,D,ICFL-ZC-25-9-26-NCD,ICFL250924,1,0.01,ICFL250924
BSE,bse_cm,1030ICFL27,939807,D,ICFL-10.30%-25-9-27-NCD,1030ICFL27,1,0.01,1030ICFL27
BSE,bse_cm,1070ICFL27,939809,D,ICFL-10.70%-25-9-27-NCD,1070ICFL27,1,0.01,1070ICFL27
BSE,bse_cm,1050ICFL29,939811,D,ICFL-10.50%-25-9-29-NCD,1050ICFL29,1,0.01,1050ICFL29
BSE,bse_cm,95NHFL26,939813,D,NHFL-9.5%-8-10-26-NCD,95NHFL26,1,0.01,95NHFL26
BSE,bse_cm,NHFL081024,939815,D,NHFL-8-10-26-NCD,NHFL081024,1,0.01,NHFL081024
BSE,bse_cm,958NHFL27A,939817,D,NHFL-9.58%-8-10-27-NCD,958NHFL27A,1,0.01,958NHFL27A
BSE,bse_cm,10NHFL27A,939819,D,NHFL-10%-8-10-27-NCD,10NHFL27A,1,0.01,10NHFL27A
BSE,bse_cm,NHF081024,939821,D,NHFL-8-10-27-NCD,NHF081024,1,0.01,NHF081024
BSE,bse_cm,1003NHF29,939823,D,NHFL-10.03%-8-10-29-NCD,1003NHF29,1,0.01,1003NHF29
BSE,bse_cm,1050NHF29,939825,D,NHFL-10.50%-8-10-29-NCD,1050NHF29,1,0.01,1050NHF29
BSE,bse_cm,NHF081024A,939827,D,NHFL-8-10-29-NCD,NHF081024A,1,0.01,NHF081024A
BSE,bse_cm,1049NHFL34,939829,D,NHFL-10.49%-8-10-34-NCD,1049NHFL34,1,0.01,1049NHFL34
BSE,bse_cm,11NHFL34,939831,D,NHFL-11%-8-10-34-NCD,11NHFL34,1,0.01,11NHFL34
BSE,bse_cm,1025UCL26A,939835,D,UCL-10.25%-24-10-26-NCD,1025UCL26A,1,0.01,1025UCL26A
BSE,bse_cm,1040UCL27B,939837,D,UCL-10.40%-24-4-27-NCD,1040UCL27B,1,0.01,1040UCL27B
BSE,bse_cm,950EFSL26A,939839,D,EFSL-9.50%-24-10-26-NCD,950EFSL26A,1,0.01,950EFSL26A
BSE,bse_cm,EFSL241024,939841,D,EFSL-24-10-26-NCD,EFSL241024,1,0.01,EFSL241024
BSE,bse_cm,957EFSL27A,939843,D,EFSL-9.57%-24-10-27-NCD,957EFSL27A,1,0.01,957EFSL27A
BSE,bse_cm,10EFSL27A,939845,D,EFSL-10%-24-10-27-NCD,10EFSL27A,1,0.01,10EFSL27A
BSE,bse_cm,EFS241024A,939847,D,EFSL-24-10-27-NCD,EFS241024A,1,0.01,EFS241024A
BSE,bse_cm,1004EFS29B,939849,D,EFSL-10.04%-24-10-29-NCD,1004EFS29B,1,0.01,1004EFS29B
BSE,bse_cm,1050EFS29C,939851,D,EFSL-10.50%-24-10-29-NCD,1050EFS29C,1,0.01,1050EFS29C
BSE,bse_cm,EFS241024C,939853,D,EFSL-24-10-29-NCD,EFS241024C,1,0.01,EFS241024C
BSE,bse_cm,1050EFS29A,939855,D,EFSL-10.50%-24-10-29-NCD,1050EFS29A,1,0.01,1050EFS29A
BSE,bse_cm,1049EFS34A,939857,D,EFSL-10.49%-24-10-34-NCD,1049EFS34A,1,0.01,1049EFS34A
BSE,bse_cm,11EFSL34B,939859,D,EFSL-11%-24-10-34-NCD,11EFSL34B,1,0.01,11EFSL34B
BSE,bse_cm,11EFSL34C,939861,D,EFSL-11%-24-10-34-NCD,11EFSL34C,1,0.01,11EFSL34C
BSE,bse_cm,9MFCL2026,939863,D,MFCL-9%-30-10-26-NCD,9MFCL2026,1,0.01,9MFCL2026
BSE,bse_cm,925MFCL27A,939865,D,MFCL-9.25%-30-10-27-NCD,925MFCL27A,1,0.01,925MFCL27A
BSE,bse_cm,945MFCL29A,939867,D,MFCL-9.45%-30-10-29-NCD,945MFCL29A,1,0.01,945MFCL29A
BSE,bse_cm,965MFCL30A,939869,D,MFCL-9.65%-30-10-30-NCD,965MFCL30A,1,0.01,965MFCL30A
BSE,bse_cm,94MFCL26,939871,D,MFCL-9.40%-30-10-26-NCD,94MFCL26,1,0.01,94MFCL26
BSE,bse_cm,965MFCL27A,939873,D,MFCL-9.65%-30-10-27-NCD,965MFCL27A,1,0.01,965MFCL27A
BSE,bse_cm,99MFCL29,939875,D,MFCL-9.90%-30-10-29-NCD,99MFCL29,1,0.01,99MFCL29
BSE,bse_cm,101MFCL30,939877,D,MFCL-10.10%-30-10-30-NCD,101MFCL30,1,0.01,101MFCL30
BSE,bse_cm,MFCL301024,939879,D,MFCL-30-10-26-NCD,MFCL301024,1,0.01,MFCL301024
BSE,bse_cm,MFL301024A,939881,D,MFL-30-10-27-NCD,MFL301024A,1,0.01,MFL301024A
BSE,bse_cm,MFL301024B,939883,D,MFL-30-10-29-NCD,MFL301024B,1,0.01,MFL301024B
BSE,bse_cm,MFL301024C,939885,D,MFL-30-10-30-NCD,MFL301024C,1,0.01,MFL301024C
BSE,bse_cm,MFL301024D,939887,D,MFL-30-6-32-NCD,MFL301024D,1,0.01,MFL301024D
BSE,bse_cm,11IML2027,939895,D,IML-11%-7-5-27-NCD,11IML2027,1,0.01,11IML2027
BSE,bse_cm,IML081124,939897,D,IML-7-5-27-NCD,IML081124,1,0.01,IML081124
BSE,bse_cm,12IML29,939899,D,IML-12%-7-11-29-NCD,12IML29,1,0.01,12IML29
BSE,bse_cm,IML8112024,939901,D,IML-7-5-30-NCD,IML8112024,1,0.01,IML8112024
BSE,bse_cm,9MML27,939905,D,MML-9%-18-1-27-NCD,9MML27,1,0.01,9MML27
BSE,bse_cm,MML191124,939907,D,MML-18-1-27-NCD,MML191124,1,0.01,MML191124
BSE,bse_cm,950MML27,939909,D,MML-9.50%-18-11-27-NCD,950MML27,1,0.01,950MML27
BSE,bse_cm,MML191124A,939911,D,MML-18-11-27-NCD,MML191124A,1,0.01,MML191124A
BSE,bse_cm,10MM28,939913,D,MML-10%-18-11-28-NCD,10MM28,1,0.01,10MM28
BSE,bse_cm,MML191124B,939915,D,MML-18-5-30-NCD,MML191124B,1,0.01,MML191124B
BSE,bse_cm,1150ICLF26,939919,D,ICLFL-11.50%-02-12-26-NCD,1150ICLF26,1,0.01,1150ICLF26
BSE,bse_cm,12ICLFL27B,939921,D,ICLFL-12%-02-12-27-NCD,12ICLFL27B,1,0.01,12ICLFL27B
BSE,bse_cm,1250ICLF29,939923,D,ICLFL-12.20%-02-12-29-NCD,1250ICLF29,1,0.01,1250ICLF29
BSE,bse_cm,ICLF21224A,939927,D,ICLFL-02-12-26-NCD,ICLF21224A,1,0.01,ICLF21224A
BSE,bse_cm,ICLF021224,939929,D,ICLFL-02-12-27-NCD,ICLF021224,1,0.01,ICLF021224
BSE,bse_cm,1175ICLF26,939931,D,ICLFL-02-12-26-NCD,1175ICLF26,1,0.01,1175ICLF26
BSE,bse_cm,1225ICLF27,939933,D,ICLFL-12.25%-02-12-27-NCD,1225ICLF27,1,0.01,1225ICLF27
BSE,bse_cm,ICLF21224,939935,D,ICLFL-02-8-30-NCD,ICLF21224,1,0.01,ICLF21224
BSE,bse_cm,10KLMAFL26,939943,D,KLMAFL-10%-03-12-26-NCD,10KLMAFL26,1,0.01,10KLMAFL26
BSE,bse_cm,1025KLMA26,939945,D,KLMAFL-10.25%-03-12-26-NCD,1025KLMA26,1,0.01,1025KLMA26
BSE,bse_cm,1025KLMA27,939947,D,KLMAFL-10.25%-03-12-27-NCD,1025KLMA27,1,0.01,1025KLMA27
BSE,bse_cm,1050KLMA27,939949,D,KLMAFL-10.50%03-12-27-NCD,1050KLMA27,1,0.01,1050KLMA27
BSE,bse_cm,1075KLMA29,939951,D,KLMAFL-10.75%-03-12-29-NCD,1075KLMA29,1,0.01,1075KLMA29
BSE,bse_cm,11KLMAFL29,939953,D,KLMAFL-11%-03-12-29-NCD,11KLMAFL29,1,0.01,11KLMAFL29
BSE,bse_cm,KLMA041224,939955,D,KLMAFL-03-7-31-NCD,KLMA041224,1,0.01,KLMA041224
BSE,bse_cm,925KFL26B,939959,D,KFL-9.25%-11-12-26-NCD,925KFL26B,1,0.01,925KFL26B
BSE,bse_cm,KSL121224A,939961,D,KFL-11-6-27-NCD,KSL121224A,1,0.01,KSL121224A
BSE,bse_cm,10KFL27C,939963,D,KFL-10%-11-12-27-NCD,10KFL27C,1,0.01,10KFL27C
BSE,bse_cm,KFL121224D,939965,D,KFL-11-3-28-NCD,KFL121224D,1,0.01,KFL121224D
BSE,bse_cm,1025KFL29A,939967,D,KFL-10.25%-11-12-29-NCD,1025KFL29A,1,0.01,1025KFL29A
BSE,bse_cm,KFL121224E,939969,D,KFL-11-12-28-NCD,KFL121224E,1,0.01,KFL121224E
BSE,bse_cm,KFL121224F,939971,D,KFL-11-12-31-NCD,KFL121224F,1,0.01,KFL121224F
BSE,bse_cm,885IHL26,939973,D,IHFL-8.85%-26-12-26-NCD,885IHL26,1,0.01,885IHL26
BSE,bse_cm,IHFL261224,939975,D,IHFL-26-12-26-NCD,IHFL261224,1,0.01,IHFL261224
BSE,bse_cm,865IHFL27,939977,D,IHFL-8.65%-26-12-27-NCD,865IHFL27,1,0.01,865IHFL27
BSE,bse_cm,9IHFL27,939979,D,IHFL-9%-26-12-27-NCD,9IHFL27,1,0.01,9IHFL27
BSE,bse_cm,IHF261224,939981,D,IHFL-26-12-27-NCD,IHF261224,1,0.01,IHF261224
BSE,bse_cm,89IHFL29,939983,D,IHFL-8.9%-26-12-29-NCD,89IHFL29,1,0.01,89IHFL29
BSE,bse_cm,925IHFL29,939985,D,IHFL-9.25%-26-12-29-NCD,925IHFL29,1,0.01,925IHFL29
BSE,bse_cm,IHF261224A,939987,D,IHFL-26-12-29-NCD,IHF261224A,1,0.01,IHF261224A
BSE,bse_cm,925IHFL31,939989,D,IHFL-9.25%-26-12-31-NCD,925IHFL31,1,0.01,925IHFL31
BSE,bse_cm,925SCL26Z,939991,D,SCL-9.25%-27-12-26-NCD,925SCL26Z,1,0.01,925SCL26Z
BSE,bse_cm,965SCL26Y,939993,D,SCL-9.65%-27-12-26-NCD,965SCL26Y,1,0.01,965SCL26Y
BSE,bse_cm,888SCL26X,939995,D,SCL-8.88%-27-12-26-NCD,888SCL26X,1,0.01,888SCL26X
BSE,bse_cm,925SCL26W,939997,D,SCL-9.25%-27-12-26-NCD,925SCL26W,1,0.01,925SCL26W
BSE,bse_cm,SCL271224,939999,D,SCL-27-12-26-NCD,SCL271224,1,0.01,SCL271224
BSE,bse_cm,SCL271224A,940001,D,SCL-27-12-26-NCD,SCL271224A,1,0.01,SCL271224A
BSE,bse_cm,94SCL27U,940003,D,SCL-9.4%-27-12-27-NCD,94SCL27U,1,0.01,94SCL27U
BSE,bse_cm,99SCL27V,940005,D,SCL-9.9%-27-12-27-NCD,99SCL27V,1,0.01,99SCL27V
BSE,bse_cm,902SCL27Q,940007,D,SCL-9.02%-27-12-27-NCD,902SCL27Q,1,0.01,902SCL27Q
BSE,bse_cm,948SCL27R,940009,D,SCL-9.48%-27-12-27-NCD,948SCL27R,1,0.01,948SCL27R
BSE,bse_cm,SCL271224B,940011,D,SCL-27-12-27-NCD,SCL271224B,1,0.01,SCL271224B
BSE,bse_cm,965SCL29S,940013,D,SCL-9.65%-27-12-29-NCD,965SCL29S,1,0.01,965SCL29S
BSE,bse_cm,1015SCL29T,940015,D,SCL-10.15%-27-12-29-NCD,1015SCL29T,1,0.01,1015SCL29T
BSE,bse_cm,925SCL29S,940017,D,SCL-9.25%-27-12-29-NCD,925SCL29S,1,0.01,925SCL29S
BSE,bse_cm,971SCL29T,940019,D,SCL-9.71%-27-12-29-NCD,971SCL29T,1,0.01,971SCL29T
BSE,bse_cm,1050SCL31T,940021,D,SCL-10.50%-27-12-31-NCD,1050SCL31T,1,0.01,1050SCL31T
BSE,bse_cm,1003SCL31P,940023,D,SCL-10.03%-27-12-31-NCD,1003SCL31P,1,0.01,1003SCL31P
BSE,bse_cm,1025SCL34U,940025,D,SCL-10.25%-27-12-34-NCD,1025SCL34U,1,0.01,1025SCL34U
BSE,bse_cm,1075SCL34T,940027,D,SCL-10.75%-27-12-34-NCD,1075SCL34T,1,0.01,1075SCL34T
BSE,bse_cm,98SCL34Z,940029,D,SCL-9.8%-27-12-34-NCD,98SCL34Z,1,0.01,98SCL34Z
BSE,bse_cm,1025SCL34Z,940031,D,SCL-10.25%-27-12-34-NCD,1025SCL34Z,1,0.01,1025SCL34Z
BSE,bse_cm,95NHFL27,940033,D,NHFL-9.5%-6-1-27-NCD,95NHFL27,1,0.01,95NHFL27
BSE,bse_cm,NHFL060125,940035,D,NHFL-6-1-27-NCD,NHFL060125,1,0.01,NHFL060125
BSE,bse_cm,958NHFL28,940037,D,NHFL-9.58%-6-1-28-NCD,958NHFL28,1,0.01,958NHFL28
BSE,bse_cm,10NHFL28,940039,D,NHFL-10%-6-1-28-NCD,10NHFL28,1,0.01,10NHFL28
BSE,bse_cm,NHF060124,940041,D,NHFL-6-1-28-NCD,NHF060124,1,0.01,NHF060124
BSE,bse_cm,1003NHFL30,940043,D,NHFL-10.03%-6-1-30-NCD,1003NHFL30,1,0.01,1003NHFL30
BSE,bse_cm,1050NHFL30,940045,D,NHFL-10.50%-6-1-30-NCD,1050NHFL30,1,0.01,1050NHFL30
BSE,bse_cm,NHF060125,940047,D,NHFL-6-1-30-NCD,NHF060125,1,0.01,NHF060125
BSE,bse_cm,1049NHFL35,940049,D,NHFL-10.49%-6-1-35-NCD,1049NHFL35,1,0.01,1049NHFL35
BSE,bse_cm,11NHFL35,940051,D,NHFL-11%-6-1-35-NCD,11NHFL35,1,0.01,11NHFL35
BSE,bse_cm,9MFLIII27,940053,D,MFLIII-9%-10-1-27-NCD,9MFLIII27,1,0.01,9MFLIII27
BSE,bse_cm,925MFL28,940055,D,MFLIII-9.25%-10-1-28-NCD,925MFL28,1,0.01,925MFL28
BSE,bse_cm,945MFL30,940057,D,MFLIII-9.45%-10-1-30-NCD,945MFL30,1,0.01,945MFL30
BSE,bse_cm,965MFL31,940059,D,MFLIII-9.65%-10-1-31-NCD,965MFL31,1,0.01,965MFL31
BSE,bse_cm,940MFL27,940061,D,MFLIII-9.40%-10-1-27-NCD,940MFL27,1,0.01,940MFL27
BSE,bse_cm,965MFL28,940063,D,MFLIII-9.65%-10-1-28-NCD,965MFL28,1,0.01,965MFL28
BSE,bse_cm,990MFL30,940065,D,MFLIII-9.90%-10-1-30-NCD,990MFL30,1,0.01,990MFL30
BSE,bse_cm,1010MFL31,940067,D,MFLIII-10.10%-10-1-31-NCD,1010MFL31,1,0.01,1010MFL31
BSE,bse_cm,MFL100125,940069,D,MFLIII-10-1-27-NCD,MFL100125,1,0.01,MFL100125
BSE,bse_cm,MFL10125,940071,D,MFLIII-10-1-28-NCD,MFL10125,1,0.01,MFL10125
BSE,bse_cm,MFL10125A,940073,D,MFLIII-10-1-30-NCD,MFL10125A,1,0.01,MFL10125A
BSE,bse_cm,MFL10125B,940075,D,MFLIII-10-1-31-NCD,MFL10125B,1,0.01,MFL10125B
BSE,bse_cm,MFL10125C,940077,D,MFLIII-10-9-32-NCD,MFL10125C,1,0.01,MFL10125C
BSE,bse_cm,11CCIL27B,940083,D,CCIL-11%-16-1-27-NCD,11CCIL27B,1,0.01,11CCIL27B
BSE,bse_cm,12CCIL30C,940085,D,CCIL-12%-16-1-30-NCD,12CCIL30C,1,0.01,12CCIL30C
BSE,bse_cm,CCI170125A,940093,D,CCIL-16-1-27-NCD,CCI170125A,1,0.01,CCI170125A
BSE,bse_cm,CCI170125B,940095,D,CCIL-16-11-30-NCD,CCI170125B,1,0.01,CCI170125B
BSE,bse_cm,950EFSL27,940097,D,EFSL-9.50%-24-1-27-NCD,950EFSL27,1,0.01,950EFSL27
BSE,bse_cm,EFSL240125,940099,D,EFSL-24-1-27-NCD,EFSL240125,1,0.01,EFSL240125
BSE,bse_cm,957EFSL28,940101,D,EFSL-9.57%-24-1-28-NCD,957EFSL28,1,0.01,957EFSL28
BSE,bse_cm,10EFSL28,940103,D,EFSL-10%-24-1-28-NCD,10EFSL28,1,0.01,10EFSL28
BSE,bse_cm,EFSL24125,940105,D,EFSL-24-1-28-NCD,EFSL24125,1,0.01,EFSL24125
BSE,bse_cm,1004EFSL30,940107,D,EFSL-10.04%-24-1-30-NCD,1004EFSL30,1,0.01,1004EFSL30
BSE,bse_cm,1050EFSL30,940109,D,EFSL-10.50%-24-1-30-NCD,1050EFSL30,1,0.01,1050EFSL30
BSE,bse_cm,EFSL24125A,940111,D,EFSL-24-1-30-NCD,EFSL24125A,1,0.01,EFSL24125A
BSE,bse_cm,105EFSL30,940113,D,EFSL-10.5%-24-1-30-STAGRD REDM,105EFSL30,1,0.01,105EFSL30
BSE,bse_cm,1049EFSL35,940115,D,EFSL-10.49%-24-1-35-NCD,1049EFSL35,1,0.01,1049EFSL35
BSE,bse_cm,11EFSL35,940117,D,EFSL-11%-24-1-35-NCD,11EFSL35,1,0.01,11EFSL35
BSE,bse_cm,11EFSL35A,940119,D,EFSL-11%-24-1-35-STAGRD REDMPT,11EFSL35A,1,0.01,11EFSL35A
BSE,bse_cm,1150ICLF27,940123,D,ICLFL-11.50%-27-1-27-NCD,1150ICLF27,1,0.01,1150ICLF27
BSE,bse_cm,12ICLFL28,940125,D,ICLFL-12%-27-1-28-NCD,12ICLFL28,1,0.01,12ICLFL28
BSE,bse_cm,1250ICLF30,940127,D,ICLFL-12.50%-27-1-30-NCD,1250ICLF30,1,0.01,1250ICLF30
BSE,bse_cm,ICLF27125,940131,D,ICLFL-27-1-27-NCD,ICLF27125,1,0.01,ICLF27125
BSE,bse_cm,ICLF27125A,940133,D,ICLFL-27-1-28-NCD,ICLF27125A,1,0.01,ICLF27125A
BSE,bse_cm,1175ICLF27,940135,D,ICLFL-11.75%-27-1-27-NCD,1175ICLF27,1,0.01,1175ICLF27
BSE,bse_cm,1225ICLF28,940137,D,ICLFL-12.25%-27-1-28-NCD,1225ICLF28,1,0.01,1225ICLF28
BSE,bse_cm,ICLF27125B,940139,D,ICLFL-27-9-30-NCD,ICLF27125B,1,0.01,ICLF27125B
BSE,bse_cm,1015MML26,940145,D,MML-10.15%-29-9-26-NCD,1015MML26,1,0.01,1015MML26
BSE,bse_cm,MML290125A,940147,D,MML-29-9-26-NCD,MML290125A,1,0.01,MML290125A
BSE,bse_cm,1075MML28,940149,D,MML-10.75%-29-1-28-NCD,1075MML28,1,0.01,1075MML28
BSE,bse_cm,MML290125B,940151,D,MML-29-1-28-NCD,MML290125B,1,0.01,MML290125B
BSE,bse_cm,11MML30,940153,D,MML--29-1-30-NCD,11MML30,1,0.01,11MML30
BSE,bse_cm,MML290125C,940155,D,MML-29-1-30-NCD,MML290125C,1,0.01,MML290125C
BSE,bse_cm,MML290125D,940157,D,MML-27-2-31-NCD,MML290125D,1,0.01,MML290125D
BSE,bse_cm,9MFLIV27,940159,D,MFLIV-9%-24-2-27-NCD,9MFLIV27,1,0.01,9MFLIV27
BSE,bse_cm,925MFLIV28,940161,D,MFLIV-9.25%-24-2-28-NCD,925MFLIV28,1,0.01,925MFLIV28
BSE,bse_cm,945MFLIV30,940163,D,MFLIV-9.45%-24-2-30-NCD,945MFLIV30,1,0.01,945MFLIV30
BSE,bse_cm,965MFLIV31,940165,D,MFLIV-9.65%-24-2-31-NCD,965MFLIV31,1,0.01,965MFLIV31
BSE,bse_cm,930MFLIV26,940167,D,MFLIV-9.30%-24-8-26-NCD,930MFLIV26,1,0.01,930MFLIV26
BSE,bse_cm,940MFLIV27,940169,D,MFLIV-9.40%-24-2-27-NCD,940MFLIV27,1,0.01,940MFLIV27
BSE,bse_cm,965MFLIV28,940171,D,MFLIV-9.65%-24-2-28-NCD,965MFLIV28,1,0.01,965MFLIV28
BSE,bse_cm,990MFLIV30,940173,D,MFLIV-9.90%-24-2-30-NCD,990MFLIV30,1,0.01,990MFLIV30
BSE,bse_cm,101MFLIV31,940175,D,MFLIV-10.10%-24-2-31-NCD,101MFLIV31,1,0.01,101MFLIV31
BSE,bse_cm,MFLIV24225,940177,D,MFLIV-24-8-26-NCD,MFLIV24225,1,0.01,MFLIV24225
BSE,bse_cm,MFL24225A,940179,D,MFLIV-24-2-27-NCD,MFL24225A,1,0.01,MFL24225A
BSE,bse_cm,MFL24225B,940181,D,MFLIV-24-2-28-NCD,MFL24225B,1,0.01,MFL24225B
BSE,bse_cm,MFL24225C,940183,D,MFLIV-24-2-30-NCD,MFL24225C,1,0.01,MFL24225C
BSE,bse_cm,MFL24225D,940185,D,MFLIV-24-2-31-NCD,MFL24225D,1,0.01,MFL24225D
BSE,bse_cm,925SCL27A,940187,D,SCL-9.25%-19-03-27-NCD,925SCL27A,1,0.01,925SCL27A
BSE,bse_cm,965SCL27,940189,D,SCL-9.65%-19-03-27-NCD,965SCL27,1,0.01,965SCL27
BSE,bse_cm,925SCL27B,940191,D,SCL-9.25%-19-03-27-NCD,925SCL27B,1,0.01,925SCL27B
BSE,bse_cm,SCL19325,940193,D,SCL-19-03-27-NCD,SCL19325,1,0.01,SCL19325
BSE,bse_cm,SCL19325A,940195,D,SCL-19-03-27-NCD,SCL19325A,1,0.01,SCL19325A
BSE,bse_cm,940SCL28,940197,D,SCL-9.40%-19-03-28-NCD,940SCL28,1,0.01,940SCL28
BSE,bse_cm,990SCL28,940199,D,SCL-9.90%-19-03-28-NCD,990SCL28,1,0.01,990SCL28
BSE,bse_cm,902SCL28,940201,D,SCL-9.02%-19-03-28-NCD,902SCL28,1,0.01,902SCL28
BSE,bse_cm,948SCL28,940203,D,SCL-9.48%-19-03-28-NCD,948SCL28,1,0.01,948SCL28
BSE,bse_cm,SCL190325,940205,D,SCL-19-03-28-NCD,SCL190325,1,0.01,SCL190325
BSE,bse_cm,SCL190325A,940207,D,SCL-19-03-28-NCD,SCL190325A,1,0.01,SCL190325A
BSE,bse_cm,1015SCL30,940209,D,SCL-10.15%-19-03-30-NCD,1015SCL30,1,0.01,1015SCL30
BSE,bse_cm,971SCL30,940211,D,SCL-9.71-19-03-30-NCD,971SCL30,1,0.01,971SCL30
BSE,bse_cm,1050SCL32,940213,D,SCL-10.50%-19-03-32-NCD,1050SCL32,1,0.01,1050SCL32
BSE,bse_cm,1003SCL32,940215,D,SCL-10.03%-19-03-32-NCD,1003SCL32,1,0.01,1003SCL32
BSE,bse_cm,1025SCL35,940217,D,SCL-10.25%-19-03-35-NCD,1025SCL35,1,0.01,1025SCL35
BSE,bse_cm,1075SCL35,940219,D,SCL-10.75%-19-03-35-NCD,1075SCL35,1,0.01,1075SCL35
BSE,bse_cm,980SCL35,940221,D,SCL-9.80%-19-3-35-NCD,980SCL35,1,0.01,980SCL35
BSE,bse_cm,1025SCL35A,940223,D,SCL-10.25%-19-3-35-NCD,1025SCL35A,1,0.01,1025SCL35A
BSE,bse_cm,971SCL30A,940225,D,SCL-9.71%-19-3-30-NCD,971SCL30A,1,0.01,971SCL30A
BSE,bse_cm,13PCL30,940227,D,PCL-13%-20-3-30-NCD,13PCL30,1,0.01,13PCL30
BSE,bse_cm,95NHFL27A,940229,D,NHFL-9.5%-3-4-27-NCD,95NHFL27A,1,0.01,95NHFL27A
BSE,bse_cm,9SFL27A,940231,D,SFL-9%-4-4-27-NCD,9SFL27A,1,0.01,9SFL27A
BSE,bse_cm,NHFL030425,940233,D,NHFL-3-4-27-NCD,NHFL030425,1,0.01,NHFL030425
BSE,bse_cm,958NHFL28B,940235,D,NHFL-9.58%-3-4-28-NCD,958NHFL28B,1,0.01,958NHFL28B
BSE,bse_cm,SFL040425B,940237,D,SFL-4-4-27-NCD,SFL040425B,1,0.01,SFL040425B
BSE,bse_cm,10NHFL28A,940239,D,NHFL-10%-3-4-28-NCD,10NHFL28A,1,0.01,10NHFL28A
BSE,bse_cm,925SFL28C,940241,D,SFL-9.25%-4-4-28-NCD,925SFL28C,1,0.01,925SFL28C
BSE,bse_cm,NHF030425,940243,D,NHFL-3-4-28-NCD,NHF030425,1,0.01,NHF030425
BSE,bse_cm,1003NHF30,940245,D,NHFL-10.03%-3-4-30-NCD,1003NHF30,1,0.01,1003NHF30
BSE,bse_cm,1050NHF30,940247,D,NHFL-10.50%-3-4-30-NCD,1050NHF30,1,0.01,1050NHF30
BSE,bse_cm,SFL040425D,940249,D,SFL-4-4-28-NCD,SFL040425D,1,0.01,SFL040425D
BSE,bse_cm,1025SFL30E,940251,D,SFL-10.25%-4-4-30-NCD,1025SFL30E,1,0.01,1025SFL30E
BSE,bse_cm,NHF030425A,940253,D,NHFL-3-4-30-NCD,NHF030425A,1,0.01,NHF030425A
BSE,bse_cm,1049NHF35,940255,D,NHFL-10.49%-3-4-35-NCD,1049NHF35,1,0.01,1049NHF35
BSE,bse_cm,SFL040425F,940257,D,SFL-4-4-30-NCD,SFL040425F,1,0.01,SFL040425F
BSE,bse_cm,SFL040425G,940259,D,SFL-4-5-32-NCD,SFL040425G,1,0.01,SFL040425G
BSE,bse_cm,11NHFL35A,940261,D,NHFL-11%-3-4-35-NCD,11NHFL35A,1,0.01,11NHFL35A
BSE,bse_cm,KFL150425,940263,D,KFL-14-10-26-NCD,KFL150425,1,0.01,KFL150425
BSE,bse_cm,95KFL27B,940265,D,KFL-9.5%-14-4-27-NCD,95KFL27B,1,0.01,95KFL27B
BSE,bse_cm,KFL150425A,940267,D,KFL-14-4-28-NCD,KFL150425A,1,0.01,KFL150425A
BSE,bse_cm,10KFL28B,940269,D,KFL-10%-14-4-28-NCD,10KFL28B,1,0.01,10KFL28B
BSE,bse_cm,KFL150425B,940271,D,KFL-14-7-28-NCD,KFL150425B,1,0.01,KFL150425B
BSE,bse_cm,1025KFL30,940273,D,KFL-10.25%-14-4-30-NCD,1025KFL30,1,0.01,1025KFL30
BSE,bse_cm,KFL150425C,940275,D,KFL-14-4-29-NCD,KFL150425C,1,0.01,KFL150425C
BSE,bse_cm,KFL150425D,940277,D,KFL-14-4-32-NCD,KFL150425D,1,0.01,KFL150425D
BSE,bse_cm,1075MML28A,940283,D,MML-10.75%-20-04-28-NCD,1075MML28A,1,0.01,1075MML28A
BSE,bse_cm,MML210425,940285,D,MML-20-4-28-NCD,MML210425,1,0.01,MML210425
BSE,bse_cm,MML21425A,940287,D,MML-20-05-31-NCD,MML21425A,1,0.01,MML21425A
BSE,bse_cm,930IIFL27,940293,D,IIFL-9.30%-21-4-27-NCD,930IIFL27,1,0.01,930IIFL27
BSE,bse_cm,IIFL21425,940295,D,IIFL-21-4-27-NCD,IIFL21425,1,0.01,IIFL21425
BSE,bse_cm,935IIFL28,940297,D,IIFL-9.35%-21-4-28-NCD,935IIFL28,1,0.01,935IIFL28
BSE,bse_cm,975IIFL28,940299,D,IIFL-9.75%-21-4-28-NCD,975IIFL28,1,0.01,975IIFL28
BSE,bse_cm,IIFL21425A,940301,D,IIFL-21-4-28-NCD,IIFL21425A,1,0.01,IIFL21425A
BSE,bse_cm,960IIFL30,940303,D,IIFL-9.60%-21-4-30-NCD,960IIFL30,1,0.01,960IIFL30
BSE,bse_cm,1025IIFL30,940305,D,IIFL-10.25%-21-4-30-NCD,1025IIFL30,1,0.01,1025IIFL30
BSE,bse_cm,10UCL26,940307,D,UCL-10%-24-10-26-NCD,10UCL26,1,0.01,10UCL26
BSE,bse_cm,1039UCL26,940309,D,UCL-10.39%-24-10-26-NCD,1039UCL26,1,0.01,1039UCL26
BSE,bse_cm,1015UCL27,940311,D,UCL-10.15%-24-04-27-NCD,1015UCL27,1,0.01,1015UCL27
BSE,bse_cm,1025UCL27A,940313,D,UCL-10.25%-24-10-27-NCD,1025UCL27A,1,0.01,1025UCL27A
BSE,bse_cm,1050UCL28,940315,D,UCL-10.50%-24-10-28-NCD,1050UCL28,1,0.01,1050UCL28
BSE,bse_cm,10SMCGSL27,940317,D,SMCGSL-10%-24-04-27-NCD,10SMCGSL27,1,0.01,10SMCGSL27
BSE,bse_cm,SMCG240425,940319,D,SMCGSL-24-04-27-NCD,SMCG240425,1,0.01,SMCG240425
BSE,bse_cm,1025SMCGS28,940321,D,SMCGSL-10.25%24-04-28-NCD,1025SMCGS28,1,0.01,1025SMCGS28
BSE,bse_cm,SMCGS24425,940323,D,SMCGSL-24-04-28-NCD,SMCGS24425,1,0.01,SMCGS24425
BSE,bse_cm,1003SMCG30,940325,D,SMCGSL-10.03%-24-04-30-NCD,1003SMCG30,1,0.01,1003SMCG30
BSE,bse_cm,1050SMCG30,940327,D,SMCGSL-10.50%-24-04-30-NCD,1050SMCG30,1,0.01,1050SMCG30
BSE,bse_cm,950EFSL27A,940329,D,EFSL-9.50%-30-04-27-NCD,950EFSL27A,1,0.01,950EFSL27A
BSE,bse_cm,EFSL30425,940331,D,EFSL-30-04-27-NCD,EFSL30425,1,0.01,EFSL30425
BSE,bse_cm,957EFSL28B,940333,D,EFSL-9.57%-30-04-28-NCD,957EFSL28B,1,0.01,957EFSL28B
BSE,bse_cm,10EFSL28C,940335,D,EFSL-10%-30-04-28-NCD,10EFSL28C,1,0.01,10EFSL28C
BSE,bse_cm,EFSL300425,940337,D,EFSL-30-04-28-NCD,EFSL300425,1,0.01,EFSL300425
BSE,bse_cm,1004EFS30D,940339,D,EFSL-10.04%-30-04-30-NCD,1004EFS30D,1,0.01,1004EFS30D
BSE,bse_cm,1050EFS30E,940341,D,EFSL-10.50%-30-04-30-NCD,1050EFS30E,1,0.01,1050EFS30E
BSE,bse_cm,EFSL30425A,940343,D,EFSL-30-04-30-NCD,EFSL30425A,1,0.01,EFSL30425A
BSE,bse_cm,1050EFS30F,940345,D,EFSL-10.50%-30-04-30-NCD,1050EFS30F,1,0.01,1050EFS30F
BSE,bse_cm,1049EFS35F,940347,D,EFSL-10.49%-30-04-35-NCD,1049EFS35F,1,0.01,1049EFS35F
BSE,bse_cm,11EFSL35G,940349,D,EFSL-11%-30-04-35-NCD,11EFSL35G,1,0.01,11EFSL35G
BSE,bse_cm,11EFSL35H,940351,D,EFSL-11%-30-04-35-NCD,11EFSL35H,1,0.01,11EFSL35H
BSE,bse_cm,MML130525,940353,D,MML-12-11-26-NCD,MML130525,1,0.01,MML130525
BSE,bse_cm,95MM27,940355,D,MML-9.5%-12-5-27-NCD,95MM27,1,0.01,95MM27
BSE,bse_cm,10MML28A,940357,D,MML-10%-12-5-28-NCD,10MML28A,1,0.01,10MML28A
BSE,bse_cm,1025MML29,940359,D,MML-10.25%-12-5-29-NCD,1025MML29,1,0.01,1025MML29
BSE,bse_cm,1050MML30,940361,D,MML-10.50%-12-5-30-NCD,1050MML30,1,0.01,1050MML30
BSE,bse_cm,1075MM30,940363,D,MML-10.75%-12-5-30-NCD,1075MM30,1,0.01,1075MM30
BSE,bse_cm,1150ICL27C,940367,D,ICLFL-11.50%-16-05-27-NCD,1150ICL27C,1,0.01,1150ICL27C
BSE,bse_cm,12ICLFL28D,940369,D,ICLFL-12%-16-05-28-NCD,12ICLFL28D,1,0.01,12ICLFL28D
BSE,bse_cm,1250ICL30E,940371,D,ICLFL-12.50%-16-05-30-NCD,1250ICL30E,1,0.01,1250ICL30E
BSE,bse_cm,ICLF16525,940375,D,ICLFL-16-05-27-NCD,ICLF16525,1,0.01,ICLF16525
BSE,bse_cm,ICLF16525A,940377,D,ICLFL-16-05-28-NCD,ICLF16525A,1,0.01,ICLF16525A
BSE,bse_cm,1175ICL27F,940379,D,ICLFL-11.75%-16-05-27-NCD,1175ICL27F,1,0.01,1175ICL27F
BSE,bse_cm,1225ICL28G,940381,D,ICLFL-12.25%-16-05-28-NCD,1225ICL28G,1,0.01,1225ICL28G
BSE,bse_cm,ICLF160525,940383,D,ICLFL-16-01-31-NCD,ICLF160525,1,0.01,ICLF160525
BSE,bse_cm,9MFL27B,940385,D,MFL-9%-19-5-27-NCD,9MFL27B,1,0.01,9MFL27B
BSE,bse_cm,925MFL28A,940387,D,MFL-9.25%-19-5-28-NCD,925MFL28A,1,0.01,925MFL28A
BSE,bse_cm,945MFL30A,940389,D,MFL-9.45%-19-5-30-NCD,945MFL30A,1,0.01,945MFL30A
BSE,bse_cm,955MFL31,940391,D,MFL-9.55%-19-5-31-NCD,955MFL31,1,0.01,955MFL31
BSE,bse_cm,94MFL27B,940393,D,MFL-9.4%-19-5-27-NCD,94MFL27B,1,0.01,94MFL27B
BSE,bse_cm,965MFL28A,940395,D,MFL-9.65%-19-5-28-NCD,965MFL28A,1,0.01,965MFL28A
BSE,bse_cm,99MFL30,940397,D,MFL-9.9%-17-5-30-NCD,99MFL30,1,0.01,99MFL30
BSE,bse_cm,10MFL31,940399,D,MFL-10%-19-5-31-NCD,10MFL31,1,0.01,10MFL31
BSE,bse_cm,MFL190525,940401,D,MFL-19-5-27-NCD,MFL190525,1,0.01,MFL190525
BSE,bse_cm,MFL190525A,940403,D,MFL-19-5-28-NCD,MFL190525A,1,0.01,MFL190525A
BSE,bse_cm,MFL190525B,940405,D,MFL-19-5-30-NCD,MFL190525B,1,0.01,MFL190525B
BSE,bse_cm,MFL190525C,940407,D,MFL-19-5-31-NCD,MFL190525C,1,0.01,MFL190525C
BSE,bse_cm,105CCIL26A,940409,D,CCIL-10.5%19-12-26-NCD,105CCIL26A,1,0.01,105CCIL26A
BSE,bse_cm,109CCIL27B,940411,D,CCIL-10.9%-19-6-27-NCD,109CCIL27B,1,0.01,109CCIL27B
BSE,bse_cm,113CCIL28C,940413,D,CCIL-11.3%-20-6-28-NCD,113CCIL28C,1,0.01,113CCIL28C
BSE,bse_cm,12CCIL30D,940415,D,CCIL-12%-19-6-30-NCD,12CCIL30D,1,0.01,12CCIL30D
BSE,bse_cm,CCIL20625F,940419,D,CCIL-19-6-27-NCD,CCIL20625F,1,0.01,CCIL20625F
BSE,bse_cm,CCIL20625G,940421,D,CCIL-19-4-31-NCD,CCIL20625G,1,0.01,CCIL20625G
BSE,bse_cm,925NHFL27,940423,D,NHFL-9.25%-02-07-27-NCD,925NHFL27,1,0.01,925NHFL27
BSE,bse_cm,NHFL2725,940425,D,NHFL-02-07-27-NCD,NHFL2725,1,0.01,NHFL2725
BSE,bse_cm,957NHFL28,940427,D,NHFL-9.57%-02-07-28-NCD,957NHFL28,1,0.01,957NHFL28
BSE,bse_cm,10NHFL28B,940429,D,NHFL-10%-02-07-28-NCD,10NHFL28B,1,0.01,10NHFL28B
BSE,bse_cm,NHFL02725,940431,D,NHFL-02-07-28-NCD,NHFL02725,1,0.01,NHFL02725
BSE,bse_cm,985NHFL30,940433,D,NHFL-9.85%-02-07-30-NCD,985NHFL30,1,0.01,985NHFL30
BSE,bse_cm,1030NHFL30,940435,D,NHFL-10.30%-02-07-30-NCD,1030NHFL30,1,0.01,1030NHFL30
BSE,bse_cm,NHFL20725,940437,D,NHFL-02-07-30-NCD,NHFL20725,1,0.01,NHFL20725
BSE,bse_cm,1025NHFL35,940439,D,NHFL-10.25%-02-07-35-NCD,1025NHFL35,1,0.01,1025NHFL35
BSE,bse_cm,1075MHFL35,940441,D,NHFL-10.75%-02-07-35-NCD,1075MHFL35,1,0.01,1075MHFL35
BSE,bse_cm,885MFCL27,940443,D,MFCL-8.85%-16-7-27-NCD,885MFCL27,1,0.01,885MFCL27
BSE,bse_cm,905MFCL28,940445,D,MFCL-9.05%-16-7-28-NCD,905MFCL28,1,0.01,905MFCL28
BSE,bse_cm,930MFCL30,940447,D,MFCL-9.30%-16-7-30-NCD,930MFCL30,1,0.01,930MFCL30
BSE,bse_cm,940MFCL31,940449,D,MFCL-9.40%-16-7-31-NCD,940MFCL31,1,0.01,940MFCL31
BSE,bse_cm,920MFCL27,940451,D,MFCL-9.20%-16-7-27-NCD,920MFCL27,1,0.01,920MFCL27
BSE,bse_cm,945MFCL28,940453,D,MFCL-9.45%-16-7-28-NCD,945MFCL28,1,0.01,945MFCL28
BSE,bse_cm,970MFCL30,940455,D,MFCL-9.70%-16-7-30-NCD,970MFCL30,1,0.01,970MFCL30
BSE,bse_cm,980MFCL31,940457,D,MFCL-9.80%-16-7-31-NCD,980MFCL31,1,0.01,980MFCL31
BSE,bse_cm,MFCL16725,940459,D,MFCL-16-7-27-NCD,MFCL16725,1,0.01,MFCL16725
BSE,bse_cm,MFCL16725A,940461,D,MFCL-16-7-28-NCD,MFCL16725A,1,0.01,MFCL16725A
BSE,bse_cm,MFCL16725B,940463,D,MFCL-16-7-30-NCD,MFCL16725B,1,0.01,MFCL16725B
BSE,bse_cm,MFCL16725C,940465,D,MFCL-16-7-31-NCD,MFCL16725C,1,0.01,MFCL16725C
BSE,bse_cm,895AEL27,940467,D,AEL-8.95%-17-07-27-NCD,895AEL27,1,0.01,895AEL27
BSE,bse_cm,AEL17725,940469,D,AEL-17-07-27-NCD,AEL17725,1,0.01,AEL17725
BSE,bse_cm,885AEL28,940471,D,AEL-8.85%-17-07-28-NCD,885AEL28,1,0.01,885AEL28
BSE,bse_cm,915AEL28,940473,D,AEL-9.15%-17-07-28-NCD,915AEL28,1,0.01,915AEL28
BSE,bse_cm,AEL170725,940475,D,AEL-17-07-28-NCD,AEL170725,1,0.01,AEL170725
BSE,bse_cm,9AEL30,940477,D,AEL-9%-17-07-30-NCD,9AEL30,1,0.01,9AEL30
BSE,bse_cm,930AEL30,940479,D,AEL-9.30%-17-07-30-NCD,930AEL30,1,0.01,930AEL30
BSE,bse_cm,AEL170725A,940481,D,AEL-17-07-30-NCD,AEL170725A,1,0.01,AEL170725A
BSE,bse_cm,KFL240725,940483,D,KFL-23-1-27-NCD,KFL240725,1,0.01,KFL240725
BSE,bse_cm,10KFL28C,940485,D,KFL-10%-23-7-28-NCD,10KFL28C,1,0.01,10KFL28C
BSE,bse_cm,KFL240725A,940487,D,KFL-23-7-28-NCD,KFL240725A,1,0.01,KFL240725A
BSE,bse_cm,9EFSL27,940489,D,EFSL-9%-24-7-27-NCD,9EFSL27,1,0.01,9EFSL27
BSE,bse_cm,EFSL240725,940491,D,EFSL-24-7-27-NCD,EFSL240725,1,0.01,EFSL240725
BSE,bse_cm,10KFL29,940493,D,KFL-10%-23-1-29-NCD,10KFL29,1,0.01,10KFL29
BSE,bse_cm,KFL240725C,940495,D,KFL-23-1-29-NCD,KFL240725C,1,0.01,KFL240725C
BSE,bse_cm,10KFL30,940497,D,KFL-10%-23-7-30-NCD,10KFL30,1,0.01,10KFL30
BSE,bse_cm,KFL240725D,940499,D,KFL-23-9-29-NCD,KFL240725D,1,0.01,KFL240725D
BSE,bse_cm,935EFSL28,940501,D,EFSL-9.35%-24-7-28-NCD,935EFSL28,1,0.01,935EFSL28
BSE,bse_cm,KFL240725E,940503,D,KFL-23-7-32-NCD,KFL240725E,1,0.01,KFL240725E
BSE,bse_cm,975EFSL28,940505,D,EFSL-9.75%-24-7-28-NCD,975EFSL28,1,0.01,975EFSL28
BSE,bse_cm,EFSL24725,940507,D,EFSL-24-7-28-NCD,EFSL24725,1,0.01,EFSL24725
BSE,bse_cm,980EFSL30,940509,D,EFSL-9.80%-24-7-30-NCD,980EFSL30,1,0.01,980EFSL30
BSE,bse_cm,1025EFSL30,940511,D,EFSL-10.25%-24-7-30-NCD,1025EFSL30,1,0.01,1025EFSL30
BSE,bse_cm,EFSL24725A,940513,D,EFSL-24-7-30-NCD,EFSL24725A,1,0.01,EFSL24725A
BSE,bse_cm,1025EFS30A,940515,D,EFSLD-10.25%-24-7-30-NCD,1025EFS30A,1,0.01,1025EFS30A
BSE,bse_cm,1003EFSL35,940517,D,EFSL-10.03%-24-7-35-NCD,1003EFSL35,1,0.01,1003EFSL35
BSE,bse_cm,1050EFSL35,940519,D,EFSL-10.50%-24-7-35-NCD,1050EFSL35,1,0.01,1050EFSL35
BSE,bse_cm,105EFSL35,940521,D,EFSL-10.5%-24-7-35-NCD,105EFSL35,1,0.01,105EFSL35
BSE,bse_cm,95KAFL26,940523,D,KAFL-9.5%-1-9-26-NCD,95KAFL26,1,0.01,95KAFL26
BSE,bse_cm,KAFL280725,940525,D,KAFL-27-11-26-NCD,KAFL280725,1,0.01,KAFL280725
BSE,bse_cm,985KAFL27,940527,D,KAFL-9.85%-27-1-27-NCD,985KAFL27,1,0.01,985KAFL27
BSE,bse_cm,10KAFL27,940529,D,KAFL-10%-27-7-27-NCD,10KAFL27,1,0.01,10KAFL27
BSE,bse_cm,1025KAF27A,940531,D,KAFL-10.25%-27-7-27-NCD,1025KAF27A,1,0.01,1025KAF27A
BSE,bse_cm,1025KAFL28,940533,D,KAFL-10.25%-27-7-28-NCD,1025KAFL28,1,0.01,1025KAFL28
BSE,bse_cm,1050KAF28B,940535,D,KAFL-10.50%-27-7-28-NCD,1050KAF28B,1,0.01,1050KAF28B
BSE,bse_cm,1075KAFL30,940537,D,KAFL-10.75%-27-7-30-NCD,1075KAFL30,1,0.01,1075KAFL30
BSE,bse_cm,11KAFL30,940539,D,KAFL-11%-27-7-30-NCD,11KAFL30,1,0.01,11KAFL30
BSE,bse_cm,KAFL28725,940541,D,KAFL-27-2-32-NCD,KAFL28725,1,0.01,KAFL28725
BSE,bse_cm,950MML26,940543,D,MML-9.50%-4-9-26-NCD,950MML26,1,0.01,950MML26
BSE,bse_cm,MML310725,940545,D,MML-4-9-26-NCD,MML310725,1,0.01,MML310725
BSE,bse_cm,1025MML28,940547,D,MML-10.25%-30-7-28-NCD,1025MML28,1,0.01,1025MML28
BSE,bse_cm,MML31725A,940549,D,MML-30-7-28-NCD,MML31725A,1,0.01,MML31725A
BSE,bse_cm,MML31725B,940551,D,MML-29-10-31-NCD,MML31725B,1,0.01,MML31725B
BSE,bse_cm,875SCL27A,940553,D,SCL-8.75%-01-08-27-NCD,875SCL27A,1,0.01,875SCL27A
BSE,bse_cm,9SCL27,940555,D,SCL-9.0%-01-08-27-NCD,9SCL27,1,0.01,9SCL27
BSE,bse_cm,842SCL27,940557,D,SCL-8.42%-01-08-27-NCD,842SCL27,1,0.01,842SCL27
BSE,bse_cm,865SCL27,940559,D,SCL-8.65%-01-08-27-NCD,865SCL27,1,0.01,865SCL27
BSE,bse_cm,SCL1825,940561,D,SCL-01-08-27-NCD,SCL1825,1,0.01,SCL1825
BSE,bse_cm,SCL01825,940563,D,SCL-01-08-27-NCD,SCL01825,1,0.01,SCL01825
BSE,bse_cm,9SCL28,940565,D,SCL-09%-01-08-28-NCD,9SCL28,1,0.01,9SCL28
BSE,bse_cm,925SCL2028,940567,D,SCL-9.25%-01-08-28-NCD,925SCL2028,1,0.01,925SCL2028
BSE,bse_cm,865SCL28,940569,D,SCL-8.65%-01-08-28-NCD,865SCL28,1,0.01,865SCL28
BSE,bse_cm,888SCL28,940571,D,SCL-8.88%-01-08-28-NCD,888SCL28,1,0.01,888SCL28
BSE,bse_cm,SCL010825,940573,D,SCL-01-08-28-NCD,SCL010825,1,0.01,SCL010825
BSE,bse_cm,SCL0182025,940575,D,SCL-01-08-28-NCD,SCL0182025,1,0.01,SCL0182025
BSE,bse_cm,965SCL30,940577,D,SCL-9.65%-01-08-30-NCD,965SCL30,1,0.01,965SCL30
BSE,bse_cm,902SCL30,940579,D,SCL-9.02%-01-08-30-NCD,902SCL30,1,0.01,902SCL30
BSE,bse_cm,925SCL30,940581,D,SCL-9.25%-01-08-30-NCD,925SCL30,1,0.01,925SCL30
BSE,bse_cm,902SCL2030,940583,D,SCL-9.02%-01-08-30-NCD,902SCL2030,1,0.01,902SCL2030
BSE,bse_cm,925SCL30A,940585,D,SCL-9.25%-01-08-30-NCD,925SCL30A,1,0.01,925SCL30A
BSE,bse_cm,960SCL32,940587,D,SCL-9.60%-01-08-32-NCD,960SCL32,1,0.01,960SCL32
BSE,bse_cm,985SCL32,940589,D,SCL-9.85%-01-08-32-NCD,985SCL32,1,0.01,985SCL32
BSE,bse_cm,920SCL32,940591,D,SCL-9.20%-01-08-32-NCD,920SCL32,1,0.01,920SCL32
BSE,bse_cm,945SCL32,940593,D,SCL-9.45%-01-08-32-NCD,945SCL32,1,0.01,945SCL32
BSE,bse_cm,995SCL2035,940595,D,SCL-9.95%-01-08-35-NCD,995SCL2035,1,0.01,995SCL2035
BSE,bse_cm,930SCL35,940597,D,SCL-9.30%-01-08-35-NCD,930SCL35,1,0.01,930SCL35
BSE,bse_cm,955SCL35,940599,D,SCL-9.55%-01-08-35-NCD,955SCL35,1,0.01,955SCL35
BSE,bse_cm,1102IFL26,940601,D,IFL-11.02%-20-9-26-NCD,1102IFL26,1,0.01,1102IFL26
BSE,bse_cm,11IFL27,940603,D,IFL-11%-20-8-27-NCD,11IFL27,1,0.01,11IFL27
BSE,bse_cm,1150IFL28,940605,D,ICLFL-11.50%-20-8-28-NCD,1150IFL28,1,0.01,1150IFL28
BSE,bse_cm,12IFL30,940607,D,IFL-12%-20-8-30-NCD,12IFL30,1,0.01,12IFL30
BSE,bse_cm,IFL200825,940609,D,IFL-20-9-26-NCD,IFL200825,1,0.01,IFL200825
BSE,bse_cm,IFL200825A,940611,D,IFL-20-8-27-NCD,IFL200825A,1,0.01,IFL200825A
BSE,bse_cm,IFL200825B,940613,D,IFL-20-8-28-NCD,IFL200825B,1,0.01,IFL200825B
BSE,bse_cm,1125IFL27,940615,D,IFL-11.25%-20-8-27-NCD,1125IFL27,1,0.01,1125IFL27
BSE,bse_cm,1175IFL28,940617,D,IFL-11.75%-20-8-28-NCD,1175IFL28,1,0.01,1175IFL28
BSE,bse_cm,IFL200828C,940619,D,IFL-20-6-31-NCD,IFL200828C,1,0.01,IFL200828C
BSE,bse_cm,9SFL027A,940621,D,SFL-9%-29-8-27-NCD,9SFL027A,1,0.01,9SFL027A
BSE,bse_cm,SFL290825B,940623,D,SFL-29-8-27-NCD,SFL290825B,1,0.01,SFL290825B
BSE,bse_cm,9SFL028C,940625,D,SFL-9%-29-8-28-NCD,9SFL028C,1,0.01,9SFL028C
BSE,bse_cm,SFL290825D,940627,D,SFL-29-8-28-NCD,SFL290825D,1,0.01,SFL290825D
BSE,bse_cm,1025SFL30,940629,D,SFL-10.25%-29-8-30-NCD,1025SFL30,1,0.01,1025SFL30
BSE,bse_cm,SFL290825E,940631,D,SFL-29-8-30-NCD,SFL290825E,1,0.01,SFL290825E
BSE,bse_cm,SFL290825F,940633,D,SFL-29-9-32-NCD,SFL290825F,1,0.01,SFL290825F
BSE,bse_cm,9MML27A,940635,D,MML-9%-28-2-27-NCD,9MML27A,1,0.01,9MML27A
BSE,bse_cm,925MML27,940637,D,MML-9.25%-29-8-27-NCD,925MML27,1,0.01,925MML27
BSE,bse_cm,975MML28,940639,D,MML-9.75%-29-8-28-NCD,975MML28,1,0.01,975MML28
BSE,bse_cm,1025MML30,940641,D,MML-10.25%-29-8-30-NCD,1025MML30,1,0.01,1025MML30
BSE,bse_cm,105MML30,940643,D,MML-10.5%-29-8-30-NCD,105MML30,1,0.01,105MML30
BSE,bse_cm,9NHFL27,940645,D,NHFL-9%-10-09-27-NCD,9NHFL27,1,0.01,9NHFL27
BSE,bse_cm,NHFL10925,940647,D,NHFL-10-09-27-NCD,NHFL10925,1,0.01,NHFL10925
BSE,bse_cm,935NHFL28,940649,D,NHFL-9.35%-10-09-28-NCD,935NHFL28,1,0.01,935NHFL28
BSE,bse_cm,975NHFL28,940651,D,NHFL-9.75%-10-09-28-NCD,975NHFL28,1,0.01,975NHFL28
BSE,bse_cm,NHFL100925,940653,D,NHFL-10-09-28-NCD,NHFL100925,1,0.01,NHFL100925
BSE,bse_cm,980NHFL30,940655,D,NHFL-9.80%-10-09-30-NCD,980NHFL30,1,0.01,980NHFL30
BSE,bse_cm,1025NHFL30,940657,D,NHFL-10.25%-10-09-30-NCD,1025NHFL30,1,0.01,1025NHFL30
BSE,bse_cm,NHFL10925A,940659,D,NHFL-10-09-30-NCD,NHFL10925A,1,0.01,NHFL10925A
BSE,bse_cm,1003NHFL35,940661,D,NHFL-10.03%-10-09-35-NCD,1003NHFL35,1,0.01,1003NHFL35
BSE,bse_cm,1050NHFL35,940663,D,NHFL-10.50%-10-09-35-NCD,1050NHFL35,1,0.01,1050NHFL35
BSE,bse_cm,9EFSL27A,940665,D,EFSL-9%-7-10-27-NCD,9EFSL27A,1,0.01,9EFSL27A
BSE,bse_cm,EFSL71025,940667,D,EFSL-7-10-27-NCD,EFSL71025,1,0.01,EFSL71025
BSE,bse_cm,912EFSL28,940669,D,EFSL-9.12%-7-10-28-NCD,912EFSL28,1,0.01,912EFSL28
BSE,bse_cm,950EFSL28,940671,D,EFSL-9.50%-7-10-28-NCD,950EFSL28,1,0.01,950EFSL28
BSE,bse_cm,EFSL071025,940673,D,EFSL-7-10-28-NCD,EFSL071025,1,0.01,EFSL071025
BSE,bse_cm,958EFSL30,940675,D,EFSL-9.58%-7-10-30-NCD,958EFSL30,1,0.01,958EFSL30
BSE,bse_cm,10EFSL30,940677,D,EFSL-10%-7-10-30-NCD,10EFSL30,1,0.01,10EFSL30
BSE,bse_cm,EFSL71025A,940679,D,EFSL-7-10-30-NCD,EFSL71025A,1,0.01,EFSL71025A
BSE,bse_cm,980EFSL35,940681,D,EFSL-9.80%-7-10-35-NCD,980EFSL35,1,0.01,980EFSL35
BSE,bse_cm,1025EFSL35,940683,D,EFSL-10.25%-7-10-35-NCD,1025EFSL35,1,0.01,1025EFSL35
BSE,bse_cm,8SMC29,940685,D,SMC-8%-13-10-29-MB,8SMC29,1,0.01,8SMC29
BSE,bse_cm,8SMC30,940687,D,SMC-8%-13-10-30-MB,8SMC30,1,0.01,8SMC30
BSE,bse_cm,855CGCL27,940689,D,CGCL-8.55%-13-4-27-NCD,855CGCL27,1,0.01,855CGCL27
BSE,bse_cm,89CGCL27,940691,D,CGCL-8.9%-13-4-27-NCD,89CGCL27,1,0.01,89CGCL27
BSE,bse_cm,89CGCL28,940693,D,CGCL-8.9%-13-10-28-NCD,89CGCL28,1,0.01,89CGCL28
BSE,bse_cm,925CGCL28A,940695,D,CGCL-9.25%-13-10-28-NCD,925CGCL28A,1,0.01,925CGCL28A
BSE,bse_cm,945CGCL30,940697,D,CGCL-9.45%-13-10-30-NCD,945CGCL30,1,0.01,945CGCL30
BSE,bse_cm,97CGCL35,940699,D,CGCL-9.7%-13-10-35-NCD,97CGCL35,1,0.01,97CGCL35
BSE,bse_cm,9IML26A,940701,D,IML-9%-31-10-26-NCD,9IML26A,1,0.01,9IML26A
BSE,bse_cm,IML301025,940703,D,IML-31-10-26-NCD,IML301025,1,0.01,IML301025
BSE,bse_cm,975IML27,940705,D,IML-9.75%-30-10-27-NCD,975IML27,1,0.01,975IML27
BSE,bse_cm,IML301025B,940707,D,IML-30-10-27-NCD,IML301025B,1,0.01,IML301025B
BSE,bse_cm,1025IML28,940709,D,IML-10.25%-30-10-28-NCD,1025IML28,1,0.01,1025IML28
BSE,bse_cm,IML301025C,940711,D,IML-30-10-28-NCD,IML301025C,1,0.01,IML301025C
BSE,bse_cm,1125IML30,940713,D,IML-11.25%-30-10-30-NCD,1125IML30,1,0.01,1125IML30
BSE,bse_cm,IML301025D,940715,D,IML-30-10-31-NCD,IML301025D,1,0.01,IML301025D
BSE,bse_cm,975SGSL27,940717,D,SGSL-9.75%-30-10-27-NCD,975SGSL27,1,0.01,975SGSL27
BSE,bse_cm,SGSL301025,940719,D,SGSL-30-10-27-NCD,SGSL301025,1,0.01,SGSL301025
BSE,bse_cm,10SGSL28,940721,D,SGSL-10%-30-10-28-NCD,10SGSL28,1,0.01,10SGSL28
BSE,bse_cm,SGS301025,940723,D,SGSL-30-10-28-NCD,SGS301025,1,0.01,SGS301025
BSE,bse_cm,98SGSL30,940725,D,SGSL-9.8%-30-10-30-NCD,98SGSL30,1,0.01,98SGSL30
BSE,bse_cm,1025SGSL30,940727,D,SGSL-10.25%-30-10-30-NCD,1025SGSL30,1,0.01,1025SGSL30
BSE,bse_cm,KFL101125,940729,D,KFL-09-05-27-NCD,KFL101125,1,0.01,KFL101125
BSE,bse_cm,950KFL28,940731,D,KFL-9.50%-09-11-08-NCD,950KFL28,1,0.01,950KFL28
BSE,bse_cm,KFL101125A,940733,D,KFL-09-11-28-NCD,KFL101125A,1,0.01,KFL101125A
BSE,bse_cm,975KFL29,940735,D,KFL-9.75%-09-05-29-NCD,975KFL29,1,0.01,975KFL29
BSE,bse_cm,KFL101125B,940737,D,KFL-09-05-29-NCD,KFL101125B,1,0.01,KFL101125B
BSE,bse_cm,KFL101125C,940739,D,KFL-09-01-30-NCD,KFL101125C,1,0.01,KFL101125C
BSE,bse_cm,10KFL2030,940741,D,KFL-10%-09-11-30-NCD,10KFL2030,1,0.01,10KFL2030
BSE,bse_cm,KFL101125D,940743,D,KFL-09-11-32-NCD,KFL101125D,1,0.01,KFL101125D
BSE,bse_cm,1050CCIL27,940745,D,CCIL-10.50%-11-5-27-NCD,1050CCIL27,1,0.01,1050CCIL27
BSE,bse_cm,1090CCIL27,940747,D,CCIL-10.90%-10-11-27-NCD,1090CCIL27,1,0.01,1090CCIL27
BSE,bse_cm,1130CCIL28,940749,D,CCIL-11.30%-10-11-28-NCD,1130CCIL28,1,0.01,1130CCIL28
BSE,bse_cm,12CCIL30,940751,D,CCIL-12%-9-11-30-NCD,12CCIL30,1,0.01,12CCIL30
BSE,bse_cm,CCIL101125,940753,D,CCIL-11-11-26-NCD,CCIL101125,1,0.01,CCIL101125
BSE,bse_cm,CCL101125A,940755,D,CCIL-10-11-27-NCD,CCL101125A,1,0.01,CCL101125A
BSE,bse_cm,CCL101125B,940757,D,CCIL-10-9-31-NCD,CCL101125B,1,0.01,CCL101125B
BSE,bse_cm,1050ICLF27,940759,D,ICLFL-10.50%-02-01-27-NCD,1050ICLF27,1,0.01,1050ICLF27
BSE,bse_cm,11ICLFL27,940761,D,ICLFL-11%-02-12-27-NCD,11ICLFL27,1,0.01,11ICLFL27
BSE,bse_cm,1150ICLF28,940763,D,ICLFL-11.50%-02-12-28-NCD,1150ICLF28,1,0.01,1150ICLF28
BSE,bse_cm,12ICLFL30,940765,D,ICLFL-12%-02-12-30-NCD,12ICLFL30,1,0.01,12ICLFL30
BSE,bse_cm,ICLF021225,940767,D,ICLFL-02-01-27-NCD,ICLF021225,1,0.01,ICLF021225
BSE,bse_cm,ICLFL21225,940769,D,ICLFL-02-12-27-NCD,ICLFL21225,1,0.01,ICLFL21225
BSE,bse_cm,ICLF21225,940771,D,ICLFL-02-12-28-NCD,ICLF21225,1,0.01,ICLF21225
BSE,bse_cm,1125ICLF27,940773,D,ICLFL-11.25%-02-12-27-NCD,1125ICLF27,1,0.01,1125ICLF27
BSE,bse_cm,1175ICLF28,940775,D,ICLFL-11.75%-02-12-28-NCD,1175ICLF28,1,0.01,1175ICLF28
BSE,bse_cm,ICL021225,940777,D,ICLFL-02-10-31-NCD,ICL021225,1,0.01,ICL021225
BSE,bse_cm,885EFSL27,940779,D,EFSL-8.85%-12-12-27-NCD,885EFSL27,1,0.01,885EFSL27
BSE,bse_cm,EFSL121225,940781,D,EFSL-12-12-27-NCD,EFSL121225,1,0.01,EFSL121225
BSE,bse_cm,903EFSL28,940783,D,EFSL-9.03%-12-12-28-NCD,903EFSL28,1,0.01,903EFSL28
BSE,bse_cm,940EFSL28,940785,D,EFSL-9.40%-12-12-28-NCD,940EFSL28,1,0.01,940EFSL28
BSE,bse_cm,EFS121225,940787,D,EFSL-12-12-28-NCD,EFS121225,1,0.01,EFS121225
BSE,bse_cm,944EFSL30,940789,D,EFSL-9.44%-12-12-30-NCD,944EFSL30,1,0.01,944EFSL30
BSE,bse_cm,985EFSL30,940791,D,EFSL-9.85%-12-12-30-NCD,985EFSL30,1,0.01,985EFSL30
BSE,bse_cm,EFS121225A,940793,D,EFSL-12-12-30-NCD,EFS121225A,1,0.01,EFS121225A
BSE,bse_cm,967EFSL35,940795,D,EFSL-9.67-12-12-35-NCD,967EFSL35,1,0.01,967EFSL35
BSE,bse_cm,1010EFSL35,940797,D,EFSL-10.10%-12-12-35-NCD,1010EFSL35,1,0.01,1010EFSL35
BSE,bse_cm,950KAFL27,940799,D,KAFL-9.50%-19-1-27-NCD,950KAFL27,1,0.01,950KAFL27
BSE,bse_cm,KAFL161225,940801,D,KAFL-16-4-27-NCD,KAFL161225,1,0.01,KAFL161225
BSE,bse_cm,985KAFL27A,940803,D,KAFL-9.85%-16-6-27-NCD,985KAFL27A,1,0.01,985KAFL27A
BSE,bse_cm,10KAFL27A,940805,D,KAFL-10%-16-12-27-NCD,10KAFL27A,1,0.01,10KAFL27A
BSE,bse_cm,1025KAF027,940807,D,KAFL-10.25%-16-12-27-NCD,1025KAF027,1,0.01,1025KAF027
BSE,bse_cm,1025KAF028,940809,D,KAFL-10.25%-16-12-28-NCD,1025KAF028,1,0.01,1025KAF028
BSE,bse_cm,105KAFL28,940811,D,KAFL-10.50%-16-12-28-NCD,105KAFL28,1,0.01,105KAFL28
BSE,bse_cm,1075KAF30A,940813,D,KAFL-10.75%-16-12-30-NCD,1075KAF30A,1,0.01,1075KAF30A
BSE,bse_cm,11KAFL2030,940815,D,KAFL-11%-16-12-30-NCD,11KAFL2030,1,0.01,11KAFL2030
BSE,bse_cm,KAF161225A,940817,D,KAFL-16-7-32-NCD,KAF161225A,1,0.01,KAF161225A
BSE,bse_cm,MML191225,940819,D,MML-23-1-27-NCD,MML191225,1,0.01,MML191225
BSE,bse_cm,95MML27,940821,D,MML-9.5%-23-01-27-NCD,95MML27,1,0.01,95MML27
BSE,bse_cm,MML191225A,940823,D,MML-19-12-27-NCD,MML191225A,1,0.01,MML191225A
BSE,bse_cm,10MML27,940825,D,MML-10%-19-12-27-NCD,10MML27,1,0.01,10MML27
BSE,bse_cm,MML191225B,940827,D,MML-19-12-28-NCD,MML191225B,1,0.01,MML191225B
BSE,bse_cm,1025MML28A,940829,D,MML-10.25%-18-12-28-NCD,1025MML28A,1,0.01,1025MML28A
BSE,bse_cm,MML191225C,940831,D,MML-19-12-30-NCD,MML191225C,1,0.01,MML191225C
BSE,bse_cm,1075MML30,940833,D,MML-10.75%-19-12-30-NCD,1075MML30,1,0.01,1075MML30
BSE,bse_cm,MML191225D,940835,D,MML-19-3-32-NCD,MML191225D,1,0.01,MML191225D
BSE,bse_cm,125PCL28,940837,D,PCL-12.5%-29-12-28-NCD,125PCL28,1,0.01,125PCL28
BSE,bse_cm,1275PCL29,940839,D,PCL-12.75%-29-12-29-NCD,1275PCL29,1,0.01,1275PCL29
BSE,bse_cm,13PCL30A,940841,D,PCL-13%-29-12-30-NCD,13PCL30A,1,0.01,13PCL30A
BSE,bse_cm,860AEL28,940843,D,AEL-8.60%-12-1-28-NCD,860AEL28,1,0.01,860AEL28
BSE,bse_cm,AEL12126,940845,D,AEL-12-1-28-NCD,AEL12126,1,0.01,AEL12126
BSE,bse_cm,848AEL29,940847,D,AEL-8.48%-12-1-29-NCD,848AEL29,1,0.01,848AEL29
BSE,bse_cm,875AEL29,940849,D,AEL-8.75%-12-1-29-NCD,875AEL29,1,0.01,875AEL29
BSE,bse_cm,AEL120126,940851,D,AEL-12-1-29-NCD,AEL120126,1,0.01,AEL120126
BSE,bse_cm,862AEL31,940853,D,AEL-8.62%-12-1-31-NCD,862AEL31,1,0.01,862AEL31
BSE,bse_cm,890AEL31,940855,D,AEL-8.90%-12-1-31-NCD,890AEL31,1,0.01,890AEL31
BSE,bse_cm,AEL1212026,940857,D,AEL-12-1-31-NCD,AEL1212026,1,0.01,AEL1212026
BSE,bse_cm,837MFL28,940859,D,MFL-8.37%-12-2-28-NCD,837MFL28,1,0.01,837MFL28
BSE,bse_cm,852MFL29,940861,D,MFL-8.52%-12-2-29-NCD,852MFL29,1,0.01,852MFL29
BSE,bse_cm,865MFL31,940862,D,MFL-8.65%-12-2-31-NCD,865MFL31,1,0.01,865MFL31
BSE,bse_cm,875MFL32,940864,D,MFL-8.75%-12-2-32-NCD,875MFL32,1,0.01,875MFL32
BSE,bse_cm,87MFL28,940866,D,MFL-8.7%-12-2-28-NCD,87MFL28,1,0.01,87MFL28
BSE,bse_cm,885MFL29,940868,D,MFL-8.85%-12-2-29-NCD,885MFL29,1,0.01,885MFL29
BSE,bse_cm,9MFL31,940870,D,MFL-9%-12-2-31-NCD,9MFL31,1,0.01,9MFL31
BSE,bse_cm,91MFL32,940872,D,MFL-9.1%-12-2-32-NCD,91MFL32,1,0.01,91MFL32
BSE,bse_cm,MFL120226,940874,D,MFL-12-2-28-NCD,MFL120226,1,0.01,MFL120226
BSE,bse_cm,MFL120226A,940876,D,MFL-12-2-29-NCD,MFL120226A,1,0.01,MFL120226A
BSE,bse_cm,MFL120226B,940878,D,MFL-12-2-31-NCD,MFL120226B,1,0.01,MFL120226B
BSE,bse_cm,MFL120226C,940880,D,MFL-12-2-32-NCD,MFL120226C,1,0.01,MFL120226C
BSE,bse_cm,KFL20226,940882,D,KFL-19-5-27-NCD,KFL20226,1,0.01,KFL20226
BSE,bse_cm,850KFL28,940884,D,KFL-8.50%-19-2-28-NCD,850KFL28,1,0.01,850KFL28
BSE,bse_cm,9KFL2029,940886,D,KFL-9%-19-2-29-NCD,9KFL2029,1,0.01,9KFL2029
BSE,bse_cm,KFL20226A,940888,D,KFL-19-2-29-NCD,KFL20226A,1,0.01,KFL20226A
BSE,bse_cm,975KFL2029,940890,D,KFL-9.75%-19-8-29-NCD,975KFL2029,1,0.01,975KFL2029
BSE,bse_cm,KFL20226B,940892,D,KFL-19-4-30-NCD,KFL20226B,1,0.01,KFL20226B
BSE,bse_cm,10KFL2031,940894,D,KFL-10%-19-2-31-NCD,10KFL2031,1,0.01,10KFL2031
BSE,bse_cm,KFL20226C,940896,D,Kosamattam Finance Limited,KFL20226C,1,0.01,KFL20226C
BSE,bse_cm,10ICLFL27,940898,D,ICLFL-10%-23-03-27-NCD,10ICLFL27,1,0.01,10ICLFL27
BSE,bse_cm,1050ICLF28,940900,D,ICLFL-10.50-23-02-28-NCD,1050ICLF28,1,0.01,1050ICLF28
BSE,bse_cm,11ICLFL29,940902,D,ICLFL-11%-23-02-29--NCD,11ICLFL29,1,0.01,11ICLFL29
BSE,bse_cm,1150ICLF31,940904,D,ICLFL-11.50%-23-02-31-NCD,1150ICLF31,1,0.01,1150ICLF31
BSE,bse_cm,ICLFL23226,940906,D,ICLFL-ZC-23-03-27-NCD,ICLFL23226,1,0.01,ICLFL23226
BSE,bse_cm,ICLF230226,940908,D,ICLFL-ZC-23-02-28-NCD,ICLF230226,1,0.01,ICLF230226
BSE,bse_cm,ICLF23226,940910,D,ICLFL-ZC-23-02-29-NCD,ICLF23226,1,0.01,ICLF23226
BSE,bse_cm,1075ICLF28,940911,D,ICLFL-10.75%-23-02-28-NCD,1075ICLF28,1,0.01,1075ICLF28
BSE,bse_cm,1125ICLF29,940913,D,ICLFL-11.25%-23-02-29-NCD,1125ICLF29,1,0.01,1125ICLF29
BSE,bse_cm,ICL230226,940915,D,ICLFL-23-02-32-NCD,ICL230226,1,0.01,ICL230226
BSE,bse_cm,805NMC29,940917,D,NMC-8.05%-05-03-29-MBGB,805NMC29,1,0.01,805NMC29
BSE,bse_cm,805NMC30,940919,D,NMC-8.05%-05-03-30-MBGB,805NMC30,1,0.01,805NMC30
BSE,bse_cm,805NMC31,940921,D,NMC-8.05%-05-03-31-MBGB,805NMC31,1,0.01,805NMC31
BSE,bse_cm,805NMC32,940923,D,NMC-8.05%-05-03-32-MBGB,805NMC32,1,0.01,805NMC32
BSE,bse_cm,805NMC33,940925,D,NMC-8.05%-05-03-33-MBGB,805NMC33,1,0.01,805NMC33
BSE,bse_cm,805NMC34,940927,D,NMCL-8.05%-05-03-34-MBGB,805NMC34,1,0.01,805NMC34
BSE,bse_cm,805NMC35,940929,D,NMC-8.05%-05-03-35-MBGB,805NMC35,1,0.01,805NMC35
BSE,bse_cm,805NMC36,940931,D,NMC-8.05%-05-03-36-MBGB,805NMC36,1,0.01,805NMC36
BSE,bse_cm,837IIFL28,940933,D,IIFL-8.37%-6-3-28-NCD,837IIFL28,1,0.01,837IIFL28
BSE,bse_cm,852IIFL29,940935,D,IIFL-8.52%-6-3-29-NCD,852IIFL29,1,0.01,852IIFL29
BSE,bse_cm,865IIFL31,940937,D,IIFL-8.65%-6-3-31-NCD,865IIFL31,1,0.01,865IIFL31
BSE,bse_cm,870IIFL28,940939,D,IIFL-8.70%-6-3-28-NCD,870IIFL28,1,0.01,870IIFL28
BSE,bse_cm,885IIFL29,940941,D,IIFL-8.85%-6-3-29-NCD,885IIFL29,1,0.01,885IIFL29
BSE,bse_cm,9IIFL31,940943,D,IIFL-9%-06-03-31-NCD,9IIFL31,1,0.01,9IIFL31
BSE,bse_cm,IIFL060326,940945,D,IIFL-06-03-28-NCD,IIFL060326,1,0.01,IIFL060326
BSE,bse_cm,IIFL60326,940947,D,IIFL-06-03-29-NCD,IIFL60326,1,0.01,IIFL60326
BSE,bse_cm,IIFL06326,940949,D,IIFL-6-3-31-NCD,IIFL06326,1,0.01,IIFL06326
BSE,bse_cm,125PCL29,940951,D,PCL-12.5%-16-3-29-NCD,125PCL29,1,0.01,125PCL29
BSE,bse_cm,1275PCL30,940953,D,PCL-12.75%-16-3-30-NCD,1275PCL30,1,0.01,1275PCL30
BSE,bse_cm,13PCL31,940955,D,PCL-13%-16-3-31-NCD,13PCL31,1,0.01,13PCL31
BSE,bse_cm,1025CCIL27,940957,D,CCIL-10.25%-18-09-27-NCD,1025CCIL27,1,0.01,1025CCIL27
BSE,bse_cm,1080CCIL28,940959,D,CCIL-10.80%-18-03-28-NCD,1080CCIL28,1,0.01,1080CCIL28
BSE,bse_cm,1125CCIL29,940961,D,CCIL-11.25%-17-03-29-NCD,1125CCIL29,1,0.01,1125CCIL29
BSE,bse_cm,12CCIL31,940963,D,CCIL-12%-18-04-31-NCD,12CCIL31,1,0.01,12CCIL31
BSE,bse_cm,CCIL18326,940965,D,CCIL-22-04-27-NCD,CCIL18326,1,0.01,CCIL18326
BSE,bse_cm,CCIL180326,940967,D,CCIL-18-03-28-NCD,CCIL180326,1,0.01,CCIL180326
BSE,bse_cm,CCIL18326A,940969,D,CCIL-18-03-32-NCD,CCIL18326A,1,0.01,CCIL18326A
BSE,bse_cm,865EFSL28,940971,D,EFSL-8.65%-18-3-28-NCD,865EFSL28,1,0.01,865EFSL28
BSE,bse_cm,EFSL180326,940973,D,EFSL-18-3-28-NCD,EFSL180326,1,0.01,EFSL180326
BSE,bse_cm,880EFSL29,940975,D,EFSL-8.80%-18-3-29-NCD,880EFSL29,1,0.01,880EFSL29
BSE,bse_cm,915EFSL29,940977,D,EFSL-9.15%-18-3-29-NCD,915EFSL29,1,0.01,915EFSL29
BSE,bse_cm,EFSL18326A,940979,D,EFSL-18-3-29-NCD,EFSL18326A,1,0.01,EFSL18326A
BSE,bse_cm,921EFSL31,940981,D,EFSL-18-3-31-NCD,921EFSL31,1,0.01,921EFSL31
BSE,bse_cm,960EFSL31,940983,D,EFSL-9.60%-18-3-31-NCD,960EFSL31,1,0.01,960EFSL31
BSE,bse_cm,EFSL180326B,940985,D,EFSL-18-3-31-NCD,EFSL180326B,1,0.01,EFSL180326B
BSE,bse_cm,958EFSL36,940987,D,EFSL-9.58%-18-3-36-NCD,958EFSL36,1,0.01,958EFSL36
BSE,bse_cm,10EFSL36,940989,D,EFSL-10%-18-3-36-NCD,10EFSL36,1,0.01,10EFSL36
BSE,bse_cm,837MFL28A,940991,D,MFL-8.37%-25-3-28-NCD,837MFL28A,1,0.01,837MFL28A
BSE,bse_cm,852MFL29A,940993,D,MFL-8.52%-25-3-29-NCD,852MFL29A,1,0.01,852MFL29A
BSE,bse_cm,865MFL31A,940995,D,MFL-8.65%-25-3-31-NCD,865MFL31A,1,0.01,865MFL31A
BSE,bse_cm,875MFL32A,940997,D,MFL-8.75%-25-3-32-NCD,875MFL32A,1,0.01,875MFL32A
BSE,bse_cm,87MFL28A,940999,D,MFL-8.7%-25-3-28-NCD,87MFL28A,1,0.01,87MFL28A
BSE,bse_cm,885MFL29A,941001,D,MFL-8.85%-25-3-29-NCD,885MFL29A,1,0.01,885MFL29A
BSE,bse_cm,9MFL31A,941003,D,MFL-9%-25-3-31-NCD,9MFL31A,1,0.01,9MFL31A
BSE,bse_cm,91MFL32A,941005,D,MFL-9.10%-25-3-32-NCD,91MFL32A,1,0.01,91MFL32A
BSE,bse_cm,MFL250326,941007,D,MFL-25-3-28-NCD,MFL250326,1,0.01,MFL250326
BSE,bse_cm,MFL250326A,941009,D,MFL-25-3-29-NCD,MFL250326A,1,0.01,MFL250326A
BSE,bse_cm,MFL250326B,941011,D,MFL-25-3-31-NCD,MFL250326B,1,0.01,MFL250326B
BSE,bse_cm,MFL250326C,941013,D,MFL-25-3-32-NCD,MFL250326C,1,0.01,MFL250326C
BSE,bse_cm,10ICLFL027,941015,D,ICLFL-10%-28-05-27-NCD,10ICLFL027,1,0.01,10ICLFL027
BSE,bse_cm,105ICLF28,941017,D,ICLFL-10.50%-28-04-28-NCD,105ICLF28,1,0.01,105ICLF28
BSE,bse_cm,11ICLF2029,941019,D,ICLFL-11%-28-04-29-NCD,11ICLF2029,1,0.01,11ICLF2029
BSE,bse_cm,115ICLFL31,941021,D,ICLFL-11.50%-28-04-31-NCD,115ICLFL31,1,0.01,115ICLFL31
BSE,bse_cm,ICLFL28426,941023,D,ICLFL-ZC-28-05-27-NCD,ICLFL28426,1,0.01,ICLFL28426
BSE,bse_cm,ICLF280426,941025,D,ICLFL-ZC-28-04-28-NCD,ICLF280426,1,0.01,ICLF280426
BSE,bse_cm,ICL280426,941027,D,ICLFL-ZC-28-04-29-NCD,ICL280426,1,0.01,ICL280426
BSE,bse_cm,1075ICL28,941029,D,ICLFL-10.75%-28-04-28-NCD,1075ICL28,1,0.01,1075ICL28
BSE,bse_cm,1125ICL29,941031,D,ICLFL-11.25%-28-04-29-NCD,1125ICL29,1,0.01,1125ICL29
BSE,bse_cm,ICLF28426,941033,D,ICLFL-ZC-28-04-32-NCD,ICLF28426,1,0.01,ICLF28426
BSE,bse_cm,9CGCL028,941035,D,CGCL-9%-30-4-28-NCD,9CGCL028,1,0.01,9CGCL028
BSE,bse_cm,880CGCL29,941037,D,CGCL-8.80%-30-4-29-NCD,880CGCL29,1,0.01,880CGCL29
BSE,bse_cm,915CGCL29,941039,D,CGCL-9.15%-30-4-29-NCD,915CGCL29,1,0.01,915CGCL29
BSE,bse_cm,893CGCL31,941041,D,CGCL-8.93%-30-4-31-NCD,893CGCL31,1,0.01,893CGCL31
BSE,bse_cm,930CGCL31,941043,D,CGCL-9.30%-30-4-31-NCD,930CGCL31,1,0.01,930CGCL31
BSE,bse_cm,950CGCL36,941045,D,CGCL-9.50%-30-4-36-NCD,950CGCL36,1,0.01,950CGCL36
BSE,bse_cm,851MFL28,941047,D,MFL-8.51%-12-5-28-NCD,851MFL28,1,0.01,851MFL28
BSE,bse_cm,865MFL29,941049,D,MFL-8.65%-12-5-29-NCD,865MFL29,1,0.01,865MFL29
BSE,bse_cm,879MFL31,941051,D,MFL-8.79%-12-5-31-NCD,879MFL31,1,0.01,879MFL31
BSE,bse_cm,888MFL32,941053,D,MFL-8.88%-12-5-32-NCD,888MFL32,1,0.01,888MFL32
BSE,bse_cm,885MFL28A,941055,D,MFL-8.85%-12-5-28-NCD,885MFL28A,1,0.01,885MFL28A
BSE,bse_cm,9MFL29,941057,D,MFL-9%-12-5-29-NCD,9MFL29,1,0.01,9MFL29
BSE,bse_cm,915MFL31,941059,D,MFL-9.15%-12-5-31-NCD,915MFL31,1,0.01,915MFL31
BSE,bse_cm,925MFL32,941061,D,MFL-9.25%-12-5-32-NCD,925MFL32,1,0.01,925MFL32
BSE,bse_cm,MFL120526,941063,D,MFL-12-5-28-NCD,MFL120526,1,0.01,MFL120526
BSE,bse_cm,MFL12526,941065,D,MFL-12-5-29-NCD,MFL12526,1,0.01,MFL12526
BSE,bse_cm,MFL12526A,941067,D,MFL-12-5-31-NCD,MFL12526A,1,0.01,MFL12526A
BSE,bse_cm,MFL12526B,941069,D,MFL-12-5-32-NCD,MFL12526B,1,0.01,MFL12526B
BSE,bse_cm,KFL27526,941071,D,KFL-27-05-28-NCD,KFL27526,1,0.01,KFL27526
BSE,bse_cm,850KFL2028,941073,D,KFL-8.50%-27-05-28-NCD,850KFL2028,1,0.01,850KFL2028
BSE,bse_cm,925KFL29,941075,D,KFL-9.25%-27-05-29-NCD,925KFL29,1,0.01,925KFL29
BSE,bse_cm,KFL270526,941077,D,KFL-27-05-29-NCD,KFL270526,1,0.01,KFL270526
BSE,bse_cm,10KFL2029,941079,D,KFL-10%-27-11-29-NCD,10KFL2029,1,0.01,10KFL2029
BSE,bse_cm,KFL27526A,941081,D,KFL-27-07-30-NCD,KFL27526A,1,0.01,KFL27526A
BSE,bse_cm,10KFL31,941083,D,KFL-10%-27-05-31-NCD,10KFL31,1,0.01,10KFL31
BSE,bse_cm,KFL27526B,941085,D,KFL-27-05-33-NCD,KFL27526B,1,0.01,KFL27526B
BSE,bse_cm,1050MML27,941087,D,MML-10.50%-17-7-27-NCD,1050MML27,1,0.01,1050MML27
BSE,bse_cm,MML120626,941089,D,MML-17-7-27-NCD,MML120626,1,0.01,MML120626
BSE,bse_cm,1075MM28,941091,D,MML-10.75%-12-6-28-NCD,1075MM28,1,0.01,1075MM28
BSE,bse_cm,MML120626A,941093,D,MML-12-6-28-NCD,MML120626A,1,0.01,MML120626A
BSE,bse_cm,11MML29,941095,D,MML-11%-12-6-29-NCD,11MML29,1,0.01,11MML29
BSE,bse_cm,MML120626B,941097,D,MML-12-6-29-NCD,MML120626B,1,0.01,MML120626B
BSE,bse_cm,MML120626C,941099,D,MML-12-7-32-NCD,MML120626C,1,0.01,MML120626C
BSE,bse_cm,865EFSL028,941101,D,EFSL-8.65%-16-6-28-NCD,865EFSL028,1,0.01,865EFSL028
BSE,bse_cm,EFSL160626,941103,D,EFSL-16-6-28-NCD,EFSL160626,1,0.01,EFSL160626
BSE,bse_cm,880EFSL029,941105,D,EFSL-8.80%-16-6-29-NCD,880EFSL029,1,0.01,880EFSL029
BSE,bse_cm,915EFSL029,941107,D,EFSL-9.15%-16-6-29-NCD,915EFSL029,1,0.01,915EFSL029
BSE,bse_cm,EFSL160626A,941109,D,EFSL-16-6-29-NCD,EFSL160626A,1,0.01,EFSL160626A
BSE,bse_cm,921EFSL031,941111,D,EFSL-9.21%-16-6-31-NCD,921EFSL031,1,0.01,921EFSL031
BSE,bse_cm,960EFSL031,941113,D,EFSL-9.60%-16-6-31-NCD,960EFSL031,1,0.01,960EFSL031
BSE,bse_cm,EFSL160626B,941115,D,EFSL-16-6-31-NCD,EFSL160626B,1,0.01,EFSL160626B
BSE,bse_cm,958EFSL036,941117,D,EFSL-9.58%-16-6-36-NCD,958EFSL036,1,0.01,958EFSL036
BSE,bse_cm,10EFSL036,941119,D,EFSL-10%-16-6-36-NCD,10EFSL036,1,0.01,10EFSL036
BSE,bse_cm,1225PCL29,941121,D,PCL-12.25%-22-6-29-NCD,1225PCL29,1,0.01,1225PCL29
BSE,bse_cm,1250PCL30,941123,D,PCL-12.50%-22-6-30-NCD,1250PCL30,1,0.01,1250PCL30
BSE,bse_cm,1275PCL31,941125,D,PCL-12.75%-22-6-31-NCD,1275PCL31,1,0.01,1275PCL31
BSE,bse_cm,851MFL2028,941127,D,MFL-8.51%-7-7-28-NCD,851MFL2028,1,0.01,851MFL2028
BSE,bse_cm,865MFL2029,941129,D,MFL-8.65%-7-7-29-NCD,865MFL2029,1,0.01,865MFL2029
BSE,bse_cm,879MFL2031,941131,D,MFL-8.79%-7-7-31-NCD,879MFL2031,1,0.01,879MFL2031
BSE,bse_cm,888MFL2032,941133,D,MFL-8.88%-7-7-32-NCD,888MFL2032,1,0.01,888MFL2032
BSE,bse_cm,885MFL2028,941135,D,MFL-8.85%-7-7-28-NCD,885MFL2028,1,0.01,885MFL2028
BSE,bse_cm,9MFL2029,941137,D,MFL-9%-7-7-29-NCD,9MFL2029,1,0.01,9MFL2029
BSE,bse_cm,915MFL2031,941139,D,MFL-9.15%-7-7-31-NCD,915MFL2031,1,0.01,915MFL2031
BSE,bse_cm,925MFL2032,941141,D,MFL-9.25%-7-7-32-NCD,925MFL2032,1,0.01,925MFL2032
BSE,bse_cm,MFL070726,941143,D,MFL-7-7-28-NCD,MFL070726,1,0.01,MFL070726
BSE,bse_cm,MFL70726,941145,D,MFL-7-7-29-NCD,MFL70726,1,0.01,MFL70726
BSE,bse_cm,MFL70726A,941147,D,MFL-7-7-31-NCD,MFL70726A,1,0.01,MFL70726A
BSE,bse_cm,MFL70726B,941149,D,MFL-7-7-32-NCD,MFL70726B,1,0.01,MFL70726B
BSE,bse_cm,935ILFS35,946831,D,IL&FS-9.35%-17-08-2035-PVT,935ILFS35,100,0.01,935ILFS35
BSE,bse_cm,1105SFL28,947001,D,SFL-K1-11.05%-15-10-28-PVT,1105SFL28,1,0.01,1105SFL28
BSE,bse_cm,875IFCI26,947841,D,IFCI-III-8.75%-12-12-26-D-PVT,875IFCI26,1,0.01,875IFCI26
BSE,bse_cm,1170SRSL24,948103,D,SHREERENUKA-11.70%-31-3-24-PVT,1170SRSL24,1,0.01,1170SRSL24
BSE,bse_cm,930ILFS38,948802,D,930ILFS2038,930ILFS38,100,0.01,930ILFS38
BSE,bse_cm,1130SRSL24,949156,D,SHREE-11.30%-31-3-24-PVT,1130SRSL24,1,0.01,1130SRSL24
BSE,bse_cm,10SFL28B,949250,D,SFL-10%-29-5-28-B-PVT,10SFL28B,1,0.01,10SFL28B
BSE,bse_cm,955MML2063,949342,D,955MML2063,955MML2063,1,0.01,955MML2063
BSE,bse_cm,205NLBD25,949395,D,NLBDPL-20.5%-26-07-2025-PVT,205NLBD25,1,0.01,205NLBD25
BSE,bse_cm,819IIFC33B,949439,D,819IIFCL33B,819IIFC33B,1,0.01,819IIFC33B
BSE,bse_cm,846IIFC28B,949450,D,846IIFCL28B,846IIFC28B,1,0.01,846IIFC28B
BSE,bse_cm,837IIFC33C,949451,D,837IIFCL33C,837IIFC33C,1,0.01,837IIFC33C
BSE,bse_cm,848IIFC28B,949470,D,848IIFCL28B,848IIFC28B,1,0.01,848IIFC28B
BSE,bse_cm,854REC2028,949563,D,854REC2028,854REC2028,1,0.01,854REC2028
BSE,bse_cm,872CSL2029,950062,D,COCHIN-8.72%-II-28-03-29-PVT,872CSL2029,1,0.01,872CSL2029
BSE,bse_cm,1063IOT28A,950199,E,IOT-10.63%-IV-20-10-28-PVT,1063IOT28A,10,0.01,1063IOT28A
BSE,bse_cm,1063IOT28B,950201,D,1063IOT28B,1063IOT28B,10,0.01,1063IOT28B
BSE,bse_cm,1063IOT28C,950203,D,1063IOT28C,1063IOT28C,10,0.01,1063IOT28C
BSE,bse_cm,1063IOT28D,950205,D,1063IOT28D,1063IOT28D,10,0.01,1063IOT28D
BSE,bse_cm,1063IOT28E,950207,E,1063IOT28E,1063IOT28E,10,0.01,1063IOT28E
BSE,bse_cm,1063IOT28F,950208,E,1063IOT28F,1063IOT28F,10,0.01,1063IOT28F
BSE,bse_cm,1008IOT27A,950213,D,1008IOT27A,1008IOT27A,10,0.01,1008IOT27A
BSE,bse_cm,1008IOT27B,950214,D,1008IOT27B,1008IOT27B,10,0.01,1008IOT27B
BSE,bse_cm,1008IOT27C,950215,D,1008IOT27C,1008IOT27C,10,0.01,1008IOT27C
BSE,bse_cm,1008IOT28A,950216,D,1008IOT28A,1008IOT28A,10,0.01,1008IOT28A
BSE,bse_cm,1008IOT28B,950217,D,1008IOT28B,1008IOT28B,10,0.01,1008IOT28B
BSE,bse_cm,1008IOT28C,950218,D,1008IOT28C,1008IOT28C,10,0.01,1008IOT28C
BSE,bse_cm,1008IOT28D,950219,D,1008IOT28D,1008IOT28D,10,0.01,1008IOT28D
BSE,bse_cm,1008IOT28E,950220,D,1008IOT28E,1008IOT28E,10,0.01,1008IOT28E
BSE,bse_cm,1008IOT28F,950221,D,1008IOT28F,1008IOT28F,10,0.01,1008IOT28F
BSE,bse_cm,945PFCL26,950467,D,945PFC26,945PFCL26,1,0.01,945PFCL26
BSE,bse_cm,900PFCL28,950468,D,PFC-9.00%-11-3-28-PVT,900PFCL28,1,0.01,900PFCL28
BSE,bse_cm,890PFCL28,950469,D,PFC-8.90%-18-3-28-PVT,890PFCL28,1,0.01,890PFCL28
BSE,bse_cm,894PFCL28,950471,D,PFC-8.94%-25-3-28-PVT,894PFCL28,1,0.01,894PFCL28
BSE,bse_cm,885PFCL30,950473,D,PFC-8.85%-15-6-30-PVT,885PFCL30,1,0.01,885PFCL30
BSE,bse_cm,905PFCL30,950475,D,PFC-9.05%-15-12-30-PVT,905PFCL30,1,0.01,905PFCL30
BSE,bse_cm,775PFCL26,950485,D,PFC-7.75%-15-10-11-PVT,775PFCL26,10,0.01,775PFCL26
BSE,bse_cm,738PFCL27,950486,D,PFC-7.38%-22-11-27-PVT,738PFCL27,1,0.01,738PFCL27
BSE,bse_cm,738PFCL27A,950487,D,PFC-7.38%-29-11-27-PVT,738PFCL27A,1,0.01,738PFCL27A
BSE,bse_cm,846PFCL28,950492,D,846PFC28,846PFCL28,1,0.01,846PFCL28
BSE,bse_cm,816PFCL26,950494,D,PFC-8.16%-25-11-26-PVT,816PFCL26,10,0.01,816PFCL26
BSE,bse_cm,872PFCL22A,950497,D,PFC-8.72%-30-3-27-PVT,872PFCL22A,1,0.01,872PFCL22A
BSE,bse_cm,872PFCL22,950498,D,PFC-8.72-30-3-27-PVT,872PFCL22,1,0.01,872PFCL22
BSE,bse_cm,793PGCIL27,950737,D,PGC-7.93%-20-05-2027-PVT,793PGCIL27,1,0.01,793PGCIL27
BSE,bse_cm,793PGCIL28,950738,D,PGC-7.93%-20-05-2028-PVT,793PGCIL28,1,0.01,793PGCIL28
BSE,bse_cm,870PGCIL28,950742,D,PGC-8.70%-15-07-2028-PVT,870PGCIL28,1,0.01,870PGCIL28
BSE,bse_cm,965PGCIL27,950752,D,PGC-9.65%-XLV-28-2-27-PVT,965PGCIL27,1,0.01,965PGCIL27
BSE,bse_cm,965PGCIL28,950753,D,PGC-9.65%-XLV-28-2-28-PVT,965PGCIL28,1,0.01,965PGCIL28
BSE,bse_cm,965PGCIL29,950754,D,PGC-9.65%-XLV-28-2-29-PVT,965PGCIL29,1,0.01,965PGCIL29
BSE,bse_cm,939PFCL29,950763,D,PFC-9.39%-27-8-29-PVT,939PFCL29,1,0.01,939PFCL29
BSE,bse_cm,9RRVPN2026,951431,D,RRVUN-9%-I-24-12-2026-PVT,9RRVPN2026,1,0.01,9RRVPN2026
BSE,bse_cm,93PGCIL29,951512,D,PGCIL-9.3%-4-9-29-PVT,93PGCIL29,1,0.01,93PGCIL29
BSE,bse_cm,893PGCIL26,951522,D,PGCIL-8.93%-20-10-26-PVT,893PGCIL26,1,0.01,893PGCIL26
BSE,bse_cm,893PGCIL27,951523,D,PGCIL-8.93%-20-10-27-PVT,893PGCIL27,1,0.01,893PGCIL27
BSE,bse_cm,893PGCIL28,951524,D,PGCIL-8.93%-20-10-28-PVT,893PGCIL28,1,0.01,893PGCIL28
BSE,bse_cm,893PGCIL29,951525,D,PGCIL-8.93%-20-10-29-PVT,893PGCIL29,1,0.01,893PGCIL29
BSE,bse_cm,865RRVPN27,951589,D,RRVPN-8.65%-5-1-27-PVT,865RRVPN27,1,0.01,865RRVPN27
BSE,bse_cm,851LTF30,951653,D,LTF-8.51%-28-1-30-PVT,851LTF30,1,0.01,851LTF30
BSE,bse_cm,12VRDP35,951654,D,VRDPL-12%-3-2-35-PVT,12VRDP35,1,0.01,12VRDP35
BSE,bse_cm,820PGCIL30,951678,D,PGCIL-8.20%-23-1-30-PVT,820PGCIL30,1,0.01,820PGCIL30
BSE,bse_cm,874RRVPN27,951899,D,RRVUN-8.74%-26-3-27-PVT,874RRVPN27,1,0.01,874RRVPN27
BSE,bse_cm,879IRFC30,951949,D,IRFC-8.79%-4-5-30-PVT,879IRFC30,1,0.01,879IRFC30
BSE,bse_cm,12MFLS1,952360,D,MFL-12%-SERIES1-PVT,12MFLS1,10,0.01,12MFLS1
BSE,bse_cm,12 MFLS2,952361,D,MFL-12%-SERIES2-PVT,12 MFLS2,10,0.01,12 MFLS2
BSE,bse_cm,12 MFLS3,952362,D,MFL-12%-SERIES3-PVT,12 MFLS3,10,0.01,12 MFLS3
BSE,bse_cm,12MFLS4,952364,D,MFL-12%-SERIES4-PVT,12MFLS4,10,0.01,12MFLS4
BSE,bse_cm,902IOT2028,952676,E,IOT-9.02%-20-10-28-PVT,902IOT2028,10,0.01,902IOT2028
BSE,bse_cm,728NHAI30,952793,D,NHAI-7.28%-18-9-30-PVT,728NHAI30,1,0.01,728NHAI30
BSE,bse_cm,868NEEPC30,952851,D,NEEPCO-8.68%-30-9-30-PVT,868NEEPC30,1,0.01,868NEEPC30
BSE,bse_cm,93ELR26V,953063,D,ELR-9.3%-V-30-9-26-PVT,93ELR26V,1,0.01,93ELR26V
BSE,bse_cm,93ELR27W,953064,D,ELR-9.3%-W-31-3-27-PVT,93ELR27W,1,0.01,93ELR27W
BSE,bse_cm,93ELR27X,953065,D,ELR-9.3%-X-30-9-27-PVT,93ELR27X,1,0.01,93ELR27X
BSE,bse_cm,93ELR28Y,953066,D,ELR-9.3%-Y-31-3-28-PVT,93ELR28Y,1,0.01,93ELR28Y
BSE,bse_cm,93ELR28Z,953067,D,ELR-9.3%-Z-30-9-18-PVT,93ELR28Z,1,0.01,93ELR28Z
BSE,bse_cm,138JSFBL27,953148,D,JSFBL-13.8%-07-07-27-PVT,138JSFBL27,1,0.01,138JSFBL27
BSE,bse_cm,863LTF31,953224,D,LTF-8.63%-D4-07-01-31-PVT,863LTF31,1,0.01,863LTF31
BSE,bse_cm,863LTF36,953225,D,LTF-8.63%-D5-7-1-36-PVT,863LTF36,1,0.01,863LTF36
BSE,bse_cm,891NSEPL27,953271,D,NSEPL-8.91%-1-2-27-PVT,891NSEPL27,10,0.01,891NSEPL27
BSE,bse_cm,815PGCIL30,953414,D,PGCIL-8.15%-9-3-30-PVT,815PGCIL30,1,0.01,815PGCIL30
BSE,bse_cm,832PGCIL30,953420,D,PGCIL-8.32%-23-12-30-PVT,832PGCIL30,1,0.01,832PGCIL30
BSE,bse_cm,840PGCIL27,953431,D,PGCIL-8.40%-27-5-27-PVT,840PGCIL27,1,0.01,840PGCIL27
BSE,bse_cm,840PGCIL28,953432,D,PGCIL-8.40%-27-5-28-PVT,840PGCIL28,1,0.01,840PGCIL28
BSE,bse_cm,840PGCIL29,953434,D,PGCIL-8.40%-27-5-29-PVT,840PGCIL29,1,0.01,840PGCIL29
BSE,bse_cm,840PGCIL30,953436,D,PGCIL-8.40%-27-5-30-PVT,840PGCIL30,1,0.01,840PGCIL30
BSE,bse_cm,840PGCI26B,953437,D,PGCIL-8.40%-14-9-26-PVT,840PGCI26B,1,0.01,840PGCI26B
BSE,bse_cm,840PGCI29A,953438,D,PGCIL-8.40%-14-9-29-PVT,840PGCI29A,1,0.01,840PGCI29A
BSE,bse_cm,840PGCI27A,953439,D,PGCIL-8.40%-14-9-27-PVT,840PGCI27A,1,0.01,840PGCI27A
BSE,bse_cm,84PGCIL30,953440,D,PGCIL-8.40%-14-9-30-PVT,84PGCIL30,1,0.01,84PGCIL30
BSE,bse_cm,840PGCI28A,953441,D,PGCIL-8.40%-14-9-28-PVT,840PGCI28A,1,0.01,840PGCI28A
BSE,bse_cm,739NHAI31,953490,D,NHAI-7.39%-18-2-31-PVT,739NHAI31,1,0.01,739NHAI31
BSE,bse_cm,873LTF36,953497,D,LTF-8.7300%-22-2-36-PVT,873LTF36,1,0.01,873LTF36
BSE,bse_cm,973LTF31,953499,D,LTF-8.7300%-24-2-31-PVT,973LTF31,1,0.01,973LTF31
BSE,bse_cm,148KSDPL28,953686,E,KSDPL-14.80%-31-12-28-PVT,148KSDPL28,1,0.01,148KSDPL28
BSE,bse_cm,810NTPC31,954041,D,NTPC-8.10%-27-5-31-PVT,810NTPC31,1,0.01,810NTPC31
BSE,bse_cm,920BOM26,954264,D,BOM-9.20%-27-09-26-PVT,920BOM26,1,0.01,920BOM26
BSE,bse_cm,IVEPLZC28,954442,D,IVEPL-ZC-19-7-28-PVT,IVEPLZC28,10,0.01,IVEPLZC28
BSE,bse_cm,803NHAI41,954549,D,NHAI-8.03%-3-8-41-PVT,803NHAI41,1,0.01,803NHAI41
BSE,bse_cm,865LTF31,954588,D,LTF-8.65%-08-08-31-PVT,865LTF31,1,0.01,865LTF31
BSE,bse_cm,863LTF831,954678,D,LTF--8.63%-12-08-31-PVT,863LTF831,1,0.01,863LTF831
BSE,bse_cm,790HDFCB26,954696,D,HDFCB-7.90%-24-08-26-PVT,790HDFCB26,1,0.01,790HDFCB26
BSE,bse_cm,ECLNIFT26A,954704,D,ECL-NIFTY-G6H601A-17-08-26-PVT,ECLNIFT26A,10,0.01,ECLNIFT26A
BSE,bse_cm,10BUDPL37,954708,E,BUDPL-10%-21-4-37-PVT,10BUDPL37,10,0.01,10BUDPL37
BSE,bse_cm,10BUDPL37A,954709,E,BUDPL-10%-22-4-37-PVT,10BUDPL37A,1,0.01,10BUDPL37A
BSE,bse_cm,10BUDPL37B,954711,E,BUDPL-10%-23-4-37-PVT,10BUDPL37B,10,0.01,10BUDPL37B
BSE,bse_cm,813PGCIL27,954722,D,PGCIL-8.13%-25-4-27-PVT,813PGCIL27,1,0.01,813PGCIL27
BSE,bse_cm,813PGCIL28,954723,D,PGCIL-8.13%-25-4-28-PVT,813PGCIL28,1,0.01,813PGCIL28
BSE,bse_cm,813PGCIL29,954724,D,PGCIL-8.13%-25-4-29-PVT,813PGCIL29,1,0.01,813PGCIL29
BSE,bse_cm,813PGCIL30,954725,D,PGCIL-8.13%-25-4-30-PVT,813PGCIL30,1,0.01,813PGCIL30
BSE,bse_cm,813PGCIL31,954726,D,PGCIL-8.13%-25-4-31-PVT,813PGCIL31,1,0.01,813PGCIL31
BSE,bse_cm,797PGCIL31,954731,D,PGCIL-7.97%-15-7-31-PVT,797PGCIL31,1,0.01,797PGCIL31
BSE,bse_cm,875ILFSF26,954738,D,ILFSFSL-8.75%-16-08-26-PVT,875ILFSF26,1000,0.01,875ILFSF26
BSE,bse_cm,758NTPC26,954741,D,NTPC-7.58%-23-08-26-PVT,758NTPC26,1,0.01,758NTPC26
BSE,bse_cm,925BCL26,954744,D,BFL-9.25%-18-08-26-PVT,925BCL26,1,0.01,925BCL26
BSE,bse_cm,768NHAI41,954781,D,NHAI-7.68%-30-08-41-PVT,768NHAI41,1,0.01,768NHAI41
BSE,bse_cm,855LTF31,954815,D,LTF-8.55%-05-09-31-PVT,855LTF31,1,0.01,855LTF31
BSE,bse_cm,824IIL26,954841,D,IIL-8.24%-29-08-26-PVT,824IIL26,1,0.01,824IIL26
BSE,bse_cm,851ILFS26,954850,D,ILFS-8.51%-12-9-26-PVT,851ILFS26,1000,0.01,851ILFS26
BSE,bse_cm,121PFLPER,954872,D,PFL-12.10%-PERPETUAL-PVT,121PFLPER,1,0.01,121PFLPER
BSE,bse_cm,747NTPC26,954875,D,NTPC-7.47%-16-9-26-PVT,747NTPC26,1,0.01,747NTPC26
BSE,bse_cm,795HDFC26,954921,D,HDFCBANK-7.95%-21-9-26-PVT,795HDFC26,1,0.01,795HDFC26
BSE,bse_cm,756PFCL26,954922,D,PFC-7.56%-16-9-26-PVT,756PFCL26,1,0.01,756PFCL26
BSE,bse_cm,925BCL26A,954925,D,BCL-9.25%-14-09-26-PVT,925BCL26A,1,0.01,925BCL26A
BSE,bse_cm,10AHFL26,954934,D,AHFL-10%-19-09-26-PVT,10AHFL26,1,0.01,10AHFL26
BSE,bse_cm,805BFL26,954935,D,BFL-8.05%-23-09-26-PVT,805BFL26,1,0.01,805BFL26
BSE,bse_cm,8YES26,954975,D,YBL-8%-30-09-26-PVT,8YES26,1,0.01,8YES26
BSE,bse_cm,757MML26,954977,D,MML-7.57%-25-9-26-PVT,757MML26,1,0.01,757MML26
BSE,bse_cm,815TSL26,954979,D,TSL-8.15%-4-10-26-PVT,815TSL26,1,0.01,815TSL26
BSE,bse_cm,84300LTF,954984,D,LTF-8.4300 %-28-9-26-PVT,84300LTF,1,0.01,84300LTF
BSE,bse_cm,755PFCL26A,954989,D,PFC-7.55%-25-9-26-PVT,755PFCL26A,1,0.01,755PFCL26A
BSE,bse_cm,PREPLZC28,954991,D,PREPL-ZC-25-09-28-PVT,PREPLZC28,10,0.01,PREPLZC28
BSE,bse_cm,845BFL26,955000,D,BFL-8.45%-29-9-26-PVT,845BFL26,1,0.01,845BFL26
BSE,bse_cm,869ILFSL26,955027,D,ILFSL-8.69%-29-09-26-PVT,869ILFSL26,1000,0.01,869ILFSL26
BSE,bse_cm,806BFL29,955031,D,BFL-8.06%-4-10-29-PVT,806BFL29,1,0.01,806BFL29
BSE,bse_cm,850ILFSL26,955032,D,ILFSL-8.50%-30-09-26-PVT,850ILFSL26,1000,0.01,850ILFSL26
BSE,bse_cm,843LTF26,955052,D,LTF-8.43%-1-10-26-PVT,843LTF26,1,0.01,843LTF26
BSE,bse_cm,843LTF31,955054,D,LTF-8.43%-3-10-31-PVT,843LTF31,1,0.01,843LTF31
BSE,bse_cm,8300LTH26,955087,D,LTF-8.3000%-13-10-26--PVT,8300LTH26,1,0.01,8300LTH26
BSE,bse_cm,759THDC26,955089,D,THDC-7.59%-3-10-26-PVT,759THDC26,1,0.01,759THDC26
BSE,bse_cm,975AHFL26,955091,D,AHFL-9.75%-10-10-26-PVT,975AHFL26,1,0.01,975AHFL26
BSE,bse_cm,10AHFL26A,955092,D,AHFL-10%-10-10-26-PVT,10AHFL26A,1,0.01,10AHFL26A
BSE,bse_cm,975AHF26A,955094,D,AHFL-9.75%-10-10-26-PVT,975AHF26A,1,0.01,975AHF26A
BSE,bse_cm,830LTF26,955113,D,LTF-8.30%-20-10-26-PVT,830LTF26,1,0.01,830LTF26
BSE,bse_cm,738NABAR31,955126,D,NABARD-7.38%-20-10-31-PVT,738NABAR31,1,0.01,738NABAR31
BSE,bse_cm,720NABAR31,955145,D,NABARD-7.20%-21-10-31-PVT,720NABAR31,1,0.01,720NABAR31
BSE,bse_cm,975AHFL26A,955147,D,AHFL-9.75%-17-10-26-PVT,975AHFL26A,1,0.01,975AHFL26A
BSE,bse_cm,995ECL26,955156,D,ECL-9.95%-9-10-26-PVT,995ECL26,1,0.01,995ECL26
BSE,bse_cm,795SPTL26,955174,E,SPTL-7.95%-28-10-26-PVT,795SPTL26,1,0.01,795SPTL26
BSE,bse_cm,749NTPC31,955183,D,NTPC-7.49%-7-11-31-PVT,749NTPC31,1,0.01,749NTPC31
BSE,bse_cm,752REC26,955229,D,REC-7.52%-7-11-26-PVT,752REC26,1,0.01,752REC26
BSE,bse_cm,815LTF26,955248,D,LTF-8.15%-13-11-26-PVT,815LTF26,1,0.01,815LTF26
BSE,bse_cm,772HDFCB26,955251,D,HDFCB-7.72%-18-11-26-PVT,772HDFCB26,1,0.01,772HDFCB26
BSE,bse_cm,9AHFL26,955256,D,AHFL-9%-16-11-26-PVT,9AHFL26,1,0.01,9AHFL26
BSE,bse_cm,795LTF26,955257,D,LTF-7.95%-16-11-26-PVT,795LTF26,1,0.01,795LTF26
BSE,bse_cm,784ABL26,955282,D,ABL-7.84%-23-11-26-PVT,784ABL26,1,0.01,784ABL26
BSE,bse_cm,790SPTL26,955294,E,SPTL-7.90%-18-11-26-PVT,790SPTL26,1,0.01,790SPTL26
BSE,bse_cm,84MRHFL26,955310,D,MRHFL-8.40%-24-11-26-PVT,84MRHFL26,1,0.01,84MRHFL26
BSE,bse_cm,824APSEZ26,955311,D,APSEZL-8.24%-27-11-26-PVT,824APSEZ26,1,0.01,824APSEZ26
BSE,bse_cm,10SIDC26,955319,D,SIDC-10%-30-11-26-PVT,10SIDC26,1,0.01,10SIDC26
BSE,bse_cm,805BFL26A,955329,D,BFL-8.05%-2-12-26-PVT,805BFL26A,1,0.01,805BFL26A
BSE,bse_cm,850SFL26,955331,D,SFL-8.50%-1-12-26-PVT,850SFL26,1,0.01,850SFL26
BSE,bse_cm,868ILFSL26,955359,D,ILFSL-8.68%-6-12-26-PVT,868ILFSL26,1000,0.01,868ILFSL26
BSE,bse_cm,824IIL26A,955389,D,IIL-8.24%-30-11-26-PVT,824IIL26A,1,0.01,824IIL26A
BSE,bse_cm,104PFL26,955398,D,PFL-10.40%-7-12-26-PVT,104PFL26,1,0.01,104PFL26
BSE,bse_cm,737NTPC31,955431,D,NTPC-7.37%-14-12-31-PVT,737NTPC31,1,0.01,737NTPC31
BSE,bse_cm,755PGCIL31,955442,D,PGCIL-7.55%-21-9-31-PVT,755PGCIL31,1,0.01,755PGCIL31
BSE,bse_cm,736PGCIL26,955443,D,PGCIL-7.36%-18-10-26-PVT,736PGCIL26,1,0.01,736PGCIL26
BSE,bse_cm,805HDBFS26,955445,D,HDBFS-8.05%-4-12-26-PVT,805HDBFS26,1,0.01,805HDBFS26
BSE,bse_cm,835KMIL26,955462,D,KMIL-8.35%-18-12-26-PVT,835KMIL26,1,0.01,835KMIL26
BSE,bse_cm,754REC26,955484,D,RRCL-7.54%-30-12-2026-PVT,754REC26,1,0.01,754REC26
BSE,bse_cm,748NABAR31,955488,D,NABARD-7.48%-22-12-31-PVT,748NABAR31,1,0.01,748NABAR31
BSE,bse_cm,73NABARD31,955498,D,NABARD-7.30%-26-12-31-PVT,73NABARD31,1,0.01,73NABARD31
BSE,bse_cm,85SFL26,955512,D,SFL-8.50%-29-12-26-PVT,85SFL26,1,0.01,85SFL26
BSE,bse_cm,805LTF27,955513,D,LTF-8.05%-4-1-27-PVT,805LTF27,1,0.01,805LTF27
BSE,bse_cm,810IIL26,955522,D,IIL-8.10%-25-12-26-PVT,810IIL26,1,0.01,810IIL26
BSE,bse_cm,104PFL27,955542,D,PFL-10.40%-6-1-27-PVT,104PFL27,1,0.01,104PFL27
BSE,bse_cm,723PFCL27,955561,D,PFCL-7.23%-5-1-27-PVT,723PFCL27,1,0.01,723PFCL27
BSE,bse_cm,71PFCL27,955584,D,PFC-7.10%-11-1-27-PVT,71PFCL27,1,0.01,71PFCL27
BSE,bse_cm,716NABAR32,955588,D,NABARD-7.16%-12-1-32-PVT,716NABAR32,1,0.01,716NABAR32
BSE,bse_cm,EFCLNIFT27,955590,D,EFCL-NIFTY-H7A701A -8-1-27-PVT,EFCLNIFT27,10,0.01,EFCLNIFT27
BSE,bse_cm,722NHAI47,955600,D,NHAI-7.22%-24-1-47-PVT,722NHAI47,1,0.01,722NHAI47
BSE,bse_cm,734NABAR32,955603,D,NABARD-7.34%-13-01-32-PVT,734NABAR32,1,0.01,734NABAR32
BSE,bse_cm,718PFCL27,955610,D,PFC-7.18%-20-1-17-PVT,718PFCL27,1,0.01,718PFCL27
BSE,bse_cm,1040PFL27,955625,D,PFL-10.40%-24-01-27-PVT,1040PFL27,1,0.01,1040PFL27
BSE,bse_cm,805LTF27A,955641,D,LTF-8.05%-29-1-27-PVT,805LTF27A,1,0.01,805LTF27A
BSE,bse_cm,115PFLPER,955693,D,PFL-11.5%-PERPETUAL-PVT,115PFLPER,1,0.01,115PFLPER
BSE,bse_cm,722IREDA27,955697,D,IREDAL-7.22%-6-2-27-PVT,722IREDA27,1,0.01,722IREDA27
BSE,bse_cm,897UPPCL27,955772,D,UPPCL-8.97%-15-2-27-PVT,897UPPCL27,1,0.01,897UPPCL27
BSE,bse_cm,85ILFSFS27,955782,D,ILFSFSL-8.5%-20-2-27-PVT,85ILFSFS27,1000,0.01,85ILFSFS27
BSE,bse_cm,76PFCL27,955784,D,PFC-7.60%-20-2-27-PVT,76PFCL27,1,0.01,76PFCL27
BSE,bse_cm,76IREDA27,955805,D,IREDA-7.60%-23-2-27-PVT,76IREDA27,1,0.01,76IREDA27
BSE,bse_cm,9ECL27,955815,D,ECL-9.00%-05-03-27-PVT,9ECL27,1,0.01,9ECL27
BSE,bse_cm,1025PFL27,955817,D,PCL-10.25%-03-03-27-PVT,1025PFL27,1,0.01,1025PFL27
BSE,bse_cm,115PFLPERP,955840,D,PFL-11.50%-PERPETUAL-PVT,115PFLPERP,1,0.01,115PFLPERP
BSE,bse_cm,822APSEZ27,955845,D,APSEZL-8.22%-8-3-27-PVT,822APSEZ27,1,0.01,822APSEZ27
BSE,bse_cm,790IWAI27,955852,D,IWAI-7.90%-3-3-27-PVT,790IWAI27,1,0.01,790IWAI27
BSE,bse_cm,785IREDA27,955858,D,IREDA-7.85%-6-3-27-PVT,785IREDA27,1,0.01,785IREDA27
BSE,bse_cm,789PGCIL27,955882,D,PGCIL-7.89%-9-3-27-PVT,789PGCIL27,1,0.01,789PGCIL27
BSE,bse_cm,795REC27,955902,D,REC-7.95%-12-3-27-PVT,795REC27,1,0.01,795REC27
BSE,bse_cm,804NABAR32,955912,D,NABARD-8.04%-15-03-32-PVT,804NABAR32,1,0.01,804NABAR32
BSE,bse_cm,771NABAR32,955942,D,NABARD-7.71%-17-3-32-PVT,771NABAR32,1,0.01,771NABAR32
BSE,bse_cm,775PFCL27,955986,D,PFC-7.75%-22-03-27-PVT,775PFCL27,1,0.01,775PFCL27
BSE,bse_cm,1108HDFC27,955992,D,HDFCB-11.08%-27-03-27-PVT,1108HDFC27,1,0.01,1108HDFC27
BSE,bse_cm,783IRFC27,955999,D,IRFC-7.83%-21-03-27-PVT,783IRFC27,1,0.01,783IRFC27
BSE,bse_cm,2EARC27,956041,D,EARCL-2%-28-03-27-PVT,2EARC27,1,0.01,2EARC27
BSE,bse_cm,830MRHFL27,956046,D,MRHFL-8.30%-26-3-27-PVT,830MRHFL27,1,0.01,830MRHFL27
BSE,bse_cm,85500KMI27,956048,D,KMIL-8.5500%-24-03-27-PVT,85500KMI27,1,0.01,85500KMI27
BSE,bse_cm,835NICL27,956092,D,NICL-8.95%-26-03-27-PVT,835NICL27,1,0.01,835NICL27
BSE,bse_cm,2EARC7A,956100,D,EARCL-2%-29-3-27-PVT,2EARC7A,1,0.01,2EARC7A
BSE,bse_cm,812IREDA27,956136,D,IREDA-8.12%-24-03-27-PVT,812IREDA27,1,0.01,812IREDA27
BSE,bse_cm,754NABAR32,956141,D,NABARD-7.54%-29-3-32-PVT,754NABAR32,1,0.01,754NABAR32
BSE,bse_cm,805IREDA27,956143,D,IREDA-8.05%-29-3-27-PVT,805IREDA27,1,0.01,805IREDA27
BSE,bse_cm,848UPPCL27,956150,D,UPPCL-8.48%-15-03-27-PVT,848UPPCL27,1,0.01,848UPPCL27
BSE,bse_cm,150HDFCB27,956177,D,HDFCB-1.50%-13-4-27-PVT,150HDFCB27,1,0.01,150HDFCB27
BSE,bse_cm,823ILFSL27,956189,D,ILFSL-8.23%-5-4-27-PVT,823ILFSL27,1000,0.01,823ILFSL27
BSE,bse_cm,150HDFC27A,956208,D,HDFCB-1.50%-24-4-27-PVT,150HDFC27A,1,0.01,150HDFC27A
BSE,bse_cm,2EARC27B,956233,D,EARCL-2%-27-4-27-PVT,2EARC27B,1,0.01,2EARC27B
BSE,bse_cm,2EARC27C,956235,D,EARCL-2%-26-4-27-PVT,2EARC27C,1,0.01,2EARC27C
BSE,bse_cm,825ISEC27,956260,D,ISECPD-8.25%-26-4-27-PVT,825ISEC27,1,0.01,825ISEC27
BSE,bse_cm,975ECL27,956276,D,ECL-9.75%-E7E701A-30-4-27-PVT,975ECL27,10,0.01,975ECL27
BSE,bse_cm,85AFL27,956318,D,AFL-8.50%-11-5-27-PVT,85AFL27,1,0.01,85AFL27
BSE,bse_cm,1025ECL99,956321,D,ECL-10.25%-PERPETUAL-PVT,1025ECL99,1,0.01,1025ECL99
BSE,bse_cm,1025ECL99A,956322,D,ECL-10.25%-PERPETUAL-PVT,1025ECL99A,1,0.01,1025ECL99A
BSE,bse_cm,850MRHFL27,956337,D,MRHFL-8.50%-19-5-27-PVT,850MRHFL27,1,0.01,850MRHFL27
BSE,bse_cm,1010PFL27,956338,D,PFL-10.10%-18-5-27-PVT,1010PFL27,1,0.01,1010PFL27
BSE,bse_cm,82LTF32,956427,D,LTF-8.2%-31-5-32-PVT,82LTF32,1,0.01,82LTF32
BSE,bse_cm,850MRHF27A,956470,D,MRHFL-8.50%-28-5-27-PVT,850MRHF27A,1,0.01,850MRHF27A
BSE,bse_cm,749IRFC27,956528,D,IRFC-7.49%-30-05-27-PVT,749IRFC27,1,0.01,749IRFC27
BSE,bse_cm,744PFCL27,956530,D,PFC-7.44%-11-06-27-PVT,744PFCL27,1,0.01,744PFCL27
BSE,bse_cm,752NHPC27,956536,D,NHPC-7.52%-06-06-27-PVT,752NHPC27,1,0.01,752NHPC27
BSE,bse_cm,810BFL32,956552,D,BFL-8.10%-07-06-32-PVT,810BFL32,1,0.01,810BFL32
BSE,bse_cm,724NHAI47,956577,D,NHAI-7.24%16-6-47-PVT,724NHAI47,1,0.01,724NHAI47
BSE,bse_cm,ATCPLZC27,956594,D,ATCPL-ZC-16-6-27-PVT,ATCPLZC27,1,0.01,ATCPLZC27
BSE,bse_cm,850MRHF27B,956597,D,MRHFL-8.50%-15-6-27-PVT,850MRHF27B,1,0.01,850MRHF27B
BSE,bse_cm,766ABL27,956607,D,ABL-7.66%-15-06-27-PVT,766ABL27,1,0.01,766ABL27
BSE,bse_cm,815BFL27,956617,D,BFL-8.15%-22-6-27-PVT,815BFL27,1,0.01,815BFL27
BSE,bse_cm,965ECL27,956620,D,ECL-F7F701A-08-06-27-PVT,965ECL27,10,0.01,965ECL27
BSE,bse_cm,727IRFC27,956631,D,IRFC-7.27%-15-6-27-PVT,727IRFC27,1,0.01,727IRFC27
BSE,bse_cm,950AFSL27,956666,D,AFSL-9.50%-30-6-27-PVT,950AFSL27,1,0.01,950AFSL27
BSE,bse_cm,8RPL35,956670,D,RPL-8%-30-6-35-PVT,8RPL35,1,0.01,8RPL35
BSE,bse_cm,756HBL27,956683,D,HBL-7.56%-29-6-27-PVT,756HBL27,1,0.01,756HBL27
BSE,bse_cm,AHREPZC27,956692,D,AHREPL-ZC-29-6-27-PVT,AHREPZC27,10,0.01,AHREPZC27
BSE,bse_cm,99ERCL27,956700,D,ECSL-9.90%-30-6-27-PVT,99ERCL27,1,0.01,99ERCL27
BSE,bse_cm,714NHAI47,956707,D,NHAI-7.14%-12-7-47-PVT,714NHAI47,1,0.01,714NHAI47
BSE,bse_cm,99ERCL27A,956710,D,EAVCL-9.90%-30-6-27-PVT,99ERCL27A,1,0.01,99ERCL27A
BSE,bse_cm,78LTF29,956714,D,LTF-7.80%-13-7-29-PVT,78LTF29,1,0.01,78LTF29
BSE,bse_cm,747ICICI27,956718,D,ICICI-7.47%-25-6-27-PVT,747ICICI27,1,0.01,747ICICI27
BSE,bse_cm,82CFSL27,956752,D,CFSL-8.20%-23-7-27,82CFSL27,1,0.01,82CFSL27
BSE,bse_cm,730PGCIL27,956760,D,PGCIL-7.30%-19-6-27-PVT,730PGCIL27,1,0.01,730PGCIL27
BSE,bse_cm,770ILFS27,956775,D,ILFS-7.70%-2-8-27-PVT,770ILFS27,1000,0.01,770ILFS27
BSE,bse_cm,11PFLPER,956787,D,PFL-11%-PERPETUAL-PVT,11PFLPER,1,0.01,11PFLPER
BSE,bse_cm,720PGCIL27,956797,D,PGCIL-7.20%-9-8-27-PVT,720PGCIL27,1,0.01,720PGCIL27
BSE,bse_cm,73PFCL27,956799,D,PFC-7.30%-7-8-27-PVT,73PFCL27,1,0.01,73PFCL27
BSE,bse_cm,925ECLF27,956802,D,ECL-9.25%-31-7-27-PVT,925ECLF27,1,0.01,925ECLF27
BSE,bse_cm,738NHAI32,956821,D,NHAI-7.38%-24-8-32-PVT,738NHAI32,1,0.01,738NHAI32
BSE,bse_cm,2EARC27D,956835,D,EARCL-2%-28-8-27-PVT,2EARC27D,1,0.01,2EARC27D
BSE,bse_cm,2EARC27E,956836,D,EARCL-2%-27-8-27-PVT,2EARC27E,1,0.01,2EARC27E
BSE,bse_cm,733IRFC27,956844,D,IRFC-7.33%-28-8-27-PVT,733IRFC27,1,0.01,733IRFC27
BSE,bse_cm,925ECL27,956863,D,ECL-925%-15-9-27-PVT,925ECL27,1,0.01,925ECL27
BSE,bse_cm,835SCL27,956882,D,SCL-8.35%-8-9-27-PVT,835SCL27,10,0.01,835SCL27
BSE,bse_cm,803SCL27,956883,D,SCL-8.03%-8-9-27-PVT,803SCL27,1,0.01,803SCL27
BSE,bse_cm,770ILFSL27,956889,D,ILFSL-7.70%-7-9-27-PVT,770ILFSL27,1000,0.01,770ILFSL27
BSE,bse_cm,735NHPC26,956904,D,NHPC-7.35%-15-9-26-PVT,735NHPC26,1,0.01,735NHPC26
BSE,bse_cm,735NHPC27,956905,D,NHPC-7.35%-15-9-27-PVT,735NHPC27,1,0.01,735NHPC27
BSE,bse_cm,850ECL27,956909,D,ECL-8.50%-17-9-27-PVT,850ECL27,1,0.01,850ECL27
BSE,bse_cm,727NABAR32,956922,D,NABARD-7.27%-14-9-32-PVT,727NABAR32,1,0.01,727NABAR32
BSE,bse_cm,808AFL27,956927,D,AFL-8.08%-14-9-27-PVT,808AFL27,1,0.01,808AFL27
BSE,bse_cm,785ILFS27,956929,D,ILFSL-7.85%-20-9-27-PVT,785ILFS27,1000,0.01,785ILFS27
BSE,bse_cm,13WHREPL37,956930,D,WHREPL-13%-17-9-37-PVT,13WHREPL37,10000,0.01,13WHREPL37
BSE,bse_cm,796PFL27,956936,D,PFL-7.96%-20-9-27-PVT,796PFL27,1,0.01,796PFL27
BSE,bse_cm,748NABAR32,956939,D,NABARD-7.48%-17-9-32-PVT,748NABAR32,1,0.01,748NABAR32
BSE,bse_cm,780YES27,956948,D,YBL-7.80%-29-9-27-PVT,780YES27,1,0.01,780YES27
BSE,bse_cm,780YES27A,957039,D,YBL-7.80%-1-10-27-PVT,780YES27A,1,0.01,780YES27A
BSE,bse_cm,925ECL27A,957050,D,EFL-9.25%-6-10-27-PVT,925ECL27A,1,0.01,925ECL27A
BSE,bse_cm,747IWAI27,957067,D,IWAI-7.47%-13-10-27-PVT,747IWAI27,1,0.01,747IWAI27
BSE,bse_cm,16SSRHPL26,957070,D,SSRHPL-16%-31-12-26-PVT,16SSRHPL26,1,0.01,16SSRHPL26
BSE,bse_cm,820SFL27,957073,D,SFL-8.20%-15-10-27-PVT,820SFL27,1,0.01,820SFL27
BSE,bse_cm,16SBIPL26,957076,D,SBIPL-16%-31-12-26-PVT,16SBIPL26,1,0.01,16SBIPL26
BSE,bse_cm,925ECLF27A,957083,D,ECL-9.25%-6-10-27-PVT,925ECLF27A,1,0.01,925ECLF27A
BSE,bse_cm,923OEDL27,957090,D,OEDL-9.23%-13-10-27-PVT,923OEDL27,1,0.01,923OEDL27
BSE,bse_cm,EIPPZC27,957093,D,EIPPL-ZC-3-10-27-PVT,EIPPZC27,10,0.01,EIPPZC27
BSE,bse_cm,765APSEZ27,957109,D,APSEZL-7.65%-30-10-27-PVT,765APSEZ27,1,0.01,765APSEZ27
BSE,bse_cm,84MBEL26,957131,D,MBEL-8.40%-5-10-26-PVT,84MBEL26,1,0.01,84MBEL26
BSE,bse_cm,84MBEL27,957132,D,MBEL-8.40%-4-10-27-PVT,84MBEL27,1,0.01,84MBEL27
BSE,bse_cm,84MBEL28,957133,D,MBEL-8.40%-3-10-28-PVT,84MBEL28,1,0.01,84MBEL28
BSE,bse_cm,84MBEL29,957134,D,MBEL-8.40%-3-10-29-PVT,84MBEL29,1,0.01,84MBEL29
BSE,bse_cm,84MBEL30,957135,D,MBEL-8.40%-29-3-30-PVT,84MBEL30,1,0.01,84MBEL30
BSE,bse_cm,754IRFC27,957144,D,IRFC-7.54%-31-10-27-PVT,754IRFC27,1,0.01,754IRFC27
BSE,bse_cm,81CFSL27,957172,D,CFSL-8.10%-16-11-27,81CFSL27,1,0.01,81CFSL27
BSE,bse_cm,845SFIL27,957173,D,SFIL-8.45%-8-11-27-PVT,845SFIL27,10,0.01,845SFIL27
BSE,bse_cm,2EARCL27F,957179,D,EARCL-2%-20-11-27-PVT,2EARCL27F,1,0.01,2EARCL27F
BSE,bse_cm,764NHAI32,957180,D,NHAI-7.64%-22-11-32-PVT,764NHAI32,1,0.01,764NHAI32
BSE,bse_cm,765PFCL27,957186,D,PFCL-7.65%-22-11-27-PVT,765PFCL27,1,0.01,765PFCL27
BSE,bse_cm,12MFLPER,957187,D,MFL-12%-PERPETUAL-PVT,12MFLPER,2,0.01,12MFLPER
BSE,bse_cm,12MFLPERA,957192,D,MFL-12%-PERPETUAL-PVT,12MFLPERA,2,0.01,12MFLPERA
BSE,bse_cm,845SFIL27A,957196,D,SFIL-8.45%-30-11-27-PVT,845SFIL27A,10,0.01,845SFIL27A
BSE,bse_cm,78NABARD32,957197,D,NABARD-7.80%-26-11-32-PVT,78NABARD32,1,0.01,78NABARD32
BSE,bse_cm,975UPPCL26,957208,D,UPPCL-9.75%-20-10-26-PVT,975UPPCL26,1,0.01,975UPPCL26
BSE,bse_cm,975UPPCL27,957209,D,UPPCL-9.75%-20-10-27-PVT,975UPPCL27,1,0.01,975UPPCL27
BSE,bse_cm,77REC27,957222,D,REC-7.70%-10-12-27-PVT,77REC27,1,0.01,77REC27
BSE,bse_cm,825KMPL27,957223,D,KMPL-8.25%-7-12-27-PVT,825KMPL27,1,0.01,825KMPL27
BSE,bse_cm,762PFCL27,957225,D,PFC-7.62%-15-12-27-PVT,762PFCL27,1,0.01,762PFCL27
BSE,bse_cm,875CFSER,957228,D,CFS-8.75%-PERPETUAL,875CFSER,1,0.01,875CFSER
BSE,bse_cm,925ERCS27,957232,D,ERCSL-9.25%-22-12-27-PVT,925ERCS27,1,0.01,925ERCS27
BSE,bse_cm,774PGCIL28,957233,D,PGCIL-7.74%-12-12-28-PVT,774PGCIL28,1,0.01,774PGCIL28
BSE,bse_cm,774PGCIL29,957234,D,PGCIL-7.74%-12-12-29-PVT,774PGCIL29,1,0.01,774PGCIL29
BSE,bse_cm,774PGCIL30,957235,D,PGCIL-7.74%-12-12-30-PVT,774PGCIL30,1,0.01,774PGCIL30
BSE,bse_cm,774PGCIL31,957236,D,PGCIL-7.74%-12-12-31-PVT,774PGCIL31,1,0.01,774PGCIL31
BSE,bse_cm,774PGCIL32,957237,D,PGCIL-7.74%-10-12-32-PVT,774PGCIL32,1,0.01,774PGCIL32
BSE,bse_cm,975ECLPER,957246,D,ECL-9.75%-PERPETUAL-PVT,975ECLPER,1,0.01,975ECLPER
BSE,bse_cm,935AFS27,957253,D,AFSL-9.35%-27-12-27-PVT,935AFS27,1,0.01,935AFS27
BSE,bse_cm,88IFSLPER,957280,D,IFSL-8.80%-PERPETUAL-PVT,88IFSLPER,1,0.01,88IFSLPER
BSE,bse_cm,845SFIL28,957381,D,SFIL-8.45%-5-1-28-PVT,845SFIL28,10,0.01,845SFIL28
BSE,bse_cm,925EFCL28,957385,D,EFCL-A8A801A-9.25%-4-1-28-PVT,925EFCL28,10,0.01,925EFCL28
BSE,bse_cm,775NABAR33,957393,D,NABARD-7.75%-14-1-33-PVT,775NABAR33,1,0.01,775NABAR33
BSE,bse_cm,794NABAR33,957402,D,NABARD-7.94%-17-1-33-PVT,794NABAR33,1,0.01,794NABAR33
BSE,bse_cm,845IIL28,957409,D,IIL-8.45%-18-5-28-PVT,845IIL28,1,0.01,845IIL28
BSE,bse_cm,85ABHF27,957445,D,ABHFL-8.50%-14-5-27-PVT,85ABHF27,1,0.01,85ABHF27
BSE,bse_cm,85ABHF27A,957446,D,ABHFL-8.50%-1-6-27-PVT,85ABHF27A,1,0.01,85ABHF27A
BSE,bse_cm,10ECLPER,957463,D,ECL-10.00%-PERPETUAL-PVT,10ECLPER,1,0.01,10ECLPER
BSE,bse_cm,842HDB28,957468,D,HDB-8.42%-1-2-28-PVT,842HDB28,1,0.01,842HDB28
BSE,bse_cm,8ABCL27,957615,D,ABCL-8.00%-11-6-27-PVT,8ABCL27,1,0.01,8ABCL27
BSE,bse_cm,890ABCL26,957644,D,ABCL-8.90%-29-9-26-PVT,890ABCL26,1,0.01,890ABCL26
BSE,bse_cm,890ABCL26A,957645,D,ABCL-8.90%-20-11-26-PVT,890ABCL26A,1,0.01,890ABCL26A
BSE,bse_cm,825ABCL27,957646,D,ABCL-8.25%-9-3-27-PVT,825ABCL27,1,0.01,825ABCL27
BSE,bse_cm,850ABCL27,957647,D,ABCL-8.50%-18-5-27-PVT,850ABCL27,1,0.01,850ABCL27
BSE,bse_cm,87ABCLPERP,957649,D,ABCL-8.70%-PERPETUAL-PVT,87ABCLPERP,1,0.01,87ABCLPERP
BSE,bse_cm,873YES28,957656,D,YBL-8.73%-22-2-28-PVT,873YES28,1,0.01,873YES28
BSE,bse_cm,843SCL28,957670,D,SCL-8.43%-22-2-28-PVT,843SCL28,1,0.01,843SCL28
BSE,bse_cm,12MFL99,957671,D,MFL-12%-PERPETUAL-PVT,12MFL99,2,0.01,12MFL99
BSE,bse_cm,845HDB28,957680,D,HDB-8.45%-21-2-28-PVT,845HDB28,1,0.01,845HDB28
BSE,bse_cm,843SCL28A,957683,D,SCL-8.43%-23-2-28-PVT,843SCL28A,1,0.01,843SCL28A
BSE,bse_cm,822NABAR28,957690,D,NABARD-8.22%-25-2-28-PVT,822NABAR28,1,0.01,822NABAR28
BSE,bse_cm,828NABAR33,957691,D,NABARD-8.28%-1-3-33-PVT,828NABAR33,1,0.01,828NABAR33
BSE,bse_cm,865ILFS28,957727,D,ILFS-8.65%-9-3-28-PVT,865ILFS28,1000,0.01,865ILFS28
BSE,bse_cm,82NABARD28,957744,D,NABARD-8.20%-16-3-28-PVT,82NABARD28,1,0.01,82NABARD28
BSE,bse_cm,9ILFSPER,957746,D,ILFS-9%-PERPETUAL-PVT,9ILFSPER,1,0.01,9ILFSPER
BSE,bse_cm,865ILFS28A,957764,D,ILFS-8.65%-22-3-28-PVT,865ILFS28A,1000,0.01,865ILFS28A
BSE,bse_cm,865ILFS28B,957765,D,ILFS-8.65%-27-3-28-PVT,865ILFS28B,1000,0.01,865ILFS28B
BSE,bse_cm,9SFL28,957770,D,SFL-9%-23-3-18-PVT,9SFL28,1,0.01,9SFL28
BSE,bse_cm,809REC28,957788,D,RECL-8.09%-21-3-28-PVT,809REC28,1,0.01,809REC28
BSE,bse_cm,785PFCL28,957790,D,PFCL-7.85%-3-4-28-PVT,785PFCL28,1,0.01,785PFCL28
BSE,bse_cm,801REC28,957799,D,RECL-8.01%-24-3-18-PVT,801REC28,1,0.01,801REC28
BSE,bse_cm,806REC28,957801,D,RECL-8.06%-27-3-28-PVT,806REC28,1,0.01,806REC28
BSE,bse_cm,1015UPPC27,957809,D,UPPCL-10.15%-20-1-27-PVT,1015UPPC27,1,0.01,1015UPPC27
BSE,bse_cm,1015UPPC28,957810,D,UPPCL-10.15%-20-1-28-PVT,1015UPPC28,1,0.01,1015UPPC28
BSE,bse_cm,10PFL28,957824,D,PFL-10%-28-3-28-PVT,10PFL28,1,0.01,10PFL28
BSE,bse_cm,9SFL28A,957835,D,SFL-9%-28-3-28-PVT,9SFL28A,1,0.01,9SFL28A
BSE,bse_cm,885SFIL28,957837,D,SFIL-8.85%-28-3-28-PVT,885SFIL28,10,0.01,885SFIL28
BSE,bse_cm,88SCL28,957844,D,SCL-8.80%-27-3-28-PVT,88SCL28,10,0.01,88SCL28
BSE,bse_cm,853MMFSL33,957877,D,MMFSL-8.53%-19-4-33-PVT,853MMFSL33,1,0.01,853MMFSL33
BSE,bse_cm,890IFSL28,957905,D,IFSL-8.90%-23-4-28-PVT,890IFSL28,1000,0.01,890IFSL28
BSE,bse_cm,880SFIL28,957921,D,SFIL-8.80%-2-5-28-PVT,880SFIL28,10,0.01,880SFIL28
BSE,bse_cm,9ILFSL28,957932,D,ILFSL-9%-15-5-28-PVT,9ILFSL28,1,0.01,9ILFSL28
BSE,bse_cm,875ISPDL28,957951,D,ISPDL-8.75%-11-5-28-PVT,875ISPDL28,1,0.01,875ISPDL28
BSE,bse_cm,910ILFSL28,957962,D,ILFSL-9.10%-30-5-28-PVT,910ILFSL28,1,0.01,910ILFSL28
BSE,bse_cm,953IEDCL26,957969,D,IEDCL-9.53%-28-8-26-PVT,953IEDCL26,1,0.01,953IEDCL26
BSE,bse_cm,918MRHFL28,957977,D,MRHFL-9.18%-1-6-28-PVT,918MRHFL28,1,0.01,918MRHFL28
BSE,bse_cm,935CFSER,957988,D,CFS-9.35%-PERPETUAL-PVT,935CFSER,1,0.01,935CFSER
BSE,bse_cm,105JKBLPER,958016,D,J&KBL-10.50%-PERPETUAL-PVT,105JKBLPER,1,0.01,105JKBLPER
BSE,bse_cm,871WTGL34,958017,D,WTGL-8.71MCLR-31-3-34-PVT,871WTGL34,1,0.01,871WTGL34
BSE,bse_cm,855NHAI48,958020,D,NHAI-8.55%-28-6-48-PVT,855NHAI48,1,0.01,855NHAI48
BSE,bse_cm,JFCZC28,958025,D,JFC-ZC-27-6-28-PVT,JFCZC28,1,0.01,JFCZC28
BSE,bse_cm,915ILFSL28,958047,D,ILFSL-9.15%-27-6-28-PVT,915ILFSL28,1,0.01,915ILFSL28
BSE,bse_cm,905HFSL28,958138,D,HFSL-9.05%-27-7-28-PVT,905HFSL28,1,0.01,905HFSL28
BSE,bse_cm,855REC28,958156,D,RECL-8.55%-9-8-28-PVT,855REC28,1,0.01,855REC28
BSE,bse_cm,940MRHFL28,958165,D,MRHFL-9.40%-7-8-28-PVT,940MRHFL28,1,0.01,940MRHFL28
BSE,bse_cm,980SCL28,958166,D,SCL-8.90%-4-8-28-PVT,980SCL28,1,0.01,980SCL28
BSE,bse_cm,940HDB99,958172,D,HDB-9.40%-PERPETUAL-PVT,940HDB99,1,0.01,940HDB99
BSE,bse_cm,1032APCR27,958179,D,APCRDA-10.32%-16-8-27-PVT,1032APCR27,5,0.01,1032APCR27
BSE,bse_cm,1032APCR28,958180,D,APCRDA-10.32%-16-8-28-PVT,1032APCR28,5,0.01,1032APCR28
BSE,bse_cm,863REC28,958191,D,RECL-8.63%-25-8-28-PVT,863REC28,1,0.01,863REC28
BSE,bse_cm,9507JFHL28,958213,D,JFHLL-9.5078%-3-8-28-PVT,9507JFHL28,1,0.01,9507JFHL28
BSE,bse_cm,775IGT28,958219,D,IGT-7.75%-31-8-28-INVIT,775IGT28,1,0.01,775IGT28
BSE,bse_cm,847NABAR33,958232,D,NABARD-8.47%-31-8-33-PVT,847NABAR33,1,0.01,847NABAR33
BSE,bse_cm,985ECL28A,958245,D,EFL-9.85%-31-8-28-PVT,985ECL28A,1,0.01,985ECL28A
BSE,bse_cm,91164YES28,958246,D,YBL-9.1164%-15-9-28-PVT,91164YES28,1,0.01,91164YES28
BSE,bse_cm,915HFSLPER,958257,D,HFSL-9.15%-PERPETUAL-PVT,915HFSLPER,1,0.01,915HFSLPER
BSE,bse_cm,EELNIFT28,958275,D,ECE-NIFTY-H1I805A-12-9-28-PVT,EELNIFT28,10,0.01,EELNIFT28
BSE,bse_cm,87RECL28,958278,D,RECL-8.7%-28-9-28-PVT,87RECL28,1,0.01,87RECL28
BSE,bse_cm,1015FEL26,958304,D,FEL-10.15%-30-09-26-PVT,1015FEL26,1,0.01,1015FEL26
BSE,bse_cm,2EARCL28,958306,D,EARCL-2%-7-10-28-PVT,2EARCL28,1,0.01,2EARCL28
BSE,bse_cm,895PFC28,958307,D,PFC-8.95%-10-10-28-PVT,895PFC28,1,0.01,895PFC28
BSE,bse_cm,905RIL28,958311,D,RIL-9.05%-17-10-28-PVT,905RIL28,1,0.01,905RIL28
BSE,bse_cm,905HDFCB28,958312,D,HDFCB-9.05%-16-10-28-PVT,905HDFCB28,1,0.01,905HDFCB28
BSE,bse_cm,892NABAR33,958332,D,NABARD-8.92%-21-10-33-PVT,892NABAR33,1,0.01,892NABAR33
BSE,bse_cm,91LTF28,958338,D,LTF-9.1000%-31-10-28-PVT,91LTF28,1,0.01,91LTF28
BSE,bse_cm,911BFL33,958349,D,BFL-9.11%-2-11-33-PVT,911BFL33,1,0.01,911BFL33
BSE,bse_cm,9HDFCB28,958353,D,HDFCB-9%-1-11-28-PVT,9HDFCB28,1,0.01,9HDFCB28
BSE,bse_cm,895RIL28,958354,D,RIL-8.95%-9-11-28-PVT,895RIL28,1,0.01,895RIL28
BSE,bse_cm,860HUDCL28,958356,D,HUDCL-8.60%-12-11-28-PVT,860HUDCL28,1,0.01,860HUDCL28
BSE,bse_cm,854REC28,958364,D,RECL-8.54%-15-11-28-PVT,854REC28,1,0.01,854REC28
BSE,bse_cm,97HFSL28,958385,D,HFSL-9.7%-15-11-28-PVT,97HFSL28,1,0.01,97HFSL28
BSE,bse_cm,867PFCL28,958393,D,PFCL-8.67%-18-11-28-PVT,867PFCL28,1,0.01,867PFCL28
BSE,bse_cm,864PFCL33,958394,D,PFCL-8.64%-19-11-33-PVT,864PFCL33,1,0.01,864PFCL33
BSE,bse_cm,856REC28,958397,D,REC-8.56%-29-11-28-PVT,856REC28,1,0.01,856REC28
BSE,bse_cm,852HUDCO28,958399,D,HUDCO-8.52%-28-11-28-PVT,852HUDCO28,1,0.01,852HUDCO28
BSE,bse_cm,9HDFCB28A,958406,D,HDFCB-9%-29-11-28-PVT,9HDFCB28A,1,0.01,9HDFCB28A
BSE,bse_cm,93SCL28,958410,D,SCL-9.30%-22-11-28-PVT,93SCL28,1,0.01,93SCL28
BSE,bse_cm,845IRFC28,958418,D,IRFC-8.45%-4-12-28-PVT,845IRFC28,1,0.01,845IRFC28
BSE,bse_cm,837REC28,958419,D,RECL-8.37%-7-12-28-PVT,837REC28,1,0.01,837REC28
BSE,bse_cm,976ABCL28,958433,D,ABCL-9.7600%-4-12-28-PVT,976ABCL28,1,0.01,976ABCL28
BSE,bse_cm,865RIL28,958438,D,RIL-8.65%-11-12-28-PVT,865RIL28,1,0.01,865RIL28
BSE,bse_cm,99EARCL28,958445,D,EARCL-9.9%-8-12-28-PVT,99EARCL28,1,0.01,99EARCL28
BSE,bse_cm,1051SFL28,958447,D,SFL-10.51%-12-12-28-PVT,1051SFL28,1,0.01,1051SFL28
BSE,bse_cm,952PFL28,958463,D,PFL-9.52%-19-12-28-PVT,952PFL28,1,0.01,952PFL28
BSE,bse_cm,851NABAR33,958464,D,NABARD-8.51%-19-12-33-PVT,851NABAR33,1,0.01,851NABAR33
BSE,bse_cm,866HDFCB28,958466,D,HDFCB-8.66%-21-12-28-PVT,866HDFCB28,1,0.01,866HDFCB28
BSE,bse_cm,818NABAR28,958468,D,NABARD-8.18-26-12-28-PVT,818NABAR28,1,0.01,818NABAR28
BSE,bse_cm,860ABL28,958469,D,ABL-8.60%-28-12-28-PVT,860ABL28,1,0.01,860ABL28
BSE,bse_cm,915ABCL28,958487,D,ABCL-9.15%-21-12-28-PVT,915ABCL28,1,0.01,915ABCL28
BSE,bse_cm,844HBL28,958489,D,HBL-8.44%-28-12-28-PVT,844HBL28,1,0.01,844HBL28
BSE,bse_cm,106FEL26,958502,D,FEL-10.6%-31-12-26-PVT,106FEL26,1,0.01,106FEL26
BSE,bse_cm,84IRFC29,958518,D,IRFC-8.4%-8-1-29-PVT,84IRFC29,1,0.01,84IRFC29
BSE,bse_cm,83NTPCL29,958522,D,NTPCL-8.3%-15-1-19-PVT,83NTPCL29,1,0.01,83NTPCL29
BSE,bse_cm,851IREDA29,958523,D,IREDAL-8.51%-3-1-29-PVT,851IREDA29,1,0.01,851IREDA29
BSE,bse_cm,837NHAI29,958531,D,NHAI-8.37%-20-1-29-PVT,837NHAI29,1,0.01,837NHAI29
BSE,bse_cm,2EARCL29,958538,D,EARCL-2%-15-1-29-PVT,2EARCL29,1,0.01,2EARCL29
BSE,bse_cm,836PGCIL29,958539,D,PGCIL-8.36%-6-1-29-PVT,836PGCIL29,1,0.01,836PGCIL29
BSE,bse_cm,88REC29,958540,D,REC-8.80%-22-1-29-PVT,88REC29,1,0.01,88REC29
BSE,bse_cm,91SCL29,958542,D,SCL-9.10%-15-1-29-PVT,91SCL29,1,0.01,91SCL29
BSE,bse_cm,847IREDA29,958551,D,IREDA-8.47%-17-1-29-PVT,847IREDA29,1,0.01,847IREDA29
BSE,bse_cm,829NABAR29,958553,D,NABARD-8.29%-24-1-29-PVT,829NABAR29,1,0.01,829NABAR29
BSE,bse_cm,849NHAI29,958565,D,NHAI-8.49%-5-2-29-PVT,849NHAI29,1,0.01,849NHAI29
BSE,bse_cm,854NABAR34,958568,D,NABARD-8.54%-30-1-34-PVT,854NABAR34,1,0.01,854NABAR34
BSE,bse_cm,838HUDCO29,958569,D,HUDCO-8.38%-30-1-29-PVT,838HUDCO29,1,0.01,838HUDCO29
BSE,bse_cm,955SCPSL29,958575,D,SCPSL-9.55%-29-1-29-PVT,955SCPSL29,1,0.01,955SCPSL29
BSE,bse_cm,824PGCIL29,958587,D,PGCIL-8.24%-14-2-29-PVT,824PGCIL29,1,0.01,824PGCIL29
BSE,bse_cm,858HUDC29A,958588,D,HUDCO-8.58%-14-2-29-PVT,858HUDC29A,1,0.01,858HUDC29A
BSE,bse_cm,875PFCL34,958596,D,PFCL-8.75%-22-2-34-PVT,875PFCL34,1,0.01,875PFCL34
BSE,bse_cm,98359TSL34,958607,D,TSL-9.8359%-1-3-34-PVT,98359TSL34,1,0.01,98359TSL34
BSE,bse_cm,9855IRT3A2,958609,D,IRT-9.855%-A2-10-3-44-PTC,9855IRT3A2,1,0.01,9855IRT3A2
BSE,bse_cm,9855IRT3A3,958610,D,IRT-9.855%-A3-10-3-44-PTC,9855IRT3A3,1,0.01,9855IRT3A3
BSE,bse_cm,9855IRT4A2,958612,D,IRT-9.855%-A2-8-1-44-PTC,9855IRT4A2,1,0.01,9855IRT4A2
BSE,bse_cm,855IRFC29,958613,D,IRFC-8.55%-21-2-29-PVT,855IRFC29,1,0.01,855IRFC29
BSE,bse_cm,92171LTH34,958614,D,LTF-9.2171%-20-2-34-PVT,92171LTH34,1,0.01,92171LTH34
BSE,bse_cm,923IREDA29,958616,D,IREDA-9.23%-22-2-29-PVT,923IREDA29,1,0.01,923IREDA29
BSE,bse_cm,85NABARD29,958618,D,NABARD-8.5%-27-2-29-PVT,85NABARD29,1,0.01,85NABARD29
BSE,bse_cm,10025IRTA2,958625,D,IRT-10.025%-A2-8-1-44-PTC,10025IRTA2,1,0.01,10025IRTA2
BSE,bse_cm,86REC29,958629,D,RECL-8.60%-8-3-29-PVT,86REC29,1,0.01,86REC29
BSE,bse_cm,841HUDCO29,958641,D,HUDCO-8.41%-15-3-29-PVT,841HUDCO29,1,0.01,841HUDCO29
BSE,bse_cm,862NABAR34,958646,D,NABARD-8.62%-14-3-34-PVT,862NABAR34,1,0.01,862NABAR34
BSE,bse_cm,97609PFL29,958647,D,PFL-9.7609%-9-3-29-PVT,97609PFL29,1,0.01,97609PFL29
BSE,bse_cm,837HUDCO29,958655,D,HUDCO-8.37%-25-3-29-PVT,837HUDCO29,1,0.01,837HUDCO29
BSE,bse_cm,835IRFC29,958659,D,IRFC-8.35%-13-3-29-PVT,835IRFC29,1,0.01,835IRFC29
BSE,bse_cm,83REC29,958661,D,RECL-8.3%-25-3-19-PVT,83REC29,1,0.01,83REC29
BSE,bse_cm,91PFCL29,958664,D,PFC-9.1%-23-3-29-PVT,91PFCL29,1,0.01,91PFCL29
BSE,bse_cm,1028NIDO29,958668,D,NIDO-10.28%-18-3-29-PVT,1028NIDO29,1,0.01,1028NIDO29
BSE,bse_cm,827NHAI29,958673,D,NHAI-8.27%-28-3-29-PVT,827NHAI29,1,0.01,827NHAI29
BSE,bse_cm,855HDFCB29,958674,D,HDFCB-8.55%-27-3-2029-PVT,855HDFCB29,1,0.01,855HDFCB29
BSE,bse_cm,897REC29,958675,D,REC-8.97%-28-3-29-PVT,897REC29,1,0.01,897REC29
BSE,bse_cm,8179NHAI49,958680,D,NHAI-8.179%-29-3-49-PVT,8179NHAI49,1,0.01,8179NHAI49
BSE,bse_cm,1083CIFPER,958685,D,CIFCL-10.83%-PERPETUAL-PVT,1083CIFPER,2,0.01,1083CIFPER
BSE,bse_cm,830IRFC29,958692,D,IRFC-8.30%-25-3-29-PVT,830IRFC29,1,0.01,830IRFC29
BSE,bse_cm,898PFCL29,958696,D,PFCL-8.98%-28-3-29-PVT,898PFCL29,1,0.01,898PFCL29
BSE,bse_cm,823IRFC29,958738,D,IRFC-8.23%-29-3-29-PVT,823IRFC29,1,0.01,823IRFC29
BSE,bse_cm,885REC29,958747,D,RECL-8.85%-16-4-29-PVT,885REC29,1,0.01,885REC29
BSE,bse_cm,87929PFC34,958759,D,PFC-8.7929%-29-4-34-PVT,87929PFC34,1,0.01,87929PFC34
BSE,bse_cm,88RECL29,958772,D,RECL-8.80%-14-5-29-PVT,88RECL29,1,0.01,88RECL29
BSE,bse_cm,836NHAI29,958779,D,NHAI-8.36%-20-5-29-PVT,836NHAI29,1,0.01,836NHAI29
BSE,bse_cm,1088CIFPER,958788,D,CIFCL-10.88%-PERPETUAL-PVT,1088CIFPER,2,0.01,1088CIFPER
BSE,bse_cm,9ABCL29,958789,D,ABCL-9%-18-5-29-PVT,9ABCL29,1,0.01,9ABCL29
BSE,bse_cm,885PFCL29,958795,D,PFCL-8.85%-25-5-29-PVT,885PFCL29,1,0.01,885PFCL29
BSE,bse_cm,809NLCIL29,958806,D,NLCIL-8.09%-29-5-29-PVT,809NLCIL29,1,0.01,809NLCIL29
BSE,bse_cm,792NHAI29,958807,D,NHAI-7.92%-6-6-29-PVT,792NHAI29,1,0.01,792NHAI29
BSE,bse_cm,894ABHF29,958811,D,ABHFL-8.94%-08-06-29-PVT,894ABHF29,1,0.01,894ABHF29
BSE,bse_cm,895ABCL29,958814,D,ABCL-8.95%-06-06-29-PVT,895ABCL29,1,0.01,895ABCL29
BSE,bse_cm,912CFSL29,958821,D,CFSL-9.12%-6-6-29-PVT,912CFSL29,1,0.01,912CFSL29
BSE,bse_cm,1164MECL29,958831,D,MECL-11.64%-10-6-29-PVT,1164MECL29,1,0.01,1164MECL29
BSE,bse_cm,885HFSL29,958834,D,HFSL-8.85%-7-6-29-PVT,885HFSL29,1,0.01,885HFSL29
BSE,bse_cm,795IRFC29,958838,D,IRFC-7.95%-12-6-29-PVT,795IRFC29,1,0.01,795IRFC29
BSE,bse_cm,899SCPSL29,958840,D,SCPSL-8.99%-12-6-29-PVT,899SCPSL29,1,0.01,899SCPSL29
BSE,bse_cm,FELXXVIB27,958842,D,FEL-10.15%-XXVIB-18-6-27-PVT,FELXXVIB27,1,0.01,FELXXVIB27
BSE,bse_cm,830REC29,958846,D,RECL-8.30%-25-6-29-PVT,830REC29,1,0.01,830REC29
BSE,bse_cm,780NHAI29,958851,D,NHAI-7.80%-26-6-29-PVT,780NHAI29,1,0.01,780NHAI29
BSE,bse_cm,865ABCL29,958866,D,ABCL-8.65%-4-7-29-PVT,865ABCL29,1,0.01,865ABCL29
BSE,bse_cm,785IRFC34,958875,D,IRFC-7.85%-1-7-34-PVT,785IRFC34,1,0.01,785IRFC34
BSE,bse_cm,732NTPC29,958879,D,NTPC-7.32%-17-7-29-PVT,732NTPC29,1,0.01,732NTPC29
BSE,bse_cm,885CFS29,958884,D,CFS-8.85%-6-7-29-PVT,885CFS29,1,0.01,885CFS29
BSE,bse_cm,975JFCSL29,958887,D,JFCSL-9.75%-18-7-29-PVT,975JFCSL29,1,0.01,975JFCSL29
BSE,bse_cm,2EARC29,958889,D,EARC-2%-22-7-29-PVT,2EARC29,1,0.01,2EARC29
BSE,bse_cm,734PGCIL29,958896,D,PGCIL-7.34%-13-7-29-PVT,734PGCIL29,1,0.01,734PGCIL29
BSE,bse_cm,734PGCIL34,958897,D,PGCIL-7.34%-15-7-34-PVT,734PGCIL34,1,0.01,734PGCIL34
BSE,bse_cm,754IRFC34,958909,D,IRFC-7.54%-29-7-34-PVT,754IRFC34,1,0.01,754IRFC34
BSE,bse_cm,848MMFSL29,958912,D,MMFSL-8.48%-8-8-29-PVT,848MMFSL29,1,0.01,848MMFSL29
BSE,bse_cm,87CFSL29,958913,D,CFSL-8.70%-1-8-29-PVT,87CFSL29,1,0.01,87CFSL29
BSE,bse_cm,1023CGCL29,958916,D,CGCL-10.23%-9-8-29-PVT,1023CGCL29,1,0.01,1023CGCL29
BSE,bse_cm,815PFCL34,958922,D,PFCL-8.15%-8-8-34-PVT,815PFCL34,1,0.01,815PFCL34
BSE,bse_cm,791HDFCB29,958928,D,HDFCB-7.91%-14-8-29-PVT,791HDFCB29,1,0.01,791HDFCB29
BSE,bse_cm,748IRFC29,958938,D,IRFC-7.48%-13-8-29-PVT,748IRFC29,1,0.01,748IRFC29
BSE,bse_cm,818REC34,958944,D,REC-8.18%-22-8-2034-PVT,818REC34,1,0.01,818REC34
BSE,bse_cm,87HDBPERP,958945,D,HDB-8.7%-PERPETUAL-PVT,87HDBPERP,1,0.01,87HDBPERP
BSE,bse_cm,748IRFC34,958954,D,IRFC-7.48%-29-8-34-PVT,748IRFC34,1,0.01,748IRFC34
BSE,bse_cm,1023GHMC29,958963,D,GHMC-10.23%-21-8-29-MB,1023GHMC29,1,0.01,1023GHMC29
BSE,bse_cm,1145MECL29,958968,D,MECL-11.45%-27-8-29-PVT,1145MECL29,1,0.01,1145MECL29
BSE,bse_cm,75IRFC29,958972,D,IRFC-7.50%-9-9-29-PVT,75IRFC29,1,0.01,75IRFC29
BSE,bse_cm,775BOB24,958978,D,BOB-7.75%-11-9-34-PVT,775BOB24,1,0.01,775BOB24
BSE,bse_cm,825PFCL34,958980,D,PFCL-8.25%-6-9-34-PVT,825PFCL34,1,0.01,825PFCL34
BSE,bse_cm,77NHAI29,958981,D,NHAI-7.70%-13-9-29-PVT,77NHAI29,1,0.01,77NHAI29
BSE,bse_cm,829REC34,958982,D,REC LIMITED,829REC34,1,0.01,829REC34
BSE,bse_cm,875THDC29,958989,D,THDCL-8.75%-6-9-29-PVT,875THDC29,1,0.01,875THDC29
BSE,bse_cm,842LTF29,958995,D,LTF-8.42%-24-9-29-PVT,842LTF29,1,0.01,842LTF29
BSE,bse_cm,825REC29,959000,D,RECL-8.25%-26-9-29-PVT,825REC29,1,0.01,825REC29
BSE,bse_cm,90802IOB19,959008,D,IOB-9.0802%-24-9-29-PVT,90802IOB19,1,0.01,90802IOB19
BSE,bse_cm,8IREDA29,959012,D,IREDA-8%-24-9-29-PVT,8IREDA29,1,0.01,8IREDA29
BSE,bse_cm,739AIAH29,959031,D,AIAHL-7.39%-12-10-29-PVT,739AIAH29,1,0.01,739AIAH29
BSE,bse_cm,783NABAR34,959033,D,NABARD-7.83%-17-10-34-PVT,783NABAR34,1,0.01,783NABAR34
BSE,bse_cm,879JSL29,959034,D,JSL-8.79%-18-10-29-PVT,879JSL29,1,0.01,879JSL29
BSE,bse_cm,741IOCL29,959036,D,IOCL-7.41%-22-10-29-PVT,741IOCL29,1,0.01,741IOCL29
BSE,bse_cm,805HDFCB29,959041,D,HDFCB-8.05%-22-10-29-PVT,805HDFCB29,1,0.01,805HDFCB29
BSE,bse_cm,88LTF29,959042,D,LTF-8.80%-25-10-29-PVT,88LTF29,1,0.01,88LTF29
BSE,bse_cm,1285AFSL26,959043,D,AFSL-12.85%-25-10-26-PVT,1285AFSL26,100000,0.01,1285AFSL26
BSE,bse_cm,739AIAH29A,959045,D,AIAHL-7.39%-22-10-29-PVT,739AIAH29A,1,0.01,739AIAH29A
BSE,bse_cm,755IRFC29,959052,D,IRFC-7.55%-6-11-29-PVT,755IRFC29,1,0.01,755IRFC29
BSE,bse_cm,749PGCIL29,959059,D,PGCIL-7.49%-STRPPS B-25-10-29-,749PGCIL29,4,0.01,749PGCIL29
BSE,bse_cm,749PGCIL34,959060,D,PGCIL-7.49%-STRPPSC-25-10-34-P,749PGCIL34,3,0.01,749PGCIL34
BSE,bse_cm,75NABARD34,959078,D,NABARD-7.50%-17-11-34-PVT,75NABARD34,1,0.01,75NABARD34
BSE,bse_cm,87HFSLPERP,959087,D,HFSL-8.70%-PERPETUAL-PVT,87HFSLPERP,1,0.01,87HFSLPERP
BSE,bse_cm,13VRKPL44,959096,D,VRKPL-13%-20-11-44-PVT,13VRKPL44,1,0.01,13VRKPL44
BSE,bse_cm,78NHAI2034,959103,D,7.87%-NHAL-09-12-2034-PVT,78NHAI2034,1,0.01,78NHAI2034
BSE,bse_cm,10CIFPERP,959112,D,CIFCL-10.75%-PERPETUAL-PVT,10CIFPERP,2,0.01,10CIFPERP
BSE,bse_cm,778NABAR34,959119,D,NABARD-7.78%-20-12-2034-PVT,778NABAR34,1,0.01,778NABAR34
BSE,bse_cm,14SHFL2026,959122,D,SHFL-14%-31-12-2026-PVT,14SHFL2026,1,0.01,14SHFL2026
BSE,bse_cm,155SCNL26,959126,D,SCNL-15.50%-31-12-26-PVT,155SCNL26,1,0.01,155SCNL26
BSE,bse_cm,NWFLNIFT26,959134,D,NWFL-NIFTY-28-12-26-PVT,NWFLNIFT26,10,0.01,NWFLNIFT26
BSE,bse_cm,815PNB29,959138,D,PNB-8.15%-26-12-29-PVT,815PNB29,1,0.01,815PNB29
BSE,bse_cm,793PFCL29,959149,D,PFCL-7.93%-31-12-29-PVT,793PFCL29,1,0.01,793PFCL29
BSE,bse_cm,757NABAR35,959153,D,NABARD-7.57%-3-1-35-PVT,757NABAR35,1,0.01,757NABAR35
BSE,bse_cm,789REC30,959155,D,RECL-7.89%-31-3-30-PVT,789REC30,1,0.01,789REC30
BSE,bse_cm,755IRFC30,959159,D,IRFC-7.55%-12-4-30-PVT,755IRFC30,1,0.01,755IRFC30
BSE,bse_cm,738PGCIL30,959160,D,PGCIL-7.38%-12-04-2030-PVT,738PGCIL30,1,0.01,738PGCIL30
BSE,bse_cm,7MRP130120,959162,D,MRPC-7.40%-12-04-2030-PVT,7MRP130120,1,0.01,7MRP130120
BSE,bse_cm,738NHPC27,959191,D,NHPC-7.38%-02-01-27-PVT,738NHPC27,5,0.01,738NHPC27
BSE,bse_cm,738NHPC28,959192,D,NHPC-7.38%-03-01-28-PVT,738NHPC28,5,0.01,738NHPC28
BSE,bse_cm,738NHPC29,959193,D,NHPC-7.38%-03-01-29-PVT,738NHPC29,5,0.01,738NHPC29
BSE,bse_cm,73NHPCL20,959194,D,NHPC-7.38%-03-01-30-PVT,73NHPCL20,5,0.01,73NHPCL20
BSE,bse_cm,8LTF0820,959196,D,LTF-8.75%-08-01-27-PVT,8LTF0820,1,0.01,8LTF0820
BSE,bse_cm,784BOB35,959198,D,BOB-7.84%-15-1-35-PVT,784BOB35,1,0.01,784BOB35
BSE,bse_cm,8.9JSWSL30,959205,D,JSWSL-8.90%-22-1-30-PVT,8.9JSWSL30,1,0.01,8.9JSWSL30
BSE,bse_cm,786PFCL30,959206,D,PFCL-7.86%-12-4-30-PVT,786PFCL30,1,0.01,786PFCL30
BSE,bse_cm,815ABCL30,959208,D,ABCL-8.15%-18-1-30-PVT,815ABCL30,1,0.01,815ABCL30
BSE,bse_cm,754NHAI30,959210,D,NHAI-7.54%-27-1-30-PVT,754NHAI30,1,0.01,754NHAI30
BSE,bse_cm,9MRHFL30,959211,D,MRHFL-9%-21-01-30-PVT,9MRHFL30,1,0.01,9MRHFL30
BSE,bse_cm,7REC30,959213,D,RECL-7.92%-31-03-2030-PVT,7REC30,1,0.01,7REC30
BSE,bse_cm,8LTF20,959216,D,LTF-8.55%-28-01-2030-PVT,8LTF20,1,0.01,8LTF20
BSE,bse_cm,790BFL30,959225,D,BFL-7.90%-10-1-30-PVT,790BFL30,1,0.01,790BFL30
BSE,bse_cm,765ABL27,959227,D,ABL-7.65%-30-01-27-PVT,765ABL27,1,0.01,765ABL27
BSE,bse_cm,7NABARD30,959228,D,NABARD-7.43%-31-01-30-PVT,7NABARD30,1,0.01,7NABARD30
BSE,bse_cm,8BHFL35,959229,D,BHFL-8%-7-2-35-PVT.,8BHFL35,1,0.01,8BHFL35
BSE,bse_cm,EARCL31120,959230,D,EARCL-NIFTY-24-1-30-PVT,EARCL31120,10,0.01,EARCL31120
BSE,bse_cm,736NLCIL30,959237,D,NLCIL-7.36%-25-1-30-PVT,736NLCIL30,1,0.01,736NLCIL30
BSE,bse_cm,775MRPL30,959250,D,MRPL-7.75%-29-01-30-PVT,775MRPL30,1,0.01,775MRPL30
BSE,bse_cm,727NABAR30,959275,D,NABARD-7.27%-14-2-30-PVT,727NABAR30,1,0.01,727NABAR30
BSE,bse_cm,713NHPCL27,959285,D,NHPCL-7.13%-11-2-27-PVT,713NHPCL27,5,0.01,713NHPCL27
BSE,bse_cm,713NHPCL28,959286,D,NHPC-7.13%-11-2-28-PVT,713NHPCL28,5,0.01,713NHPCL28
BSE,bse_cm,713NHPCL29,959287,D,NHPCL-7.13%-9-2-29-PVT,713NHPCL29,5,0.01,713NHPCL29
BSE,bse_cm,713NHPCL30,959288,D,NHPCL-7.13%-11-2-30-PVT,713NHPCL30,5,0.01,713NHPCL30
BSE,bse_cm,727NHAI35,959296,D,NHAI-7.27%-24-2-35-PVT,727NHAI35,1,0.01,727NHAI35
BSE,bse_cm,741PFCL30,959298,D,PFCL-7.41%-25-2-30-PVT,741PFCL30,1,0.01,741PFCL30
BSE,bse_cm,76BFL30,959307,D,BFL-7.60%-11-02-30-PVT,76BFL30,1,0.01,76BFL30
BSE,bse_cm,74HDFCB30,959308,D,HDFCB-7.40%-28-02-30-PVT,74HDFCB30,1,0.01,74HDFCB30
BSE,bse_cm,92VAML30,959311,D,VAML-9.20%-25-2-30-PVT,92VAML30,1,0.01,92VAML30
BSE,bse_cm,714REC30,959313,D,RECL-7.14%-2-3-30-PVT,714REC30,1,0.01,714REC30
BSE,bse_cm,85TMCV26,959315,D,TMCV-8.50%-30-12-26-PVT,85TMCV26,1,0.01,85TMCV26
BSE,bse_cm,85TMCV27,959316,D,TMCV8.50%-29-1-27-PVT,85TMCV27,1,0.01,85TMCV27
BSE,bse_cm,11MECL30,959320,D,MECL-11.45%-13-02-30-PVT,11MECL30,1,0.01,11MECL30
BSE,bse_cm,708IRFC30,959321,D,IRFC-7.08%-28-2-30-PVT,708IRFC30,1,0.01,708IRFC30
BSE,bse_cm,775MMFS30,959325,D,MMFSL-7.75%-05-03-20-PVT,775MMFS30,1,0.01,775MMFS30
BSE,bse_cm,741PFCL30A,959338,D,PFCL-7.41%-15-5-30-PVT,741PFCL30A,1,0.01,741PFCL30A
BSE,bse_cm,75REC30,959339,D,RECL-7.50%-28-2-30-PVT,75REC30,1,0.01,75REC30
BSE,bse_cm,74IREDA30,959352,D,IREDA-7.40%-3-3-30-PVT,74IREDA30,1,0.01,74IREDA30
BSE,bse_cm,77BHFL35,959353,D,BHFL-7.70%-9-3-35-PVT,77BHFL35,1,0.01,77BHFL35
BSE,bse_cm,703HPCL30,959354,D,HPCL-7.03%-12-4-30-PVT,703HPCL30,1,0.01,703HPCL30
BSE,bse_cm,6NABARD30,959355,D,NABARD-6.87%-8-3-30-PVT,6NABARD30,1,0.01,6NABARD30
BSE,bse_cm,752NHAI36,959369,D,NHAI-7.52%-19-3-36-PVT,752NHAI36,1,0.01,752NHAI36
BSE,bse_cm,689NHPCL27,959379,D,NHPCL-6.89%-11-3-27-PVT,689NHPCL27,5,0.01,689NHPCL27
BSE,bse_cm,689NHPCL28,959380,D,NHPCL-6.89%-10-3-28-PVT,689NHPCL28,5,0.01,689NHPCL28
BSE,bse_cm,689NHPCL29,959381,D,NHPCL-6.89%-9-3-29-PVT,689NHPCL29,5,0.01,689NHPCL29
BSE,bse_cm,689NHPCL30,959382,D,NHPCL-6.89%-11-3-30-PVT,689NHPCL30,5,0.01,689NHPCL30
BSE,bse_cm,825REC30,959386,D,RECL-8.25%-26-3-30-PVT,825REC30,1,0.01,825REC30
BSE,bse_cm,782NHAI35,959398,D,NHAI-7.82%-30-3-35-PVT,782NHAI35,1,0.01,782NHAI35
BSE,bse_cm,1425EPDP30,959411,D,EPDPL-14.25%-2-3-30-PVT,1425EPDP30,1,0.01,1425EPDP30
BSE,bse_cm,15EPDPL30,959412,D,EPDPL-15%-2-3-30-PVT,15EPDPL30,1,0.01,15EPDPL30
BSE,bse_cm,735NHAI30,959431,D,NHAI-7.35%-28-4-30-PVT,735NHAI30,1,0.01,735NHAI30
BSE,bse_cm,85APSEZ30,959432,D,APSEZL-8.50%-12-4-30-PVT,85APSEZ30,1,0.01,85APSEZ30
BSE,bse_cm,68NHPCL27,959457,D,NHPC Limited,68NHPCL27,5,0.01,68NHPCL27
BSE,bse_cm,68NHPCL28,959458,D,NHPC Limited,68NHPCL28,5,0.01,68NHPCL28
BSE,bse_cm,68NHPCL29,959459,D,NHPC Limited,68NHPCL29,5,0.01,68NHPCL29
BSE,bse_cm,68NHPCL30,959460,D,NHPC Limited,68NHPCL30,5,0.01,68NHPCL30
BSE,bse_cm,755REC30,959461,D,RECL-7.55%-11-5-30-PVT,755REC30,1,0.01,755REC30
BSE,bse_cm,74PFCL30,959473,D,PFCL-7.40%-8-5-30-PVT,74PFCL30,1,0.01,74PFCL30
BSE,bse_cm,768PFCL30,959478,D,PFCL-7.68%-15-7-30-PVT,768PFCL30,1,0.01,768PFCL30
BSE,bse_cm,774IREDA30,959484,D,IREDA-7.74%-8-5-30-PVT,774IREDA30,1,0.01,774IREDA30
BSE,bse_cm,779REC30,959489,D,RECL7.79%-21-5-30-PVT,779REC30,1,0.01,779REC30
BSE,bse_cm,8IHFCL30,959496,D,IHFCL-8%-24-5-30-PVT,8IHFCL30,2,0.01,8IHFCL30
BSE,bse_cm,779PFCL30,959502,D,PFCL-7.79%-22-7-30-PVT,779PFCL30,1,0.01,779PFCL30
BSE,bse_cm,665NABAR35,959507,D,NABARD-6.65%-25-5-35-PVT,665NABAR35,1,0.01,665NABAR35
BSE,bse_cm,675HUDCO30,959516,D,HUDCO-6.75%-29-5-30-PVT,675HUDCO30,1,0.01,675HUDCO30
BSE,bse_cm,796REC30,959537,D,REC-7.96%-15-6-30-PVT,796REC30,1,0.01,796REC30
BSE,bse_cm,802IHFCL30,959550,D,IHFCL-8.02%-10-6-30-PVT,802IHFCL30,2,0.01,802IHFCL30
BSE,bse_cm,755NEEPC28,959552,D,NEEPCO-7.55%-10-6-28-PVT,755NEEPC28,1,0.01,755NEEPC28
BSE,bse_cm,69IRFC35,959566,D,IRFC-6.90%-5-6-35-PVT,69IRFC35,1,0.01,69IRFC35
BSE,bse_cm,83LTF30,959570,D,LTF-8.30%-10-6-30-PVT,83LTF30,1,0.01,83LTF30
BSE,bse_cm,775PFCL30,959572,D,PFC-B-7.75%-11-6-30-PVT,775PFCL30,1,0.01,775PFCL30
BSE,bse_cm,725HDFCB30,959581,D,HDFCB-7.25%-17-6-30-PVT,725HDFCB30,1,0.01,725HDFCB30
BSE,bse_cm,679NABAR35,959637,D,NABARD-6.79%-25-6-35-PVT,679NABAR35,1,0.01,679NABAR35
BSE,bse_cm,81LTF30,959666,D,LTF-8.1%-28-6-30-PVT,81LTF30,1,0.01,81LTF30
BSE,bse_cm,698NHAI35,959681,D,NHAI-6.98%-29-6-35-PVT,698NHAI35,1,0.01,698NHAI35
BSE,bse_cm,673IRFC35,959712,D,IRFC-6.73%-6-7-35-PVT,673IRFC35,1,0.01,673IRFC35
BSE,bse_cm,95MFL30,959735,D,MFL-9.5%-9-7-30-PVT,95MFL30,1,0.01,95MFL30
BSE,bse_cm,857IIL30,959754,D,IIL-8.57%-15-7-30-PVT,857IIL30,1,0.01,857IIL30
BSE,bse_cm,815LTF30,959780,D,LTF-8.15%-19-7-30-PVT,815LTF30,1,0.01,815LTF30
BSE,bse_cm,641IRFC31,959790,D,IRFC-6.41%-11-4-31-PVT,641IRFC31,1,0.01,641IRFC31
BSE,bse_cm,69REC31,959795,D,RECL-6.90%-31-3-31-PVT,69REC31,1,0.01,69REC31
BSE,bse_cm,629NTPC31,959799,D,NTPC-6.29%-11-4-31-PVT,629NTPC31,1,0.01,629NTPC31
BSE,bse_cm,688PFCL31,959820,D,PFCL-6.88%-11-04-31-PVT,688PFCL31,1,0.01,688PFCL31
BSE,bse_cm,628PGCIL31,959825,D,PGCIL-6.28%-11-4-31-PVT,628PGCIL31,1,0.01,628PGCIL31
BSE,bse_cm,719THDC30,959827,D,THDCIL-7.19%-24-7-30-PVT,719THDC30,1,0.01,719THDC30
BSE,bse_cm,65NHAI31,959831,D,NHAI-6.50%-11-4-31-PVT,65NHAI31,1,0.01,65NHAI31
BSE,bse_cm,645NABAR31,959839,D,NABARD-6.45%-11-4-31-PVT,645NABAR31,1,0.01,645NABAR31
BSE,bse_cm,757ABC35,959863,D,ABCL-7.57%-3-8-35-PVT,757ABC35,1,0.01,757ABC35
BSE,bse_cm,64ONGC31,959881,D,ONGC-6.4%-11-4-31-PVT,64ONGC31,1,0.01,64ONGC31
BSE,bse_cm,705PFC30,959894,D,PFCL-7.05%-9-8-30-PVT,705PFC30,1,0.01,705PFC30
BSE,bse_cm,720PFC35,959895,D,PFCL-7.20%-10-8-35-PVT,720PFC35,1,0.01,720PFC35
BSE,bse_cm,680SBI35,959916,D,SBI-6.80%-21-8-35-PVT,680SBI35,1,0.01,680SBI35
BSE,bse_cm,725BFL30,959942,D,BFL-7.25%-27-8-30-PVT,725BFL30,1,0.01,725BFL30
BSE,bse_cm,725REC30,959947,D,RECL-7.25%-30-9-23-PVT,725REC30,1,0.01,725REC30
BSE,bse_cm,714NHAI40,959978,D,NHAI-7.14%-10-9-40-PVT,714NHAI40,1,0.01,714NHAI40
BSE,bse_cm,766LTF30,959993,D,LTF-7.66%-9-9-30-PVT,766LTF30,1,0.01,766LTF30
BSE,bse_cm,704PFCL30,960004,D,PFCL-7.04%-16-12-30-PVT,704PFCL30,1,0.01,704PFCL30
BSE,bse_cm,1250SSFB27,960033,D,SSFBL-12.50%-7-4-27-PVT,1250SSFB27,1,0.01,1250SSFB27
BSE,bse_cm,679BSNL30,960039,D,BSNL-6.79%-23-9-30-PVT,679BSNL30,1,0.01,679BSNL30
BSE,bse_cm,734PFCL35,960065,D,PFCL-7.34%-29-9-35-PVT,734PFCL35,1,0.01,734PFCL35
BSE,bse_cm,77KFC26,960070,D,KFC-7.7%-STRPA-14-9-26-PVT,77KFC26,5,0.01,77KFC26
BSE,bse_cm,77KFC27,960072,D,KFC-7.7%-STRPB-14-9-27-PVT,77KFC27,5,0.01,77KFC27
BSE,bse_cm,77KFC28,960073,D,KFC-7.7%-STRPC-14-9-28-PVT,77KFC28,5,0.01,77KFC28
BSE,bse_cm,77KFC29,960075,D,KFC-7.7%-STRPD-14-9-29-PVT,77KFC29,5,0.01,77KFC29
BSE,bse_cm,77KFC30,960076,D,KFC-7.7%-STRPE-14-9-30-PVT,77KFC30,5,0.01,77KFC30
BSE,bse_cm,145BML27,960082,D,BML-14.5%-30-9-27-PVT,145BML27,1,0.01,145BML27
BSE,bse_cm,990FFSL27,960116,D,FFSL-9.90%-30-9-27-PVT,990FFSL27,1,0.01,990FFSL27
BSE,bse_cm,705MTNL30,960121,D,MTNL-7.05%-11-10-30-PVT,705MTNL30,1,0.01,705MTNL30
BSE,bse_cm,81LTF31,960149,D,LTF-8.1%-CSTRPPS1-21-10-31-PVT,81LTF31,5,0.01,81LTF31
BSE,bse_cm,81LTF32,960150,D,LTF-8.1%-CSTRPPS2-31-10-32-PVT,81LTF32,5,0.01,81LTF32
BSE,bse_cm,81LTF33,960151,D,LTF-8.1%-CSTRPPS3-21-10-33-PVT,81LTF33,5,0.01,81LTF33
BSE,bse_cm,81LTF34,960152,D,LTF-8.10%-CSTRPPS4-21-10-34-PV,81LTF34,5,0.01,81LTF34
BSE,bse_cm,81LTF35,960153,D,LTF-8.1%-CSTRPPS5-19-10-35-PVT,81LTF35,5,0.01,81LTF35
BSE,bse_cm,680REC30,960159,D,RECL-6.80%-20-12-30-PVT,680REC30,1,0.01,680REC30
BSE,bse_cm,932PFL30,960167,D,PFL-9.32%-1-11-30-PVT,932PFL30,1,0.01,932PFL30
BSE,bse_cm,93CIFC30,960168,D,CIFC-9.3%-4-11-30-PVT,93CIFC30,2,0.01,93CIFC30
BSE,bse_cm,920JMCSL30,960169,D,JMFCSL-9.20%-1-11-30-PVT,920JMCSL30,1,0.01,920JMCSL30
BSE,bse_cm,9SFL30,960174,D,SFL-9%-29-10-30-PVT,9SFL30,1,0.01,9SFL30
BSE,bse_cm,735HDBFS30,960175,D,HDBFSL-7.35%-1-11-30-PVT,735HDBFS30,1,0.01,735HDBFS30
BSE,bse_cm,685IRFC40,960177,D,IRFC-6.85%-29-10-40-PVT,685IRFC40,1,0.01,685IRFC40
BSE,bse_cm,75IHFCL30,960183,D,IHFCL-7.5%-8-11-30-PVT,75IHFCL30,2,0.01,75IHFCL30
BSE,bse_cm,710PNB35,960185,D,PNB-7.10%-9-11-35-PVT,710PNB35,1,0.01,710PNB35
BSE,bse_cm,7LKCPL26,960212,D,LKCPL-7.00%-26-10-26-PVT,7LKCPL26,1,0.01,7LKCPL26
BSE,bse_cm,7CFSL27,960221,D,CCFSL-7.00%-12-11-27-PVT,7CFSL27,1,0.01,7CFSL27
BSE,bse_cm,707IHF30,960226,D,IHF-7.07%-20-11-30-PVT,707IHF30,2,0.01,707IHF30
BSE,bse_cm,659NABAR35,960232,D,NABARD-6.59%-12-11-35-PVT,659NABAR35,1,0.01,659NABAR35
BSE,bse_cm,795LTF31,960240,D,LTF-7.95%-DSTRPPS1-25-11-31-PV,795LTF31,5,0.01,795LTF31
BSE,bse_cm,795LTF32,960241,D,LTF-7.95%-DSTRPPS2-25-11-32-PV,795LTF32,5,0.01,795LTF32
BSE,bse_cm,795LTF33,960242,D,LTF-7.95%-DSTRPPS3-25-11-33-PV,795LTF33,5,0.01,795LTF33
BSE,bse_cm,795LTF34,960243,D,LTF-7.95%-DSTRPPS4-24-11-34-PV,795LTF34,5,0.01,795LTF34
BSE,bse_cm,795LTF35,960244,D,LTF-7.95%-DSTRPPS5-23-11-35-PV,795LTF35,5,0.01,795LTF35
BSE,bse_cm,642NABAR30,960248,D,NABARD-6.42%-25-11-30-PVT,642NABAR30,1,0.01,642NABAR30
BSE,bse_cm,694NHAI37,960255,D,NHAI-6.94%-27-11-2037-PVT,694NHAI37,1,0.01,694NHAI37
BSE,bse_cm,685IRFCL40,960256,D,IRFC-6.85%-1-12-40-PVT,685IRFCL40,1,0.01,685IRFCL40
BSE,bse_cm,975TCAPPER,960265,D,TCAP-9.75%-PERP,975TCAPPER,1,0.01,975TCAPPER
BSE,bse_cm,865JMFPL30,960267,D,JMFPL-8.65%-3-12-30-PVT,865JMFPL30,1,0.01,865JMFPL30
BSE,bse_cm,7LKCP26B,960281,D,LKCPL-7%-26-10-26-PVT,7LKCP26B,1,0.01,7LKCP26B
BSE,bse_cm,765IHFCL35,960282,D,IFHCL-7.65%-10-12-35-PVT,765IHFCL35,2,0.01,765IHFCL35
BSE,bse_cm,960THFL30,960301,D,THFL-9.6%-11-12-30-PVT,960THFL30,1,0.01,960THFL30
BSE,bse_cm,775BOM30,960309,D,BOM-7.75%-13-12-30-PVT,775BOM30,1,0.01,775BOM30
BSE,bse_cm,69REC31A,960312,D,REC-6.9%-31-1-31-PVT,69REC31A,1,0.01,69REC31A
BSE,bse_cm,79MRHFL30,960323,D,MRHFL-7.9%-16-12-30-PVT,79MRHFL30,1,0.01,79MRHFL30
BSE,bse_cm,685MTNL30,960337,D,MTNL-6.85%-20-12-30-PVT,685MTNL30,1,0.01,685MTNL30
BSE,bse_cm,96TCAPPERP,960338,D,TCAP-9.6%-PERP,96TCAPPERP,1,0.01,96TCAPPERP
BSE,bse_cm,1101MECL30,960349,D,MECL-11.01%-20-12-30-PVT,1101MECL30,1,0.01,1101MECL30
BSE,bse_cm,692BFL30,960353,D,BFL-6.92%-24-12-30-PVT,692BFL30,1,0.01,692BFL30
BSE,bse_cm,743ABCL30,960364,D,ABCL-7.43%-27-12-30-PVT,743ABCL30,1,0.01,743ABCL30
BSE,bse_cm,694NHAI36,960366,D,NHAI-6.94%-30-12-36-PVT,694NHAI36,1,0.01,694NHAI36
BSE,bse_cm,649NABAR30,960371,D,NABARD-6.49%-30-12-30-PVT,649NABAR30,1,0.01,649NABAR30
BSE,bse_cm,665NABA35A,960372,D,NBARD-6.65%-28-12-35-PVT,665NABA35A,1,0.01,665NABA35A
BSE,bse_cm,762LTF30,960379,D,LTF-7.62%-30-12-30-PVT,762LTF30,1,0.01,762LTF30
BSE,bse_cm,TFSRIRR27,960399,D,TFSRL-IRR-31-12-27-PVT,TFSRIRR27,1,0.01,TFSRIRR27
BSE,bse_cm,645REC31,960403,D,REC-6.45%-7-1-31-PVT,645REC31,1,0.01,645REC31
BSE,bse_cm,683HDFCB31,960405,D,HDFCB-6.83%-8-1-31-PVT,683HDFCB31,1,0.01,683HDFCB31
BSE,bse_cm,1101MECL31,960410,D,MECL-11.01%-10-1-31-PVT,1101MECL31,1,0.01,1101MECL31
BSE,bse_cm,743ABHF31,960416,D,ABHFL-7.43%-15-1-31-PVT,743ABHF31,1,0.01,743ABHF31
BSE,bse_cm,1101MEC31A,960420,D,MECL-11.01%-14-1-31-PVT,1101MEC31A,1,0.01,1101MEC31A
BSE,bse_cm,942THFL31,960422,D,THFL-9.42%-15-1-31-PVT,942THFL31,1,0.01,942THFL31
BSE,bse_cm,955TCAPPER,960424,D,TCAP-9.55%-PERPETUL,955TCAPPER,1,0.01,955TCAPPER
BSE,bse_cm,745THDC31,960426,D,THDCIL-7.45%-20-1-31-PVT,745THDC31,1,0.01,745THDC31
BSE,bse_cm,797RECPER,960428,D,RECL-7.97%-PERPETUAL-PVT,797RECPER,1,0.01,797RECPER
BSE,bse_cm,643NTPC31,960431,D,NTPCL-6.43%-27-1-31-PVT,643NTPC31,1,0.01,643NTPC31
BSE,bse_cm,857MFL28,960436,D,MFL-8.57%-28-1-28-PVT,857MFL28,1,0.01,857MFL28
BSE,bse_cm,702REC36,960437,D,REC-7.02%-31-1-36-PVT,702REC36,1,0.01,702REC36
BSE,bse_cm,663REC31,960438,D,REC-6.63%-28-1-31-PVT,663REC31,1,0.01,663REC31
BSE,bse_cm,1522RSOT61,960448,D,RSOT-15.22%-22-3-61-PTC,1522RSOT61,1000,0.01,1522RSOT61
BSE,bse_cm,81RSOTB61,960449,D,RSOT-8.1%-22-3-61-PTC,81RSOTB61,1000,0.01,81RSOTB61
BSE,bse_cm,AFINIF24A,960454,D,AFIL-NIFTY-7-1-27,AFINIF24A,10,0.01,AFINIF24A
BSE,bse_cm,12VITPPL31,960461,D,VITPPL-12%-5-2-31-PVT,12VITPPL31,10000,0.01,12VITPPL31
BSE,bse_cm,925SFL30,960462,D,SFL-9.25%-8-2-30-PVT,925SFL30,1,0.01,925SFL30
BSE,bse_cm,95SFL31,960463,D,SFL-9.50%-7-2-31-PVT,95SFL31,1,0.01,95SFL31
BSE,bse_cm,8BOM31,960467,D,BOM-8%-11-2-311-TIERII-PVT,8BOM31,10,0.01,8BOM31
BSE,bse_cm,875JFP31,960469,D,JFP-8.75%-12-2-31-PVT,875JFP31,1,0.01,875JFP31
BSE,bse_cm,745AFL31,960477,D,AFL-7.45%-14-2-31-PVT,745AFL31,1,0.01,745AFL31
BSE,bse_cm,686NHPC27,960478,D,NHPC-6.86%-12-2-27-PVT,686NHPC27,10,0.01,686NHPC27
BSE,bse_cm,686NHPC28,960479,D,NHPCL-6.86%-11-2-28-PVT,686NHPC28,10,0.01,686NHPC28
BSE,bse_cm,686NHPC29,960480,D,NHPCL-6.86%-12-2-29-PVT,686NHPC29,10,0.01,686NHPC29
BSE,bse_cm,686NHPC30,960481,D,NHPCL-6.86%-12-2-30-PVT,686NHPC30,10,0.01,686NHPC30
BSE,bse_cm,686NHPC31,960482,D,NHPCL-6.86%-12-2-31-PVT,686NHPC31,10,0.01,686NHPC31
BSE,bse_cm,686NHPC32,960483,D,NHPCL-6.86%-12-2-32-PVT,686NHPC32,10,0.01,686NHPC32
BSE,bse_cm,686NHPC33,960484,D,NHPCL-6.86%-11-2-33-PVT,686NHPC33,10,0.01,686NHPC33
BSE,bse_cm,686NHPC34,960485,D,NHPCL-6.86%-10-2-34-PVT,686NHPC34,10,0.01,686NHPC34
BSE,bse_cm,686NHPC35,960486,D,NHPCL-6.86%-12-2-35-PVT,686NHPC35,10,0.01,686NHPC35
BSE,bse_cm,686NHPC36,960487,D,NHPCL-6.86%-12-2-36-PVT,686NHPC36,10,0.01,686NHPC36
BSE,bse_cm,975HLFL26,960489,D,HLFL-9.75%-18-8-26-PVT,975HLFL26,1,0.01,975HLFL26
BSE,bse_cm,724ABCL30,960492,D,ABCL-7.24%-18-2-31-PVT,724ABCL30,1,0.01,724ABCL30
BSE,bse_cm,1096MECL31,960495,D,MECL-10.96%-17-2-31-PVT,1096MECL31,1,0.01,1096MECL31
BSE,bse_cm,PFCBT1S3,961717,D,PFCBT1S3,PFCBT1S3,1,0.01,PFCBT1S3
BSE,bse_cm,PFCBT1S4,961718,D,PFCBT1S4,PFCBT1S4,1,0.01,PFCBT1S4
BSE,bse_cm,830NHAI27,961728,D,830NHAI27,830NHAI27,1,0.01,830NHAI27
BSE,bse_cm,830PFCL27,961730,D,830PFC2027,830PFCL27,1,0.01,830PFCL27
BSE,bse_cm,810IRFC27,961732,D,810IRFC2327,810IRFC27,1,0.01,810IRFC27
BSE,bse_cm,82HUDCO27,961734,D,HUDCO050327,82HUDCO27,1,0.01,82HUDCO27
BSE,bse_cm,812REC27,961744,D,812REC27,812REC27,1,0.01,812REC27
BSE,bse_cm,738REC27TF,961749,D,738REC27TF,738REC27TF,1,0.01,738REC27TF
BSE,bse_cm,736PFCL28,961751,D,736PFC2028,736PFCL28,1,0.01,736PFCL28
BSE,bse_cm,736IIFCL28,961753,D,736IIFCL28,736IIFCL28,1,0.01,736IIFCL28
BSE,bse_cm,740IIFCL33,961754,D,740IIFCL33,740IIFCL33,1,0.01,740IIFCL33
BSE,bse_cm,734IRFC28,961756,D,734IRFC2028,734IRFC28,1,0.01,734IRFC28
BSE,bse_cm,704IRFC28,961758,D,704IRFC2028,704IRFC28,1,0.01,704IRFC28
BSE,bse_cm,704REC28,961760,D,704REC2028,704REC28,1,0.01,704REC28
BSE,bse_cm,717KPL28,961763,D,717KPL2028,717KPL28,1,0.01,717KPL28
BSE,bse_cm,751HUDCO28,961765,D,751HUDCO28,751HUDCO28,1,0.01,751HUDCO28
BSE,bse_cm,719HUDCO28,961767,D,719HUDCO28,719HUDCO28,1,0.01,719HUDCO28
BSE,bse_cm,702IIFCL28,961770,D,702IIFCL28,702IIFCL28,1,0.01,702IIFCL28
BSE,bse_cm,708IIFCL33,961771,D,708IIFCL33,708IIFCL33,1,0.01,708IIFCL33
BSE,bse_cm,704PFCL28,961773,D,704PFC2028,704PFCL28,1,0.01,704PFCL28
BSE,bse_cm,846REC28,961776,D,846REC28,846REC28,1,0.01,846REC28
BSE,bse_cm,837REC33,961777,D,837REC33,837REC33,1,0.01,837REC33
BSE,bse_cm,871REC28,961779,D,871REC28,871REC28,1,0.01,871REC28
BSE,bse_cm,862REC33,961780,D,862REC33,862REC33,1,0.01,862REC33
BSE,bse_cm,851HUDCO28,961782,D,851HUDCO28,851HUDCO28,1,0.01,851HUDCO28
BSE,bse_cm,849HUDCO33,961783,D,849HUDCO33,849HUDCO33,1,0.01,849HUDCO33
BSE,bse_cm,876HUDCO28,961785,D,876HUDCO28,876HUDCO28,1,0.01,876HUDCO28
BSE,bse_cm,874HUDCO33,961786,D,874HUDCO33,874HUDCO33,1,0.01,874HUDCO33
BSE,bse_cm,854NHPC28,961788,D,854NHPC28,854NHPC28,1,0.01,854NHPC28
BSE,bse_cm,867NHPC33,961789,D,867NHPC33,867NHPC33,1,0.01,867NHPC33
BSE,bse_cm,879NHPC28,961791,D,879NHPC28,879NHPC28,1,0.01,879NHPC28
BSE,bse_cm,892NHPC33,961792,D,892NHPC33,892NHPC33,1,0.01,892NHPC33
BSE,bse_cm,838IIFCL28,961795,D,838IIFCL28,838IIFCL28,1,0.01,838IIFCL28
BSE,bse_cm,863IIFCL28,961796,D,863IIFCL28,863IIFCL28,1,0.01,863IIFCL28
BSE,bse_cm,850IIFCL33,961797,D,850IIFCL33,850IIFCL33,1,0.01,850IIFCL33
BSE,bse_cm,875IIFCL33,961798,D,875IIFCL33,875IIFCL33,1,0.01,875IIFCL33
BSE,bse_cm,854PFCL28,961800,D,854PFC28,854PFCL28,1,0.01,854PFCL28
BSE,bse_cm,867PFCL33,961801,D,867PFC33,867PFCL33,1,0.01,867PFCL33
BSE,bse_cm,879PFCL28,961803,D,879PFC28,879PFCL28,1,0.01,879PFCL28
BSE,bse_cm,892PFCL33,961804,D,892PFC33,892PFCL33,1,0.01,892PFCL33
BSE,bse_cm,848NTPC28,961806,D,848NTPC28,848NTPC28,1,0.01,848NTPC28
BSE,bse_cm,866NTPC33,961807,D,866NTPC33,866NTPC33,1,0.01,866NTPC33
BSE,bse_cm,873NTPC28,961809,D,873NTPC28,873NTPC28,1,0.01,873NTPC28
BSE,bse_cm,891NTPC33,961810,D,891NTPC33,891NTPC33,1,0.01,891NTPC33
BSE,bse_cm,858HUDCO29,961812,D,858HUDCO29,858HUDCO29,1,0.01,858HUDCO29
BSE,bse_cm,876HUDCO34,961813,D,876HUDCO34,876HUDCO34,1,0.01,876HUDCO34
BSE,bse_cm,883HUDCO29,961815,D,883HUDCO29,883HUDCO29,1,0.01,883HUDCO29
BSE,bse_cm,901HUDCO34,961816,D,901HUDCO34,901HUDCO34,1,0.01,901HUDCO34
BSE,bse_cm,848IIFC29A,961818,D,848IIFCL29B,848IIFC29A,1,0.01,848IIFC29A
BSE,bse_cm,866IIFC34B,961819,D,866IIFCL34D,866IIFC34B,1,0.01,866IIFC34B
BSE,bse_cm,873IIFC29D,961821,D,873IIFCL29C,873IIFC29D,1,0.01,873IIFC29D
BSE,bse_cm,891IIFCL34,961822,D,891IIFCL34,891IIFCL34,1,0.01,891IIFCL34
BSE,bse_cm,850NHAI29,961825,D,NHAI-8.5%-5-2-29-NCD,850NHAI29,1,0.01,850NHAI29
BSE,bse_cm,875NHAI29,961826,D,NHAI-8.75%-5-2-29-NCD,875NHAI29,1,0.01,875NHAI29
BSE,bse_cm,840IRFC29,961828,D,IRFC-8.40%-18-2-29-NCD,840IRFC29,1,0.01,840IRFC29
BSE,bse_cm,865IRFC29,961830,D,IRFC-8.65%-18-2-29-NCD,865IRFC29,1,0.01,865IRFC29
BSE,bse_cm,855IREDA29,961833,D,IREDA-8.55%-13-03-29-BOND,855IREDA29,1,0.01,855IREDA29
BSE,bse_cm,855IREDA34,961835,D,IREDA-8.55%-13-03-34-BOND,855IREDA34,1,0.01,855IREDA34
BSE,bse_cm,880IREDA29,961839,D,IREDA-8.80%-13-03-29-BOND,880IREDA29,1,0.01,880IREDA29
BSE,bse_cm,880IREDA34,961841,D,IREDA-8.80%-13-03-34-BOND,880IREDA34,1,0.01,880IREDA34
BSE,bse_cm,875KPL29,961845,D,KPL-8.75%-25-3-29-TFBOND,875KPL29,1,0.01,875KPL29
BSE,bse_cm,875KPL34,961847,D,KPL-8.75%-25-3-34-TFBOND,875KPL34,1,0.01,875KPL34
BSE,bse_cm,900KPL29,961851,D,KPL-9%-25-3-29-TFBOND,900KPL29,1,0.01,900KPL29
BSE,bse_cm,900KPL34,961853,D,KPL-9%-25-3-34-TFBOND,900KPL34,1,0.01,900KPL34
BSE,bse_cm,873HUDCO29,961857,D,HUDCO-8.73%-24-3-29-TFBOND,873HUDCO29,1,0.01,873HUDCO29
BSE,bse_cm,871HUDCO34,961859,D,HUDCO-8.71%-24-3-34-TFBOND,871HUDCO34,1,0.01,871HUDCO34
BSE,bse_cm,898HUDCO29,961863,D,HUDCO-8.98%-24-3-29-TFBOND,898HUDCO29,1,0.01,898HUDCO29
BSE,bse_cm,896HUDCO34,961865,D,HUDCO-8.96%-24-3-34-TFBOND,896HUDCO34,1,0.01,896HUDCO34
BSE,bse_cm,863REC29,961869,D,REC-8.63%-24-3-29-TFBOND,863REC29,1,0.01,863REC29
BSE,bse_cm,861REC34,961871,D,REC-8.61%-24-3-34-TFBOND,861REC34,1,0.01,861REC34
BSE,bse_cm,888REC29,961875,D,REC-8.88%-24-3-29-TFBOND,888REC29,1,0.01,888REC29
BSE,bse_cm,886REC34,961877,D,REC-8.86%-24-3-34-TFBOND,886REC34,1,0.01,886REC34
BSE,bse_cm,863IRFC29,961881,D,IRFC-8.63%-19-03-29-BOND,863IRFC29,1,0.01,863IRFC29
BSE,bse_cm,888IRFC29,961885,D,IRFC-8.88%-19-03-2029-BOND,888IRFC29,1,0.01,888IRFC29
BSE,bse_cm,855IIFCL29,961889,D,IIFCL-8.55%-27-3-29-TFBOND,855IIFCL29,1,0.01,855IIFCL29
BSE,bse_cm,855IIFCL34,961891,D,IIFCL-8.55%-27-3-34-TFBOND,855IIFCL34,1,0.01,855IIFCL34
BSE,bse_cm,880IIFCL29,961895,D,IIFCL-8.8%-27-3-29-TFBOND,880IIFCL29,1,0.01,880IIFCL29
BSE,bse_cm,880IIFCL34,961897,D,IIFCL-8.8%-27-3-24-TFBOND,880IIFCL34,1,0.01,880IIFCL34
BSE,bse_cm,728NTPC30B,961902,D,NTPC-7.28%-2A-5-10-30-BOND,728NTPC30B,1,0.01,728NTPC30B
BSE,bse_cm,737NTPC35C,961904,D,NTPC-7.37%-3A-5-10-35-BOND,737NTPC35C,1,0.01,737NTPC35C
BSE,bse_cm,753NTPC30E,961908,D,NTPC-7.53%-2B-5-10-30-BOND,753NTPC30E,1,0.01,753NTPC30E
BSE,bse_cm,762NTPC35F,961910,D,NTPC-7.62%-3B-5-10-35-BOND,762NTPC35F,1,0.01,762NTPC35F
BSE,bse_cm,PIDBSTRP26,972367,D,PIDB-STRPPI-27-12-2026-PVT,PIDBSTRP26,1,0.01,PIDBSTRP26
BSE,bse_cm,PIDBSTRP27,972368,D,PIDB-STRPPJ-27-12-2027-PVT,PIDBSTRP27,1,0.01,PIDBSTRP27
BSE,bse_cm,1125IDBI29,972459,D,IDBI-SRXVII-11.25%-14-03-29-PV,1125IDBI29,1,0.01,1125IDBI29
BSE,bse_cm,956IDBI29,972475,D,IDBI-SRI-9.56%-13-06-29-PVT,956IDBI29,1,0.01,956IDBI29
BSE,bse_cm,967IDBI29,972507,D,IDBI-9.67%-26-09-2029-PVT,967IDBI29,1,0.01,967IDBI29
BSE,bse_cm,97IFCI30,972562,D,IFCI-SR50-9.70%-04-05-30-PVT,97IFCI30,1,0.01,97IFCI30
BSE,bse_cm,97IFCI30A,972563,D,IFCI-SR51-9.70%-18-05-30-PVT,97IFCI30A,1,0.01,97IFCI30A
BSE,bse_cm,975IFCI30,972574,D,IFCI-SR53-9.75%-13-7-2030-PVT,975IFCI30,1,0.01,975IFCI30
BSE,bse_cm,975IFCI30A,972575,D,IFCI-SR54-9.75%-16-7-2030-PVT,975IFCI30A,1,0.01,975IFCI30A
BSE,bse_cm,IFCI40,972576,D,IFCI-SR52-A-07-07-2040-PVT,IFCI40,4,0.01,IFCI40
BSE,bse_cm,IFCI39,972577,D,IFCI-SR52-B-07-07-2039-PVT,IFCI39,4,0.01,IFCI39
BSE,bse_cm,IFCI38,972578,D,IFCI-SR52-C-07-07-2038-PVT,IFCI38,4,0.01,IFCI38
BSE,bse_cm,IFCI37,972579,D,IFCI-SR52-D-07-07-2037-PVT,IFCI37,4,0.01,IFCI37
BSE,bse_cm,IFCI36,972580,D,IFCI-SR52-E-07-07-2036-PVT,IFCI36,4,0.01,IFCI36
BSE,bse_cm,IFCI35,972581,D,IFCI-SR52-F-07-07-2035-PVT,IFCI35,4,0.01,IFCI35
BSE,bse_cm,IFCI34,972582,D,IFCI-SR52-G-07-07-2034-PVT,IFCI34,4,0.01,IFCI34
BSE,bse_cm,IFCI33,972583,D,IFCI-SR52-H-07-07-2033-PVT,IFCI33,4,0.01,IFCI33
BSE,bse_cm,IFCI32,972584,D,IFCI-SR52-I-07-07-2032-PVT,IFCI32,4,0.01,IFCI32
BSE,bse_cm,IFCI31,972585,D,IFCI-SR52-J-07-07-2031-PVT,IFCI31,4,0.01,IFCI31
BSE,bse_cm,998IFCI30,972607,D,IFCI-55-9.98%-29-10-2030-PVT,998IFCI30,1,0.01,998IFCI30
BSE,bse_cm,947IRFC31,972650,D,IRFC-76B-9.47%-10-05-2031-PVT,947IRFC31,1,0.01,947IRFC31
BSE,bse_cm,1075IFC26,972691,D,IFCI-III-D-10.75%-31-10-26-PVT,1075IFC26,10,0.01,1075IFC26
BSE,bse_cm,777IRFC26,972693,D,IRFC-79-7.77%-8-11-26-B-PVT,777IRFC26,1,0.01,777IRFC26
BSE,bse_cm,875IFCI26A,972706,D,IFCI-III-8.75%-12-12-26-C-PVT,875IFCI26A,1,0.01,875IFCI26A
BSE,bse_cm,1070IFCI27,972711,D,IFCI-10.70%-IV-28-2-27-B-PVT,1070IFCI27,100,0.01,1070IFCI27
BSE,bse_cm,916IFCI27,972715,D,IFCI-9.16%-IV-15-2-27-C-PVT,916IFCI27,1,0.01,916IFCI27
BSE,bse_cm,916IFCI27A,972716,D,IFCI-9.16%-IV-15-2-27-D-PVT,916IFCI27A,1,0.01,916IFCI27A
BSE,bse_cm,872IFCI27,972721,D,IFCI-8.72%-V-31-3-27-C-PVT,872IFCI27,1,0.01,872IFCI27
BSE,bse_cm,872IFCI27D,972722,D,IFCI-8.72%V-31-3-27-D-PVT,872IFCI27D,1,0.01,872IFCI27D
BSE,bse_cm,93DVC27,972730,D,DVC-14A-9.3%-30-3-27-A-PVT,93DVC27,1,0.01,93DVC27
BSE,bse_cm,93DVC27A,972731,D,DVC-14B-9.3%-30-3-27-B-PVT,93DVC27A,1,0.01,93DVC27A
BSE,bse_cm,941IIFC37,972745,D,941IIFCL37A,941IIFC37,1,0.01,941IIFC37
BSE,bse_cm,936IIFC42,972746,D,936IIFCL42B,936IIFC42,1,0.01,936IIFC42
BSE,bse_cm,998IFCI37,972763,D,998IFCI37A,998IFCI37,1,0.01,998IFCI37
BSE,bse_cm,1010IFCI27,972768,D,1010IFCI27C,1010IFCI27,1,0.01,1010IFCI27
BSE,bse_cm,990IFCI27B,972771,D,990IFCI27B,990IFCI27B,4,0.01,990IFCI27B
BSE,bse_cm,990IFCI32C,972772,D,990IFCI32C,990IFCI32C,4,0.01,990IFCI32C
BSE,bse_cm,990IFCI37D,972773,D,990IFCI37D,990IFCI37D,4,0.01,990IFCI37D
BSE,bse_cm,738REC27,972778,D,738REC27,738REC27,1,0.01,738REC27
BSE,bse_cm,945RFC2022,972779,D,738IIFCL27,945RFC2022,1,0.01,945RFC2022
BSE,bse_cm,741IIFC32,972781,D,741IIFCL32,741IIFC32,1,0.01,741IIFC32
BSE,bse_cm,738IRFC27A,972788,D,738IRFC27B,738IRFC27A,1,0.01,738IRFC27A
BSE,bse_cm,738IRFC27,972790,D,738IIFCL27B,738IRFC27,1,0.01,738IRFC27
BSE,bse_cm,739IRFC27B,972791,D,741IIFCL32C,739IRFC27B,1,0.01,739IRFC27B
BSE,bse_cm,738IRFC27B,972801,D,738IRFC27,738IRFC27B,1,0.01,738IRFC27B
BSE,bse_cm,739IRFC27C,972805,D,739IRFC27B,739IRFC27C,1,0.01,739IRFC27C
BSE,bse_cm,1012IFCI27,972821,D,1012IFCI27,1012IFCI27,1,0.01,1012IFCI27
BSE,bse_cm,869DVC28,972826,D,DVC25MAR13,869DVC28,1,0.01,869DVC28
BSE,bse_cm,975IFCI28,972832,D,975IFCI2028,975IFCI28,1,0.01,975IFCI28
BSE,bse_cm,826IIFC28A,972848,D,826IIFCL28A,826IIFC28A,1,0.01,826IIFC28A
BSE,bse_cm,848NHAI28,972857,D,848NHAI2028,848NHAI28,1,0.01,848NHAI28
BSE,bse_cm,848IRFC28B,972859,D,848IRFC28B,848IRFC28B,1,0.01,848IRFC28B
BSE,bse_cm,848IRFC29A,972862,D,848IRFC28C,848IRFC29A,1,0.01,848IRFC29A
BSE,bse_cm,855IRFC29A,972867,D,IRFC-8.55%-93A-10-2-29-PVT,855IRFC29A,1,0.01,855IRFC29A
BSE,bse_cm,855IRFC29B,972868,D,IRFC-8.55%-94A-12-2-29-PVT,855IRFC29B,1,0.01,855IRFC29B
BSE,bse_cm,863NTPC29,972873,D,NTPC-8.63%-LIB-04-03-29-PVT,863NTPC29,1,0.01,863NTPC29
BSE,bse_cm,861NTPC34,972874,D,NTPC-8.61%-LIC-04-03-34-PVT,861NTPC34,1,0.01,861NTPC34
BSE,bse_cm,876IFCI29,972878,D,IFCI-8.76%-IB-31-3-29-PVT,876IFCI29,1,0.01,876IFCI29
BSE,bse_cm,915PIFS27,972889,D,PTCIFS-9.15%-30-03-27-PVT,915PIFS27,1,0.01,915PIFS27
BSE,bse_cm,915PIFS27A,972893,D,PTCIFS-9.15%-30-3-27-PVT,915PIFS27A,1,0.01,915PIFS27A
BSE,bse_cm,74IHFCL31,973001,D,IHFCL-7.4%-23-2-31-PVT,74IHFCL31,2,0.01,74IHFCL31
BSE,bse_cm,75IHFCL33,973003,D,IHFCL-7.5%-23-8-33-PVT,75IHFCL33,2,0.01,75IHFCL33
BSE,bse_cm,925SFL30A,973007,D,SFL-9.25%-22-2-30-PVT,925SFL30A,1,0.01,925SFL30A
BSE,bse_cm,95SFL30,973008,D,SFL-9.50%-21-2-31-PVT,95SFL30,1,0.01,95SFL30
BSE,bse_cm,721IRFC41,973014,D,IRFC-7.21%-25-2-41-PVT,721IRFC41,1,0.01,721IRFC41
BSE,bse_cm,955TCAPERA,973027,D,TCAP-9.55%-PERP,955TCAPERA,1,0.01,955TCAPERA
BSE,bse_cm,728NHAI39,973036,D,NHAI-7.28%-8-3-39-PVT,728NHAI39,1,0.01,728NHAI39
BSE,bse_cm,975HLFL026,973037,D,HLFL-9.75%-8-10-26-PVT,975HLFL026,1,0.01,975HLFL026
BSE,bse_cm,925CIFPER,973038,D,CIF-9.25%-PERP-PVT,925CIFPER,2,0.01,925CIFPER
BSE,bse_cm,881JFP31,973045,D,JFP-8.81%-12-3-31-PVT,881JFP31,1,0.01,881JFP31
BSE,bse_cm,765BOB31,973047,D,BOBCARD-7.65%-7-3-31-PVT,765BOB31,1,0.01,765BOB31
BSE,bse_cm,74REC36,973048,D,RECL-7.40%-15-3-36-PVT,74REC36,1,0.01,74REC36
BSE,bse_cm,RERTZC28,973051,D,RERT-ZC-31-3-28-PTC,RERTZC28,1,0.01,RERTZC28
BSE,bse_cm,975HLFL26A,973078,D,HLFL-9.75%-18-9-26-PVT,975HLFL26A,1,0.01,975HLFL26A
BSE,bse_cm,8BOM31A,973079,D,BOM-8%-23-3-31-PVT,8BOM31A,10,0.01,8BOM31A
BSE,bse_cm,777TPCL29,973085,D,TPC-7.77%-23-3-29-PVT,777TPCL29,1,0.01,777TPCL29
BSE,bse_cm,777TPCL30,973086,D,TPC-7.77%-22-3-30-PVT,777TPCL30,1,0.01,777TPCL30
BSE,bse_cm,777TPCL31,973087,D,TPC-7.77%-24-3-31-PVT,777TPCL31,1,0.01,777TPCL31
BSE,bse_cm,65REC31,973098,D,RECL-6.5%-26-3-31-PVT,65REC31,1,0.01,65REC31
BSE,bse_cm,825STL31,973103,D,STL-8.25%-25-3-31-PVT,825STL31,1,0.01,825STL31
BSE,bse_cm,975HLF26,973111,D,HLF-9.75%-25-9-26-PVT,975HLF26,1,0.01,975HLF26
BSE,bse_cm,8SFL31,973124,D,SFL-8%-28-3-31-PVT,8SFL31,1,0.01,8SFL31
BSE,bse_cm,129SM26,973125,D,SMP-12.9%-30-9-26,129SM26,1,0.01,129SM26
BSE,bse_cm,680IRFC41,973126,D,IRFC-6.8%-30-4-41-PVT,680IRFC41,1,0.01,680IRFC41
BSE,bse_cm,9PFL31,973127,D,PFL-9%-28-3-31-PVT,9PFL31,1,0.01,9PFL31
BSE,bse_cm,699GIL31,973143,D,GIL-6.99%-4-4-31-PVT,699GIL31,1,0.01,699GIL31
BSE,bse_cm,702BFL31,973150,D,BFL-7.02%-18-4-31-PVT,702BFL31,1,0.01,702BFL31
BSE,bse_cm,975HLFL28,973153,D,HLFL-9.75%-21-04-28-PVT,975HLFL28,1,0.01,975HLFL28
BSE,bse_cm,932THFL31,973163,D,THFL-9.32%-2-5-31-PVT,932THFL31,1,0.01,932THFL31
BSE,bse_cm,876JSL31,973171,D,JSL-8.76%-2-5-31-PVT,876JSL31,1,0.01,876JSL31
BSE,bse_cm,663HPCL31,973176,D,HPCL-6.63%-11-4-31-PVT,663HPCL31,1,0.01,663HPCL31
BSE,bse_cm,AFINIF24B,973190,D,AFIL-NIFTY-7-5-27,AFINIF24B,10,0.01,AFINIF24B
BSE,bse_cm,920CIFCL31,973201,D,CIFCL-9.20%-PERPETUAL-PVT,920CIFCL31,2,0.01,920CIFCL31
BSE,bse_cm,726ABCL31,973213,D,ABCL-7.26%-31-5-31-PVT,726ABCL31,1,0.01,726ABCL31
BSE,bse_cm,79MFL31,973219,D,MFL-7.9%-30-5-31-PVT,79MFL31,1,0.01,79MFL31
BSE,bse_cm,8AHL41,973220,D,AHL-8%-31-5-41-PVT,8AHL41,1,0.01,8AHL41
BSE,bse_cm,699IRFC41,973223,D,IRFC-6.99%-4-6-41-PVT,699IRFC41,1,0.01,699IRFC41
BSE,bse_cm,740AFL31,973228,D,AFL-7.4%-10-6-31-CP,740AFL31,1,0.01,740AFL31
BSE,bse_cm,734ABCL31,973229,D,ABCL-7.34%-11-6-31-PVT,734ABCL31,1,0.01,734ABCL31
BSE,bse_cm,91TCAPPERP,973232,D,TCAP-9.1%-PERP,91TCAPPERP,1,0.01,91TCAPPERP
BSE,bse_cm,688HDFCB31,973236,D,HDFCB-6.88%-16-6-31-PVT,688HDFCB31,1,0.01,688HDFCB31
BSE,bse_cm,9SFL31,973262,D,SFL-9%-23-6-31-PVT,9SFL31,1,0.01,9SFL31
BSE,bse_cm,732IGT31,973269,D,IGT-7.32%-27-6-31-INVT,732IGT31,1,0.01,732IGT31
BSE,bse_cm,727AFL31,973271,D,AFL-7.27%-26-6-31-PVT,727AFL31,1,0.01,727AFL31
BSE,bse_cm,885PFL31,973272,D,PFL-8.85%-27-6-31-PVT,885PFL31,1,0.01,885PFL31
BSE,bse_cm,905CIFCL31,973273,D,CIFCL- 9.05%-PERP-PVT,905CIFCL31,2,0.01,905CIFCL31
BSE,bse_cm,635PFCL27,973276,D,PFCL-6.35%-30-6-27-PVT,635PFCL27,4,0.01,635PFCL27
BSE,bse_cm,711PFCL36,973277,D,PFCL-7.11%-30-6-36-PVT,711PFCL36,1,0.01,711PFCL36
BSE,bse_cm,1667RSOT69,973285,D,RSOT- 16.67%-22-9-69-PTC,1667RSOT69,1000,0.01,1667RSOT69
BSE,bse_cm,947RSOT69,973286,D,RSOT-9.47%-22-9-69-PTC,947RSOT69,1000,0.01,947RSOT69
BSE,bse_cm,735MMFSL31,973294,D,MMFSL-7.35%-4-7-31-PVT,735MMFSL31,1,0.01,735MMFSL31
BSE,bse_cm,79WCL36,973309,D,WCL-7.90%-9-7-36-PVT,79WCL36,1,0.01,79WCL36
BSE,bse_cm,85JMFPL31,973320,D,JMFPL-8.5%-16-7-31-PVT,85JMFPL31,1,0.01,85JMFPL31
BSE,bse_cm,689IRFC31,973321,D,IRFC-6.89%-19-7-31-PVT,689IRFC31,1,0.01,689IRFC31
BSE,bse_cm,85JMFCSL31,973324,D,JMFCSL-8.5%-18-7-31-PVT,85JMFCSL31,1,0.01,85JMFCSL31
BSE,bse_cm,970HLFL27,973327,D,HLFL-9.70%-19-1-27-PVT,970HLFL27,1,0.01,970HLFL27
BSE,bse_cm,875SFL31,973340,D,SFL-8.75%-23-7-31-PVT,875SFL31,1,0.01,875SFL31
BSE,bse_cm,697NABAR36,973345,D,NABARD-6.97%-29-7-36-PVT,697NABAR36,1,0.01,697NABAR36
BSE,bse_cm,703IRFC36,973350,D,IRFC-7.03%-30-7-36-PVT,703IRFC36,1,0.01,703IRFC36
BSE,bse_cm,EPDPGSEC28,973361,D,EPDPL-GSEC-7-12-28-PVT,EPDPGSEC28,1,0.01,EPDPGSEC28
BSE,bse_cm,723CFSL31,973363,D,CCFSL-7.23%-1-8-31-PVT,723CFSL31,1,0.01,723CFSL31
BSE,bse_cm,679NABAR31,973365,D,NABARD-6.79%-04-08-31-PVT,679NABAR31,1,0.01,679NABAR31
BSE,bse_cm,737IIL31,973369,D,IIL-7.37%-4-8-31-PVT,737IIL31,1,0.01,737IIL31
BSE,bse_cm,726NHAI38,973374,D,NHAI-7.26%-10-8-38-PVT,726NHAI38,1,0.01,726NHAI38
BSE,bse_cm,725ICICI31,973380,D,ICICIHFCL-7.25%-12-8-31-PVT,725ICICI31,1,0.01,725ICICI31
BSE,bse_cm,1170SML27,973383,D,SML-11.70%-12-8-27-PVT,1170SML27,1,0.01,1170SML27
BSE,bse_cm,739THDC31,973391,D,THDC-7.39%-25-8-31-PVT,739THDC31,1,0.01,739THDC31
BSE,bse_cm,79AFLPERP,973396,D,AFL-7.9%-PERP-PVT,79AFLPERP,1,0.01,79AFLPERP
BSE,bse_cm,606PFCL26,973407,D,PFCL-6.09%-27-08-26-PVT,606PFCL26,1,0.01,606PFCL26
BSE,bse_cm,715PFC36,973408,D,PFC-7.15%-27-08-36-PVT,715PFC36,1,0.01,715PFC36
BSE,bse_cm,692IRFC31,973412,D,IRFC-6.92%-31-08-31-PVT,692IRFC31,1,0.01,692IRFC31
BSE,bse_cm,772SBI31,973419,D,SBI-7.72%-PERPETUAL-PVT,772SBI31,1,0.01,772SBI31
BSE,bse_cm,12MFLPERB,973422,D,MFL-12%-PERPETUAL-PVT,12MFLPERB,1,0.01,12MFLPERB
BSE,bse_cm,752ICICI32,973424,D,ICICPDL-7.52%-07-04-32-PVT,752ICICI32,1,0.01,752ICICI32
BSE,bse_cm,68EOPRE26,973434,D,EOP-6.80%-07-09-26-REIT,68EOPRE26,1,0.01,68EOPRE26
BSE,bse_cm,669NTPC31,973438,D,NTPC-6.69%-13-09-31-PVT,669NTPC31,1,0.01,669NTPC31
BSE,bse_cm,635HDB26,973444,D,HDB-6.35%-11-09-26-PVT,635HDB26,1,0.01,635HDB26
BSE,bse_cm,672IGT26,973450,D,IGT-6.72%-14-9-26-INVITs,672IGT26,1,0.01,672IGT26
BSE,bse_cm,865SFL31,973460,D,SFL-8.65%-21-9-31-PVT,865SFL31,1,0.01,865SFL31
BSE,bse_cm,9SFIL26,973471,D,SFIL-9%-21-9-26-PVT,9SFIL26,1,0.01,9SFIL26
BSE,bse_cm,655AFL26,973476,D,AFL-6.55%-22-9-26-PVT,655AFL26,1,0.01,655AFL26
BSE,bse_cm,688HDFC31,973486,D,HDFCB-6.88%-24-9-31-PVT,688HDFC31,1,0.01,688HDFC31
BSE,bse_cm,644HDFC28,973489,D,HDFC-6.44%-27-9-28-PVT,644HDFC28,1,0.01,644HDFC28
BSE,bse_cm,675PFL31,973491,D,PFL-6.75%-26-9-31-PVT,675PFL31,1,0.01,675PFL31
BSE,bse_cm,627ICICI26,973498,D,ICICIHF-6.27%-28-9-26-PVT,627ICICI26,1,0.01,627ICICI26
BSE,bse_cm,610SJVN26,973501,D,SJVN-6.10%-29-9-26-PVT,610SJVN26,1,0.01,610SJVN26
BSE,bse_cm,640JUPPL29,973508,D,JUPPL-6.40%-29-9-26-PVT,640JUPPL29,1,0.01,640JUPPL29
BSE,bse_cm,692NABAR29,973509,D,NABARD-6.92%-29-9-36-PVT,692NABAR29,1,0.01,692NABAR29
BSE,bse_cm,695PFCL31,973519,D,PFCL-6.95%-1-10-31-PVT,695PFCL31,1,0.01,695PFCL31
BSE,bse_cm,71ABCL31,973520,D,ABCL-7.10%-3-10-31-PVT,71ABCL31,1,0.01,71ABCL31
BSE,bse_cm,645ABCL26,973521,D,ABCL-6.45%-1-10-26-PVT,645ABCL26,1,0.01,645ABCL26
BSE,bse_cm,675IIL27,973524,D,IIL-6.75%-30-3-27-PVT,675IIL27,1,0.01,675IIL27
BSE,bse_cm,772SBIPER,973540,D,SBI-7.72%-PERPETUAL-PVT,772SBIPER,1,0.01,772SBIPER
BSE,bse_cm,705EOP26,973546,D,EOP-18-10-26-REIT,705EOP26,1,0.01,705EOP26
BSE,bse_cm,1075MFSL21,973547,D,MFSL-10.75%-20-5-27-PVT,1075MFSL21,1,0.01,1075MFSL21
BSE,bse_cm,623REC31,973550,D,REC-6.23%-31-10-31-PVT,623REC31,1,0.01,623REC31
BSE,bse_cm,786BOM31,973553,D,BOM-7.86%-21-10-31-PVT,786BOM31,1,0.01,786BOM31
BSE,bse_cm,627BPCL26,973554,D,BPCL-6.27%-26-10-26-PVT,627BPCL26,1,0.01,627BPCL26
BSE,bse_cm,725BHFL31,973560,D,BHFL-7.25%-29-10-31-PVT,725BHFL31,1,0.01,725BHFL31
BSE,bse_cm,768HDB31,973562,D,HDBFSL-7.68%-PERPETUAL-PVT,768HDB31,1,0.01,768HDB31
BSE,bse_cm,710HEGI31,973567,D,HDFCEGICL-7.10%-9-11-31-PVT,710HEGI31,1,0.01,710HEGI31
BSE,bse_cm,710HDFCB31,973572,D,HDFCB-7.10%-12-11-31-PVT,710HDFCB31,1,0.01,710HDFCB31
BSE,bse_cm,8JMFHL26,973574,D,JMFHL-8%-10-11-26-PVT,8JMFHL26,1,0.01,8JMFHL26
BSE,bse_cm,837SFL31,973575,D,SFL-8.37%-12-11-31-PVT,837SFL31,1,0.01,837SFL31
BSE,bse_cm,745MMFSL31,973579,D,MMFSL-7.45%-17-11-31-PVT,745MMFSL31,1,0.01,745MMFSL31
BSE,bse_cm,710PNB31,973583,D,PNB-7.10%-18-11-31-PVT,710PNB31,1,0.01,710PNB31
BSE,bse_cm,68AFL26,973584,D,AFL-6.80%-18-11-26-PVT,68AFL26,1,0.01,68AFL26
BSE,bse_cm,695IRFC36,973586,D,IRFC-6.95%-24-11-36-PVT,695IRFC36,1,0.01,695IRFC36
BSE,bse_cm,775SUDLI31,973587,D,SUDLIC-7.75%-24-11-31-PVT,775SUDLI31,1,0.01,775SUDLI31
BSE,bse_cm,609SMIL26,973595,D,SMIL-6.09%-25-11-26-PVT,609SMIL26,1,0.01,609SMIL26
BSE,bse_cm,795BOBPER,973596,D,BOB-9.75%-PERPETUAL-PVT,795BOBPER,1,0.01,795BOBPER
BSE,bse_cm,65AFL26,973602,D,AFL-6.50%-26-11-26-PVT,65AFL26,1,0.01,65AFL26
BSE,bse_cm,763ABSLI31,973603,D,ABSLICL-7.63%-30-11-31-PVT,763ABSLI31,1,0.01,763ABSLI31
BSE,bse_cm,705HDFCB31,973610,D,HDFCB-7.05%-2-12-31-PVT,705HDFCB31,1,0.01,705HDFCB31
BSE,bse_cm,715BFL31,973618,D,BFL-7.15%-2-12-31-PVT,715BFL31,1,0.01,715BFL31
BSE,bse_cm,TCAPPERP,973623,D,TCAP-03-12-21-PER,TCAPPERP,1,0.01,TCAPPERP
BSE,bse_cm,743ABCL31,973627,D,ABCL-7.43%-05-12-31-PVT,743ABCL31,1,0.01,743ABCL31
BSE,bse_cm,742AFL31,973630,D,AFL-7.42%-5-12-31-PVT,742AFL31,1,0.01,742AFL31
BSE,bse_cm,840PNBPER,973638,D,PNB-8.40%-PERPETUAL-PVT,840PNBPER,1,0.01,840PNBPER
BSE,bse_cm,755SBIPERP,973645,D,SBI-7.55%-PERPETUAL-PVT,755SBIPERP,1,0.01,755SBIPERP
BSE,bse_cm,675IIDL27,973646,D,IIDL-6.75%-14-6-27-PVT,675IIDL27,1,0.01,675IIDL27
BSE,bse_cm,692REC32,973647,D,REC-6.92%-20-3-32-PVT,692REC32,1,0.01,692REC32
BSE,bse_cm,113UCL27,973659,D,UCL-11.30%-17-12-27-PVT,113UCL27,1,0.01,113UCL27
BSE,bse_cm,685NLC32,973663,D,NLC-6.85%-13-4-32-PVT,685NLC32,1,0.01,685NLC32
BSE,bse_cm,687IRFC32,973664,D,IRFC-6.87%-14-4-32-PVT,687IRFC32,1,0.01,687IRFC32
BSE,bse_cm,692PFCL32,973666,D,PFC-6.92%-14-4-32-PVT,692PFCL32,1,0.01,692PFCL32
BSE,bse_cm,699ABL31,973667,D,ABL-6.99%-22-12-31-PVT,699ABL31,1,0.01,699ABL31
BSE,bse_cm,687NHAI32,973668,D,NHAI-6.87%-14-04-32-PVT,687NHAI32,1,0.01,687NHAI32
BSE,bse_cm,655ICHCL26,973672,D,ICHFC-6.55%-23-12-26-PVT,655ICHCL26,1,0.01,655ICHCL26
BSE,bse_cm,905SFL31,973674,D,SFL-9.05%-20-12-31-PVT,905SFL31,1,0.01,905SFL31
BSE,bse_cm,08SFL31,973688,D,SFL-8%-26-12-31-PVT,08SFL31,1,0.01,08SFL31
BSE,bse_cm,748MRPL32,973692,D,MRPL-7.48%-14-4-32-PVT,748MRPL32,1,0.01,748MRPL32
BSE,bse_cm,1130UCL27,973695,D,UCL-11.30%-29-12-27-PVT,1130UCL27,1,0.01,1130UCL27
BSE,bse_cm,668LTMRH27,973698,D,LTMRHL-6.68%-30-4-27-PVT,668LTMRH27,1,0.01,668LTMRH27
BSE,bse_cm,776AFLPERP,973704,D,AFL-7.76%-PERPETUAL-PVT,776AFLPERP,1,0.01,776AFLPERP
BSE,bse_cm,1130UCL28,973715,D,UCL-11.30%-12-01-28-PVT,1130UCL28,1,0.01,1130UCL28
BSE,bse_cm,790MHFL32,973716,D,MHFL-7.90%-9-1-32-PVT,790MHFL32,1,0.01,790MHFL32
BSE,bse_cm,850PNBPER,973720,D,PNB-8.50%-PERPETUAL-PVT,850PNBPER,1,0.01,850PNBPER
BSE,bse_cm,770GRIL32,973729,D,GRIL-7.70%-20-01-32-PVT,770GRIL32,1,0.01,770GRIL32
BSE,bse_cm,899JMFCS32,973735,D,JMFCSL-8.99%-2-1-32-PVT,899JMFCS32,1,0.01,899JMFCS32
BSE,bse_cm,67ABHF27,973736,D,ABHFL-6.70%-22-1-27-PVT,67ABHF27,1,0.01,67ABHF27
BSE,bse_cm,8BOBPERP,973743,D,BOB-8%-PERPETUAL-PVT,8BOBPERP,1,0.01,8BOBPERP
BSE,bse_cm,750CFSL32,973748,D,CFSL-7.50%-30-1-32-PVT,750CFSL32,1,0.01,750CFSL32
BSE,bse_cm,73AGEUP26,973750,D,AGEUPL-7.30%-31-12-26-PVT,73AGEUP26,1,0.01,73AGEUP26
BSE,bse_cm,765AGEUP29,973751,D,AGEUPL-7.65%-31-12-29-PVT,765AGEUP29,1,0.01,765AGEUP29
BSE,bse_cm,775AGEUP31,973752,D,AGEUPL-7.75%-31-12-31-PVT,775AGEUP31,1,0.01,775AGEUP31
BSE,bse_cm,785AGEUP34,973753,D,AGEUPL-7.85%-31-3-34-PVT,785AGEUP34,1,0.01,785AGEUP34
BSE,bse_cm,730PDPL26,973756,D,PDPL-7.30%-31-12-26-PVT,730PDPL26,1,0.01,730PDPL26
BSE,bse_cm,765PDPL29,973757,D,PDPL-7.65%-31-12-29-PVT,765PDPL29,1,0.01,765PDPL29
BSE,bse_cm,775PDPL31,973758,D,PDPL-7.75%-31-12-31-PVT,775PDPL31,1,0.01,775PDPL31
BSE,bse_cm,785PDPL34,973759,D,PDPL-7.85%-31-12-34-PVT,785PDPL34,1,0.01,785PDPL34
BSE,bse_cm,73PSEPL26,973761,D,PSEPL-7.30%-31-12-26-PVT,73PSEPL26,1,0.01,73PSEPL26
BSE,bse_cm,765PSEPL29,973762,D,PSEPL-7.65%-31-12-29-PVT,765PSEPL29,1,0.01,765PSEPL29
BSE,bse_cm,775PSEPL31,973763,D,PSEPL-7.75%-31-12-31-PVT,775PSEPL31,1,0.01,775PSEPL31
BSE,bse_cm,785PSEPL34,973764,D,PSEPL-7.85%-31-3-34-PVT,785PSEPL34,1,0.01,785PSEPL34
BSE,bse_cm,614IOCL27,973792,D,IOCL-6.14%-18-2-27-PVT,614IOCL27,1,0.01,614IOCL27
BSE,bse_cm,89TCBIL35,973796,D,TCBIL-8.90%-30-3-35-PVT,89TCBIL35,1,0.01,89TCBIL35
BSE,bse_cm,9SFL32,973805,D,SFL-9%-22-02-32-PVT,9SFL32,1,0.01,9SFL32
BSE,bse_cm,715IIL27,973811,D,IIL-7.15%-22-2-27-PVT,715IIL27,1,0.01,715IIL27
BSE,bse_cm,730CFSL29,973818,D,CFSL-7.30%-23-2-29-PVT,730CFSL29,1,0.01,730CFSL29
BSE,bse_cm,609HPCL27,973822,D,HPCL-6.09%-26-2-27-PVT,609HPCL27,1,0.01,609HPCL27
BSE,bse_cm,856SFL32,973823,D,SFL-8.56%-25-2-32-PVT,856SFL32,1,0.01,856SFL32
BSE,bse_cm,740NL27,973834,D,NL-7.40-08-3-27-PVT,740NL27,1,0.01,740NL27
BSE,bse_cm,718HDFCB32,973837,D,HDFCB-7.18%-10-3-32-PVT,718HDFCB32,1,0.01,718HDFCB32
BSE,bse_cm,712NHAI37,973841,D,NHAI-7.12%-14-3-27-PVT,712NHAI37,1,0.01,712NHAI37
BSE,bse_cm,717IIFCL32,973844,D,IIFCL-7.17-12-3-32-PVT,717IIFCL32,1,0.01,717IIFCL32
BSE,bse_cm,690TRCL26,973860,D,TRCL-6.90%-24-12-26-PVT,690TRCL26,1,0.01,690TRCL26
BSE,bse_cm,690TRCL27,973861,D,TRCL-6.90%-24-3-27-PVT,690TRCL27,1,0.01,690TRCL27
BSE,bse_cm,625AFL27,973863,D,AFL-6.25%-25-03-27-PVT,625AFL27,1,0.01,625AFL27
BSE,bse_cm,714NEEPC30,973864,D,NEEPCL-7.14%-22-3-30-PVT,714NEEPC30,1,0.01,714NEEPC30
BSE,bse_cm,715VMC27,973868,D,VMC-7.15%-28-3-27-MB,715VMC27,1,0.01,715VMC27
BSE,bse_cm,875BOMPERP,973870,D,BOM-8.75%-PERPETUAL-PVT,875BOMPERP,1,0.01,875BOMPERP
BSE,bse_cm,605PGCIL27,973871,D,PGCIL-6.05%-25-03-27-PVT,605PGCIL27,1,0.01,605PGCIL27
BSE,bse_cm,97UPPCL29,973876,D,UPC-9.70%-30-3-29-PVT,97UPPCL29,1,0.01,97UPPCL29
BSE,bse_cm,970UPPC30,973878,D,UPPC-9.70%-29-3-30-PVT,970UPPC30,1,0.01,970UPPC30
BSE,bse_cm,97UPPCL27,973880,D,UPPCL-9.7%-31-03-27-PVT,97UPPCL27,1,0.01,97UPPCL27
BSE,bse_cm,97UPPCL31,973881,D,UPCL-9.7%-31-3-31-PVT,97UPPCL31,1,0.01,97UPPCL31
BSE,bse_cm,97UPPCL28,973882,D,UPPCL-9.70%-31-3-28-PVT,97UPPCL28,1,0.01,97UPPCL28
BSE,bse_cm,97UPPCL32,973883,D,UPCL-9.7%-22-3-32-PVT,97UPPCL32,1,0.01,97UPPCL32
BSE,bse_cm,950JKBL32,973898,D,JKBL-9.50%-30-03-32-PVT,950JKBL32,1,0.01,950JKBL32
BSE,bse_cm,1365AFSL27,973901,D,AFSL-13.65%-30-06-27-PVT,1365AFSL27,1,0.01,1365AFSL27
BSE,bse_cm,860IOB32,973902,D,IOB-8.60%-31-3-32-PVT,860IOB32,1,0.01,860IOB32
BSE,bse_cm,1177MML27,973904,D,MML-11.77%-31-3-27-PVT,1177MML27,1,0.01,1177MML27
BSE,bse_cm,735EOPR27,973910,D,EOPR-7.35%5-4-27-PVT,735EOPR27,1,0.01,735EOPR27
BSE,bse_cm,790JMFH27,973911,D,JMFHL-7.90%-05-04-27-PVT,790JMFH27,1,0.01,790JMFH27
BSE,bse_cm,7LKCP26,973921,D,LKCP-7.0%-26-10-26-PVT,7LKCP26,1,0.01,7LKCP26
BSE,bse_cm,825SFL29,973923,D,SFL-8.25%-25-4-29-PVT,825SFL29,1,0.01,825SFL29
BSE,bse_cm,ONEGSEC31,973924,D,360OnePL-GSEC-26-11-31-PVT,ONEGSEC31,1,0.01,ONEGSEC31
BSE,bse_cm,770BHFL27,973945,D,BHFL-7.70%-21-5-27-PVT,770BHFL27,1,0.01,770BHFL27
BSE,bse_cm,786HDFCB32,973949,D,HDFCB-7.86%-25-5-32-PVT,786HDFCB32,1,0.01,786HDFCB32
BSE,bse_cm,865JMFCS32,973952,D,JMFCSL-8.65%-28-5-32-PVT,865JMFCS32,1,0.01,865JMFCS32
BSE,bse_cm,885SFL32,973963,D,SFL-8.85%-31-05-32-PVT,885SFL32,1,0.01,885SFL32
BSE,bse_cm,799BFL35,973965,D,BFL-7.99%-1-6-35-PVT,799BFL35,1,0.01,799BFL35
BSE,bse_cm,770BFL27,973975,D,BFL-7.70%-7-6-27-PVT,770BFL27,1,0.01,770BFL27
BSE,bse_cm,750GIL27,973982,D,GIL-7.50%-10-6-27-PVT,750GIL27,1,0.01,750GIL27
BSE,bse_cm,962APSB27,973985,D,APSBCL-9.62%-31-5-27-PVT,962APSB27,1,0.01,962APSB27
BSE,bse_cm,962APSB32,973987,D,APSBCL-9.62%-31-5-32-PVT,962APSB32,1,0.01,962APSB32
BSE,bse_cm,962APSB28,973990,D,APSBCL-9.62%-31-5-28-PVT,962APSB28,1,0.01,962APSB28
BSE,bse_cm,962APSB29,973991,D,APSBCL-9.62%-31-5-29-PVT,962APSB29,1,0.01,962APSB29
BSE,bse_cm,962APSB30,973993,D,APSBCL-9.62%-31-5-30-PVT,962APSB30,1,0.01,962APSB30
BSE,bse_cm,962APSB31,973994,D,APSBCL-9.62%-30-5-31-PVT,962APSB31,1,0.01,962APSB31
BSE,bse_cm,779IOCL32,974000,D,IOCL-7.79%-12-4-32-PVT,779IOCL32,1,0.01,779IOCL32
BSE,bse_cm,781HPCL32,974002,D,HPCL-7.81%-13-4-32-PVT,781HPCL32,1,0.01,781HPCL32
BSE,bse_cm,1018EFCL27,974017,D,EFCL-10.18%-27-4-27-PVT,1018EFCL27,1,0.01,1018EFCL27
BSE,bse_cm,8IIL27,974018,D,IIL-8%-28-6-27-PVT,8IIL27,1,0.01,8IIL27
BSE,bse_cm,825SCPSL32,974019,D,SBIL-8.25-30-6-22-PVT,825SCPSL32,1,0.01,825SCPSL32
BSE,bse_cm,14VPIPL27,974021,D,VPIPL-14%-28-7-27-PVT,14VPIPL27,1,0.01,14VPIPL27
BSE,bse_cm,874VAML32,974022,D,VAML-8.74%-29-6-32-PVT,874VAML32,1,0.01,874VAML32
BSE,bse_cm,875HPL29,974026,D,HPL-8.75%-29-6-29-PVT,875HPL29,1,0.01,875HPL29
BSE,bse_cm,895HPL27,974028,D,HPL-8.95%-1-7-27-PVT,895HPL27,1,0.01,895HPL27
BSE,bse_cm,840CFSL32,974033,D,CFSL-8.4%-TIER II-30-6-32-PVT,840CFSL32,1,0.01,840CFSL32
BSE,bse_cm,875PNBPER,974037,D,PNB-8.75%-PERPETUAL-PVT,875PNBPER,1,0.01,875PNBPER
BSE,bse_cm,10IPL37,974042,D,IPL-10%-31-7-37-PVT,10IPL37,1,0.01,10IPL37
BSE,bse_cm,815CFSL32,974043,D,CCFSL-8.15%-7-7-32-PVT,815CFSL32,1,0.01,815CFSL32
BSE,bse_cm,865JMFPL32,974051,D,JMFPL-8.65%-13-7-32-PVT,865JMFPL32,1,0.01,865JMFPL32
BSE,bse_cm,970SFIL32,974052,D,SFIL-9.70%-13-7-32-PVT,970SFIL32,1,0.01,970SFIL32
BSE,bse_cm,779KMPL27,974056,D,KMPL-7.79%-19-7-27-PVT,779KMPL27,1,0.01,779KMPL27
BSE,bse_cm,777HDFCB27,974057,D,HDFCB-7.77%-28-6-27-PVT,777HDFCB27,1,0.01,777HDFCB27
BSE,bse_cm,820MMFSL32,974060,D,MMFSL-8.20%-21-7-32-PVT,820MMFSL32,1,0.01,820MMFSL32
BSE,bse_cm,8AHL2042,974063,D,AHL-8%-19-7-42-PVT,8AHL2042,1,0.01,8AHL2042
BSE,bse_cm,825CFSL32,974067,D,CCFSL-8.25%-23-7-32-PVT,825CFSL32,1,0.01,825CFSL32
BSE,bse_cm,8HDFCB32,974072,D,HDFCB-8%-27-7-32-PVT,8HDFCB32,1,0.01,8HDFCB32
BSE,bse_cm,795MBPR27,974075,D,MBPR-7.95%-27-7-27-PVT,795MBPR27,1,0.01,795MBPR27
BSE,bse_cm,1283SML26,974079,D,SML-12.83%-28-9-26,1283SML26,1,0.01,1283SML26
BSE,bse_cm,1050HFL27,974088,D,HFL-10.50%-2-8-27-PVT,1050HFL27,1,0.01,1050HFL27
BSE,bse_cm,11HFL27,974089,D,HFL-11%-2-8-27-PVT,11HFL27,1,0.01,11HFL27
BSE,bse_cm,93AUFL32,974093,D,ASFL-9.3%-03-8-32-PVT,93AUFL32,1,0.01,93AUFL32
BSE,bse_cm,93AUFL32A,974094,D,ASFL-9.3%-13-8-32-TIER II-PVT,93AUFL32A,1,0.01,93AUFL32A
BSE,bse_cm,93AUFL32B,974095,D,ASFBL-9.3%-23-8-32-TIER II-PVT,93AUFL32B,1,0.01,93AUFL32B
BSE,bse_cm,739BOB29,974107,D,BOB-7.39%-17-8-29-PVT,739BOB29,1,0.01,739BOB29
BSE,bse_cm,1224AIHF27,974109,D,AIHFPL-12.24%-21-7-27-PVT,1224AIHF27,1,0.01,1224AIHF27
BSE,bse_cm,872SFL32,974111,D,SFL-8.72%-17-8-32-PVT,872SFL32,1,0.01,872SFL32
BSE,bse_cm,1125ISFL28,974114,D,ISFL-11.25%-19-7-28-PVT,1125ISFL28,1,0.01,1125ISFL28
BSE,bse_cm,76BFL27,974122,D,BFL-7.6%-25-08-27-PVT,76BFL27,1,0.01,76BFL27
BSE,bse_cm,1025ARKA28,974124,D,AFL-10.25%-25-2-28-PVT,1025ARKA28,1,0.01,1025ARKA28
BSE,bse_cm,777IIL27,974127,D,IIL-7.77%-29-8-27-PVT,777IIL27,1,0.01,777IIL27
BSE,bse_cm,7475KMPL26,974131,D,KMPL-7.475%-20-8-26-PVT,7475KMPL26,1,0.01,7475KMPL26
BSE,bse_cm,836CFSPER,974134,D,CCFSL-8.36%-PERPETUAL-PVT,836CFSPER,1,0.01,836CFSPER
BSE,bse_cm,8GRIL29,974136,D,GRIL-8%-30-8-29-PVT,8GRIL29,1,0.01,8GRIL29
BSE,bse_cm,79MMFSL27,974137,D,MMFSL-7.9%-30-8-27-PVT,79MMFSL27,1,0.01,79MMFSL27
BSE,bse_cm,865YATL27,974138,D,YATL-8.65%-29-8-27-PVT,865YATL27,1,0.01,865YATL27
BSE,bse_cm,788BOBPERP,974139,D,BOB-7.88%-PERPETUAL-PVT,788BOBPERP,1,0.01,788BOBPERP
BSE,bse_cm,834AFLPER,974143,D,AFL-31-12-2999-PVT,834AFLPER,1,0.01,834AFLPER
BSE,bse_cm,714IOCL27,974151,D,IOCL-6-9-27-PVT,714IOCL27,1,0.01,714IOCL27
BSE,bse_cm,780HDFCB32,974152,D,HDFCB-7.80%-6-9-32-PVT,780HDFCB32,1,0.01,780HDFCB32
BSE,bse_cm,784HDFCB27,974160,D,HDFCBL-7.84%-8-9-27-PVT,784HDFCB27,1,0.01,784HDFCB27
BSE,bse_cm,782BFL32,974162,D,BFL-7.82%-8-9-32-PVT,782BFL32,1,0.01,782BFL32
BSE,bse_cm,789BHFL32,974164,D,BHFL-7.89%-8-9-32-PVT,789BHFL32,1,0.01,789BHFL32
BSE,bse_cm,775SBIPER,974165,D,SBI-7.75%-PERPETUAL-PVT,775SBIPER,1,0.01,775SBIPER
BSE,bse_cm,874BOMPERP,974166,D,BOM-8.74%-PERP-PVT,874BOMPERP,1,0.01,874BOMPERP
BSE,bse_cm,742PFCL32,974167,D,PFCL-7.42%-8-9-32-PVT,742PFCL32,1,0.01,742PFCL32
BSE,bse_cm,77AFL27,974169,D,AFL-7.7%-8-9-27-PVT,77AFL27,1,0.01,77AFL27
BSE,bse_cm,715PFCL26,974170,D,PFCL-7.15%-8-9-26-PVT,715PFCL26,1,0.01,715PFCL26
BSE,bse_cm,715PFCL27,974171,D,PFCL-7.15%-8-9-27-PVT,715PFCL27,1,0.01,715PFCL27
BSE,bse_cm,855SFL32,974173,D,SFL-8-9-32-PVT,855SFL32,1,0.01,855SFL32
BSE,bse_cm,875YATL29,974178,D,YATL-8.75%-8-9-29-PVT,875YATL29,1,0.01,875YATL29
BSE,bse_cm,765HFSL27,974179,D,HFSL-10-9-27-PVT,765HFSL27,1,0.01,765HFSL27
BSE,bse_cm,760THDC32,974183,D,THDCIL-7.60%-14-9-32-PVT,760THDC32,1,0.01,760THDC32
BSE,bse_cm,785VHFCL26,974185,D,VHFCL-7.85%-12-9-26-PVT,785VHFCL26,1,0.01,785VHFCL26
BSE,bse_cm,750TSL27,974197,D,TSL-7.50%-20-9-27-PVT,750TSL27,1,0.01,750TSL27
BSE,bse_cm,776TSL32,974198,D,TSL-7.76%-20-9-32-PVT,776TSL32,1,0.01,776TSL32
BSE,bse_cm,772HEGIC32,974202,D,HEGICL-7.72%-19-9-32-PVT,772HEGIC32,1,0.01,772HEGIC32
BSE,bse_cm,830PNBPERP,974206,D,PNB-8.30%-PERPETUAL-PVT,830PNBPERP,1,0.01,830PNBPERP
BSE,bse_cm,830MHIL32,974207,D,MHIL-8.30%-20-9-32-PVT,830MHIL32,1,0.01,830MHIL32
BSE,bse_cm,95EFRL26,974213,D,EFRL-9.5%-31-12-26-PVT,95EFRL26,1,0.01,95EFRL26
BSE,bse_cm,865SYTL27,974215,D,SYTL-8.65%-20-9-27-PVT,865SYTL27,1,0.01,865SYTL27
BSE,bse_cm,1PRPL30,974217,D,PRPL-0.01%-30-9-30-PVT,1PRPL30,1,0.01,1PRPL30
BSE,bse_cm,1PRPL30A,974218,D,PRPL-0.01%-30-9-30-PVT,1PRPL30A,1,0.01,1PRPL30A
BSE,bse_cm,757SBI37,974220,D,SBI-7.57%-23-9-37-PVT,757SBI37,1,0.01,757SBI37
BSE,bse_cm,750REC33,974222,D,RECL-7.50%-28-2-33-PVT,750REC33,1,0.01,750REC33
BSE,bse_cm,825VIT29,974227,D,VIT-8.25%-22-9-29-PVT,825VIT29,1,0.01,825VIT29
BSE,bse_cm,784BHFL32,974231,D,BHFL-7.84%-23-9-32-PVT,784BHFL32,1,0.01,784BHFL32
BSE,bse_cm,8MMFSL32,974235,D,MMFSL-8%-27-9-32-PVT,8MMFSL32,1,0.01,8MMFSL32
BSE,bse_cm,807AFL32,974238,D,AFL-8.07%-24-9-32-PVT,807AFL32,1,0.01,807AFL32
BSE,bse_cm,835MRHFL32,974240,D,MRHFL-8.35%-24-9-32-PVT,835MRHFL32,1,0.01,835MRHFL32
BSE,bse_cm,785IREDA32,974244,D,IREDA-7.85%-12-10-32-PVT,785IREDA32,1,0.01,785IREDA32
BSE,bse_cm,001HCCL29,974246,D,HCCL-0.01%-31-3-29-PVT,001HCCL29,1,0.01,001HCCL29
BSE,bse_cm,001HCCL29B,974250,D,HCC-0.01%-31-3-29-PVT,001HCCL29B,1,0.01,001HCCL29B
BSE,bse_cm,1379LMPL26,974255,D,LMPL-13.79%-25-9-26-PVT,1379LMPL26,1,0.01,1379LMPL26
BSE,bse_cm,862JSL22,974257,D,JSL-8.62%-28-9-26-PVT,862JSL22,1,0.01,862JSL22
BSE,bse_cm,86THFL37,974265,D,THFL-8.6%-30-9-37-PVT,86THFL37,1,0.01,86THFL37
BSE,bse_cm,1125AML28,974275,D,AML-11.25%-3-10-28-PVT,1125AML28,1,0.01,1125AML28
BSE,bse_cm,1325IBP26A,974276,D,IBPLD-13.25%-25-9-26-PVT,1325IBP26A,1,0.01,1325IBP26A
BSE,bse_cm,995UPPCL27,974283,D,UPPCL-9.95%-31-3-27-PVT,995UPPCL27,1,0.01,995UPPCL27
BSE,bse_cm,995UPPCL28,974284,D,UPPCL-9.95%-31-3-28-PVT,995UPPCL28,1,0.01,995UPPCL28
BSE,bse_cm,995UPPCL29,974285,D,UPPCL-9.95%-30-3-29-PVT,995UPPCL29,1,0.01,995UPPCL29
BSE,bse_cm,995UPPCL30,974286,D,UPPCL-9.95%-29-3-30-PVT,995UPPCL30,1,0.01,995UPPCL30
BSE,bse_cm,995UPPCL31,974287,D,UPPCL-9.95%-31-3-31-PVT,995UPPCL31,1,0.01,995UPPCL31
BSE,bse_cm,995UPPCL32,974288,D,UPPCL-9.95%-22-3-032-PVT,995UPPCL32,1,0.01,995UPPCL32
BSE,bse_cm,875SYTL29,974289,D,SYTL-8.75%-3-10-29-PVT,875SYTL29,1,0.01,875SYTL29
BSE,bse_cm,10MDPL27,974290,D,MDPL-10%-31-3-27-PVT,10MDPL27,1,0.01,10MDPL27
BSE,bse_cm,807HDFCB32,974297,D,HDFCB-8.07%-12-10-32-PVT,807HDFCB32,1,0.01,807HDFCB32
BSE,bse_cm,769IRFC32,974298,D,IRFC-7.69%-11-10-32-PBVT,769IRFC32,1,0.01,769IRFC32
BSE,bse_cm,1206FCL27,974303,D,FCL-12.06%-13-10-27-PVT,1206FCL27,1,0.01,1206FCL27
BSE,bse_cm,817CFSL32,974307,D,CFSL-8.17%-14-10-32-PVT,817CFSL32,1,0.01,817CFSL32
BSE,bse_cm,850SFL32,974308,D,SFL-8.50%-18-10-32-PVT,850SFL32,1,0.01,850SFL32
BSE,bse_cm,PMPLZC28,974309,D,PMPL-ZC-13-4-28-PVT,PMPLZC28,1,0.01,PMPLZC28
BSE,bse_cm,PCPL28,974311,D,PCPL-17-4-28-PVT,PCPL28,1,0.01,PCPL28
BSE,bse_cm,795BFL27,974315,D,BFL-7.95%-25-10-27-PVT,795BFL27,1,0.01,795BFL27
BSE,bse_cm,815ABHF32,974316,D,ABHFL-8.15%-25-10-32-PVT,815ABHF32,1,0.01,815ABHF32
BSE,bse_cm,11HFL28,974319,D,HFL-11.00%-27-4-28-PVT,11HFL28,1,0.01,11HFL28
BSE,bse_cm,1050HFL27A,974320,D,HFL-10.50%-27-10-27-PVT,1050HFL27A,1,0.01,1050HFL27A
BSE,bse_cm,875SFL32,974321,D,SFL-8.75%-25-10-32-PVT,875SFL32,1,0.01,875SFL32
BSE,bse_cm,1360IKFF28,974327,D,IKFFL-1YEARSBIMCLR-28-4-28-PVT,1360IKFF28,1,0.01,1360IKFF28
BSE,bse_cm,807IIL32,974334,D,IIL-8.70%-31-10-32-PVT,807IIL32,1,0.01,807IIL32
BSE,bse_cm,91TIAPL30,974335,D,TIAPL-9.1%-25-10-30-PVT,91TIAPL30,1,0.01,91TIAPL30
BSE,bse_cm,137VRKPL47,974338,D,VRKPL-13.7%-19-10-47-PVT,137VRKPL47,1,0.01,137VRKPL47
BSE,bse_cm,764HPCL27,974341,D,HPCL-7.64%-04-11-27-PVT,764HPCL27,1,0.01,764HPCL27
BSE,bse_cm,79866KMP27,974345,D,KMPL-7.9866%-17-9-27-PVT,79866KMP27,1,0.01,79866KMP27
BSE,bse_cm,858OPAL29,974347,D,OPAL-8.58%-9-11-29-PVT,858OPAL29,1,0.01,858OPAL29
BSE,bse_cm,8MTNL32,974354,D,MTNL-8%-15-11-32-PVT,8MTNL32,1,0.01,8MTNL32
BSE,bse_cm,765PFCL37,974356,D,PFC-7.65%-13-11-37-PVT,765PFCL37,1,0.01,765PFCL37
BSE,bse_cm,798BHFL27,974368,D,BHFL-7.98%-18-11-27-PVT,798BHFL27,1,0.01,798BHFL27
BSE,bse_cm,812ABCL32A,974370,D,ABCL-8.12%-18-11-32-PVT,812ABCL32A,1,0.01,812ABCL32A
BSE,bse_cm,7LKCP26A,974380,D,LKCPL-7%-26-10-26-PVT,7LKCP26A,1,0.01,7LKCP26A
BSE,bse_cm,795CFSL32,974381,D,CFSL-7.95%-24-11-32-PVT,795CFSL32,1,0.01,795CFSL32
BSE,bse_cm,779HDFCB32,974382,D,HDFCB-7.79%-24-11-32-PVT,779HDFCB32,1,0.01,779HDFCB32
BSE,bse_cm,765REC37,974385,D,RECL-7.65%-30-11-37-PVT,765REC37,1,0.01,765REC37
BSE,bse_cm,1125AML28A,974386,D,AML-11.25%-25-11-28-PVT,1125AML28A,1,0.01,1125AML28A
BSE,bse_cm,744IOCL27,974387,D,IOCL-7.44%-25-11-27-PVT,744IOCL27,1,0.01,744IOCL27
BSE,bse_cm,806AFL32,974388,D,AFL-8.06%-26-11-32-PVT,806AFL32,1,0.01,806AFL32
BSE,bse_cm,764IRFC37,974390,D,IRFC-7.64%-28-11-37-PVT,764IRFC37,1,0.01,764IRFC37
BSE,bse_cm,787MTNL32,974394,D,MTNL-7.87%-1-12-32-PVT,787MTNL32,1,0.01,787MTNL32
BSE,bse_cm,789PNB37,974395,D,PNB-7.89%-1-12-37-PVT,789PNB37,1,0.01,789PNB37
BSE,bse_cm,763KMBL29,974396,D,KMBL-7.63%-1-12-29-PVT,763KMBL29,1,0.01,763KMBL29
BSE,bse_cm,763GIL27,974397,D,GIL-7.63%-01-2-27-PVT,763GIL27,1,0.01,763GIL27
BSE,bse_cm,797KIDF27,974398,D,KIDF-7.97%-17-12-27-PVT,797KIDF27,1,0.01,797KIDF27
BSE,bse_cm,755REC28,974402,D,RECL-7.55%-31-3-28-PVT,755REC28,1,0.01,755REC28
BSE,bse_cm,767REC37,974403,D,RECL-7.67%-31-11-37-PVT,767REC37,1,0.01,767REC37
BSE,bse_cm,786HDFC32,974406,D,HDFCBL-7.86%-02-12-32-PVT,786HDFC32,1,0.01,786HDFC32
BSE,bse_cm,795ABCL27,974407,D,ABCL-7.95%-3-12-27-PVT,795ABCL27,1,0.01,795ABCL27
BSE,bse_cm,751SBI32,974408,D,SBI-7.51%-6-12-32-PVT,751SBI32,1,0.01,751SBI32
BSE,bse_cm,779IREDA32,974411,D,IREDA-7.79%-7-12-32-PVT,779IREDA32,1,0.01,779IREDA32
BSE,bse_cm,910TIAL30,974412,D,TIAL-5-12-30-PVT,910TIAL30,1,0.01,910TIAL30
BSE,bse_cm,8BOM32,974413,D,BOM-8.00%-7-12-32-PVT,8BOM32,1,0.01,8BOM32
BSE,bse_cm,880GMRHI32,974419,D,GMRIAL-8.8050%-13-12-32-PVT,880GMRHI32,1,0.01,880GMRHI32
BSE,bse_cm,788ABL32,974420,D,ABL-7.88%-13-12-32-PVT,788ABL32,1,0.01,788ABL32
BSE,bse_cm,EPDL91222,974423,D,EPDL-G SEC-9-12-22-PVT,EPDL91222,1,0.01,EPDL91222
BSE,bse_cm,758PFCL33,974424,D,PFC-7.58%-15-5-33-PVT,758PFCL33,1,0.01,758PFCL33
BSE,bse_cm,744NTPC33,974427,D,NTPC-7.44%-15-4-33-PVT,744NTPC33,1,0.01,744NTPC33
BSE,bse_cm,753REC33,974428,D,RECL-7.53%-31-3-33-PVT,753REC33,1,0.01,753REC33
BSE,bse_cm,754HPCL33,974429,D,HPCL-7.54%-15-4-33-PVT,754HPCL33,1,0.01,754HPCL33
BSE,bse_cm,747IRFC33,974430,D,IRFC-7.47-15-4-33-PVT,747IRFC33,1,0.01,747IRFC33
BSE,bse_cm,784HDFC32,974431,D,HDFC-7.84%-16-12-2032-PVT,784HDFC32,1,0.01,784HDFC32
BSE,bse_cm,752HUDCL33,974433,D,HUDCL-7.52%-15-4-33-PVT,752HUDCL33,1,0.01,752HUDCL33
BSE,bse_cm,759PFCL28,974434,D,PFCL-7.59%-17-1-28-PVT,759PFCL28,1,0.01,759PFCL28
BSE,bse_cm,772PFCL37,974435,D,PFCL-7.72%-19-12-37-PVT,772PFCL37,1,0.01,772PFCL37
BSE,bse_cm,734GIL27,974439,D,GIL-7.34%-20-12-27-PVT,734GIL27,1,0.01,734GIL27
BSE,bse_cm,962APSB26A,974447,D,APSBCL-9.62%-30-11-26-PVT,962APSB26A,1,0.01,962APSB26A
BSE,bse_cm,962APSB28A,974448,D,APSBCL-9.62%-30-11-28-PVT,962APSB28A,1,0.01,962APSB28A
BSE,bse_cm,962APSB29A,974449,D,APSBCL-9.62%-30-11-29-PVT,962APSB29A,1,0.01,962APSB29A
BSE,bse_cm,962APSB30A,974450,D,APSBCL-9.62%-29-11-30-PVT,962APSB30A,1,0.01,962APSB30A
BSE,bse_cm,962APSB31A,974451,D,APSBCL-9.62%-28-11-31-PVT,962APSB31A,1,0.01,962APSB31A
BSE,bse_cm,962APSB32A,974452,D,APSBCL-9.62%-29-11-32-PVT,962APSB32A,1,0.01,962APSB32A
BSE,bse_cm,962APSB27A,974453,D,APSBCL-9.62%-30-11-27-PVT,962APSB27A,1,0.01,962APSB27A
BSE,bse_cm,787IIL27,974455,D,IIL-7.87%-22-12-27-PVT,787IIL27,1,0.01,787IIL27
BSE,bse_cm,BSNLIRR32,974458,D,BSNL-IRR-22-12-32-PVT,BSNLIRR32,1,0.01,BSNLIRR32
BSE,bse_cm,840PNBPERP,974459,D,PNB-8.40%-PERP-PVT,840PNBPERP,1,0.01,840PNBPERP
BSE,bse_cm,874BOMPER,974464,D,BOM-8.74%-PERPETUAL-PVT,874BOMPER,1,0.01,874BOMPER
BSE,bse_cm,815AFLPER,974465,D,AFL-8.15%-PERPETUAL-PVT,815AFLPER,1,0.01,815AFLPER
BSE,bse_cm,788THDC32,974467,D,THDCIL-7.88% -27-12-32-PVT,788THDC32,1,0.01,788THDC32
BSE,bse_cm,792ABCL27,974472,D,ABCL-7.92%-27-12-27-PVT,792ABCL27,1,0.01,792ABCL27
BSE,bse_cm,1370AIP32A,974476,D,AIPPL-13.70%-27-12-32-PVT,1370AIP32A,1,0.01,1370AIP32A
BSE,bse_cm,775TPCL30,974482,D,TPCL-7.75%-8-1-30-PVT,775TPCL30,1,0.01,775TPCL30
BSE,bse_cm,775TPCL32,974483,D,TPCL-7.75%-29-12-32-PVT,775TPCL32,1,0.01,775TPCL32
BSE,bse_cm,797KIDF28,974485,D,KIDF-17-2-28-PVT,797KIDF28,1,0.01,797KIDF28
BSE,bse_cm,765IRFC32,974497,D,IRFC-7.65%-30-12-32-PVT,765IRFC32,1,0.01,765IRFC32
BSE,bse_cm,975JKBL32,974503,D,JKBL-9.75%-30-12-32-PVT,975JKBL32,1,0.01,975JKBL32
BSE,bse_cm,9INDIGM25,974512,D,INDIGO-9%-17-5-25-PTC,9INDIGM25,1,0.01,9INDIGM25
BSE,bse_cm,769REC33,974527,D,RECL-7.69%-31-1-33-PVT,769REC33,1,0.01,769REC33
BSE,bse_cm,762NABAR28,974534,D,NABARD-7.62%-31-1-28-PVT,762NABAR28,1,0.01,762NABAR28
BSE,bse_cm,1230SCNL27,974536,D,SCNL-12.30%-16-1-27-PVT,1230SCNL27,1,0.01,1230SCNL27
BSE,bse_cm,6IKATEPL33,974537,D,IKATEPL-6%-8-1-33-PVT,6IKATEPL33,1,0.01,6IKATEPL33
BSE,bse_cm,765IRFC33,974539,D,IRFC-7.65%-18-4-33-PVT,765IRFC33,1,0.01,765IRFC33
BSE,bse_cm,810ATL28,974541,D,ATS-8.10%-RESET RATE-30-9-28-P,810ATL28,1,0.01,810ATL28
BSE,bse_cm,815ATL31,974542,D,ATS-8.15%-RESET RATE-30-9-31-P,815ATL31,1,0.01,815ATL31
BSE,bse_cm,827ATL40,974543,D,ATS-8.27%-31-12-2040,827ATL40,1,0.01,827ATL40
BSE,bse_cm,827ATL41,974544,D,ATS-8.27%-RESET RATE-31-3-2041,827ATL41,1,0.01,827ATL41
BSE,bse_cm,827ATLS37,974545,D,ATS-8.27%-RESET RATE-30-9-37-P,827ATLS37,1,0.01,827ATLS37
BSE,bse_cm,770SBI38,974547,D,SBI-7.70%-19-1-2038-PVT,770SBI38,1,0.01,770SBI38
BSE,bse_cm,788BFL28,974553,D,BFL-7.88%-19-1-28-PVT,788BFL28,1,0.01,788BFL28
BSE,bse_cm,794IREDA33,974559,D,IREDA-7.94%-27-1-33-PVT,794IREDA33,1,0.01,794IREDA33
BSE,bse_cm,788IHFCL28,974567,D,IHFCL-7.88%-27-1-28-PVT,788IHFCL28,1,0.01,788IHFCL28
BSE,bse_cm,815CFSPER,974573,D,CFSL-8.15%-31-12-2999-PERPETUA,815CFSPER,1,0.01,815CFSPER
BSE,bse_cm,890TIAL30,974574,D,TIAPL-8.90%-31-1-30-PVT,890TIAL30,1,0.01,890TIAL30
BSE,bse_cm,1125ISFL29,974580,D,IIFLSFL-11.25%-2-4-29-PVT,1125ISFL29,1,0.01,1125ISFL29
BSE,bse_cm,83AHFL28,974583,D,AHFL-8.3%-3-1-28-PVT,83AHFL28,1,0.01,83AHFL28
BSE,bse_cm,778MTNL33,974586,D,MTNL-7.78%-10-2-33-PVT,778MTNL33,1,0.01,778MTNL33
BSE,bse_cm,804BHFL33,974587,D,BHFL-8.04%-9-2-33-PVT,804BHFL33,1,0.01,804BHFL33
BSE,bse_cm,909THFL33,974588,D,THFL-9.09%-9-2-33-PVT,909THFL33,1,0.01,909THFL33
BSE,bse_cm,740PGCL33,974593,D,PGCL-7.40%-17-2-33-PVT,740PGCL33,1,0.01,740PGCL33
BSE,bse_cm,770NABAR38,974594,D,NBARD-7.70%-17-2-38-PVT,770NABAR38,1,0.01,770NABAR38
BSE,bse_cm,797HDFCB33,974595,D,HDFCB-7.97%-17-2-33-PVT,797HDFCB33,1,0.01,797HDFCB33
BSE,bse_cm,759NHPCL38,974596,D,NHPC-7.59%-20-2-38-PVT,759NHPCL38,1,0.01,759NHPCL38
BSE,bse_cm,759NHPCL37,974597,D,NHPCL-7.59%-20-2-37-PVT,759NHPCL37,1,0.01,759NHPCL37
BSE,bse_cm,759NHPCL36,974598,D,NHPCL-7.59%-20-2-36-PVT,759NHPCL36,1,0.01,759NHPCL36
BSE,bse_cm,759NHPCL35,974599,D,NHPCL-7.59%-20-2-35-PVT,759NHPCL35,1,0.01,759NHPCL35
BSE,bse_cm,759NHPCL34,974600,D,NHPCL-7.59%-20-2-34-PVT,759NHPCL34,1,0.01,759NHPCL34
BSE,bse_cm,759NHPCL33,974601,D,NHPCL-7.59%-19-2-33-PVT,759NHPCL33,1,0.01,759NHPCL33
BSE,bse_cm,759NHPCL32,974602,D,NHPCL-7.59%-20-2-32-PVT,759NHPCL32,1,0.01,759NHPCL32
BSE,bse_cm,759NHPCL31,974603,D,NHPCL-7.59%-20-2-31-PVT,759NHPCL31,1,0.01,759NHPCL31
BSE,bse_cm,759NHPCL30,974604,D,NHPCL-7.59%-20-2-30-PVT,759NHPCL30,1,0.01,759NHPCL30
BSE,bse_cm,759NHPCL29,974605,D,NHPCL-7.59%-20-2-29-PVT,759NHPCL29,1,0.01,759NHPCL29
BSE,bse_cm,759NHPCL28,974606,D,NHPCL-7.59%-19-2-28-PVT,759NHPCL28,1,0.01,759NHPCL28
BSE,bse_cm,759NHPCL27,974607,D,NHPCL-7.59%-20-2-27-PVT,759NHPCL27,1,0.01,759NHPCL27
BSE,bse_cm,815HEGI33A,974609,D,HDFCEGICL-8.15%-20-2-33-PVT,815HEGI33A,1,0.01,815HEGI33A
BSE,bse_cm,820SBIPERP,974610,D,SBI-8.20%-PERPETUAL-PVT,820SBIPERP,1,0.01,820SBIPERP
BSE,bse_cm,764PFCL33,974611,D,PFC-7.64%-22-2-33-PVT,764PFCL33,1,0.01,764PFCL33
BSE,bse_cm,1240SML23,974613,D,SML-12.40%-21-5-28,1240SML23,1,0.01,1240SML23
BSE,bse_cm,78MTNL33,974617,D,MTNL-7.8%-24-2-33-PVT,78MTNL33,1,0.01,78MTNL33
BSE,bse_cm,807AFL28,974618,D,AFL-8.07%-23-2-28-PVT,807AFL28,1,0.01,807AFL28
BSE,bse_cm,803TSL28,974624,D,TSL-8.03%-25-2-28-PVT,803TSL28,1,0.01,803TSL28
BSE,bse_cm,18PAIPL28,974625,D,WRPL-18%-24-2-28-PVT,18PAIPL28,1,0.01,18PAIPL28
BSE,bse_cm,775IRFC33,974629,D,IRFC-7.75%-15-4-33-PVT,775IRFC33,1,0.01,775IRFC33
BSE,bse_cm,785IGT28,974630,D,IGT-7.85%-28-2-28-PVT,785IGT28,1,0.01,785IGT28
BSE,bse_cm,7917IGT31,974631,D,IGT-7.917%-28-2-31-PVT,7917IGT31,1,0.01,7917IGT31
BSE,bse_cm,805KMPL28,974633,D,KMPL-8.05%-28-2-28-PVT,805KMPL28,1,0.01,805KMPL28
BSE,bse_cm,EELZC27,974634,D,EEL-ZC-26-2-27-PVT,EELZC27,1,0.01,EELZC27
BSE,bse_cm,91THFL33,974636,D,THFL-9.1%-1-3-33-PVT,91THFL33,1,0.01,91THFL33
BSE,bse_cm,11HFL28A,974638,D,HFL-1-9-28-PVT,11HFL28A,1,0.01,11HFL28A
BSE,bse_cm,1050HFL28,974639,D,HFL-10.50%-1-3-28-PVT,1050HFL28,1,0.01,1050HFL28
BSE,bse_cm,1370AIPP32,974640,D,AIPPL-13.70%-27-12-32-PVT,1370AIPP32,1,0.01,1370AIPP32
BSE,bse_cm,774HPCL28,974641,D,HPCL7.74%-02-03-28-PVT,774HPCL28,1,0.01,774HPCL28
BSE,bse_cm,782PFCL38,974642,D,PFCL-7.82%-6-3-38-PVT,782PFCL38,1,0.01,782PFCL38
BSE,bse_cm,812ABCL28,974644,D,ABCL-8.12%-6-3-28-PVT,812ABCL28,1,0.01,812ABCL28
BSE,bse_cm,825SBIPER,974646,D,SBI-8.25%-PERPETUAL-PVT,825SBIPER,1,0.01,825SBIPER
BSE,bse_cm,1075MFSL28,974654,D,MFSL-10.75%-10-10-28-PVT,1075MFSL28,1,0.01,1075MFSL28
BSE,bse_cm,782PFCL30,974655,D,PFCL-7.82%-13-3-30-PVT,782PFCL30,1,0.01,782PFCL30
BSE,bse_cm,782PFCL31,974656,D,FC-7.82%-13-3-31-PVT,782PFCL31,1,0.01,782PFCL31
BSE,bse_cm,871GMRHI33,974657,D,GMRHIAL-8.71%-11-03-33-PVT,871GMRHI33,1,0.01,871GMRHI33
BSE,bse_cm,782PFCL32,974658,D,PFC-7.82%-12-3-32-PVT,782PFCL32,1,0.01,782PFCL32
BSE,bse_cm,782PFCL33,974659,D,PFC-7.82%-11-3-33-PVT,782PFCL33,1,0.01,782PFCL33
BSE,bse_cm,922MFL33,974661,D,MFL-9.22%-13-3-33-PVT,922MFL33,1,0.01,922MFL33
BSE,bse_cm,777REC28,974666,D,RECL-7.77%-31-3-28-PVT,777REC28,1,0.01,777REC28
BSE,bse_cm,769REC33A,974667,D,RECL-7.69%-31-3-33-PVT,769REC33A,1,0.01,769REC33A
BSE,bse_cm,865MFL27,974673,D,MFL-8.65%-15-3-27-PVT,865MFL27,1,0.01,865MFL27
BSE,bse_cm,774IRFC38,974679,D,IRFC-7.74%-15-4-38-PVT,774IRFC38,1,0.01,774IRFC38
BSE,bse_cm,785KMBL30,974682,D,KMBL-7.85%-20-3-30-PVT,785KMBL30,1,0.01,785KMBL30
BSE,bse_cm,HDBZC28,974684,D,HDBFSL-ZC-17-3-28-PVT,HDBZC28,1,0.01,HDBZC28
BSE,bse_cm,790JKCL28,974689,D,JKCL-7.90%-21-3-28-PVT,790JKCL28,1,0.01,790JKCL28
BSE,bse_cm,83KIDFL28,974690,D,KIDFL-8.30%-19-05-28-PVT,83KIDFL28,1,0.01,83KIDFL28
BSE,bse_cm,808BFL33,974691,D,BFL-8.08%-21-3-33-PVT,808BFL33,1,0.01,808BFL33
BSE,bse_cm,830ABCL26,974693,D,ABCL-8.30%-16-9-26-PVT,830ABCL26,1,0.01,830ABCL26
BSE,bse_cm,752PGCIL33,974698,D,PGCIL-7.52%-23-3-33-PVT,752PGCIL33,1,0.01,752PGCIL33
BSE,bse_cm,775MTNL33,974703,D,MTNL-7.75%-24-3-33-PVT,775MTNL33,1,0.01,775MTNL33
BSE,bse_cm,9SVPL33,974704,D,SVPL-9%-21-3-33-PVT,9SVPL33,1,0.01,9SVPL33
BSE,bse_cm,890KFC29,974709,D,KFC-8.90%-30-3-29-PVT,890KFC29,1,0.01,890KFC29
BSE,bse_cm,890KFC30,974710,D,KFC-8.90%-29-3-30-PVT,890KFC30,1,0.01,890KFC30
BSE,bse_cm,890KFC31,974711,D,KFC-8.90%-31-3-31-PVT,890KFC31,1,0.01,890KFC31
BSE,bse_cm,890KFC32,974712,D,KFC-8.90%-31-3-32-PVT,890KFC32,1,0.01,890KFC32
BSE,bse_cm,890KFC33,974713,D,KFC-8.90%-24-3-33-PVT,890KFC33,1,0.01,890KFC33
BSE,bse_cm,770PFCL33,974716,D,PFC-7.70%-15-4-2033-PVT,770PFCL33,1,0.01,770PFCL33
BSE,bse_cm,9IOB33,974718,D,IOB-9%-24-3-33-PVT,9IOB33,1,0.01,9IOB33
BSE,bse_cm,875PNBPERP,974719,D,PNB-8.75%-PERPETUAL-PVT,875PNBPERP,1,0.01,875PNBPERP
BSE,bse_cm,1075MSFS28,974720,D,MFSL-10.75%-27-10-28-PVT,1075MSFS28,1,0.01,1075MSFS28
BSE,bse_cm,825BOB33,974722,D,BOBCARD-8.25%-25-3-33-PVT,825BOB33,1,0.01,825BOB33
BSE,bse_cm,825MMFSL28,974725,D,MMFSL-8.25%-29-3-28-PVT,825MMFSL28,1,0.01,825MMFSL28
BSE,bse_cm,825MMFS28A,974727,D,MMFSL-8.25%-28-03-28-PVT,825MMFS28A,1,0.01,825MMFS28A
BSE,bse_cm,778NABAR38,974729,D,NBARD-7.78%-29-3-38-PVT,778NABAR38,1,0.01,778NABAR38
BSE,bse_cm,825CFSL28,974730,D,CCFSL-8.25%-29-3-28-PVT,825CFSL28,1,0.01,825CFSL28
BSE,bse_cm,1310AFPL28,974732,D,AFPL-13.10%-29-8-28-PVT,1310AFPL28,1,0.01,1310AFPL28
BSE,bse_cm,790TRCL27,974735,D,TRCL-7.90%-29-3-27-PVT,790TRCL27,1,0.01,790TRCL27
BSE,bse_cm,790TRCL27A,974736,D,TRCL-7.90%-29-9-27-PVT,790TRCL27A,1,0.01,790TRCL27A
BSE,bse_cm,756PGCIL33,974737,D,PGCIL-7.56%-31-3-33-PVT,756PGCIL33,1,0.01,756PGCIL33
BSE,bse_cm,790TRCL28,974738,D,TRCL-7.90%-29-3-28-PVT,790TRCL28,1,0.01,790TRCL28
BSE,bse_cm,935DBL33,974740,D,DBL-9.35%-28-3-33-PVT,935DBL33,1,0.01,935DBL33
BSE,bse_cm,890TIAPL28,974742,D,TIAPL-8.90%-7-4-28-PVT,890TIAPL28,1,0.01,890TIAPL28
BSE,bse_cm,770PFCL26,974744,D,PFC-7.70%-15-9-26-PVT,770PFCL26,1,0.01,770PFCL26
BSE,bse_cm,777PFCL28,974745,D,PFC-7.77%-15-4-28-PVT,777PFCL28,1,0.01,777PFCL28
BSE,bse_cm,829KIDFL28,974746,D,KIDFL-8.29%-20-7-28-PVT,829KIDFL28,1,0.01,829KIDFL28
BSE,bse_cm,1125AML29,974747,D,AML-11.25%-31-3-29-PVT,1125AML29,1,0.01,1125AML29
BSE,bse_cm,1055MECL33,974749,D,MECL-10.55%-3-4-33-PVT,1055MECL33,1,0.01,1055MECL33
BSE,bse_cm,790BFL28,974762,D,BFL-7.90%-13-4-28,790BFL28,1,0.01,790BFL28
BSE,bse_cm,960DIAL30,974763,D,DIAL-9.60%(Reset Rate)-13-4-30,960DIAL30,1,0.01,960DIAL30
BSE,bse_cm,KPDLZC33,974771,D,KPDL-ZC-17-4-33-PVT,KPDLZC33,1,0.01,KPDLZC33
BSE,bse_cm,VDPTBIL35,974772,D,VRDPL-TBILL+SPREAD-31-3-35-PVT,VDPTBIL35,1,0.01,VDPTBIL35
BSE,bse_cm,1070VDP35,974773,D,VDPL-10.70%-31-3-35-PVT,1070VDP35,1,0.01,1070VDP35
BSE,bse_cm,VDPMLD35,974774,D,VDPL-MIBOR+SPREAD-31-3-35-PVT,VDPMLD35,1,0.01,VDPMLD35
BSE,bse_cm,811KMIL26,974775,D,KMIL-8.1084%-18-8-26-PVT,811KMIL26,1,0.01,811KMIL26
BSE,bse_cm,955NHFL28,974777,D,NHFL-9.55%-13-4-28-PVT,955NHFL28,1,0.01,955NHFL28
BSE,bse_cm,748HUDCL26,974778,D,HUDCO-7.48%-20-8-26-PVT,748HUDCL26,1,0.01,748HUDCL26
BSE,bse_cm,762PFCL33,974780,D,PFC-7.62%-15-7-33-PVT,762PFCL33,1,0.01,762PFCL33
BSE,bse_cm,770TGT41,974781,D,IGT-7.70%-31-3-41-PVT,770TGT41,1,0.01,770TGT41
BSE,bse_cm,805IIL28,974789,D,IIL-8.05%-24-7-28-PVT,805IIL28,1,0.01,805IIL28
BSE,bse_cm,804IIL33,974790,D,IIL-8.04%-25-4-33-PVT,804IIL33,1,0.01,804IIL33
BSE,bse_cm,810ABHF28,974794,D,ABHFL-8.10%-26-4-28-PVT,810ABHF28,1,0.01,810ABHF28
BSE,bse_cm,8MMFS27,974798,D,MMFSL-25-6-27-PVT,8MMFS27,1,0.01,8MMFS27
BSE,bse_cm,798RECPER,974802,D,REC-7.98%-PERPECTUAL-PVT,798RECPER,1,0.01,798RECPER
BSE,bse_cm,790BHF28,974803,D,BHFL-7.90%-28-4-28-PVT,790BHF28,1,0.01,790BHF28
BSE,bse_cm,875SFL28,974804,D,SFL-8.75%-28-4-28-PVT,875SFL28,1,0.01,875SFL28
BSE,bse_cm,855SFL28,974805,D,SLF-8.55%-28-4-28-PVT,855SFL28,1,0.01,855SFL28
BSE,bse_cm,801ABCL28,974806,D,ABCL-8.01%-2-5-28-PVT,801ABCL28,1,0.01,801ABCL28
BSE,bse_cm,863KFC30,974807,D,KFL-8.63%-29-3-30-PVT,863KFC30,1,0.01,863KFC30
BSE,bse_cm,863KFL31,974809,D,KFL-8.63%-31-3-31-PVT,863KFL31,1,0.01,863KFL31
BSE,bse_cm,863KFL32,974810,D,KFL-8.63%-31-3-32-PVT,863KFL32,1,0.01,863KFL32
BSE,bse_cm,863KFL29,974811,D,KFL-8.63%-30-3-29-PVT,863KFL29,1,0.01,863KFL29
BSE,bse_cm,863KFL33,974812,D,KFL-8.63%-24-3-33-PVT,863KFL33,1,0.01,863KFL33
BSE,bse_cm,78HDFCB33,974814,D,HDFCB-7.8%-03-05-33-CP,78HDFCB33,1,0.01,78HDFCB33
BSE,bse_cm,750NABAR26,974832,D,NBRD-7.50%-31-8-26-PVT,750NABAR26,1,0.01,750NABAR26
BSE,bse_cm,8315MRHF27,974834,D,MRHFL-8.315%-12-5-27-PVT,8315MRHF27,1,0.01,8315MRHF27
BSE,bse_cm,IHFC120523,974835,D,IHFCL-12-5-28-CP,IHFC120523,1,0.01,IHFC120523
BSE,bse_cm,880JMFHL27,974837,D,JMFHLL-8.80%-15-5-27-PVT,880JMFHL27,1,0.01,880JMFHL27
BSE,bse_cm,775BFL33,974838,D,BFL-7.75%-16-5-33-PVT,775BFL33,1,0.01,775BFL33
BSE,bse_cm,77HDFCB28,974841,D,HDFCB-7.7%-16-5-28-PVT,77HDFCB28,1,0.01,77HDFCB28
BSE,bse_cm,785SCPSL28,974843,D,SCPSL-7.85%-17-5-28-PVT,785SCPSL28,1,0.01,785SCPSL28
BSE,bse_cm,910THFL33,974845,D,THFL-9.10%-19-5-33-PVT,910THFL33,1,0.01,910THFL33
BSE,bse_cm,VPDPLZC28,974848,D,VPDPL-ZC-16-11-28-PVT,VPDPLZC28,1,0.01,VPDPLZC28
BSE,bse_cm,772BFL33,974852,D,BFL-7.72%-23-5-33-PVT,772BFL33,1,0.01,772BFL33
BSE,bse_cm,1370AIP32B,974854,D,AIPPL-13.70%-27-12-32-PVT,1370AIP32B,1,0.01,1370AIP32B
BSE,bse_cm,765HDFCB33,974858,D,HDFCB-7.65%-25-5-33-PVT,765HDFCB33,1,0.01,765HDFCB33
BSE,bse_cm,723IRFC26,974862,D,IRFC-7.23%-15-10-26-PVT,723IRFC26,1,0.01,723IRFC26
BSE,bse_cm,9FFSL30,974863,D,FFSL-9%-26-4-30-PVT,9FFSL30,1,0.01,9FFSL30
BSE,bse_cm,795AFL28,974865,D,AFL-7.95%-26-05-2028-PVT,795AFL28,1,0.01,795AFL28
BSE,bse_cm,840MHL33,974873,D,MHL-8.40%-30-5-33-PVT,840MHL33,1,0.01,840MHL33
BSE,bse_cm,746IIFCL33,974874,D,IIFCL-7.46%-31-5-33-PVT,746IIFCL33,1,0.01,746IIFCL33
BSE,bse_cm,880THFL26,974878,D,THFL-8.80%-1-12-26-PVT,880THFL26,1,0.01,880THFL26
BSE,bse_cm,9JMFCSL27,974890,D,JMFCSL-9%-8-6-27-PVT,9JMFCSL27,1,0.01,9JMFCSL27
BSE,bse_cm,773BFL28,974891,D,BFL-7.73%-7-6-28-PVT,773BFL28,1,0.01,773BFL28
BSE,bse_cm,79ABCL28,974892,D,ABCL-7.9%-8-6-28-PVT,79ABCL28,1,0.01,79ABCL28
BSE,bse_cm,1135ATIP28,974895,D,ATIPL-11.35%-11-6-28-PVT,1135ATIP28,1,0.01,1135ATIP28
BSE,bse_cm,746REC28,974899,D,7.46%-RL-30-6-28-PVT,746REC28,1,0.01,746REC28
BSE,bse_cm,775HDFCB33,974900,D,HDFCB-7.75%-13-6-33-PVT,775HDFCB33,1,0.01,775HDFCB33
BSE,bse_cm,975HHFL30,974903,D,9.75%-HHFL-12-6-30-PVT,975HHFL30,1,0.01,975HHFL30
BSE,bse_cm,91FSBFL26,974905,D,FSBFL-9.1%-15-12-26-PVT,91FSBFL26,1,0.01,91FSBFL26
BSE,bse_cm,743NBFID33,974906,D,NABFID-7.43%-16-6-33-PVT,743NBFID33,1,0.01,743NBFID33
BSE,bse_cm,8NST28,974909,D,NST-8%-16-6-28-PVT,8NST28,1,0.01,8NST28
BSE,bse_cm,NWFL26,974911,D,NWFL-14-12-26-PVT,NWFL26,1,0.01,NWFL26
BSE,bse_cm,1075AUSF28,974914,D,10.75%-AUSFB-15-12-28-PVT,1075AUSF28,1,0.01,1075AUSF28
BSE,bse_cm,748PFCL38,974916,D,PFCL-7.48%-19-6-38-PVT,748PFCL38,1,0.01,748PFCL38
BSE,bse_cm,7GAPL26,974917,D,GAPL-7%-15-9-26-PVT,7GAPL26,1,0.01,7GAPL26
BSE,bse_cm,950HLFL33,974920,D,HLFL-9.50%-22-6-33-PVT,950HLFL33,1,0.01,950HLFL33
BSE,bse_cm,755KMBL30,974924,D,KMBL-7.55%-24-6-30-PVT,755KMBL30,1,0.01,755KMBL30
BSE,bse_cm,FFSL27,974927,D,FFSL-SBIMCLR8.25%-26-6-27-PVT,FFSL27,1,0.01,FFSL27
BSE,bse_cm,803ABCL33,974928,D,ABCL-8.03%-24-6-33-PVT,803ABCL33,1,0.01,803ABCL33
BSE,bse_cm,795IIL28A,974933,D,IIDL-7.95%-27-6-28-PVT,795IIL28A,1,0.01,795IIL28A
BSE,bse_cm,890JFPL26,974934,D,JFPL-8.90%-24-12-26-PVT,890JFPL26,1,0.01,890JFPL26
BSE,bse_cm,749CHT41,974936,D,CHT-7.49%15-4-41-PVT,749CHT41,1,0.01,749CHT41
BSE,bse_cm,1050HFL28A,974937,D,HFL-10.50%-28-6-28-PVT,1050HFL28A,1,0.01,1050HFL28A
BSE,bse_cm,HFL280623,974938,D,HFL-28-12-28-PVT,HFL280623,1,0.01,HFL280623
BSE,bse_cm,741IRFC26,974939,D,IRFC-7.41%-15-10-26-PVT,741IRFC26,1,0.01,741IRFC26
BSE,bse_cm,745IRFC28,974940,D,IRFC-7.45%-13-10-28-PVT,745IRFC28,1,0.01,745IRFC28
BSE,bse_cm,774PNB38,974944,D,PNB-7.74%-30-6-38-PVT,774PNB38,1,0.01,774PNB38
BSE,bse_cm,805KIDFL28,974945,D,KIDFL-8.05%-29-8-28-PVT,805KIDFL28,1,0.01,805KIDFL28
BSE,bse_cm,825GPL28,974951,D,GPL-8.25%-03-7-28-PVT,825GPL28,1,0.01,825GPL28
BSE,bse_cm,849KIIFB27,974953,D,KIIFB-8.49%-2-7-27-PVT,849KIIFB27,1,0.01,849KIIFB27
BSE,bse_cm,849KIIFB28,974954,D,KIIFB-8.49%-03-7-28-PVT,849KIIFB28,1,0.01,849KIIFB28
BSE,bse_cm,849KIIFB29,974956,D,KIIFB-8.49%-3-7-29-PVT,849KIIFB29,1,0.01,849KIIFB29
BSE,bse_cm,849KIIFB30,974957,D,KIIFB-8.49%-3-7-30-PVT,849KIIFB30,1,0.01,849KIIFB30
BSE,bse_cm,849KIIFB31,974958,D,KIIFB-8.49%-03-7-31-PVT,849KIIFB31,1,0.01,849KIIFB31
BSE,bse_cm,849KIIFB32,974959,D,KIIFB-8.49%-2-7-32-PVT,849KIIFB32,1,0.01,849KIIFB32
BSE,bse_cm,849KIIFB33,974960,D,KIIFB-8.49%-4-7-33-PVT,849KIIFB33,1,0.01,849KIIFB33
BSE,bse_cm,1075AUSF29,974963,D,AUSFB-10.75%-5-1-29-PVT,1075AUSF29,1,0.01,1075AUSF29
BSE,bse_cm,795IIL28,974964,D,IIFL-7.95%-5-10-28-PVT,795IIL28,1,0.01,795IIL28
BSE,bse_cm,89THFL33,974965,D,THFL-8.9%-5-7-33-PVT,89THFL33,1,0.01,89THFL33
BSE,bse_cm,1125AML30,974968,D,AML-11.25%-7-7-30-PVT,1125AML30,1,0.01,1125AML30
BSE,bse_cm,757PFCL33,974970,D,PFCL-7.57%-12-7-33-PVT,757PFCL33,1,0.01,757PFCL33
BSE,bse_cm,783KMPL28,974974,D,KMPL-7.83%-13-7-28-PVT,783KMPL28,1,0.01,783KMPL28
BSE,bse_cm,797ABCL28,974976,D,ABCL-7.97%-13-7-28-PVT,797ABCL28,1,0.01,797ABCL28
BSE,bse_cm,802ABHF28,974977,D,ABHFL-8.02%-13-7-28-PVT,802ABHF28,1,0.01,802ABHF28
BSE,bse_cm,803ABHF27,974978,D,ABHFL-8.03%-15-3-27-PVT,803ABHF27,1,0.01,803ABHF27
BSE,bse_cm,810SBIPERP,974980,D,SBI-8.10%-PERPETUAL-PVT,810SBIPERP,1,0.01,810SBIPERP
BSE,bse_cm,759MTNL33,974982,D,MTNL-7.59%-20-7-33-PVT,759MTNL33,1,0.01,759MTNL33
BSE,bse_cm,835AFL28,974985,D,AFL-8.35%-20-7-28-PVT,835AFL28,1,0.01,835AFL28
BSE,bse_cm,7988HFSL26,974990,D,HFSL-7.9880%-8-12-26-PVT,7988HFSL26,1,0.01,7988HFSL26
BSE,bse_cm,807KIDFL28,974995,D,KIDFL-8.07%-26-10-28-PVT,807KIDFL28,1,0.01,807KIDFL28
BSE,bse_cm,940AFS28,974996,D,AFSL-9.40%-28-7-28-PVT,940AFS28,1,0.01,940AFS28
BSE,bse_cm,1240AFPL29,974998,D,AFPL-12.40%-24-4-29-PVT,1240AFPL29,1,0.01,1240AFPL29
BSE,bse_cm,EFCL280723,974999,D,EFCL-8-4-27-PVT,EFCL280723,1,0.01,EFCL280723
BSE,bse_cm,EFCL28723A,975000,D,EFCL-09-04-27-PVT,EFCL28723A,1,0.01,EFCL28723A
BSE,bse_cm,754SBI38,975005,D,SBI-7.54%-01-08-38-PVT,754SBI38,1,0.01,754SBI38
BSE,bse_cm,1005MFL29,975010,D,MFL-10.05%-31-5-29-PVT,1005MFL29,1,0.01,1005MFL29
BSE,bse_cm,940AFS26,975014,D,AFSL-9.40%-8-9-26-PVT,940AFS26,1,0.01,940AFS26
BSE,bse_cm,1075AUSB29,975017,D,AUSFB-10.75%-9-2-29-PVT,1075AUSB29,1,0.01,1075AUSB29
BSE,bse_cm,875STJII28,975018,D,STJ23II-8.75%-17-8-28-PTC,875STJII28,1,0.01,875STJII28
BSE,bse_cm,82HEPL39,975019,D,HEPL-Coupon Reset Rate-16-2-39,82HEPL39,1,0.01,82HEPL39
BSE,bse_cm,790JUPPL28,975021,D,JUPPL-7.90%-10-8-23-PVT,790JUPPL28,1,0.01,790JUPPL28
BSE,bse_cm,17ENGDPL29,975023,D,ENGDPL-17%-31-12-29-PVT,17ENGDPL29,1,0.01,17ENGDPL29
BSE,bse_cm,763IREDA33,975024,D,IREDA-7.63%-11-8-33-PVT,763IREDA33,1,0.01,763IREDA33
BSE,bse_cm,1075OPGP26,975032,D,OPGPL-10.75%-18-8-26-PVT,1075OPGP26,1,0.01,1075OPGP26
BSE,bse_cm,1005MFL29A,975033,D,MFL-10.05%-18-8-29-PVT,1005MFL29A,1,0.01,1005MFL29A
BSE,bse_cm,735IGT38,975036,D,IGT-7.35%-31-3-38-INVIT,735IGT38,1,0.01,735IGT38
BSE,bse_cm,960DIAL30A,975037,D,DIAL-9.60%(RR-Post-5Yrs)-22-8-,960DIAL30A,1,0.01,960DIAL30A
BSE,bse_cm,1070AUSF29,975038,D,AUSFB-10.70%-23-2-29-PVT,1070AUSF29,1,0.01,1070AUSF29
BSE,bse_cm,75PGCIL33,975039,D,PGCIL-7.5%-24-8-33-PVT,75PGCIL33,1,0.01,75PGCIL33
BSE,bse_cm,761MTNL33,975040,D,MTNL-7.61%-24-8-33-PVT,761MTNL33,1,0.01,761MTNL33
BSE,bse_cm,945HLFL33,975041,D,HLFL-9.45%-23-8-33-PVT,945HLFL33,1,0.01,945HLFL33
BSE,bse_cm,784IGT30,975044,D,IGT-7.84%-24-8-30-INVIT,784IGT30,1,0.01,784IGT30
BSE,bse_cm,PFCLZC26,975046,D,PFCL-ZC-25-8-26-PVT,PFCLZC26,1,0.01,PFCLZC26
BSE,bse_cm,764PFCL26,975047,D,PFCL-7.64%-25-8-26-PVT,764PFCL26,1,0.01,764PFCL26
BSE,bse_cm,760PFCL33,975048,D,PFCL-7.60%-25-8-33-PVT,760PFCL33,1,0.01,760PFCL33
BSE,bse_cm,81EOP28,975051,D,EOP-8.10%-28-8-28-REITS,81EOP28,1,0.01,81EOP28
BSE,bse_cm,88CBI33,975054,D,CBI-8.80%-30-8-33-PVT,88CBI33,1,0.01,88CBI33
BSE,bse_cm,785BHFL28,975055,D,BHFL-7.85%-01-9-28-PVT,785BHFL28,1,0.01,785BHFL28
BSE,bse_cm,1125ESFB29,975057,D,ESAFSFBL-11.25%-4-5-29-PVT,1125ESFB29,1,0.01,1125ESFB29
BSE,bse_cm,1075SSFL26,975059,D,SSFL-10.75%-4-9-26-PVT,1075SSFL26,1,0.01,1075SSFL26
BSE,bse_cm,1048EFL26,975061,D,EFL-10.48%-5-9-26-PVT,1048EFL26,1,0.01,1048EFL26
BSE,bse_cm,785BFL28,975065,D,BFL-7.85%-11-9-28-PVT,785BFL28,1,0.01,785BFL28
BSE,bse_cm,1085IHFL26,975067,D,IKFHFL-10.85%-31-8-26-PVT,1085IHFL26,1,0.01,1085IHFL26
BSE,bse_cm,803MBPR26,975068,D,MBPR-8.03%-10-12-26-REIT,803MBPR26,1,0.01,803MBPR26
BSE,bse_cm,757ABFRL30,975069,D,ABFRL-7.57%-12-9-30-PVT,757ABFRL30,1,0.01,757ABFRL30
BSE,bse_cm,776THDC33,975070,D,THDCIL-7.76%-13-9-33-PVT,776THDC33,1,0.01,776THDC33
BSE,bse_cm,9MSFL28,975073,D,MSFL-9%-11-9-28-PVT,9MSFL28,1,0.01,9MSFL28
BSE,bse_cm,8AFL26,975074,D,AFL-8%-11-12-26-PVT,8AFL26,1,0.01,8AFL26
BSE,bse_cm,799MMFSL26,975076,D,MMFSL-7.99%-15-9-26-PVT,799MMFSL26,1,0.01,799MMFSL26
BSE,bse_cm,798BOM33,975078,D,BOM-7.98%-18-9-33-PVT,798BOM33,1,0.01,798BOM33
BSE,bse_cm,753IIFCL38,975080,D,IIFCL-7.53%-18-9-38-PVT,753IIFCL38,1,0.01,753IIFCL38
BSE,bse_cm,DLF20923,975083,D,DLFCDL-RR-17-8-33-PVT,DLF20923,1,0.01,DLF20923
BSE,bse_cm,930MOFL33,975084,D,MOFL-9.30%-16-9-33-PVT,930MOFL33,1,0.01,930MOFL33
BSE,bse_cm,105HFL27,975088,D,HFL-10.50%-18-6-27-PVT,105HFL27,1,0.01,105HFL27
BSE,bse_cm,779BFL33,975089,D,BFL-7.79%-20-9-33-PVT,779BFL33,1,0.01,779BFL33
BSE,bse_cm,830GPL27,975090,D,GPL-8.30%-19-3-27-PVT,830GPL27,1,0.01,830GPL27
BSE,bse_cm,850GPL28,975091,D,GPL-8.50%-20-09-28-PVT,850GPL28,1,0.01,850GPL28
BSE,bse_cm,11VAMPL27,975094,D,VAMPL-11%-15-1-27-PVT,11VAMPL27,1,0.01,11VAMPL27
BSE,bse_cm,HMTRESET26,975101,D,HMTL-RESET RATE-26-9-26-PVT,HMTRESET26,1,0.01,HMTRESET26
BSE,bse_cm,749SBI38,975102,D,SBI-7.49%-24-9-38-PVT,749SBI38,1,0.01,749SBI38
BSE,bse_cm,78SCL30,975104,D,SCL-7.8%-26-10-30-PVT,78SCL30,1,0.01,78SCL30
BSE,bse_cm,763NABAR28,975105,D,NBRD-7.63%-27-9-28-SOCIALBOND-,763NABAR28,1,0.01,763NABAR28
BSE,bse_cm,859PNBPERP,975106,D,PNB-8.59%-PERPETUAL-PVT,859PNBPERP,1,0.01,859PNBPERP
BSE,bse_cm,995PDL26,975107,D,PDL-9.95%-26-9-26-PVT,995PDL26,1,0.01,995PDL26
BSE,bse_cm,803RECPER,975108,D,RL-8.03%-PER,803RECPER,1,0.01,803RECPER
BSE,bse_cm,804KMIL26,975111,D,KMIL-8.0359%-6-10-26-PVT,804KMIL26,1,0.01,804KMIL26
BSE,bse_cm,815HEGIC33,975112,D,HEGICL-8.15%-26-9-33-PVT,815HEGIC33,1,0.01,815HEGIC33
BSE,bse_cm,945WL29,975113,D,WL-9.45%-27-9-29-PVT,945WL29,1,0.01,945WL29
BSE,bse_cm,815TAGIC33,975114,D,TAGICL-8.15%-27-9-33-PVT,815TAGIC33,1,0.01,815TAGIC33
BSE,bse_cm,GHFRESET28,975116,D,GHF-RESET RATE-27-9-28-PVT,GHFRESET28,1,0.01,GHFRESET28
BSE,bse_cm,1045EFL26,975117,D,EFL-10.45%--27-10-26-PVT,1045EFL26,1,0.01,1045EFL26
BSE,bse_cm,1055SML26,975118,D,SML-10.55%-30-9-26,1055SML26,1,0.01,1055SML26
BSE,bse_cm,975MFSL26,975120,D,MFSL-9.75%-28-9-26-PVT,975MFSL26,1,0.01,975MFSL26
BSE,bse_cm,JMFHL28923,975122,D,JMFHLL-RESET RATE-28-9-27-PVT,JMFHL28923,1,0.01,JMFHL28923
BSE,bse_cm,772TPCL32,975124,D,TPCL-7.72%-28-9-32-PVT,772TPCL32,1,0.01,772TPCL32
BSE,bse_cm,875SHFL26,975128,D,SHFL-8.75%-5-10-26-PVT,875SHFL26,1,0.01,875SHFL26
BSE,bse_cm,875SFLTD26,975129,D,SFLTD-8.75%-3-10-26-PVT,875SFLTD26,1,0.01,875SFLTD26
BSE,bse_cm,810SMIL28,975130,D,SMIL-8.10%-4-10-28-PVT,810SMIL28,1,0.01,810SMIL28
BSE,bse_cm,910DXX29,975134,D,DXXXI23-9.10%-19-9-29-PTC,910DXX29,1,0.01,910DXX29
BSE,bse_cm,875STSIX28,975136,D,STS23IX-8.75%-18-10-28-PTC,875STSIX28,1,0.01,875STSIX28
BSE,bse_cm,845SFL26,975145,D,SFL-8.45%-6-10-26-PVT,845SFL26,1,0.01,845SFL26
BSE,bse_cm,PSLPLZC29,975149,D,PSLPL-ZC-27-3-29-PVT,PSLPLZC29,1,0.01,PSLPLZC29
BSE,bse_cm,1010SML26,975150,D,SML-10.10%-10-10-26,1010SML26,1,0.01,1010SML26
BSE,bse_cm,770PGCIL33,975152,D,PGCIL-7.70%-12-10-33-PVT,770PGCIL33,1,0.01,770PGCIL33
BSE,bse_cm,775IREDA33,975153,D,IREDA-7.75%-12-10-33-PVT,775IREDA33,1,0.01,775IREDA33
BSE,bse_cm,8BFL28,975158,D,BFL-8%-17-10-28-PVT,8BFL28,1,0.01,8BFL28
BSE,bse_cm,1310SHFL27,975161,D,SHFL-13.10%-19-4-27-PVT,1310SHFL27,1,0.01,1310SHFL27
BSE,bse_cm,769IIFC38,975164,D,IIFCL-7.69%-26-10-38-PVT,769IIFC38,1,0.01,769IIFC38
BSE,bse_cm,82185KMI26,975168,D,KMIL-8.2185%-27-11-26-PVT,82185KMI26,1,0.01,82185KMI26
BSE,bse_cm,PCPLZC28,975169,D,PCPL-ZC-16-4-28-PVT,PCPLZC28,1,0.01,PCPLZC28
BSE,bse_cm,825AFL33,975171,D,AFL-8.28%-28-10-33-PVT,825AFL33,1,0.01,825AFL33
BSE,bse_cm,1195LFL26,975172,D,LFL-11.95%-30-10-26-PVT,1195LFL26,1,0.01,1195LFL26
BSE,bse_cm,810IIL35,975175,D,IIL-8.10%-31-10-35-PVT,810IIL35,1,0.01,810IIL35
BSE,bse_cm,813ABHF28,975176,D,ABHFL-8.13%-1-11-28-PVT,813ABHF28,1,0.01,813ABHF28
BSE,bse_cm,13SCNL26,975179,D,SCNL-13%-11-9-26-PVT,13SCNL26,1,0.01,13SCNL26
BSE,bse_cm,781SBI38,975180,D,SBI-7.81%-2-11-38-PVT,781SBI38,1,0.01,781SBI38
BSE,bse_cm,8860JFHL26,975182,D,JFHL-8.8606%-30-10-26-PVT,8860JFHL26,1,0.01,8860JFHL26
BSE,bse_cm,78MTNL33A,975184,D,MTNL-7.8%-7-11-33-PVT,78MTNL33A,1,0.01,78MTNL33A
BSE,bse_cm,965TCPL26,975186,D,TCPL-9.65%-6-11-26-PVT,965TCPL26,1,0.01,965TCPL26
BSE,bse_cm,1330PFSP26,975187,D,PFSPL-13.30%-8-11-26-PVT,1330PFSP26,1,0.01,1330PFSP26
BSE,bse_cm,8995JMFP26,975188,D,JMFPL-8.9995%-8-12-26-PVT,8995JMFP26,1,0.01,8995JMFP26
BSE,bse_cm,925SKFL26,975189,D,SKFL-9.25%-8-11-26-PVT,925SKFL26,1,0.01,925SKFL26
BSE,bse_cm,777REC26,975190,D,RL-7.77%-30-9-26-PVT,777REC26,1,0.01,777REC26
BSE,bse_cm,771REC33,975191,D,RL-7.71%-31-10-33-PVT,771REC33,1,0.01,771REC33
BSE,bse_cm,779RIL33,975193,D,RIL-7.79%-10-11-33-PVT,779RIL33,1,0.01,779RIL33
BSE,bse_cm,809KMPL26,975195,D,KMPL-8.09%-9-11-26-PVT,809KMPL26,1,0.01,809KMPL26
BSE,bse_cm,875ST28,975196,D,STN23II-8.75%-17-3-28-PTC,875ST28,10000000,0.01,875ST28
BSE,bse_cm,81929KMI27,975199,D,KMIL-8.1929%-28-1-27-PVT,81929KMI27,1,0.01,81929KMI27
BSE,bse_cm,892JMFPL26,975200,D,JMFPL-8.92%-16-11-26-PVT,892JMFPL26,1,0.01,892JMFPL26
BSE,bse_cm,10GGIAL43,975201,D,GGIAL-10%-27-9-43-PVT,10GGIAL43,1,0.01,10GGIAL43
BSE,bse_cm,995PDLL26,975202,D,pdl-9.95%-16-11-26-PVT,995PDLL26,1,0.01,995PDLL26
BSE,bse_cm,81293HDB28,975203,D,HDB-8.1293%-16-11-28-PVT,81293HDB28,1,0.01,81293HDB28
BSE,bse_cm,1075ARKA29,975206,D,AFL-10.75%-17-5-29-PVT,1075ARKA29,1,0.01,1075ARKA29
BSE,bse_cm,810AFL28,975208,D,AFL-8.10%-7-11-28-PVT,810AFL28,1,0.01,810AFL28
BSE,bse_cm,880SFL33,975212,D,SFL-8.80%-22-11-33-PVT,880SFL33,1,0.01,880SFL33
BSE,bse_cm,890SFL28,975213,D,SFL-8.90%-22-11-28-PVT,890SFL28,1,0.01,890SFL28
BSE,bse_cm,768IRFC26,975214,D,IRFC-7.68%-24-11-26-PVT,768IRFC26,1,0.01,768IRFC26
BSE,bse_cm,771REC33A,975219,D,RECL-7.71%-30-11-33-PVT,771REC33A,1,0.01,771REC33A
BSE,bse_cm,990AUXI26,975223,D,AFPL-9.90%-29-11-26-PVT,990AUXI26,1,0.01,990AUXI26
BSE,bse_cm,1250AYO27,975225,D,AYO-12.50%-23-11-27-PTC,1250AYO27,1,0.01,1250AYO27
BSE,bse_cm,77PFCL33,975226,D,PFCL-7.70%-30-11-33-PVT,77PFCL33,1,0.01,77PFCL33
BSE,bse_cm,1420SML29,975229,D,SML-14.20%-30-4-29-PVT,1420SML29,1,0.01,1420SML29
BSE,bse_cm,940HLFL31,975231,D,HLFL-9.40%-30-1-31-PVT,940HLFL31,1,0.01,940HLFL31
BSE,bse_cm,768BOB33,975232,D,BOB-7.68%-1-12-33-PVT,768BOB33,1,0.01,768BOB33
BSE,bse_cm,774DDL38,975234,D,DDL-7.74%-4-12-38-PVT,774DDL38,1,0.01,774DDL38
BSE,bse_cm,1225AFPL29,975235,D,AFPL-12.25%-7-9-29-PVT,1225AFPL29,1,0.01,1225AFPL29
BSE,bse_cm,1075MFSL29,975236,D,MFSL-10.75%-8-7-29-PVT,1075MFSL29,1,0.01,1075MFSL29
BSE,bse_cm,767IIFCL38,975238,D,IIFCL-7.67%-8-12-38-PVT,767IIFCL38,1,0.01,767IIFCL38
BSE,bse_cm,1025NFL26,975239,D,NFL-10.25%-31-12-26-PVT,1025NFL26,1,0.01,1025NFL26
BSE,bse_cm,767REC38,975242,D,RECL-7.67%-30-11-38-PVT,767REC38,1,0.01,767REC38
BSE,bse_cm,880STNIV29,975244,D,STNIV-8.80%-20-11-29-PTC,880STNIV29,100000,0.01,880STNIV29
BSE,bse_cm,799BOM33,975245,D,BOM-7.99%-14-12-33-PVT,799BOM33,1,0.01,799BOM33
BSE,bse_cm,950FSBFL26,975246,D,FSBFL-9.50%-12-12-26-PVT,950FSBFL26,1,0.01,950FSBFL26
BSE,bse_cm,769PFCL38,975247,D,PFCL-7.69%-15-12-38-PVT,769PFCL38,1,0.01,769PFCL38
BSE,bse_cm,767IRFC33,975248,D,IRFC-7.67%-15-12-33-PVT,767IRFC33,1,0.01,767IRFC33
BSE,bse_cm,820KMPL28,975249,D,KMPL-8.20%-15-12-28-PVT,820KMPL28,1,0.01,820KMPL28
BSE,bse_cm,85HFSLPER,975250,D,HFSL-8.5%-PERPETUAL-PVT,85HFSLPER,1,0.01,85HFSLPER
BSE,bse_cm,995PDL33,975251,D,PDL-9.95%-15-12-33-PVT,995PDL33,1,0.01,995PDL33
BSE,bse_cm,880HLFL26,975253,D,HLFL-8.80%-18-12-26-PVT,880HLFL26,1,0.01,880HLFL26
BSE,bse_cm,DSRPLZC26,975254,D,DSRPL-ZC-15-12-2026-PVT,DSRPLZC26,1,0.01,DSRPLZC26
BSE,bse_cm,771HDFCB33,975255,D,HDFCBL-7.71%-20-12-33-PVT,771HDFCB33,1,0.01,771HDFCB33
BSE,bse_cm,990AUXI26A,975257,D,AFPL-9.90%18-12--26-PVT,990AUXI26A,1,0.01,990AUXI26A
BSE,bse_cm,923SFL27,975259,D,SFL-9.23%-18-5-27-PVT,923SFL27,1,0.01,923SFL27
BSE,bse_cm,765NABAR34,975260,D,NABARD-7.65%-28-4-34-PVT,765NABAR34,1,0.01,765NABAR34
BSE,bse_cm,775BOB33,975261,D,BOB-7.75%-21-12-33-PVT,775BOB33,1,0.01,775BOB33
BSE,bse_cm,765NBFID38,975262,D,NBFID-7.65%-22-12-38-PVT,765NBFID38,1,0.01,765NBFID38
BSE,bse_cm,840HDBFS33,975263,D,HDBFSL-22-12-33-PVT,840HDBFS33,1,0.01,840HDBFS33
BSE,bse_cm,975MFL28,975264,D,MFL-9.75%-21-12-28-PVT,975MFL28,1,0.01,975MFL28
BSE,bse_cm,768IREDA33,975265,D,IREDAL-7.68%-22-12-33-PVT,768IREDA33,1,0.01,768IREDA33
BSE,bse_cm,1750WEPL28,975266,D,WEPL-30-9-28-PVT,1750WEPL28,1,0.01,1750WEPL28
BSE,bse_cm,895KIIFB27,975267,D,KIIFB-8.95%-22-12-27-PVT,895KIIFB27,1,0.01,895KIIFB27
BSE,bse_cm,895KIIFB28,975268,D,KIIFB-8.95%-22-12-28-PVT,895KIIFB28,1,0.01,895KIIFB28
BSE,bse_cm,895KIIFB29,975269,D,KIIFB-8.95%-21-12-29-PVT,895KIIFB29,1,0.01,895KIIFB29
BSE,bse_cm,895KIIFB30,975270,D,KIIFB-8.95%-20-12-30-PVT,895KIIFB30,1,0.01,895KIIFB30
BSE,bse_cm,895KIIFB32,975271,D,KIIFB-8.95%-22-12-32-PVT,895KIIFB32,1,0.01,895KIIFB32
BSE,bse_cm,895KIIFB33,975272,D,KIIFB-8.95%-22-12-33-PVT,895KIIFB33,1,0.01,895KIIFB33
BSE,bse_cm,895KIIFB31,975273,D,KIIFB-8.95%-22-12-31-PVT,895KIIFB31,1,0.01,895KIIFB31
BSE,bse_cm,975VFL27,975275,D,VFL-9.75%-25-6-27-PVT,975VFL27,1,0.01,975VFL27
BSE,bse_cm,81BFL27,975279,D,BFL-8.1%-8-1-27-PVT,81BFL27,1,0.01,81BFL27
BSE,bse_cm,13EFL29,975280,D,EFL-13%-28-6-29-PVT,13EFL29,1,0.01,13EFL29
BSE,bse_cm,855PNBPER,975281,D,PNB-8.55%-PER-31-12-2999-PVT,855PNBPER,1,0.01,855PNBPER
BSE,bse_cm,10MCSL26,975282,D,MCSL-10%-28-12-26-PVT,10MCSL26,1,0.01,10MCSL26
BSE,bse_cm,824KMIL27,975283,D,KMIL-8.24%-27-5-27-PVT,824KMIL27,1,0.01,824KMIL27
BSE,bse_cm,145LMPF29,975285,D,LMPL-14.5%-28-5-29-PVT,145LMPF29,1,0.01,145LMPF29
BSE,bse_cm,970MGIC33,975286,D,MGICL-9.70%-28-12-33-PVT,970MGIC33,1,0.01,970MGIC33
BSE,bse_cm,RSGPLMLD27,975287,D,RSGPL-RESET RATE-5-4-27-PVT,RSGPLMLD27,1,0.01,RSGPLMLD27
BSE,bse_cm,845HFSLPER,975289,D,HFSL-8.45%-PERPETUAL-PVT,845HFSLPER,1,0.01,845HFSLPER
BSE,bse_cm,960CFSL29,975292,D,CFSL-9.60%-29-6-29-PVT,960CFSL29,1,0.01,960CFSL29
BSE,bse_cm,829AFL27,975293,D,AFL-8.92%-26-2-27-PVT,829AFL27,1,0.01,829AFL27
BSE,bse_cm,JMFHRESE27,975294,D,JMFHLL-Reset Rate-29-12-27-PVT,JMFHRESE27,1,0.01,JMFHRESE27
BSE,bse_cm,995VT29,975297,D,VT-9.95%-20-6-29-PTC,995VT29,1,0.01,995VT29
BSE,bse_cm,965HHFL38,975298,D,HHFL-9.65%-29-12-38-PVT,965HHFL38,1,0.01,965HHFL38
BSE,bse_cm,91JMFPL27,975304,D,JMFPL-9.1%-4-1-27-PVT,91JMFPL27,1,0.01,91JMFPL27
BSE,bse_cm,945SRSL29,975305,D,SRSL-9.45%-4-1-29-PVT,945SRSL29,1,0.01,945SRSL29
BSE,bse_cm,1050HFL27B,975306,D,HFLTD-10.50%-5-10-27-PVT,1050HFL27B,1,0.01,1050HFL27B
BSE,bse_cm,875SFL34,975309,D,SFL-8.75%-5-1-34-PVT,875SFL34,1,0.01,875SFL34
BSE,bse_cm,777IREDA27,975312,D,IREDA-7.77%-10-5-27-PVT,777IREDA27,1,0.01,777IREDA27
BSE,bse_cm,870APSEZ29,975313,D,APSEZ-8.70%-9-1-29-PVT,870APSEZ29,1,0.01,870APSEZ29
BSE,bse_cm,880APSEZ34,975314,D,APSEZ-8.80%-9-1-34-PVT,880APSEZ34,1,0.01,880APSEZ34
BSE,bse_cm,765PGCIL34,975315,D,PGCIL-7.65%-11-1-34-PVT,765PGCIL34,1,0.01,765PGCIL34
BSE,bse_cm,820KIDF30,975316,D,KIDF-8.2030%-21-11-30-PVT,820KIDF30,1,0.01,820KIDF30
BSE,bse_cm,820KMPL27,975317,D,KMPL-8.20%-11-1-27-PVT,820KMPL27,1,0.01,820KMPL27
BSE,bse_cm,838AFL34,975319,D,AFL-8.38%-11-1-34-PVT,838AFL34,1,0.01,838AFL34
BSE,bse_cm,840DLFL27,975321,D,DCCDL-8.40%-18-6-27-PVT,840DLFL27,1,0.01,840DLFL27
BSE,bse_cm,793THDC34,975323,D,THDCIL-7.93%-16-1-34-PVT,793THDC34,1,0.01,793THDC34
BSE,bse_cm,1150SFPL25,975324,D,SFPL-11.50%-13-1-25-PVT,1150SFPL25,1,0.01,1150SFPL25
BSE,bse_cm,771REC27,975325,D,RECL-7.71%-26-2-27-PVT,771REC27,1,0.01,771REC27
BSE,bse_cm,764REC34,975326,D,RECL-7.64%-31-1-34-PVT,764REC34,1,0.01,764REC34
BSE,bse_cm,835MMFSL34,975328,D,MMFSL-8.35%-16-1-34-PVT,835MMFSL34,1,0.01,835MMFSL34
BSE,bse_cm,995PDL34,975329,D,PDL-9.95%-17-1-34-PVT,995PDL34,1,0.01,995PDL34
BSE,bse_cm,757IRFC29,975330,D,IRFC-7.57%-18-4-29-PVT,757IRFC29,1,0.01,757IRFC29
BSE,bse_cm,834VIT27,975333,D,VIT-8.34%-18-1-27-INVIT,834VIT27,1,0.01,834VIT27
BSE,bse_cm,804BHFL27,975334,D,BHFL-8.04%-18-1-27-PVT,804BHFL27,1,0.01,804BHFL27
BSE,bse_cm,1275SCNL29,975335,D,SCNL-12.75%-19-7-29-PVT,1275SCNL29,1,0.01,1275SCNL29
BSE,bse_cm,NWILZC27,975336,D,NWIL-ZC-18-1-27-PVT,NWILZC27,1,0.01,NWILZC27
BSE,bse_cm,834SBIPERP,975337,D,SBI-8.34%-PERPETUAL-PVT,834SBIPERP,1,0.01,834SBIPERP
BSE,bse_cm,915SFL29,975339,D,SFL-9.15%-19-1-29-PVT,915SFL29,1,0.01,915SFL29
BSE,bse_cm,810BFL29,975340,D,BFL-8.10%-23-1-29-PVT,810BFL29,1,0.01,810BFL29
BSE,bse_cm,845MRHF27,975341,D,MRHFL-8.45%-22-1-27-PVT,845MRHF27,1,0.01,845MRHF27
BSE,bse_cm,829OPAL27,975342,D,OPAL-8.29%-25-1-27-PVT,829OPAL27,1,0.01,829OPAL27
BSE,bse_cm,833SBICS34,975343,D,SBICPSL-8.33%-24-1-34-PVT,833SBICS34,1,0.01,833SBICS34
BSE,bse_cm,757BOB24,975345,D,BOB-7.57%-25-1-34-PVT,757BOB24,1,0.01,757BOB24
BSE,bse_cm,1340TCFL27,975346,D,TCFL-13.40%-24-01-27-PVT,1340TCFL27,1,0.01,1340TCFL27
BSE,bse_cm,825MMFS27,975350,D,MMFSL-8.25%-25-3-27-NCD,825MMFS27,1,0.01,825MMFS27
BSE,bse_cm,819AFL29,975351,D,AFL-8.19%-29-1-29-PVT,819AFL29,1,0.01,819AFL29
BSE,bse_cm,879PCBL29,975353,D,PCBL-8.79%-23-1-29-PVT,879PCBL29,1,0.01,879PCBL29
BSE,bse_cm,890ACL29,975354,D,ACL-8.90%-29-1-29-PVT,890ACL29,1,0.01,890ACL29
BSE,bse_cm,8ABHF34,975355,D,ABHFL-8%-31-1-34-PVT,8ABHF34,1,0.01,8ABHF34
BSE,bse_cm,768NABAR29,975358,D,NABARD-7.68%-30-4-29-PVT,768NABAR29,1,0.01,768NABAR29
BSE,bse_cm,1175AIHF27,975361,D,AIHFPL-11.75%-31-1-27-PVT,1175AIHF27,1,0.01,1175AIHF27
BSE,bse_cm,NUVWEMCX27,975362,D,NWFL-MCX-2-8-27-PCT,NUVWEMCX27,1,0.01,NUVWEMCX27
BSE,bse_cm,885HHFL27,975364,D,HHFL-8.85%-1-1-27-PVT,885HHFL27,1,0.01,885HHFL27
BSE,bse_cm,885HHFL27A,975365,D,HHFL-8.85%-1-2-27-PVT,885HHFL27A,1,0.01,885HHFL27A
BSE,bse_cm,835GRIL29,975368,D,GRIL-8.35%-2-2-29-PVT,835GRIL29,1,0.01,835GRIL29
BSE,bse_cm,832KPIL27,975370,D,KPIL-8.32%-5-2-27-PVT,832KPIL27,1,0.01,832KPIL27
BSE,bse_cm,787BFL34,975373,D,BFL-7.87%-8-2-34-PVT,787BFL34,1,0.01,787BFL34
BSE,bse_cm,782BFL34,975374,D,BFL-7.82%-31-1-34-PVT,782BFL34,1,0.01,782BFL34
BSE,bse_cm,1385SML29,975375,D,SML-13.85%-12-7-29-PVT,1385SML29,1,0.01,1385SML29
BSE,bse_cm,780BHFL34,975376,D,BHFL-7.80%-9-2-34-PVT,780BHFL34,1,0.01,780BHFL34
BSE,bse_cm,806IIL29,975378,D,IIL-8.06%-13-8-29-PVT,806IIL29,1,0.01,806IIL29
BSE,bse_cm,816ABCL29,975381,D,ABCL-8.16%-14-2-29-PVT,816ABCL29,1,0.01,816ABCL29
BSE,bse_cm,788PFCPERP,975382,D,PFC-7.88%-PERPETUAL-PVT,788PFCPERP,1,0.01,788PFCPERP
BSE,bse_cm,920MOFL34,975383,D,MOFL-9.20%-14-2-34-PVT,920MOFL34,1,0.01,920MOFL34
BSE,bse_cm,930JFCL27,975384,D,JMFCSL-9.30%-15-2-27-PVT,930JFCL27,1,0.01,930JFCL27
BSE,bse_cm,930JFC26,975386,D,JMFCSL-9.30%-25-9-26-PVT,930JFC26,1,0.01,930JFC26
BSE,bse_cm,76KMBL31,975387,D,KMBL-7.6%-14-2-.31-PVT,76KMBL31,1,0.01,76KMBL31
BSE,bse_cm,804IHFCL29,975388,D,IHFCL-8.04%-15-2-29-PVT,804IHFCL29,1,0.01,804IHFCL29
BSE,bse_cm,809IHFCL26,975389,D,IHFCL-8.0915%-15-9-26-PVT,809IHFCL26,1,0.01,809IHFCL26
BSE,bse_cm,961360OPL27,975390,D,360OPL-9.61%-14-2-27-PVT,961360OPL27,1,0.01,961360OPL27
BSE,bse_cm,EEL16224,975392,D,EEL-30-12-26-PVT,EEL16224,1,0.01,EEL16224
BSE,bse_cm,748IRFC34A,975393,D,IRFC-7.48%-16-2-34-PVT,748IRFC34A,1,0.01,748IRFC34A
BSE,bse_cm,792BFL34,975396,D,BFL-7.92%-20-2-34-PVT,792BFL34,1,0.01,792BFL34
BSE,bse_cm,127SFPL27,975398,D,SFIS-12.70%-6-12-27-PVT,127SFPL27,1,0.01,127SFPL27
BSE,bse_cm,788IGT29,975399,D,IGT-7.88%-30-4-29-INVIT,788IGT29,1,0.01,788IGT29
BSE,bse_cm,788IGT2029,975400,D,IGT-7.88%-27-4-29-INVIT,788IGT2029,1,0.01,788IGT2029
BSE,bse_cm,82378HDB27,975401,D,HDBFSL-8.2378%-6-4-27-PVT,82378HDB27,1,0.01,82378HDB27
BSE,bse_cm,8225KMPL27,975403,D,KMPL-8.225%-21-4-27-PVT,8225KMPL27,1,0.01,8225KMPL27
BSE,bse_cm,823KMPL26,975404,D,KMPL-8.23%-21-12-26-PVT,823KMPL26,1,0.01,823KMPL26
BSE,bse_cm,760PFC29,975406,D,PFC-7.60%-13-4-29-PVT,760PFC29,1,0.01,760PFC29
BSE,bse_cm,749PFC34,975407,D,PFC-7.49%-22-2-34-PVT,749PFC34,1,0.01,749PFC34
BSE,bse_cm,835SBIGI34,975408,D,SBIGICL-8.35%-21-2-34-PVT,835SBIGI34,1,0.01,835SBIGI34
BSE,bse_cm,757BOB34,975409,D,BOB-7.57%-22-2-34-PVT,757BOB34,1,0.01,757BOB34
BSE,bse_cm,814AFL29,975410,D,AFL-21-2-29-PVT,814AFL29,1,0.01,814AFL29
BSE,bse_cm,865AHFL27,975411,D,AHFL-8.65%-21-8-27-PVT,865AHFL27,1,0.01,865AHFL27
BSE,bse_cm,1325AFIP27,975412,D,AFIP-13.25%-6-12-27-PVT,1325AFIP27,1,0.01,1325AFIP27
BSE,bse_cm,990AFPL27,975413,D,AFPL-9.90%-21-2-27-PVT,990AFPL27,1,0.01,990AFPL27
BSE,bse_cm,759IREDA34,975417,D,IREDA-7.59%-23-2-34-PVT,759IREDA34,1,0.01,759IREDA34
BSE,bse_cm,NWIL22224,975419,D,NWIL-NIFTY 50-23-8-27-PVT,NWIL22224,1,0.01,NWIL22224
BSE,bse_cm,0PMPL29,975420,D,PMPL-ZC-30-10-29-PVT,0PMPL29,1,0.01,0PMPL29
BSE,bse_cm,764RL27,975422,D,RL-7.64%-30-4-27-PVT,764RL27,1,0.01,764RL27
BSE,bse_cm,747RL34,975423,D,RL-7.47%-28-2-34-PVT,747RL34,1,0.01,747RL34
BSE,bse_cm,1360DKGF27,975424,D,DKGFSP-13.60%-6-12-27-PVT,1360DKGF27,1,0.01,1360DKGF27
BSE,bse_cm,960CFSL34,975426,D,CFSL-9.60%-24-2-34-PVT,960CFSL34,1,0.01,960CFSL34
BSE,bse_cm,AHL22244,975429,D,AHL-RESET RATE-22-2-44-PVT,AHL22244,1,0.01,AHL22244
BSE,bse_cm,AIPLREST29,975430,D,AIPL-RESET RATE-26-2-29-PVT,AIPLREST29,1,0.01,AIPLREST29
BSE,bse_cm,841MRHFL29,975432,D,MRHFL-8.41%-28-2-29-PVT,841MRHFL29,1,0.01,841MRHFL29
BSE,bse_cm,744IRFC34,975433,D,IRFC-7.44%-28-2-34-PVT,744IRFC34,1,0.01,744IRFC34
BSE,bse_cm,833HFSL27,975434,D,HDBFSL-8.33%-10-5-27-PVT,833HFSL27,1,0.01,833HFSL27
BSE,bse_cm,995PDL34A,975437,D,PDL-9.95%-24-2-34-PVT,995PDL34A,1,0.01,995PDL34A
BSE,bse_cm,0ADPL27,975438,D,ADPL-ZC-26-8-27-PVT,0ADPL27,1,0.01,0ADPL27
BSE,bse_cm,829SBICP34,975442,D,SBICPSL-8.29%-28-2-34-PVT,829SBICP34,1,0.01,829SBICP34
BSE,bse_cm,ABCRESET27,975443,D,ABCL-RESET-FBIL-1.69%-PVT,ABCRESET27,1,0.01,ABCRESET27
BSE,bse_cm,995ICFL26B,975445,D,ICFL-9.95%-28-9-26-PVT,995ICFL26B,1,0.01,995ICFL26B
BSE,bse_cm,995ICFL26C,975447,D,ICFL-9.95%-28-11-26-PVT,995ICFL26C,1,0.01,995ICFL26C
BSE,bse_cm,1110ESAF34,975449,D,ESAF-11.10%-28-2-34-PVT,1110ESAF34,1,0.01,1110ESAF34
BSE,bse_cm,993V6T29,975452,D,V006T-9.93%20-8-29-PTC,993V6T29,1,0.01,993V6T29
BSE,bse_cm,1005MFL29B,975453,D,MFL-10.05%-31-12-29-PVT,1005MFL29B,1,0.01,1005MFL29B
BSE,bse_cm,820ABHF27,975455,D,ABHFL-8.20%-26-2-27-PVT,820ABHF27,1,0.01,820ABHF27
BSE,bse_cm,755DDL39,975456,D,DDL-7.55%-1-3-39-PVT,755DDL39,1,0.01,755DDL39
BSE,bse_cm,98024PLD28,975459,D,2024PLD-9.80%-18-4-28-PTC,98024PLD28,100000,0.01,98024PLD28
BSE,bse_cm,751MTNL34,975462,D,MTNL-7.51%-6-3-34-PVT,751MTNL34,1,0.01,751MTNL34
BSE,bse_cm,753IRED34,975464,D,IREDA-7.53%-10-5-34-PVT,753IRED34,1,0.01,753IRED34
BSE,bse_cm,91SFL27A,975467,D,SFL-9.10%-18-3-27-PVT,91SFL27A,1,0.01,91SFL27A
BSE,bse_cm,810IHFC27,975470,D,IHFCL-8.10%-5-3-27-PVT,810IHFC27,1,0.01,810IHFC27
BSE,bse_cm,835AFL27,975473,D,AFL-8.35%-7-5-27-PVT,835AFL27,1,0.01,835AFL27
BSE,bse_cm,975VFSPL27,975474,D,VFSPL-9.75%-5-3-27-PVT,975VFSPL27,1,0.01,975VFSPL27
BSE,bse_cm,764ABL34,975476,D,ABL-7.64%-7-3-34-PVT,764ABL34,1,0.01,764ABL34
BSE,bse_cm,735PGCIL34,975477,D,PGCIL-7.35%-12-3-34-PVT,735PGCIL34,1,0.01,735PGCIL34
BSE,bse_cm,825SCCL29,975479,D,SCCL-8.25%-11-3-29-PVT,825SCCL29,1,0.01,825SCCL29
BSE,bse_cm,ICFSL7324,975481,D,ICFSL-NIFTY50-12-10-26-PVT,ICFSL7324,1,0.01,ICFSL7324
BSE,bse_cm,796PIL27,975482,D,PIL-7.96%-11-3-27-PVT,796PIL27,1,0.01,796PIL27
BSE,bse_cm,796PIL28,975483,D,PIL-7.96%-11-3-28-PVT,796PIL28,1,0.01,796PIL28
BSE,bse_cm,796PIL29,975484,D,PIL-7.96%-11-3--29-PVT,796PIL29,1,0.01,796PIL29
BSE,bse_cm,755PFC27,975485,D,PFC-7.55%-15-4-27-PVT,755PFC27,1,0.01,755PFC27
BSE,bse_cm,980DFPL27,975486,D,DFPL-9.80%-12-3-27-PVT,980DFPL27,1,0.01,980DFPL27
BSE,bse_cm,889KFC30,975487,D,KFC-8.89%-13-3-30-PVT,889KFC30,1,0.01,889KFC30
BSE,bse_cm,889KFC31,975488,D,KFC-8.89%-13-3-31-PVT,889KFC31,1,0.01,889KFC31
BSE,bse_cm,889KFC32,975489,D,KFC-8.89%-13-3-32-PVT,889KFC32,1,0.01,889KFC32
BSE,bse_cm,889KFC33,975490,D,KFC-8.89%-13-3-33-PVT,889KFC33,1,0.01,889KFC33
BSE,bse_cm,889KFC34,975491,D,KFC-8.89%-13-3-34-PVT,889KFC34,1,0.01,889KFC34
BSE,bse_cm,18MVL27,975493,D,MVL-18%-31-8-27-PVT,18MVL27,1,0.01,18MVL27
BSE,bse_cm,839JSWSL27,975494,D,JSWSL-8.39%-13-5-27-PVT,839JSWSL27,1,0.01,839JSWSL27
BSE,bse_cm,780TRCL28,975495,D,TRCL-7.80%-12-9-28-PVT,780TRCL28,1,0.01,780TRCL28
BSE,bse_cm,780TRC28,975496,D,TRCL-7.80%-12-12-28-PVT,780TRC28,1,0.01,780TRC28
BSE,bse_cm,780TRCL29,975497,D,TRCL-7.80%-12-3-29-PVT,780TRCL29,1,0.01,780TRCL29
BSE,bse_cm,734IIFCL39,975499,D,IIFCL-7.34%-14-3-39-PVT,734IIFCL39,1,0.01,734IIFCL39
BSE,bse_cm,995AAHL27,975501,D,AAHL-9.95%-15-3-27-PVT,995AAHL27,1,0.01,995AAHL27
BSE,bse_cm,10AAHL29,975502,D,AAHL-10%-14-3-29-PVT,10AAHL29,1,0.01,10AAHL29
BSE,bse_cm,1335SHFL27,975503,D,SHFL-13.35%-25-11-27-PVT,1335SHFL27,1,0.01,1335SHFL27
BSE,bse_cm,805KMPL29,975505,D,KMPL-8.05%-15-3-29-PVT,805KMPL29,1,0.01,805KMPL29
BSE,bse_cm,1250UCL29,975506,D,UCL-12.50%-15-9-29-PVT,1250UCL29,1,0.01,1250UCL29
BSE,bse_cm,757IREDL29,975507,D,IREDAL-7.57%-18-5-29-PVT,757IREDL29,1,0.01,757IREDL29
BSE,bse_cm,833ABCL27,975508,D,ABCL-8.33%-19-5-27-PVT,833ABCL27,1,0.01,833ABCL27
BSE,bse_cm,746IRFC29,975509,D,IRFC-7.46%-18-6-29-PVT,746IRFC29,1,0.01,746IRFC29
BSE,bse_cm,975TCPL27,975510,D,TCPL-9.75%-18-3-27-PVT,975TCPL27,1,0.01,975TCPL27
BSE,bse_cm,975TCP27,975511,D,TCPL-9.75%-18-2-27-PVT,975TCP27,1,0.01,975TCP27
BSE,bse_cm,10MCSL27,975513,D,MCSL-10%-19-3-27-PVT,10MCSL27,1,0.01,10MCSL27
BSE,bse_cm,1040ECL27,975514,D,ECL-10.40%-18-3-27-PVT,1040ECL27,1,0.01,1040ECL27
BSE,bse_cm,990OFSL027,975515,D,OFSL-9.90%-15-2-27,990OFSL027,1,0.01,990OFSL027
BSE,bse_cm,825NHL29,975516,D,NHL-8.25%-19-3-29-PVT,825NHL29,1,0.01,825NHL29
BSE,bse_cm,765HDFC34,975518,D,HDFC-7.65%-20-3-34-PVT,765HDFC34,1,0.01,765HDFC34
BSE,bse_cm,11ESFB30,975519,D,ESAF-11%-20-4-30-PVT,11ESFB30,1,0.01,11ESFB30
BSE,bse_cm,1110ESFB31,975520,D,ESAF-11.10%-20-4-31-PVT,1110ESFB31,1,0.01,1110ESFB31
BSE,bse_cm,755BSNL34,975522,D,BSNL-7.55%-20-3-34-PVT,755BSNL34,1,0.01,755BSNL34
BSE,bse_cm,751BSNL34,975523,D,BSNL-7.51%-20-3-34-PVT,751BSNL34,1,0.01,751BSNL34
BSE,bse_cm,940NHF26,975524,D,NHFL-9.40%-19-9-26-PVT,940NHF26,1,0.01,940NHF26
BSE,bse_cm,820ABHFL27,975525,D,ABHFL-8.20%-19-5-27-PVT,820ABHFL27,1,0.01,820ABHFL27
BSE,bse_cm,975MGICL34,975526,D,MGICL-9.75%-20-3-24-PVT,975MGICL34,1,0.01,975MGICL34
BSE,bse_cm,970MGICL34,975527,D,MGICL-9.70%-20-3-34-PVT,970MGICL34,1,0.01,970MGICL34
BSE,bse_cm,MFSLMCLR28,975528,D,MFSL-3 Months Bank MCLR-21-3-2,MFSLMCLR28,1,0.01,MFSLMCLR28
BSE,bse_cm,838KMIL27,975530,D,KMIL-8.3774%-21-6-27-PVT,838KMIL27,1,0.01,838KMIL27
BSE,bse_cm,837KMIL27,975531,D,KMIL-8.3721%20-8-27-PVT,837KMIL27,1,0.01,837KMIL27
BSE,bse_cm,DIALRESE34,975533,D,DIAL-RESET RATE-22-3-34-PVT,DIALRESE34,1,0.01,DIALRESE34
BSE,bse_cm,812BFL27,975534,D,BFL-8.1167%-10-5-27-PVT,812BFL27,1,0.01,812BFL27
BSE,bse_cm,847PNBPERP,975535,D,PNB-8.47%-PERPETUAL-PVT,847PNBPERP,1,0.01,847PNBPERP
BSE,bse_cm,SIILRESE27,975536,D,SIIL-RESET RATE-22-3-27-PVT,SIILRESE27,1,0.01,SIILRESE27
BSE,bse_cm,793MBPR27,975537,D,MBPR-7.93%-20-3-27-REIT,793MBPR27,1,0.01,793MBPR27
BSE,bse_cm,759IRDA34,975540,D,IRDA-7.59%-26-7-34-PVT,759IRDA34,1,0.01,759IRDA34
BSE,bse_cm,873AFLPERP,975541,D,AFL-8.73%-PERP-PVT,873AFLPERP,1,0.01,873AFLPERP
BSE,bse_cm,845MRHFL27,975542,D,MRHFL-8.45%-25-3-27-PVT,845MRHFL27,1,0.01,845MRHFL27
BSE,bse_cm,751BSNLD34,975543,D,BSNLD-7.51%-26-3-34-PVT,751BSNLD34,1,0.01,751BSNLD34
BSE,bse_cm,129EFL29,975546,D,EFL-12.90%-26-9-29-PVT,129EFL29,1,0.01,129EFL29
BSE,bse_cm,779TSL27,975548,D,TSL-7.79%-27-3-27-PVT,779TSL27,1,0.01,779TSL27
BSE,bse_cm,910KIIFB28,975549,D,KIIFB-9.10%-26-3-28-PVT,910KIIFB28,1,0.01,910KIIFB28
BSE,bse_cm,910KIIFB29,975550,D,KIFFB-9.10%-26-3-29-PVT,910KIIFB29,1,0.01,910KIIFB29
BSE,bse_cm,910KIIFB30,975551,D,KIIFB-9.10%-26-3-30-PVT,910KIIFB30,1,0.01,910KIIFB30
BSE,bse_cm,910KIIFB31,975552,D,KIIFB-9.10%-26-3-31-PVT,910KIIFB31,1,0.01,910KIIFB31
BSE,bse_cm,910KIIFB32,975553,D,KIIFB-9.10%-26-3-32-PVT,910KIIFB32,1,0.01,910KIIFB32
BSE,bse_cm,910KIIFB33,975555,D,KIIFB-9.10%-26-3-33-PVT,910KIIFB33,1,0.01,910KIIFB33
BSE,bse_cm,910KIIFB34,975556,D,KIIFB-9.10%-26-3-34-PVT,910KIIFB34,1,0.01,910KIIFB34
BSE,bse_cm,9TCPL30,975558,D,TCPL-9%-27-3-30-PVT,9TCPL30,1,0.01,9TCPL30
BSE,bse_cm,975OFSL27,975561,D,OFSL-9.75%-22-3-27,975OFSL27,1,0.01,975OFSL27
BSE,bse_cm,910TIAPL31,975565,D,TIAPL-9.10%-26-9-31-PVT,910TIAPL31,1,0.01,910TIAPL31
BSE,bse_cm,975VFL28,975567,D,VFL-9.75%-28-3-28-SR-3-PVT,975VFL28,1,0.01,975VFL28
BSE,bse_cm,975VFL26,975568,D,VFL-9.75%-28-11-26-SR-2-PVT,975VFL26,1,0.01,975VFL26
BSE,bse_cm,995IFL27,975569,D,ifl-9.95%-27-3-27-pvt,995IFL27,1,0.01,995IFL27
BSE,bse_cm,965NACL27,975570,D,NAC-9.65%-27-3-27-PVT,965NACL27,1,0.01,965NACL27
BSE,bse_cm,EEL280324,975571,D,EEL-27-01-27-PVT,EEL280324,1,0.01,EEL280324
BSE,bse_cm,EEL280324A,975572,D,EEL-26-11-27-PVT,EEL280324A,1,0.01,EEL280324A
BSE,bse_cm,86MFL34,975573,D,MFL-8.6%-28-3-34-PVT,86MFL34,1,0.01,86MFL34
BSE,bse_cm,1950PRPL27,975574,D,PRIPL-19.50%-31-8-27-PVT,1950PRPL27,1,0.01,1950PRPL27
BSE,bse_cm,858GMRHI34,975575,D,GMRHIAL-8.58%-28-3-34-PVT,858GMRHI34,1,0.01,858GMRHI34
BSE,bse_cm,825AHFL29,975576,D,AHFL-8.25%-28-3-29-PVT,825AHFL29,1,0.01,825AHFL29
BSE,bse_cm,975V07T30,975577,D,V07T-9.75%-20-7-30-PTC,975V07T30,1,0.01,975V07T30
BSE,bse_cm,975V08T27,975578,D,V08T-9.75%-20-2-27-PTC,975V08T27,1,0.01,975V08T27
BSE,bse_cm,1430DKGF29,975580,D,DKGFSPL-14.30%-28-5-29-PVT,1430DKGF29,1,0.01,1430DKGF29
BSE,bse_cm,990NVL0334,975584,D,NVL03-9.90%-17-2-34-PTC,990NVL0334,100000,0.01,990NVL0334
BSE,bse_cm,975SCL27,975585,D,SCL-9.75%-3-4-27-PVT,975SCL27,1,0.01,975SCL27
BSE,bse_cm,925THFL27,975586,D,THFL-9.25%-4-10-27-PVT,925THFL27,1,0.01,925THFL27
BSE,bse_cm,814KMPL27,975587,D,KMPL-8.14%-10-2-27-PVT,814KMPL27,1,0.01,814KMPL27
BSE,bse_cm,759RL27,975589,D,RECL-7.59%-31-5-27-PVT,759RL27,1,0.01,759RL27
BSE,bse_cm,745RL34,975590,D,RECL-7.45%-29-4-34-PVT,745RL34,1,0.01,745RL34
BSE,bse_cm,854CIFC29,975593,D,CIFCL-8.54%-12-4-29-PVT,854CIFC29,1,0.01,854CIFC29
BSE,bse_cm,NWFL12424,975594,D,NWFL-13-7-27-PVT,NWFL12424,1,0.01,NWFL12424
BSE,bse_cm,965VFSPL27,975597,D,VFSPL-19-4-27-PVT,965VFSPL27,1,0.01,965VFSPL27
BSE,bse_cm,940FSBFL28,975598,D,FSBFL-9.40%-22-4-28-PVT,940FSBFL28,1,0.01,940FSBFL28
BSE,bse_cm,829AXFL27,975599,D,AXFL-8.29%-19-8-27-PVT,829AXFL27,1,0.01,829AXFL27
BSE,bse_cm,802IHFC29,975601,D,IHFCL-8.02%-19-4-29-PVT,802IHFC29,1,0.01,802IHFC29
BSE,bse_cm,831ABCL34,975602,D,ABCL-8.31%-11-7-34-PVT,831ABCL34,1,0.01,831ABCL34
BSE,bse_cm,755PGCI34,975603,D,PGCIL-7.55%-23-4-34-PVT,755PGCI34,1,0.01,755PGCI34
BSE,bse_cm,12AFPL30,975605,D,AFPL-12%-24-01-30-PVT,12AFPL30,1,0.01,12AFPL30
BSE,bse_cm,935AKCFL27,975607,D,AKCFL-9.35%-24-4-27-PVT,935AKCFL27,1,0.01,935AKCFL27
BSE,bse_cm,805KMPL29A,975608,D,KMPL-8.05%-24-4-29-PVT,805KMPL29A,1,0.01,805KMPL29A
BSE,bse_cm,99024PLD28,975609,D,2024PLD-9.90%-25-1-28-PTC,99024PLD28,100000,0.01,99024PLD28
BSE,bse_cm,1175AFI27,975610,D,AFIL-11.75%-25-3-27,1175AFI27,1,0.01,1175AFI27
BSE,bse_cm,AFI260324,975613,D,AFIL-25-3-27,AFI260324,1,0.01,AFI260324
BSE,bse_cm,AFI260324A,975614,D,AFIL-9-2-30,AFI260324A,1,0.01,AFI260324A
BSE,bse_cm,12AFI29,975615,D,AFIL-12%-24-3-29,12AFI29,1,0.01,12AFI29
BSE,bse_cm,1225AFI27,975617,D,AFIL-12.25%-25-3-27,1225AFI27,1,0.01,1225AFI27
BSE,bse_cm,751IIFCL39,975620,D,IIFCL-7.51%-25-4-39-PVT,751IIFCL39,1,0.01,751IIFCL39
BSE,bse_cm,10MML27A,975625,D,MML-10%-25-4-27-PVT,10MML27A,1,0.01,10MML27A
BSE,bse_cm,785UML27,975627,D,UML-7.85%-29-4-27-PVT,785UML27,1,0.01,785UML27
BSE,bse_cm,1450DKGF27,975628,D,DKGFSPL-14.50%-15-2-27-PVT,1450DKGF27,1,0.01,1450DKGF27
BSE,bse_cm,1050AFL27,975630,D,AFL-10.50%-30-4-27-PVT,1050AFL27,1,0.01,1050AFL27
BSE,bse_cm,1225KDM33,975631,D,KDM-12.25%-15-9-33-PTC,1225KDM33,1,0.01,1225KDM33
BSE,bse_cm,1040SCNL27,975632,D,SCNL-10.40%-30-4-27-PVT,1040SCNL27,1,0.01,1040SCNL27
BSE,bse_cm,807IHFC27,975633,D,IHFCL-8.07%-2-8-27-PVT,807IHFC27,1,0.01,807IHFC27
BSE,bse_cm,813KMPL27,975634,D,KMPL-8.13%-18-8-27-PVT,813KMPL27,1,0.01,813KMPL27
BSE,bse_cm,793BFL34,975635,D,BFL-7.93%-2-5-34-PVT,793BFL34,1,0.01,793BFL34
BSE,bse_cm,995PDL29,975640,D,PDL-9.95%-3-5-29-PVT,995PDL29,1,0.01,995PDL29
BSE,bse_cm,NWFL3524,975643,D,NWFL-NIFTY 50-2-11-27-PVT,NWFL3524,1,0.01,NWFL3524
BSE,bse_cm,805BHFL29,975646,D,BHFL-8.05%-8-5-29-PVT,805BHFL29,1,0.01,805BHFL29
BSE,bse_cm,810BHFL27,975647,D,BHFL-8.10%-8-7-27-PVT,810BHFL27,1,0.01,810BHFL27
BSE,bse_cm,771NEEPC34,975648,D,NEEPCO-7.71%-8-5-34-PVT,771NEEPC34,1,0.01,771NEEPC34
BSE,bse_cm,925SKFL27,975649,D,SKFL-9.25%-9-5-27-PVT,925SKFL27,1,0.01,925SKFL27
BSE,bse_cm,834HDB27,975650,D,HDB-8.34%-5-7-27-PVT,834HDB27,1,0.01,834HDB27
BSE,bse_cm,807IHFCL26,975651,D,IHFCL-8.07%-14-9-26-PVT,807IHFCL26,1,0.01,807IHFCL26
BSE,bse_cm,796MBP29,975654,D,MBP-7.96%-11-5-29-REITS,796MBP29,1,0.01,796MBP29
BSE,bse_cm,753RECL34,975655,D,RECL-7.53%-31-5-34-PVT,753RECL34,1,0.01,753RECL34
BSE,bse_cm,9SFL27,975656,D,SBFCFL-9%-13-5-27-PVT,9SFL27,1,0.01,9SFL27
BSE,bse_cm,8245IIL26,975657,D,IIL-8.245%-15-9-26-PVT,8245IIL26,1,0.01,8245IIL26
BSE,bse_cm,995AHL29,975659,D,AHL-9.95%-11-5-29-PVT,995AHL29,1,0.01,995AHL29
BSE,bse_cm,1005MFL28,975660,D,MFL-10.05%-14-8-28-PVT,1005MFL28,1,0.01,1005MFL28
BSE,bse_cm,806BFL29A,975661,D,BFL-8.06%-15-5-29-PVT,806BFL29A,1,0.01,806BFL29A
BSE,bse_cm,10MCSL27A,975662,D,MCSL-10%-16-5-27-PVT,10MCSL27A,1,0.01,10MCSL27A
BSE,bse_cm,1050AFL26,975663,D,AFL-10.50%-17-11-26-PVT,1050AFL26,1,0.01,1050AFL26
BSE,bse_cm,748HUD29,975664,D,HUDCL-7.48%-17-5-29-PVT,748HUD29,1,0.01,748HUD29
BSE,bse_cm,940NHFL26,975666,D,NHFL-9.40%-21-11-26-PVT,940NHFL26,1,0.01,940NHFL26
BSE,bse_cm,8ERCSL26,975667,D,ERCSL-8%-30-11-26-PVT,8ERCSL26,1,0.01,8ERCSL26
BSE,bse_cm,12PFSP27,975672,D,PFSPL-12%-24-5-27-PVT,12PFSP27,1,0.01,12PFSP27
BSE,bse_cm,NAOMI29,975673,D,NAOMI-8.9%-25-10-29-PTC,NAOMI29,1,0.01,NAOMI29
BSE,bse_cm,920SFL29,975676,D,SFL-9.20%-22-5-29-PVT,920SFL29,1,0.01,920SFL29
BSE,bse_cm,815AFL29,975680,D,AFL-8.15%-22-5-29-PVT,815AFL29,1,0.01,815AFL29
BSE,bse_cm,1053SCNL29,975681,D,SCNL-10.53%-24-5-29-PVT,1053SCNL29,1,0.01,1053SCNL29
BSE,bse_cm,11HFL29,975684,D,11%-HFL-23-5-29-PVT,11HFL29,1,0.01,11HFL29
BSE,bse_cm,1275DKGF27,975687,D,DKGFSL-12.75%-24-5-27-PVT,1275DKGF27,1,0.01,1275DKGF27
BSE,bse_cm,DKGF240527,975688,D,DKGFSL-24-5-27-PVT,DKGF240527,1,0.01,DKGF240527
BSE,bse_cm,DKGF240524,975689,D,DKGFSPL-24-5-27-PVT,DKGF240524,1,0.01,DKGF240524
BSE,bse_cm,950HLFL29,975690,D,HLFL-9.50%-29-11-29-PVT,950HLFL29,1,0.01,950HLFL29
BSE,bse_cm,770RECL26,975691,D,RECL-7.70%-31-8-26-PVT,770RECL26,1,0.01,770RECL26
BSE,bse_cm,758RECL29,975692,D,RECL-7.58%-31-5-29-PVT,758RECL29,1,0.01,758RECL29
BSE,bse_cm,965HLFL39,975693,D,HLFL-9.65%-29-5-39-PVT,965HLFL39,1,0.01,965HLFL39
BSE,bse_cm,0MSFL26A,975694,D,MSFL-ZC-29-8-26-PVT,0MSFL26A,1,0.01,0MSFL26A
BSE,bse_cm,776TIL34,975695,D,TIL-7.76%-29-5-24-PVT,776TIL34,1,0.01,776TIL34
BSE,bse_cm,1306LMP27,975696,D,LMPL-13.06%-28-5-27-PVT,1306LMP27,1,0.01,1306LMP27
BSE,bse_cm,744PFCL34,975697,D,PFCL-7.44%-15-7-34-PVT,744PFCL34,1,0.01,744PFCL34
BSE,bse_cm,1130AFL29,975698,D,AFL-11.30%-30-5-29-PVT,1130AFL29,1,0.01,1130AFL29
BSE,bse_cm,945STM28,975699,D,STM-9.45%-15-9-28-PTC,945STM28,100000,0.01,945STM28
BSE,bse_cm,818MMFSL29,975701,D,MMFSL-8.18%-31-5-29-PVT,818MMFSL29,1,0.01,818MMFSL29
BSE,bse_cm,ECE310524,975702,D,ECEL-29-11-27-PVT,ECE310524,1,0.01,ECE310524
BSE,bse_cm,EEL310524,975703,D,EEL-30-11-24-PVT,EEL310524,1,0.01,EEL310524
BSE,bse_cm,12ICLFL27,975704,D,ICLFL-12%-31-5-27-PVT,12ICLFL27,1,0.01,12ICLFL27
BSE,bse_cm,0ICLFL27,975707,D,ICLFL-ZC-31-5-27-PVT,0ICLFL27,1,0.01,0ICLFL27
BSE,bse_cm,0ICLFL30,975708,D,ICLFL-ZC-31-1-30-PVT,0ICLFL30,1,0.01,0ICLFL30
BSE,bse_cm,819IIL26,975710,D,IIL-8.19%-3-12-26-PVT,819IIL26,1,0.01,819IIL26
BSE,bse_cm,1150CTM26,975712,D,CTM24-11.50%-16-10-26-PTC,1150CTM26,100000,0.01,1150CTM26
BSE,bse_cm,119ACAP26,975713,D,ACAPL-11.90%-3-12-26-PVT,119ACAP26,1,0.01,119ACAP26
BSE,bse_cm,12ACAP29,975714,D,ACAPL-12%-3-12-29-PVT,12ACAP29,1,0.01,12ACAP29
BSE,bse_cm,75IREDA34,975715,D,IREDA-7.5%-5-6-34-PVT,75IREDA34,1,0.01,75IREDA34
BSE,bse_cm,867AFLPER,975716,D,AFL-8.67%-PERPETUAL-PVT,867AFLPER,1,0.01,867AFLPER
BSE,bse_cm,980DMIFP27,975717,D,DMIFPL-9.80%-4-6-27-PVT,980DMIFP27,1,0.01,980DMIFP27
BSE,bse_cm,IFSL060624,975721,D,IFSL-NIFTY-8-11-27PVT,IFSL060624,1,0.01,IFSL060624
BSE,bse_cm,950SFL27A,975724,D,SFL-9.50%-7-6-27-PVT,950SFL27A,1,0.01,950SFL27A
BSE,bse_cm,0SFL27,975725,D,SFL-ZC-7-6-27-PVT,0SFL27,1,0.01,0SFL27
BSE,bse_cm,1025SFL29A,975727,D,SFL-10.25%-07-6-29-PVT,1025SFL29A,1,0.01,1025SFL29A
BSE,bse_cm,0SFL29,975728,D,SFL-ZC-07-6-29-PVT,0SFL29,1,0.01,0SFL29
BSE,bse_cm,833HDBFS27,975729,D,HDBFSL-8.33%-6-8-27-PVT,833HDBFS27,1,0.01,833HDBFS27
BSE,bse_cm,873ELL26,975731,D,ELL-8.73%-7-12-26-PVT,873ELL26,1,0.01,873ELL26
BSE,bse_cm,873ELL27,975732,D,EEL-8.73%-7-6-27-PVT,873ELL27,1,0.01,873ELL27
BSE,bse_cm,995AAHL28,975733,D,AAHL-9.95%-12-6-28-PVT,995AAHL28,1,0.01,995AAHL28
BSE,bse_cm,TRILRE27,975734,D,TRIL-Reset Rate- 12-6-27-PVT,TRILRE27,1,0.01,TRILRE27
BSE,bse_cm,835KPIL27,975735,D,KPIL-8.35%-11-6-27-PVT,835KPIL27,1,0.01,835KPIL27
BSE,bse_cm,855HDBFPRP,975737,D,HDBFSL-8.55%-31-12-99-PERPETUA,855HDBFPRP,1,0.01,855HDBFPRP
BSE,bse_cm,744IRFCL34,975738,D,IRFCL-7.44%-13-6-34-PVT,744IRFCL34,1,0.01,744IRFCL34
BSE,bse_cm,735RECL34,975740,D,RECL-7.35%-31-7-34-PVT,735RECL34,1,0.01,735RECL34
BSE,bse_cm,114KFL27,975741,D,KFL-11.4%-13-6-27-PVT,114KFL27,1,0.01,114KFL27
BSE,bse_cm,764NBRD29,975742,D,NBRD-7.64%-6-12-29-PVT,764NBRD29,1,0.01,764NBRD29
BSE,bse_cm,918NACL29,975743,D,NACL-9.18%-14-6-29-PVT,918NACL29,1,0.01,918NACL29
BSE,bse_cm,1050NFL27,975746,D,NFL-10.50%-18-6-27-PVT,1050NFL27,1,0.01,1050NFL27
BSE,bse_cm,925SKFLD27,975747,D,SKFLD-9.25%-19-9-27-PVT,925SKFLD27,1,0.01,925SKFLD27
BSE,bse_cm,957MASFL27,975754,D,MASFL-9.57%-21-6-27-PVT,957MASFL27,1,0.01,957MASFL27
BSE,bse_cm,91SFL34,975756,D,SFL-9.1%-20-6-34-PVT,91SFL34,1,0.01,91SFL34
BSE,bse_cm,942PLM2527,975757,D,PLUM25-9.42%-20-10-27-PTC,942PLM2527,100000,0.01,942PLM2527
BSE,bse_cm,812KMPL27,975758,D,KMPL-8.12%-21-6-27-PVT,812KMPL27,1,0.01,812KMPL27
BSE,bse_cm,835AFL34,975759,D,AFL-8.35%-23-6-34-PVT,835AFL34,1,0.01,835AFL34
BSE,bse_cm,835MRHF29,975760,D,MRHFL-8.35%-22-6-29-PVT,835MRHF29,1,0.01,835MRHF29
BSE,bse_cm,9JMFHL28,975762,D,JMFHL-9%-21-6-28-PVT,9JMFHL28,1,0.01,9JMFHL28
BSE,bse_cm,794MBPR31,975763,D,MBPR-7.94%-24-6-31-REIT,794MBPR31,1,0.01,794MBPR31
BSE,bse_cm,744IRED34,975764,D,IREDA-7.44%-25-8-34-PVT,744IRED34,1,0.01,744IRED34
BSE,bse_cm,787IGT27,975765,D,IGT-7.87%-24-2-27-INVITS,787IGT27,1,0.01,787IGT27
BSE,bse_cm,741IIFCL39,975769,D,IIFCL-7.41%-26-6-39-PVT,741IIFCL39,1,0.01,741IIFCL39
BSE,bse_cm,1025UCL27,975771,D,UCL-10.25%-25-6-27-PVT,1025UCL27,1,0.01,1025UCL27
BSE,bse_cm,12ICLFL27A,975772,D,ICLFL-12%-25-6-27-PVT,12ICLFL27A,1,0.01,12ICLFL27A
BSE,bse_cm,0ICLFL27A,975773,D,ICLFL-ZC-25-6-27-PVT,0ICLFL27A,1,0.01,0ICLFL27A
BSE,bse_cm,0ICLFL30A,975774,D,ICLFL-ZC-25-2-30-PVT,0ICLFL30A,1,0.01,0ICLFL30A
BSE,bse_cm,736SBOI39,975776,D,SBOL-7.36%-27-6-39-PVT,736SBOI39,1,0.01,736SBOI39
BSE,bse_cm,839OPAL27,975777,D,OPAL-8.39%-28-6-27-PVT,839OPAL27,1,0.01,839OPAL27
BSE,bse_cm,965VFSP26,975778,D,VFSPL-9.65%-27-12-26-PVT,965VFSP26,1,0.01,965VFSP26
BSE,bse_cm,980VFL28,975779,D,VFL-9.80%-27-6-28-PVT,980VFL28,1,0.01,980VFL28
BSE,bse_cm,1215NGPL29,975781,D,NGPL-12.15%-27-6-29-PVT,1215NGPL29,1,0.01,1215NGPL29
BSE,bse_cm,81004KIF30,975782,D,KIF-8.1004%-28-5-30-PVT,81004KIF30,1,0.01,81004KIF30
BSE,bse_cm,81006KIF31,975783,D,KIF-8.1006%-28-5-31-PVT,81006KIF31,1,0.01,81006KIF31
BSE,bse_cm,950VAJR28,975785,D,VAJRA010-9.50%-20-06-28-PTC,950VAJR28,1,0.01,950VAJR28
BSE,bse_cm,975VJ09T28,975787,D,VJ09T-9.75%-20-1-28-PTC,975VJ09T28,1,0.01,975VJ09T28
BSE,bse_cm,1005MFL30,975788,D,MFL-10.05%-29-04-30-PVT,1005MFL30,1,0.01,1005MFL30
BSE,bse_cm,799IFL36,975789,D,IIL-7.99%-28-6-36-PVT,799IFL36,1,0.01,799IFL36
BSE,bse_cm,11USFBL31,975790,D,USFBL-11%-28-6-31-PVT,11USFBL31,1,0.01,11USFBL31
BSE,bse_cm,915SFL29A,975791,D,SFL-9.15%-28-6-29-PVT,915SFL29A,1,0.01,915SFL29A
BSE,bse_cm,807IHFCL27,975793,D,IHFCL-1-10-27-PVT,807IHFCL27,1,0.01,807IHFCL27
BSE,bse_cm,1182KSL26,975794,D,KSL-11.82%-09-11-26-PVT,1182KSL26,1,0.01,1182KSL26
BSE,bse_cm,1148LIFL27,975797,D,LAXMI INDIA FINANCE LIMITED,1148LIFL27,1,0.01,1148LIFL27
BSE,bse_cm,910PM25326,975798,D,PLM253-9.10%-25-12-26-PTC,910PM25326,1,0.01,910PM25326
BSE,bse_cm,743NBFID34,975800,D,NBFID-7.43%-4-7-34-PVT,743NBFID34,1,0.01,743NBFID34
BSE,bse_cm,789BOM34,975801,D,BOM-7.89%-4-7-34-PVT,789BOM34,1,0.01,789BOM34
BSE,bse_cm,1050SCNL27,975802,D,SCNL-10.50%-4-1-27-PVT,1050SCNL27,1,0.01,1050SCNL27
BSE,bse_cm,1746CSAI28,975803,D,CSAIPL-17.46%-2-7-28-PVT,1746CSAI28,1,0.01,1746CSAI28
BSE,bse_cm,SJT2024,975807,D,SJT2024-25-6-30-PTC,SJT2024,100000,0.01,SJT2024
BSE,bse_cm,1180NFL27,975808,D,NFL-11.80%-5-7-27,1180NFL27,1,0.01,1180NFL27
BSE,bse_cm,860PJL29,975810,D,PJL-8.60%-5-7-29-PVT,860PJL29,1,0.01,860PJL29
BSE,bse_cm,95PFL34,975812,D,PFL-9.5%-7-7-34-PVT,95PFL34,1,0.01,95PFL34
BSE,bse_cm,820ABSLI34,975813,D,ABSLICL-8.20%-10-7-34-OVT,820ABSLI34,1,0.01,820ABSLI34
BSE,bse_cm,798BHFL26,975814,D,BHFL-7.98%-9-9-26-PVT,798BHFL26,1,0.01,798BHFL26
BSE,bse_cm,736SBI39,975815,D,SBI-7.36%-11-7-39-PVT,736SBI39,1,0.01,736SBI39
BSE,bse_cm,812BFL27A,975818,D,BFL-8.12%-10-9-27-PVT,812BFL27A,1,0.01,812BFL27A
BSE,bse_cm,950HLFL39,975819,D,HLFL-9.50%-10-7-39-PVT,950HLFL39,1,0.01,950HLFL39
BSE,bse_cm,812ABHF29,975820,D,ABHFL-8.12%-15-5-29-PVT,812ABHF29,1,0.01,812ABHF29
BSE,bse_cm,817ABHF27,975821,D,ABHFL-8.17%-25-8-27-PVT,817ABHF27,1,0.01,817ABHF27
BSE,bse_cm,RRUCL11724,975822,D,UCL-REPO+SPREAD-11-1-27-PVT,RRUCL11724,1,0.01,RRUCL11724
BSE,bse_cm,739IRFC34,975826,D,IRFC-7.39%-15-7-34-PVT,739IRFC34,1,0.01,739IRFC34
BSE,bse_cm,871HDBFPER,975827,D,HDBFSL-8.71%-PERPETUAL-PVT,871HDBFPER,1,0.01,871HDBFPER
BSE,bse_cm,808KMPL27,975828,D,KMPL-8.08%-21-10-27-PVT,808KMPL27,1,0.01,808KMPL27
BSE,bse_cm,736IOCL29,975829,D,IOCL-7.36%-16-7-29-PVT,736IOCL29,1,0.01,736IOCL29
BSE,bse_cm,789BHFL34,975830,D,BHFL-7.89%-14-7-34-PVT,789BHFL34,1,0.01,789BHFL34
BSE,bse_cm,8KMTL27,975831,D,KMTL-30-6-27-PVT,8KMTL27,1,0.01,8KMTL27
BSE,bse_cm,9CIFCL31,975833,D,CIFCL-9%-9-4-31-PVT,9CIFCL31,1,0.01,9CIFCL31
BSE,bse_cm,756RECL27,975835,D,RECL-7.56%-31-8-27-PVT,756RECL27,1,0.01,756RECL27
BSE,bse_cm,745RECL35,975836,D,RECL-7.45%-31-8-35-PVT,745RECL35,1,0.01,745RECL35
BSE,bse_cm,728HUDC29,975837,D,HUDCL-18-7-29-PVT,728HUDC29,1,0.01,728HUDC29
BSE,bse_cm,965AXFPL27,975841,D,AXFPL-9.65%-19-7-27-PVT,965AXFPL27,1,0.01,965AXFPL27
BSE,bse_cm,738PGCIL34,975842,D,PGCIL-7.38%-23-7-34-PVT,738PGCIL34,1,0.01,738PGCIL34
BSE,bse_cm,923CFSL27,975844,D,CFSL-9.23%-22-7-27-PVT,923CFSL27,1,0.01,923CFSL27
BSE,bse_cm,NWFL22724A,975846,D,NWFL-Nifty 50 Index-21-1-28-PV,NWFL22724A,1,0.01,NWFL22724A
BSE,bse_cm,739IREDA39,975847,D,IREDAL-7.39%-22-7-39-PVT,739IREDA39,1,0.01,739IREDA39
BSE,bse_cm,975SCL29,975848,D,SCL-9.75%-23-7-29-PVT,975SCL29,1,0.01,975SCL29
BSE,bse_cm,12IFL27A,975849,D,ICLFL-12%-23-7-27-PVT,12IFL27A,1,0.01,12IFL27A
BSE,bse_cm,ICLF230724,975850,D,ICLFL-23-7-27-PVT,ICLF230724,1,0.01,ICLF230724
BSE,bse_cm,ICL230724,975851,D,ICLFL-23-3-30-PVT,ICL230724,1,0.01,ICL230724
BSE,bse_cm,950DIA34RR,975854,D,DIAL-9.50%-RestRate-25-7-34-PV,950DIA34RR,1,0.01,950DIA34RR
BSE,bse_cm,840GPL28,975856,D,GPL-8.40%-25-1-28-PVT,840GPL28,1,0.01,840GPL28
BSE,bse_cm,855GPL29,975857,D,GPL-8.55%-26-7-29-PVT,855GPL29,1,0.01,855GPL29
BSE,bse_cm,985USGIC34,975858,D,USGICL-9.85%-25-7-34-PVT,985USGIC34,1,0.01,985USGIC34
BSE,bse_cm,830ABHFL34,975860,D,ABHFL-8.30%-30-10-34-PVT,830ABHFL34,1,0.01,830ABHFL34
BSE,bse_cm,1097SML29,975861,D,SML-10.97%-26-7-29-PVT,1097SML29,1,0.01,1097SML29
BSE,bse_cm,737IRFC29,975862,D,IRFC-7.37%-31-7-29-PVT,737IRFC29,1,0.01,737IRFC29
BSE,bse_cm,1140KFP27,975863,D,KFL-11.40%-28-1-27-PVT,1140KFP27,1,0.01,1140KFP27
BSE,bse_cm,1050PFSP27,975864,D,PFSPL-10.50%-31-07-27-PVT,1050PFSP27,1,0.01,1050PFSP27
BSE,bse_cm,995PDL27,975865,D,PDL-9.95%-30-7-27-PVT,995PDL27,1,0.01,995PDL27
BSE,bse_cm,798BFL29,975866,D,BFL-7.98%-31-7-29-PVT,798BFL29,1,0.01,798BFL29
BSE,bse_cm,ZCNWF27,975867,D,NWFL-ZC-30-7-27-PVT,ZCNWF27,1,0.01,ZCNWF27
BSE,bse_cm,739IIFCL39,975870,D,IIFCL-7.39%-1-8-39-PVT,739IIFCL39,1,0.01,739IIFCL39
BSE,bse_cm,870SFL34,975871,D,SFL-8.75%-31-7-34-PVT,870SFL34,1,0.01,870SFL34
BSE,bse_cm,EEL010824,975872,D,EEL-01-02-27-PVT,EEL010824,1,0.01,EEL010824
BSE,bse_cm,1030IKF27,975873,D,IKF-10.30%-30-7-27-PVT,1030IKF27,1,0.01,1030IKF27
BSE,bse_cm,990AXFPL27,975875,D,AXFPL-9.90%-31-7-27-PVT,990AXFPL27,1,0.01,990AXFPL27
BSE,bse_cm,985STEL26,975876,D,STELLAR-9.85%-19-9-27-PTC,985STEL26,100000,0.01,985STEL26
BSE,bse_cm,990PLD29,975878,D,PLD-9.90%-25-1-29-PTC,990PLD29,1,0.01,990PLD29
BSE,bse_cm,1175NFL27,975879,D,NFL-11.75%-5-8-27,1175NFL27,1,0.01,1175NFL27
BSE,bse_cm,99TCPL27A,975881,D,TCPL-9.9%-02-08-27-PVT,99TCPL27A,1,0.01,99TCPL27A
BSE,bse_cm,78BOM34,975882,D,BOM-7.8%-5-8-34-PVT,78BOM34,1,0.01,78BOM34
BSE,bse_cm,OPML20824,975883,D,OPML-Nifty 50-2-2-28-PVT,OPML20824,1,0.01,OPML20824
BSE,bse_cm,798IIL34,975884,D,IIL-7.98%-5-8-34-PVT,798IIL34,1,0.01,798IIL34
BSE,bse_cm,897MML28,975885,D,MML-8.97%-6-8-28-PVT,897MML28,1,0.01,897MML28
BSE,bse_cm,825MRHF29,975886,D,MRHFL-8.25%-03-08-29-PVT,825MRHF29,1,0.01,825MRHF29
BSE,bse_cm,788UML27,975888,D,UML-7.88%-6-8-27-PVT,788UML27,1,0.01,788UML27
BSE,bse_cm,785UML27A,975889,D,UML-7.85%-26-2-27-PVT,785UML27A,1,0.01,785UML27A
BSE,bse_cm,799RCFL27,975890,D,RCFL-7.99%-7-8-27-PVT,799RCFL27,1,0.01,799RCFL27
BSE,bse_cm,80956ABH26,975891,D,ABHFL-8.0956%-22-12-26-PVT,80956ABH26,1,0.01,80956ABH26
BSE,bse_cm,985NWFL27,975892,D,NWFL-9.85%-9-8-27-PVT,985NWFL27,1,0.01,985NWFL27
BSE,bse_cm,755RECL26,975893,D,RECL-7.55%-31-10-26-PVT,755RECL26,1,0.01,755RECL26
BSE,bse_cm,825SCPSL34,975894,D,SCPSL-8.25%-8-8-34-PVT,825SCPSL34,1,0.01,825SCPSL34
BSE,bse_cm,8034ABCL34,975895,D,ABCL-8.0343%-8-8-34-PVT,8034ABCL34,1,0.01,8034ABCL34
BSE,bse_cm,975SCL28A,975897,D,SCL-9.75%-12-4-28-PVT,975SCL28A,1,0.01,975SCL28A
BSE,bse_cm,849ABSLI34,975898,D,ABSLICL-8.49%-12-8-34-PVT,849ABSLI34,1,0.01,849ABSLI34
BSE,bse_cm,805AFL28,975899,D,AFL-8.05%-25-4-28-PVT,805AFL28,1,0.01,805AFL28
BSE,bse_cm,736NBFID44,975900,D,NBFID-7.36%-12-8-44-PVT,736NBFID44,1,0.01,736NBFID44
BSE,bse_cm,925VJRT27,975901,D,VJRA011-9.25%-20-9-27-PTC,925VJRT27,1,0.01,925VJRT27
BSE,bse_cm,8IIDL29,975902,D,IIDL-8%-29-10-29-PVT,8IIDL29,1,0.01,8IIDL29
BSE,bse_cm,795IIL39,975904,D,IIL-7.95%-13-8-39-PVT,795IIL39,1,0.01,795IIL39
BSE,bse_cm,EEL130827,975905,D,EEL-13-8-27-PVT,EEL130827,1,0.01,EEL130827
BSE,bse_cm,925VAJRA31,975907,D,VAJRA-9.25%-20-1-31-PTC,925VAJRA31,1,0.01,925VAJRA31
BSE,bse_cm,965OPML27,975910,D,OPML-9.65%-13-8-27-PVT,965OPML27,1,0.01,965OPML27
BSE,bse_cm,1040NFL26A,975913,D,NFL-10.40%-13-11-26-PVT,1040NFL26A,1,0.01,1040NFL26A
BSE,bse_cm,850FFSL28,975918,D,FFSL-8.50%-RESET RATE-14-8-28-,850FFSL28,1,0.01,850FFSL28
BSE,bse_cm,910MFL26A,975919,D,MFL-9.10%-19-8-26-PVT,910MFL26A,1,0.01,910MFL26A
BSE,bse_cm,795IHFCL27,975920,D,IHFCL-7.95%-16-11-27-PVT,795IHFCL27,1,0.01,795IHFCL27
BSE,bse_cm,975THFPL27,975921,D,THFPL-9.75%-16-8-27-PVT,975THFPL27,1,0.01,975THFPL27
BSE,bse_cm,9JMFHL27,975922,D,JMFHL-9%-16-3-27-PVT,9JMFHL27,1,0.01,9JMFHL27
BSE,bse_cm,9JMFHL27A,975923,D,JMFHL-9%-13-8-27-PVT,9JMFHL27A,1,0.01,9JMFHL27A
BSE,bse_cm,9JMFHL28A,975924,D,JMFHL-9%-16-2-28-PVT,9JMFHL28A,1,0.01,9JMFHL28A
BSE,bse_cm,9JMFHL28B,975925,D,JMFHL-9%-16-6-28-PVT,9JMFHL28B,1,0.01,9JMFHL28B
BSE,bse_cm,12AFIL29,975929,D,AFIL-12%-16-8-29-PVT,12AFIL29,1,0.01,12AFIL29
BSE,bse_cm,12IFL27B,975930,D,ICLFL-12%-19-8-27-PVT,12IFL27B,1,0.01,12IFL27B
BSE,bse_cm,12AFIL26,975931,D,AFIL-12%-14-8-26-PVT,12AFIL26,1,0.01,12AFIL26
BSE,bse_cm,IFL190824,975933,D,ICLFL-19-8-27-PVT,IFL190824,1,0.01,IFL190824
BSE,bse_cm,IFL190824A,975934,D,ICLFL-19-4-30-PVT,IFL190824A,1,0.01,IFL190824A
BSE,bse_cm,1225AFIL27,975935,D,AFIL-12.25%-16-8-27-PVT,1225AFIL27,1,0.01,1225AFIL27
BSE,bse_cm,125AFIL30,975936,D,AFIL-12.5%-27-6-30-PVT,125AFIL30,1,0.01,125AFIL30
BSE,bse_cm,94AFL27,975937,D,AFL-9.4%-19-2-27-PVT,94AFL27,1,0.01,94AFL27
BSE,bse_cm,95IFSL26,975938,D,IFSL-9.5%-18-8-26-PVT,95IFSL26,1,0.01,95IFSL26
BSE,bse_cm,1170NGCP27,975939,D,NGCPL-11.70%-21-8-27-PVT,1170NGCP27,1,0.01,1170NGCP27
BSE,bse_cm,732PFCL39,975940,D,PFCL-7.32%-15-7-39-PVT,732PFCL39,1,0.01,732PFCL39
BSE,bse_cm,1025SCNL26,975941,D,SCNL-10.25%-21-8-26-PVT,1025SCNL26,1,0.01,1025SCNL26
BSE,bse_cm,99IFSL26,975945,D,IFSL-9.9%-21-8-26-PVT,99IFSL26,1,0.01,99IFSL26
BSE,bse_cm,88ABDFV27,975948,D,ABDFVL-8.8%-26-8-27-PVT,88ABDFV27,1,0.01,88ABDFV27
BSE,bse_cm,731RECL39,975949,D,RECL-7.31%-30-9-39-PVT,731RECL39,1,0.01,731RECL39
BSE,bse_cm,73BOB34,975950,D,BOB-7.3%-27-8-34-PVT,73BOB34,1,0.01,73BOB34
BSE,bse_cm,1075MML26B,975951,D,MML-10.75%-27-8-26-PVT,1075MML26B,1,0.01,1075MML26B
BSE,bse_cm,95AFL34,975952,D,AFL-9.5%-23-8-34-PVT,95AFL34,1,0.01,95AFL34
BSE,bse_cm,87AESL34,975953,D,AESL-8.7%-28-8-34-PVT,87AESL34,1,0.01,87AESL34
BSE,bse_cm,1050NFL27A,975955,D,NFL-27-8-27-PVT,1050NFL27A,1,0.01,1050NFL27A
BSE,bse_cm,722HPCL29,975956,D,HPCL-7.22%-28-8-29-PVT,722HPCL29,1,0.01,722HPCL29
BSE,bse_cm,83ISPDL35,975957,D,ISPDL-8.3%-26-4-35-PVT,83ISPDL35,1,0.01,83ISPDL35
BSE,bse_cm,85AHFL27,975958,D,AHFL-8.5%-2-12-27-PVT,85AHFL27,1,0.01,85AHFL27
BSE,bse_cm,742SBI39,975959,D,SBI-7.42%-29-8-39-PVT,742SBI39,1,0.01,742SBI39
BSE,bse_cm,725IRFC34,975960,D,IRFC-7.25%-29-8-34-PVT,725IRFC34,1,0.01,725IRFC34
BSE,bse_cm,105AFL26,975961,D,AFL-10.50%-28-8-26-PVT,105AFL26,1,0.01,105AFL26
BSE,bse_cm,NWF290824,975964,D,NWFL-30-8-27-CP,NWF290824,1,0.01,NWF290824
BSE,bse_cm,1048EFL31,975965,D,EFL-10.48%-15-5-31-PVT,1048EFL31,1,0.01,1048EFL31
BSE,bse_cm,1175MFL026,975966,D,MFL-11.75%-29-8-26-PVT,1175MFL026,1,0.01,1175MFL026
BSE,bse_cm,835ABREL27,975967,D,ABREL-8.35%-30-8-27-PVT,835ABREL27,1,0.01,835ABREL27
BSE,bse_cm,855ABREL29,975968,D,ABREL-8.55%-30-8-29-PVT,855ABREL29,1,0.01,855ABREL29
BSE,bse_cm,8ATIT34,975969,D,ATIT-8%-30-8-34-INVIT,8ATIT34,1,0.01,8ATIT34
BSE,bse_cm,OPML290824,975971,D,OPML-26-2-27-PVT,OPML290824,1,0.01,OPML290824
BSE,bse_cm,1206FCL29,975972,D,FCL-12.06%-30-8-29-PVT,1206FCL29,1,0.01,1206FCL29
BSE,bse_cm,1206FCL27A,975973,D,IFPL-12.06%-30-8-27-PVT,1206FCL27A,1,0.01,1206FCL27A
BSE,bse_cm,835JSL29,975974,D,JSL-8.35%-30-8-29-PVT,835JSL29,1,0.01,835JSL29
BSE,bse_cm,843JSL31,975976,D,JSL-8.43%-29-8-31-PVT,843JSL31,1,0.01,843JSL31
BSE,bse_cm,108SFL26,975977,D,SFL-10.8%-30-8-26-PVT,108SFL26,1,0.01,108SFL26
BSE,bse_cm,737IIFCL34,975978,D,IIFCL-7.37%-2-9-34-PVT,737IIFCL34,1,0.01,737IIFCL34
BSE,bse_cm,95DHRUVA29,975980,D,DHRUVA-9.5%-24-10-29-PTC,95DHRUVA29,1,0.01,95DHRUVA29
BSE,bse_cm,772TIL34,975981,D,TIL-7.72%-3-9-34-PVT,772TIL34,1,0.01,772TIL34
BSE,bse_cm,910PLM28,975983,D,PLUM256-9.10%-25-2-28-PTC,910PLM28,1,0.01,910PLM28
BSE,bse_cm,8857SFL27,975984,D,SFL-8.857%-RESET RATE-2-9-27-P,8857SFL27,1,0.01,8857SFL27
BSE,bse_cm,730PFCL34,975985,D,PFCL-7.30%-16-10-34-PVT,730PFCL34,1,0.01,730PFCL34
BSE,bse_cm,925MOFSL32,975986,D,MOFSL-9.25%-3-9-32-PVT,925MOFSL32,1,0.01,925MOFSL32
BSE,bse_cm,1150NFL30,975987,D,NFL-11.50%-4-9-30,1150NFL30,1,0.01,1150NFL30
BSE,bse_cm,745ABL34,975988,D,ABL-7.45%-5-9-34-PVT,745ABL34,1,0.01,745ABL34
BSE,bse_cm,8049ABHF27,975989,D,ABHFL-8.049%-3-12-27-PVT,8049ABHF27,1,0.01,8049ABHF27
BSE,bse_cm,1075SSFL27,975990,D,SSFL-10.75%-15-4-27-PVT,1075SSFL27,1,0.01,1075SSFL27
BSE,bse_cm,980SFIL29,975992,D,SFIL-9.80%-6-9-29-PVT,980SFIL29,1,0.01,980SFIL29
BSE,bse_cm,820PFL29,975993,D,PFL-8.20-5-9-29-PVT,820PFL29,1,0.01,820PFL29
BSE,bse_cm,726BOB34,975994,D,BOB-7.26%-9-9-34-PVT,726BOB34,1,0.01,726BOB34
BSE,bse_cm,81ABCL29,975995,D,ABCL-8.1%-7-9-29-PVT,81ABCL29,1,0.01,81ABCL29
BSE,bse_cm,999ATIT29,975996,D,ATIT-9.99%-09-09-29-PVT,999ATIT29,1,0.01,999ATIT29
BSE,bse_cm,999ATIT29A,975997,D,ATIT-9.99%-10-9-29-PVT,999ATIT29A,1,0.01,999ATIT29A
BSE,bse_cm,736IRED39,975999,D,IREDA-7.36%-9-9-39-PVT,736IRED39,1,0.01,736IRED39
BSE,bse_cm,85GPL29,976000,D,GPL-8.5%-10-9-29-PVT,85GPL29,1,0.01,85GPL29
BSE,bse_cm,875AVHFI29,976001,D,AVHFIL-8.75%-RESET RATE-5-9-29,875AVHFI29,1,0.01,875AVHFI29
BSE,bse_cm,885SA24T,976002,D,SANSARAUG-25-8-30-PTC,885SA24T,100000,0.01,885SA24T
BSE,bse_cm,844RSEPL29,976003,D,RSEJFPL-8.44%-31-8-29-PVT,844RSEPL29,1,0.01,844RSEPL29
BSE,bse_cm,803ABHFL29,976004,D,ABHFL-8.03%-11-9-29-PVT,803ABHFL29,1,0.01,803ABHFL29
BSE,bse_cm,910SFL34,976005,D,SFL-9.10%-11-9-34-PVT,910SFL34,1,0.01,910SFL34
BSE,bse_cm,786ABFRL26,976007,D,ABFRL-7.86%-31-12-26-PVT,786ABFRL26,1,0.01,786ABFRL26
BSE,bse_cm,79JDFI26,976008,D,JDFIPL-7.90%-11-9-26-PVT,79JDFI26,1,0.01,79JDFI26
BSE,bse_cm,975MM26,976010,D,MML-9.75%-13-9-26-PVT,975MM26,1,0.01,975MM26
BSE,bse_cm,925DHRU30,976011,D,DHRUVAXXIII-9.25%-15-7-30-PTC,925DHRU30,1,0.01,925DHRU30
BSE,bse_cm,950DHRU30,976012,D,DHRUVAXXIII-9.50%-15-7-30-PTC,950DHRU30,1,0.01,950DHRU30
BSE,bse_cm,12MFLAPER,976018,D,MFL-12%-PERPETUAL-PVT,12MFLAPER,1,0.01,12MFLAPER
BSE,bse_cm,0CIPL28,976020,D,CIPL-ZC-17-3-28-PVT,0CIPL28,1,0.01,0CIPL28
BSE,bse_cm,18RHRPL27,976021,D,RHRPL-18%-18-9-27-PVT,18RHRPL27,1,0.01,18RHRPL27
BSE,bse_cm,875AVHF029,976022,D,AVHFIL-8.75%-RESET RATE-19-9-2,875AVHF029,1,0.01,875AVHF029
BSE,bse_cm,950IFSL26A,976023,D,IFSL-9.50%-18-9-26-PVT,950IFSL26A,1,0.01,950IFSL26A
BSE,bse_cm,810DCCDL34,976025,D,DCCDL-8.10%-RESET RATE-31-8-34,810DCCDL34,1,0.01,810DCCDL34
BSE,bse_cm,115SFPLP29,976026,D,SFPL-11.5%-19-9-29-PVT,115SFPLP29,1,0.01,115SFPLP29
BSE,bse_cm,733SBI39,976027,D,SBI-7.33%-20-9-39-PVT,733SBI39,1,0.01,733SBI39
BSE,bse_cm,795IHFC27,976028,D,IHFC-7.95%-20-12-27-PVT,795IHFC27,1,0.01,795IHFC27
BSE,bse_cm,794IHFC29,976029,D,IHFC-7.94%-19-9-29-PVT,794IHFC29,1,0.01,794IHFC29
BSE,bse_cm,0KPDL34,976030,D,KPDL-ZC-20-9-34-PVT,0KPDL34,1,0.01,0KPDL34
BSE,bse_cm,10DKGFS27,976031,D,DKGFSL-10%-19-9-27-PVT,10DKGFS27,1,0.01,10DKGFS27
BSE,bse_cm,10DKGFSP27,976032,D,DKGFSPL-10%-19-9-27-PVT,10DKGFSP27,1,0.01,10DKGFSP27
BSE,bse_cm,727PFCL31,976033,D,PFCL-7.27%-15-10-31-PVT,727PFCL31,1,0.01,727PFCL31
BSE,bse_cm,722PFCL31,976034,D,PFCL-7.22%-15-10-39-PVT,722PFCL31,1,0.01,722PFCL31
BSE,bse_cm,1080SFL26,976035,D,SFL-10.80%-20-9-26-PVT,1080SFL26,1,0.01,1080SFL26
BSE,bse_cm,1045MFL32,976036,D,MFL-10.45%-24-12-32-PVT,1045MFL32,1,0.01,1045MFL32
BSE,bse_cm,NWFL23924,976037,D,NWFL-Nifty 50-24-3-28-PVT,NWFL23924,1,0.01,NWFL23924
BSE,bse_cm,86ABRL27,976038,D,ABRL-8.6%-24-9-27-PVT,86ABRL27,1,0.01,86ABRL27
BSE,bse_cm,715HUDCO34,976039,D,HUDCO-7.15%-25-9-34-PVT,715HUDCO34,1,0.01,715HUDCO34
BSE,bse_cm,1025HFSP27,976040,D,HFSPL-10.25%-24-9-27-PVT,1025HFSP27,1,0.01,1025HFSP27
BSE,bse_cm,80232KDF30,976041,D,KIDFL-8.0232%-24-1-30-PVT,80232KDF30,1,0.01,80232KDF30
BSE,bse_cm,796EOPRT27,976042,D,EOPRT-7.96%-27-9-27-REIT,796EOPRT27,1,0.01,796EOPRT27
BSE,bse_cm,812DLFCD27,976043,D,DLFCCDL-RESET RATE-24-9-27-PVT,812DLFCD27,1,0.01,812DLFCD27
BSE,bse_cm,893SHFL27,976045,D,SHFL-8.93%-27-9-27-PVT,893SHFL27,1,0.01,893SHFL27
BSE,bse_cm,801MMFSL27,976046,D,MMFSL-8.01%-24-12-27-PVT,801MMFSL27,1,0.01,801MMFSL27
BSE,bse_cm,0ECAPEL28,976047,D,ECAPEL-ZC-28-3-28-PVT,0ECAPEL28,1,0.01,0ECAPEL28
BSE,bse_cm,11DKGF26,976048,D,DKGFSPL-11%-27-12-26-PVT,11DKGF26,1,0.01,11DKGF26
BSE,bse_cm,1250SFPL26,976049,D,SFPL-12.50%-27-9-26-PVT,1250SFPL26,1,0.01,1250SFPL26
BSE,bse_cm,812IUTA127,976051,D,IUTA1-8.12%-20-7-27-PTC,812IUTA127,1,0.01,812IUTA127
BSE,bse_cm,820IUTA130,976052,D,IUTA1-8.20%-20-9-30-PTC,820IUTA130,1,0.01,820IUTA130
BSE,bse_cm,106632VC26,976053,D,VCL-10.6632%-27-9-26,106632VC26,1,0.01,106632VC26
BSE,bse_cm,95SHDF27,976057,D,SHDFC-9.5%-24-9-27-PVT,95SHDF27,1,0.01,95SHDF27
BSE,bse_cm,135NFL27,976058,D,NFL-13.5%-30-9-27,135NFL27,1,0.01,135NFL27
BSE,bse_cm,115VFPL26,976059,D,VFPL-11.5%-27-9-26-PVT,115VFPL26,1,0.01,115VFPL26
BSE,bse_cm,895SISL39,976061,D,SISL-8.95%-RESET RATE-30-9-39-,895SISL39,1,0.01,895SISL39
BSE,bse_cm,1090AFPL26,976062,D,AFPL-10.90%-30-09-26-PVT,1090AFPL26,1,0.01,1090AFPL26
BSE,bse_cm,847BOBPER,976064,D,BOBCARD-8.47%-PERPETUAL-PVT,847BOBPER,1,0.01,847BOBPER
BSE,bse_cm,935AAHL28,976065,D,AAHL-9.35%-8-9-28-PVT,935AAHL28,1,0.01,935AAHL28
BSE,bse_cm,0RL34,976066,D,RL-CBDT-ZC-3-11-34-PVT,0RL34,1,0.01,0RL34
BSE,bse_cm,10SGHPL29,976067,D,SGHPL-10%-RESET RATE-28-07-29-,10SGHPL29,1,0.01,10SGHPL29
BSE,bse_cm,915AFPL027,976068,D,AFPL-9.15%-RESET RATE- 30-9-27,915AFPL027,1,0.01,915AFPL027
BSE,bse_cm,940AKCFL27,976069,D,AKCFL-9.40%-3-10-27-PVT,940AKCFL27,1,0.01,940AKCFL27
BSE,bse_cm,940PL25728,976071,D,PL257-9.40%-20-3-28-PTC,940PL25728,100000,0.01,940PL25728
BSE,bse_cm,945PLKIG27,976072,D,2024PLKINGSLY-9.45%-25-5-27-PT,945PLKIG27,1,0.01,945PLKIG27
BSE,bse_cm,885SAT29,976073,D,SANSARAUG2024-8.85%-25-9-29-PT,885SAT29,100000,0.01,885SAT29
BSE,bse_cm,11IFSPL27,976074,D,IFSPL-11%-30-9-27-PVT,11IFSPL27,1,0.01,11IFSPL27
BSE,bse_cm,756BHFL34,976075,D,BHFL-7.56%-4-10-34-PVT,756BHFL34,1,0.01,756BHFL34
BSE,bse_cm,770BF41034,976076,D,BFL-7.70%-04-10-34-PVT,770BF41034,1,0.01,770BF41034
BSE,bse_cm,7781KMPL29,976077,D,KMPL-7.781%-17-9-29-PVT,7781KMPL29,1,0.01,7781KMPL29
BSE,bse_cm,825CIFCL29,976078,D,CIFCL-8.25%-4-10-29-PVT,825CIFCL29,1,0.01,825CIFCL29
BSE,bse_cm,1225ICL28,976079,D,ICLFL-12.25%-4-10-28-PVT,1225ICL28,1,0.01,1225ICL28
BSE,bse_cm,ICL041024,976080,D,ICLFL-4-10-28-PVT,ICL041024,1,0.01,ICL041024
BSE,bse_cm,ICLF041024,976081,D,ICLFL-4-6-30-PVT,ICLF041024,1,0.01,ICLF041024
BSE,bse_cm,824MMFSL34,976083,D,MMFSL-8.24%-6-10-34-PVT,824MMFSL34,1,0.01,824MMFSL34
BSE,bse_cm,949KIIFB28,976084,D,KIIFB-9.49%-8-10-28-PVT,949KIIFB28,1,0.01,949KIIFB28
BSE,bse_cm,949KIIFB29,976085,D,KIIFB-9.49%-8-10-29-PVT,949KIIFB29,1,0.01,949KIIFB29
BSE,bse_cm,949KIIFB30,976086,D,KIIFB-9.49%-8-10-30-PVT,949KIIFB30,1,0.01,949KIIFB30
BSE,bse_cm,949KIIFB31,976087,D,KIIFB-9.49%-8-10-31-PVT,949KIIFB31,1,0.01,949KIIFB31
BSE,bse_cm,949KIIFB32,976088,D,KIIFB-9.49%-8-10-32-PVT,949KIIFB32,1,0.01,949KIIFB32
BSE,bse_cm,949KIIFB33,976089,D,KIIFB-9.49%-8-10-33-PVT,949KIIFB33,1,0.01,949KIIFB33
BSE,bse_cm,949KIIFB34,976090,D,KIIFB-9.49%-8-10-34-PVT,949KIIFB34,1,0.01,949KIIFB34
BSE,bse_cm,78BFL27,976091,D,BFL-7.8%-10-12-27-PVT,78BFL27,1,0.01,78BFL27
BSE,bse_cm,791ABCL34,976092,D,ABCL-7.91%-9-10-34-PVT,791ABCL34,1,0.01,791ABCL34
BSE,bse_cm,1050AF27,976093,D,AFL-10.50%-9-10-27-PVT,1050AF27,1,0.01,1050AF27
BSE,bse_cm,925SFL027,976094,D,SFL-9.25%-10-10-27-PVT,925SFL027,1,0.01,925SFL027
BSE,bse_cm,1025HFL27,976095,D,HFL-10.25%-11-2-27-PVT,1025HFL27,1,0.01,1025HFL27
BSE,bse_cm,1050HFL30,976096,D,HFL-10.50%-11-4-30-PVT,1050HFL30,1,0.01,1050HFL30
BSE,bse_cm,95HHFL39,976098,D,HHFL-9.5%-11-10-39-PVT,95HHFL39,1,0.01,95HHFL39
BSE,bse_cm,RRADPL27,976099,D,ADPL-RESET RATE-14-4-27-PVT,RRADPL27,1,0.01,RRADPL27
BSE,bse_cm,79611HDB28,976100,D,HDBFSL-7.9611%-5-1-28-PVT,79611HDB28,1,0.01,79611HDB28
BSE,bse_cm,799MPL26A,976103,D,MPL-7.99%-16-10-26-PVT,799MPL26A,1,0.01,799MPL26A
BSE,bse_cm,797MPL27,976104,D,MPL-7.97%-16-11-27-PVT,797MPL27,1,0.01,797MPL27
BSE,bse_cm,9564AFSL28,976105,D,AFSL-9.564%-16-10-28-PVT,9564AFSL28,1,0.01,9564AFSL28
BSE,bse_cm,94AFSL27,976106,D,AFSL-9.4%-16-4-27-PVT,94AFSL27,1,0.01,94AFSL27
BSE,bse_cm,RRBHFL29,976107,D,BHFL-TBILL+SPREAD-17-10-29-PVT,RRBHFL29,1,0.01,RRBHFL29
BSE,bse_cm,0360OPL27,976108,D,360-ZC-17-5-27-PVT,0360OPL27,1,0.01,0360OPL27
BSE,bse_cm,1045EFL30,976109,D,EFL-10.45%-17-10-30-PVT,1045EFL30,1,0.01,1045EFL30
BSE,bse_cm,9IKFFL27,976110,D,IKFFL-9%-17-10-27-PVT,9IKFFL27,1,0.01,9IKFFL27
BSE,bse_cm,1325LFL26,976113,D,LFL-13.25%-15-9-26-PVT,1325LFL26,1,0.01,1325LFL26
BSE,bse_cm,1210KSL26,976114,D,KSL-12.10%-20-10-26-PVT,1210KSL26,1,0.01,1210KSL26
BSE,bse_cm,975DMIFP27,976115,D,DMIFPL-9.75%-18-4-27-PVT,975DMIFP27,1,0.01,975DMIFP27
BSE,bse_cm,975SCL29A,976116,D,SCL-9.75%-20-10-29-PVT,975SCL29A,1,0.01,975SCL29A
BSE,bse_cm,925SCL26G,976117,D,SCL-9.25%-28-8-26-PVT,925SCL26G,1,0.01,925SCL26G
BSE,bse_cm,76937NST27,976118,D,NSL-7.6937%-28-5-27-REITS,76937NST27,1,0.01,76937NST27
BSE,bse_cm,77165NST28,976119,D,NST-7.7165%-14-6-28-REITS,77165NST28,1,0.01,77165NST28
BSE,bse_cm,929AKCF26,976120,D,AKCFL-9.29%-RESET RATE- 23-10-,929AKCF26,1,0.01,929AKCF26
BSE,bse_cm,94AFSL27A,976121,D,AFSL-9.4%-22-10-27-PVT,94AFSL27A,1,0.01,94AFSL27A
BSE,bse_cm,1140KFL27,976122,D,KFL-11.40%-22-4-27-PVT,1140KFL27,1,0.01,1140KFL27
BSE,bse_cm,798SBIPERP,976123,D,SBI-7.98%-PERPETUAL-PVT,798SBIPERP,1,0.01,798SBIPERP
BSE,bse_cm,808MRRL35,976124,D,MRRL-8.08%-RESET RATE-30-9-35,808MRRL35,1,0.01,808MRRL35
BSE,bse_cm,828MRRL31,976125,D,MRRL-8.28%-31-3-31,828MRRL31,1,0.01,828MRRL31
BSE,bse_cm,8ORL27,976127,D,ORL-8%-22-10-27-PVT,8ORL27,1,0.01,8ORL27
BSE,bse_cm,805ORL28,976128,D,ORL-8.05%-24-10-28-PVT,805ORL28,1,0.01,805ORL28
BSE,bse_cm,708PGC34,976129,D,PGCIL-7.08%-25-10-34-PVT,708PGC34,1,0.01,708PGC34
BSE,bse_cm,743JUPPL34,976130,D,JUPPL-7.43%-24-10-34-PVT,743JUPPL34,1,0.01,743JUPPL34
BSE,bse_cm,808SKRL35,976131,D,SKRL-8.08%-RESET RATE-30-6-35,808SKRL35,1,0.01,808SKRL35
BSE,bse_cm,828SKRL31,976132,D,SKRL-8.28%-RESET RATE-30-6-31,828SKRL31,1,0.01,828SKRL31
BSE,bse_cm,13PFSP31,976133,D,PFSPL-13%-15-5-31-PVT,13PFSP31,1,0.01,13PFSP31
BSE,bse_cm,772IHFCL29,976134,D,IHFCL-7.72%-28-9-29-PVT,772IHFCL29,1,0.01,772IHFCL29
BSE,bse_cm,896SFL27,976136,D,SFL-8.96%-24-10-27-PVT,896SFL27,1,0.01,896SFL27
BSE,bse_cm,1182ESPL26,976137,D,ESPL-11.82%-27-12-26-PVT,1182ESPL26,1,0.01,1182ESPL26
BSE,bse_cm,102EFSL27,976139,D,EFSL-10.20%-28-4-27-PVT,102EFSL27,1,0.01,102EFSL27
BSE,bse_cm,961NWFL26A,976141,D,NWFL-9.61%-26-10-26-PVT,961NWFL26A,1,0.01,961NWFL26A
BSE,bse_cm,827HFSL34,976142,D,HFSL-8.27%-27-10-34-PVT,827HFSL34,1,0.01,827HFSL34
BSE,bse_cm,114BFL26,976143,D,BFL-11.4%-28-10-26-PVT,114BFL26,1,0.01,114BFL26
BSE,bse_cm,809AFL29,976144,D,AFL-8.09%-29-10-29-PVT,809AFL29,1,0.01,809AFL29
BSE,bse_cm,950IFSLD26,976145,D,IFSLD-9.50%-29-10-26-PVT,950IFSLD26,1,0.01,950IFSLD26
BSE,bse_cm,99MCSL26,976146,D,MCSL-9.90%-29-10-26-PVT,99MCSL26,1,0.01,99MCSL26
BSE,bse_cm,95HLFL30,976148,D,HLFL-9.5%-30-10-30-PVT,95HLFL30,1,0.01,95HLFL30
BSE,bse_cm,945DXXIV29,976149,D,DHRUVAXXIV-9.45%-16-2-29-PTC,945DXXIV29,1,0.01,945DXXIV29
BSE,bse_cm,799MRHFL28,976150,D,MRHFL-7.99%-4-5-28-PVT,799MRHFL28,1,0.01,799MRHFL28
BSE,bse_cm,960AVFSL27,976151,D,AVFSL-9.60%-30-4-27-PVT,960AVFSL27,1,0.01,960AVFSL27
BSE,bse_cm,94AVFSL27,976152,D,AVFSL-9.4%-29-10-27-PVT,94AVFSL27,1,0.01,94AVFSL27
BSE,bse_cm,732IREDA29,976153,D,IREDA-7.32%-4-11-29-PVT,732IREDA29,1,0.01,732IREDA29
BSE,bse_cm,78241ABH29,976156,D,ABHFL-7.8241%-6-8-29-PVT,78241ABH29,1,0.01,78241ABH29
BSE,bse_cm,726IIFCL34,976158,D,IIFCL-7.26%-7-11-34-PVT,726IIFCL34,1,0.01,726IIFCL34
BSE,bse_cm,747IIFCL27,976159,D,IIFCL-7.47%-7-11-27-PVT,747IIFCL27,1,0.01,747IIFCL27
BSE,bse_cm,709RL39,976161,D,RL-7.09%-30-11-39-PVT,709RL39,1,0.01,709RL39
BSE,bse_cm,734RL30,976162,D,RL-7.34%-30-4-30-PVT,734RL30,1,0.01,734RL30
BSE,bse_cm,88ISIPL29,976163,D,ISIPL-8.80%-07-11-29-PVT,88ISIPL29,1,0.01,88ISIPL29
BSE,bse_cm,95NWFL26,976164,D,NWFL-9.5%-9-11-26-PVT,95NWFL26,1,0.01,95NWFL26
BSE,bse_cm,803PFL29,976165,D,PFL-8.03%-07-11-29-PVT,803PFL29,1,0.01,803PFL29
BSE,bse_cm,89267SFL27,976166,D,SFL-8.9267%-20-7-27-PVT,89267SFL27,1,0.01,89267SFL27
BSE,bse_cm,945OFSL26,976167,D,OFSL-9.45%-11-11-26-PVT,945OFSL26,1,0.01,945OFSL26
BSE,bse_cm,832KPIL27A,976168,D,KPIL-8.32%-12-11-27-PVT,832KPIL27A,1,0.01,832KPIL27A
BSE,bse_cm,715IRFC39,976169,D,IRFC-7.15%-14-11-39-PVT,715IRFC39,1,0.01,715IRFC39
BSE,bse_cm,975VFL28A,976170,D,VFL-9.75%-13-11-28-PVT,975VFL28A,1,0.01,975VFL28A
BSE,bse_cm,965VFL27,976171,D,VFL-9.65%-13-11-27-PVT,965VFL27,1,0.01,965VFL27
BSE,bse_cm,865AESL34,976172,D,AESL-8.65%-13-11-34-PVT,865AESL34,1,0.01,865AESL34
BSE,bse_cm,990IKFFL27,976173,D,IKFFL-9.90%-15-3-27-PVT,990IKFFL27,1,0.01,990IKFFL27
BSE,bse_cm,12MFL26,976174,D,MFL-12%-11-11-26-PVT,12MFL26,1,0.01,12MFL26
BSE,bse_cm,RRIHFCL27,976175,D,IHFCL-3MTBILL+SPREAD-12-11-27-,RRIHFCL27,1,0.01,RRIHFCL27
BSE,bse_cm,9HLFL27,976176,D,HLFL-9%-14-11-27-PVT,9HLFL27,1,0.01,9HLFL27
BSE,bse_cm,723SBI39,976177,D,SBI-7.23%-19-11-39-PVT,723SBI39,1,0.01,723SBI39
BSE,bse_cm,920DCBBL34,976178,D,DCBBL-9.20%-18-11-34-PVT,920DCBBL34,1,0.01,920DCBBL34
BSE,bse_cm,NWFL181124,976179,D,NWFL-Nifty 50-19-5-28-CP,NWFL181124,1,0.01,NWFL181124
BSE,bse_cm,942360OP27,976180,D,360OPL-9.42%-31-5-27-PVT,942360OP27,1,0.01,942360OP27
BSE,bse_cm,828GHFL26,976182,D,GHFL-8.28%21-8-26-PVT,828GHFL26,1,0.01,828GHFL26
BSE,bse_cm,10MCSLD26,976183,D,MCSL-10%-20-11-26-PVT,10MCSLD26,1,0.01,10MCSLD26
BSE,bse_cm,1350NFL27,976184,D,NFL-13.50%-26-11-27,1350NFL27,1,0.01,1350NFL27
BSE,bse_cm,10CIPL30,976186,D,CIPL-10%-22-11-30-PVT,10CIPL30,1,0.01,10CIPL30
BSE,bse_cm,114KFL27A,976187,D,KFL-11.40%-26-5-27-PVT,114KFL27A,1,0.01,114KFL27A
BSE,bse_cm,960ARFL34,976189,D,ARFL-9.60%-24-11-34-PVT,960ARFL34,1,0.01,960ARFL34
BSE,bse_cm,775IHFCL34,976193,D,IHFCL-7.75%-24-11-34-PVT,775IHFCL34,1,0.01,775IHFCL34
BSE,bse_cm,IHFC261124,976194,D,IHFCL-3MTBILLS+SPREAD-25-2-28-,IHFC261124,1,0.01,IHFC261124
BSE,bse_cm,737IREDA31,976195,D,IREDAL-7.37%-27-11-31-PVT,737IREDA31,1,0.01,737IREDA31
BSE,bse_cm,10CJDPL28,976196,D,CJDPL-10%-25-11-28-PVT,10CJDPL28,1,0.01,10CJDPL28
BSE,bse_cm,754MBP28,976198,D,MBPREIT-7.54%-18-2-28-REIT,754MBP28,1,0.01,754MBP28
BSE,bse_cm,1010ICFL27,976199,D,ICFL-10.10%-26-2-27-PVT,1010ICFL27,1,0.01,1010ICFL27
BSE,bse_cm,1015ICFL27,976200,D,ICFL-10.15%-27-8-27-PVT,1015ICFL27,1,0.01,1015ICFL27
BSE,bse_cm,97THFPL27,976201,D,THFPL-9.70%-26-11-27-PVT,97THFPL27,1,0.01,97THFPL27
BSE,bse_cm,741BOB39,976202,D,BOB-7.41%-28-11-39-PVT,741BOB39,1,0.01,741BOB39
BSE,bse_cm,1090USFB31,976203,D,USFBL-10.90%-27-11-31-PVT,1090USFB31,1,0.01,1090USFB31
BSE,bse_cm,AXFL291124,976205,D,AXFL-3M TBILL+SPREAD-28-1-28-P,AXFL291124,1,0.01,AXFL291124
BSE,bse_cm,803IUTL226,976206,D,IUTAL2-8.03%-21-11-26-PTC,803IUTL226,1,0.01,803IUTL226
BSE,bse_cm,809IUTL227,976207,D,IUTAL2-8.09%-21-11-27-PTC,809IUTL227,1,0.01,809IUTL227
BSE,bse_cm,817IUTL230,976208,D,IUTAL2-8.17%-21-11-30-PTC,817IUTL230,1,0.01,817IUTL230
BSE,bse_cm,990IFSL27,976209,D,IFSL-9.90%-25-11-27-PVT,990IFSL27,1,0.01,990IFSL27
BSE,bse_cm,117NCPL26,976211,D,NCPL-11.7%-29-11-26-PVT,117NCPL26,1,0.01,117NCPL26
BSE,bse_cm,125NFL31,976212,D,NFL-12.5%-15-12-31,125NFL31,1,0.01,125NFL31
BSE,bse_cm,1040MCSL26,976213,D,MCSL-10.40%-2-12-26-PVT,1040MCSL26,1,0.01,1040MCSL26
BSE,bse_cm,950HLFLPERA,976214,D,HLFL-9.50%-PERPETUAL-PVT,950HLFLPERA,1,0.01,950HLFLPERA
BSE,bse_cm,1331PA11T28,976215,D,PA11T-13.31%-14-1-28-PTC,1331PA11T28,1,0.01,1331PA11T28
BSE,bse_cm,96ESFBL30,976218,D,ESFBL-9.6%-5-12-30-PVT,96ESFBL30,1,0.01,96ESFBL30
BSE,bse_cm,117VFPL27,976219,D,VFPL-11.7%-6-8-27-pvt,117VFPL27,1,0.01,117VFPL27
BSE,bse_cm,792IIL30,976220,D,IIL-7.92%-6-6-30-PVT,792IIL30,1,0.01,792IIL30
BSE,bse_cm,793IIL34,976221,D,IIL-7.93%-6-12-34-PVT,793IIL34,1,0.01,793IIL34
BSE,bse_cm,775KMPL27,976222,D,KMPL-7.75%-19-11-27-PVT,775KMPL27,1,0.01,775KMPL27
BSE,bse_cm,711PFCL40,976223,D,PFCL-7.11%-16-1-40-PVT,711PFCL40,1,0.01,711PFCL40
BSE,bse_cm,710PFCL35,976224,D,PFCL-7.10%-15-1-35-PVT,710PFCL35,1,0.01,710PFCL35
BSE,bse_cm,77215BFL27,976226,D,BFL-7.7215%-26-3-27-PVT,77215BFL27,1,0.01,77215BFL27
BSE,bse_cm,723DMEDL34,976227,D,DMEDL-7.23%-11-12-34-GREEN-PVT,723DMEDL34,1,0.01,723DMEDL34
BSE,bse_cm,1045MFL33,976228,D,MFL-10.45%-11-3-33-PVT,1045MFL33,1,0.01,1045MFL33
BSE,bse_cm,785ABHFL28,976229,D,ABHFL-7.85%-10-3-28-PVT,785ABHFL28,1,0.01,785ABHFL28
BSE,bse_cm,950IFSL26B,976230,D,IFSL-9.50%-11-12-26-PVT,950IFSL26B,1,0.01,950IFSL26B
BSE,bse_cm,740NBARD30,976232,D,NBARD-7.40%-29-4-30-PVT,740NBARD30,1,0.01,740NBARD30
BSE,bse_cm,95MCSL26,976233,D,MCSL-9.5%-12-12-26-PVT,95MCSL26,1,0.01,95MCSL26
BSE,bse_cm,91CFSL29,976234,D,CFSL-9.1%-13-12-29-PVT,91CFSL29,1,0.01,91CFSL29
BSE,bse_cm,962NWFL27,976235,D,NWFL-9.62%-16-6-27-PVT,962NWFL27,1,0.01,962NWFL27
BSE,bse_cm,965SFL27,976236,D,SFL-9.65%-13-1-27-PVT,965SFL27,1,0.01,965SFL27
BSE,bse_cm,709IRFC34,976237,D,IRFC-7.09%-16-12-34-PVT,709IRFC34,1,0.01,709IRFC34
BSE,bse_cm,837AHFL28,976238,D,AHFL-8.37%-29-5-28-PVT,837AHFL28,1,0.01,837AHFL28
BSE,bse_cm,773EOPR29,976240,D,EOPR-7.73%-14-12-29-REIT,773EOPR29,1,0.01,773EOPR29
BSE,bse_cm,MUML161224,976241,D,MUML-RESET RATE-30-9-38-PVT,MUML161224,1,0.01,MUML161224
BSE,bse_cm,FHL191224,976242,D,FHL-MIFOR+Fixed Spread+19-12-2,FHL191224,1,0.01,FHL191224
BSE,bse_cm,FHL191224A,976243,D,FHL-MIFOR+Fixed Spread-19-12-2,FHL191224A,1,0.01,FHL191224A
BSE,bse_cm,FHL191224B,976244,D,FHL-MIFOR+Fixed Spread+19-12-2,FHL191224B,1,0.01,FHL191224B
BSE,bse_cm,880HLFL29,976245,D,HLFL-8.80%-17-12-29-PVT,880HLFL29,1,0.01,880HLFL29
BSE,bse_cm,10EFCL27,976246,D,EFCL-10%-17-12-27-PVT,10EFCL27,1,0.01,10EFCL27
BSE,bse_cm,911360OP27,976247,D,360OPML-9.11%-17-12-27-PVT,911360OP27,1,0.01,911360OP27
BSE,bse_cm,0MSFL026,976248,D,MSFL-ZC-18-12-26-PVT,0MSFL026,1,0.01,0MSFL026
BSE,bse_cm,1025SFL029,976249,D,SFL-10.25%-18-12-29-PVT,1025SFL029,1,0.01,1025SFL029
BSE,bse_cm,95SFL027,976250,D,SFL-9.5%-18-12-27-PVT,95SFL027,1,0.01,95SFL027
BSE,bse_cm,SFL24,976251,D,SFL-18-12-27-PVT,SFL24,1,0.01,SFL24
BSE,bse_cm,710RECL35,976252,D,RECL-7.10%-30-4-35-PVT,710RECL35,1,0.01,710RECL35
BSE,bse_cm,721GIL34,976253,D,GIL-7.21%-19-12-34-PVT,721GIL34,1,0.01,721GIL34
BSE,bse_cm,789AXFL29,976254,D,AXFL-7.89%-19-12-29-PVT,789AXFL29,1,0.01,789AXFL29
BSE,bse_cm,7882AXFL27,976255,D,AXFL-7.882%-19-11-27-PVT,7882AXFL27,1,0.01,7882AXFL27
BSE,bse_cm,7845AXFL34,976256,D,AXFL-7.845%-19-12-34-PVT,7845AXFL34,1,0.01,7845AXFL34
BSE,bse_cm,766BHFL28,976257,D,BHFL-7.66%-20-3-28-PVT,766BHFL28,1,0.01,766BHFL28
BSE,bse_cm,735IIFCL34,976258,D,IIFCL-7.35%-20-12-34-PVT,735IIFCL34,1,0.01,735IIFCL34
BSE,bse_cm,747IIFCL28,976259,D,IIFCL-7.47%-20-3-28-PVT,747IIFCL28,1,0.01,747IIFCL28
BSE,bse_cm,96MFSL26,976261,D,MASFSL-9.60%-23-12-26-PVT,96MFSL26,1,0.01,96MFSL26
BSE,bse_cm,860LDL27,976262,D,LDL-8.60%-10-12-27-PVT,860LDL27,1,0.01,860LDL27
BSE,bse_cm,823IIL34,976264,D,IIL-8.23%-23-12-34-PVT,823IIL34,1,0.01,823IIL34
BSE,bse_cm,712PGCIL34,976265,D,PGCIL-7.12%-24-12-34-PVT,712PGCIL34,1,0.01,712PGCIL34
BSE,bse_cm,743PNB39,976266,D,PNB-7.43%-23-12-39-PVT,743PNB39,1,0.01,743PNB39
BSE,bse_cm,835MCFPL29,976267,D,MCFPL-8.35%-21-12-29-PVT,835MCFPL29,1,0.01,835MCFPL29
BSE,bse_cm,88912SFL28,976268,D,SFL-8.8912%-24-1-28-PVT,88912SFL28,1,0.01,88912SFL28
BSE,bse_cm,1125AFPL29,976269,D,AFPL-11.25%-15-12-29-PVT,1125AFPL29,1,0.01,1125AFPL29
BSE,bse_cm,716PFCL40,976270,D,PFCL-7.16%-16-01-40-PVT,716PFCL40,1,0.01,716PFCL40
BSE,bse_cm,74PFCL30A,976271,D,PFCL-7.40%-15-1-30-PVT,74PFCL30A,1,0.01,74PFCL30A
BSE,bse_cm,835MRHF34,976272,D,MRHFL-8.35%-22-12-34-PVT,835MRHF34,1,0.01,835MRHF34
BSE,bse_cm,712HUDCO34,976273,D,HUDCO-7.12%-26-12-34-PVT,712HUDCO34,1,0.01,712HUDCO34
BSE,bse_cm,1011VCL26,976275,D,VCL-10.11%-23-12-26,1011VCL26,1,0.01,1011VCL26
BSE,bse_cm,925VT28,976277,D,VT-9.25%-20-9-28-PTC,925VT28,1,0.01,925VT28
BSE,bse_cm,980IKFHF28,976278,D,IKFHFL-9.80%-24-3-28-PVT,980IKFHF28,1,0.01,980IKFHF28
BSE,bse_cm,12FFSL27,976279,D,FFSL-12%-18-12-27-PVT,12FFSL27,1,0.01,12FFSL27
BSE,bse_cm,109AFPL26,976280,D,AFPL-10.9%-17-12-26-PVT,109AFPL26,1,0.01,109AFPL26
BSE,bse_cm,715IRFC34,976281,D,IRFC-7.15%-27-12-34-PVT,715IRFC34,1,0.01,715IRFC34
BSE,bse_cm,94AKCFL27,976283,D,AKCFL-9.4%-30-12-27-PVT,94AKCFL27,1,0.01,94AKCFL27
BSE,bse_cm,10ICFL26,976284,D,ICFL-10%-24-12-26-PVT,10ICFL26,1,0.01,10ICFL26
BSE,bse_cm,841AFLPER,976285,D,AFL-8.41%-PERPETUAL-PVT,841AFLPER,1,0.01,841AFLPER
BSE,bse_cm,835MCFPL27,976286,D,MCFPL-8.35%-29-12-27-PVT,835MCFPL27,1,0.01,835MCFPL27
BSE,bse_cm,11ESPL26,976287,D,ESPL-11%-5-10-26-PVT,11ESPL26,1,0.01,11ESPL26
BSE,bse_cm,942KIIF28A,976288,D,KIIFB-9.4%-30-12-28-PVT,942KIIF28A,1,0.01,942KIIF28A
BSE,bse_cm,942KIIFB29,976289,D,KIIFB-9.42%-30-12-29-PVT,942KIIFB29,1,0.01,942KIIFB29
BSE,bse_cm,942KIIFB30,976290,D,KIIFB-9.4%-30-12-30-PVT,942KIIFB30,1,0.01,942KIIFB30
BSE,bse_cm,942KIIFB31,976291,D,KIIFB-9.4%-30-12-31-PVT,942KIIFB31,1,0.01,942KIIFB31
BSE,bse_cm,942KIIFB33,976292,D,KIIFB-9.4%-30-12-33-PVT,942KIIFB33,1,0.01,942KIIFB33
BSE,bse_cm,942KIIFB34,976293,D,KIIFB-9.4%-30-12-34-PVT,942KIIFB34,1,0.01,942KIIFB34
BSE,bse_cm,942KIIFB32,976294,D,KIIFB-9.42%-30-12-32-PVT,942KIIFB32,1,0.01,942KIIFB32
BSE,bse_cm,875AVHF29,976295,D,AVHFIL-8.75%-RESET RATE-30-12-,875AVHF29,1,0.01,875AVHF29
BSE,bse_cm,975MAS26,976296,D,MFSL-9.75%-30-12-26-PVT,975MAS26,1,0.01,975MAS26
BSE,bse_cm,968THFP27,976297,D,THFPL-9.68%-30-12-27-PVT,968THFP27,1,0.01,968THFP27
BSE,bse_cm,84HHFL28,976298,D,HHFL-8.4%-29-12-28-PVT,84HHFL28,1,0.01,84HHFL28
BSE,bse_cm,NWFL311224,976299,D,NWFL-NIFTY 50-30-6-28-PVT,NWFL311224,1,0.01,NWFL311224
BSE,bse_cm,950IFSL26C,976300,D,IFSL-9.50%-31-12-26-PVT,950IFSL26C,1,0.01,950IFSL26C
BSE,bse_cm,99IKFF27,976301,D,IKFFL-9.9%-30-12-27-PVT,99IKFF27,1,0.01,99IKFF27
BSE,bse_cm,9AFIP28,976302,D,AFIPL-9%-31-12-28-PVT,9AFIP28,1,0.01,9AFIP28
BSE,bse_cm,10KFL26,976303,D,KFL-10%-31-12-26-PVT,10KFL26,1,0.01,10KFL26
BSE,bse_cm,1010AFL27,976304,D,AFL-10.10%-31-3-27-PVT,1010AFL27,1,0.01,1010AFL27
BSE,bse_cm,995AFL26,976305,D,AFL-9.95%-31-12-26-PVT,995AFL26,1,0.01,995AFL26
BSE,bse_cm,14ACAP26,976306,D,ACAPL-14%-31-12-26-PVT,14ACAP26,1,0.01,14ACAP26
BSE,bse_cm,108EAAAL27,976307,D,EAAAL-10.80%-2-7-27-PVT,108EAAAL27,1,0.01,108EAAAL27
BSE,bse_cm,925SKFL28,976308,D,SKFL-9.25%-2-1-28-PVT,925SKFL28,1,0.01,925SKFL28
BSE,bse_cm,725IOCL30,976311,D,IOCL-7.25%-6-1-30-PVT,725IOCL30,1,0.01,725IOCL30
BSE,bse_cm,775UNOML26,976312,D,UNOML-7.75%-24-1-26-PVT,775UNOML26,1,0.01,775UNOML26
BSE,bse_cm,775UNOML27,976313,D,UNOML-7.75%-04-1-27-PVT,775UNOML27,1,0.01,775UNOML27
BSE,bse_cm,89043SFL30,976315,D,SFL-8.90%-04-01-30-PVT,89043SFL30,1,0.01,89043SFL30
BSE,bse_cm,930PFL27,976316,D,PFL-9.30%-07-2-27-PVT,930PFL27,1,0.01,930PFL27
BSE,bse_cm,938ARFL29,976317,D,ARFL-9.38%-5-1-29-PVT,938ARFL29,1,0.01,938ARFL29
BSE,bse_cm,855MOHFL27,976320,D,MOHFL-8.55%-07-01-27-PVT,855MOHFL27,1,0.01,855MOHFL27
BSE,bse_cm,753NABRD28,976321,D,NABARD-7.53%-24-3-28-PVT,753NABRD28,1,0.01,753NABRD28
BSE,bse_cm,13IML27,976322,D,IML-13%-25-11-27-PVT,13IML27,1,0.01,13IML27
BSE,bse_cm,995SCL35,976323,D,SCL-9.95%-13-1-35-PVT,995SCL35,1,0.01,995SCL35
BSE,bse_cm,94AKCF28,976324,D,AKCFL-9.4%-14-1-28-PVT,94AKCF28,1,0.01,94AKCF28
BSE,bse_cm,1075NFL27,976325,D,NFL-10.75%-31-12-27-PVT,1075NFL27,1,0.01,1075NFL27
BSE,bse_cm,720RECL35,976326,D,RECL-7.20%-15-1-35-PVT,720RECL35,1,0.01,720RECL35
BSE,bse_cm,777KMPL30,976327,D,KMPL-7.77%-15-1-30-PVT,777KMPL30,1,0.01,777KMPL30
BSE,bse_cm,RRCIPL30,976328,D,CIPL-RR-22-11-30-PVT,RRCIPL30,1,0.01,RRCIPL30
BSE,bse_cm,925SKFL27A,976329,D,SKFL-9.25%-15-7-27-PVT,925SKFL27A,1,0.01,925SKFL27A
BSE,bse_cm,842AFL30,976330,D,AFL-8.42%-15-1-30-PVT,842AFL30,1,0.01,842AFL30
BSE,bse_cm,846AFL30,976331,D,AFL-8.46%-15-1-30-PVT,846AFL30,1,0.01,846AFL30
BSE,bse_cm,723BOB35,976332,D,BOB-7.23%-16-1-35-PVT,723BOB35,1,0.01,723BOB35
BSE,bse_cm,968THFPL28,976333,D,THFPL-9.68%-14-1-28-PVT,968THFPL28,1,0.01,968THFPL28
BSE,bse_cm,725IRFC35A,976334,D,IRFC-7.25%-17-1-35-PVT,725IRFC35A,1,0.01,725IRFC35A
BSE,bse_cm,ZCECAPEL27,976335,D,ECAPEL-ZC-16-2-27-PVT,ZCECAPEL27,1,0.01,ZCECAPEL27
BSE,bse_cm,101ICFL27,976336,D,ICFL-10.10%-16-4-27-PVT,101ICFL27,1,0.01,101ICFL27
BSE,bse_cm,950OPL35,976337,D,360OPL-9.50%-16-1-35-PVT,950OPL35,1,0.01,950OPL35
BSE,bse_cm,777IHFCL30,976338,D,IHFCL-7.77%-16-1-30-PVT,777IHFCL30,1,0.01,777IHFCL30
BSE,bse_cm,78537ABH30,976340,D,ABHFL-7.8537%-17-1-30-PVT,78537ABH30,1,0.01,78537ABH30
BSE,bse_cm,728IREDA35,976342,D,IREDAL-7.28%-21-1-35-PVT,728IREDA35,1,0.01,728IREDA35
BSE,bse_cm,1065MFPL27,976343,D,MFSPL-10.65%-12-1-27-PVT,1065MFPL27,1,0.01,1065MFPL27
BSE,bse_cm,95IFSL27,976344,D,IFSL-9.5%-19-7-27-PVT,95IFSL27,1,0.01,95IFSL27
BSE,bse_cm,1130KFL27,976346,D,KFL-11.30%-23-1-27-PVT,1130KFL27,1,0.01,1130KFL27
BSE,bse_cm,PFL230125A,976347,D,PFL-3MOIS SPREAD-22-1-27-PVT,PFL230125A,1,0.01,PFL230125A
BSE,bse_cm,1030HFL26,976349,D,HFL-10.30%-24-11-26-PVT,1030HFL26,1,0.01,1030HFL26
BSE,bse_cm,11HFL30,976350,D,HFL-11%-24-1-30-PVT,11HFL30,1,0.01,11HFL30
BSE,bse_cm,952NWFL27,976352,D,NWFL-9.52%-24-2-27-PVT,952NWFL27,1,0.01,952NWFL27
BSE,bse_cm,720NHPC35,976353,D,NHPC-7.20%-27-1-35-PVT,720NHPC35,1,0.01,720NHPC35
BSE,bse_cm,1175AFIL28,976354,D,AFIL-11.75%-24-1-28-PVT,1175AFIL28,1,0.01,1175AFIL28
BSE,bse_cm,12AFIL30,976355,D,AFIL-12%-24-1-30-PVT,12AFIL30,1,0.01,12AFIL30
BSE,bse_cm,12AFIL27,976356,D,AFIL-12%-23-1-27-PVT,12AFIL27,1,0.01,12AFIL27
BSE,bse_cm,12AFIL2027,976357,D,AFIL-12%-23-1-27-PVT,12AFIL2027,1,0.01,12AFIL2027
BSE,bse_cm,1225AFIL28,976358,D,AFIL-12.25%-24-1-28-PVT,1225AFIL28,1,0.01,1225AFIL28
BSE,bse_cm,1250AFIL30,976359,D,AFIL-12.50%-6-12-30-PVT,1250AFIL30,1,0.01,1250AFIL30
BSE,bse_cm,IFSL24125,976361,D,IFSL-NIFTY 50-12-5-28-PVT,IFSL24125,1,0.01,IFSL24125
BSE,bse_cm,1468LVJ26,976362,D,LVJ-14.68%-22-12-26-PTC,1468LVJ26,1,0.01,1468LVJ26
BSE,bse_cm,10MCSL27B,976363,D,MCSL-10%-28-1-27-PVT,10MCSL27B,1,0.01,10MCSL27B
BSE,bse_cm,990IKF27,976364,D,IKFFL-9.90%-20-1-27-PVT,990IKF27,1,0.01,990IKF27
BSE,bse_cm,940UTD2430,976365,D,UTD24-9.40%-17-8-30-PTC,940UTD2430,1,0.01,940UTD2430
BSE,bse_cm,940UTD30,976366,D,UTD24-9.40%-17-8-30-PTC,940UTD30,1,0.01,940UTD30
BSE,bse_cm,TFL29125,976367,D,TFL-RR-3MTBILLS+SPREAD-29-1-27,TFL29125,1,0.01,TFL29125
BSE,bse_cm,104NFL27,976368,D,NFL-10.4%-29-1-27-PVT,104NFL27,1,0.01,104NFL27
BSE,bse_cm,98AFPL28,976369,D,AFL-9.8%-29-1-28-PVT,98AFPL28,1,0.01,98AFPL28
BSE,bse_cm,10UCL29,976370,D,UCL-10%-30-1-29-PVT,10UCL29,1,0.01,10UCL29
BSE,bse_cm,97AFPL27,976371,D,AFPL-9.7%-29-1-27-PVT,97AFPL27,1,0.01,97AFPL27
BSE,bse_cm,1350LLDL29,976372,D,LLDL-13.50%-30-1-29-PVT,1350LLDL29,1,0.01,1350LLDL29
BSE,bse_cm,0NHIT34,976373,D,NHIT-0%-30-1-34-STRPP-INVIT,0NHIT34,1,0.01,0NHIT34
BSE,bse_cm,0NHIT35,976374,D,NHIT-0%-30-1-35-STRPP-INVIT,0NHIT35,1,0.01,0NHIT35
BSE,bse_cm,115VFPL27,976375,D,VFPL-11.5%-5-2-27-PVT,115VFPL27,1,0.01,115VFPL27
BSE,bse_cm,1115MHFC30,976376,D,MHFCL-11.15%-31-7-30-PVT,1115MHFC30,1,0.01,1115MHFC30
BSE,bse_cm,EEL310125,976377,D,EEL-DISC-31-1-28-PVT,EEL310125,1,0.01,EEL310125
BSE,bse_cm,1081BHGC28,976378,D,BHGCPL-10.81%-31-1-28-PVT,1081BHGC28,1,0.01,1081BHGC28
BSE,bse_cm,7886MMFS28,976379,D,MMFSL-7.8863%-28-4-28-PVT,7886MMFS28,1,0.01,7886MMFS28
BSE,bse_cm,87HHFL30,976380,D,HHFL-8.7%-3-2-30-PVT,87HHFL30,1,0.01,87HHFL30
BSE,bse_cm,75855SEI35,976381,D,SEIT-7.5855%-2-2-35-INVITS,75855SEI35,1,0.01,75855SEI35
BSE,bse_cm,9SFL30A,976383,D,SFL-9%-4-2-30-PVT,9SFL30A,1,0.01,9SFL30A
BSE,bse_cm,PLDAN31125,976384,D,2024PLDAN-25-7-29-PTC,PLDAN31125,100000,0.01,PLDAN31125
BSE,bse_cm,725NBFI40,976385,D,NBFID-7.25%-3-2-40-PVT,725NBFI40,1,0.01,725NBFI40
BSE,bse_cm,823JDFI28,976386,D,JDFIPL-8.23%-5-5-28-PVT,823JDFI28,1,0.01,823JDFI28
BSE,bse_cm,724PFCL35,976387,D,PFCL-7.24%-15-1-35-PVT,724PFCL35,1,0.01,724PFCL35
BSE,bse_cm,725PFCL45,976388,D,PFCL-7.25%-16-1-45-PVT,725PFCL45,1,0.01,725PFCL45
BSE,bse_cm,975MML27,976389,D,MML-9.75%-6-2-27-PVT,975MML27,1,0.01,975MML27
BSE,bse_cm,93HLFL35,976390,D,HLFL-9.3%-6-2-35-PVT,93HLFL35,1,0.01,93HLFL35
BSE,bse_cm,786ABHFL28,976393,D,ABHFL-7.86%-08-06-28-PVT,786ABHFL28,1,0.01,786ABHFL28
BSE,bse_cm,790ABHFL27,976394,D,ABHFL-7.90%-08-06-27-PVT,790ABHFL27,1,0.01,790ABHFL27
BSE,bse_cm,9CFSL35,976395,D,CFSL-9%-10-2-35-PVT,9CFSL35,1,0.01,9CFSL35
BSE,bse_cm,873ABCLPRP,976396,D,ABCL-8.73-PERPETUAL-PVT,873ABCLPRP,1,0.01,873ABCLPRP
BSE,bse_cm,767CHT42,976397,D,CHT-7.67-31-12-42-INVITS,767CHT42,1,0.01,767CHT42
BSE,bse_cm,729HUDCO35,976398,D,HUDCO-7.29%-12-2-35-PVT,729HUDCO35,1,0.01,729HUDCO35
BSE,bse_cm,950HLFLPRP,976400,D,HLFL-9.50%-PERPETUAL-PVT,950HLFLPRP,1,0.01,950HLFLPRP
BSE,bse_cm,960MFSL27,976401,D,MFSL-9.60%-13-2-27-PVT,960MFSL27,1,0.01,960MFSL27
BSE,bse_cm,13KDFL27,976402,D,KDFL-13%-31-1-27-PVT,13KDFL27,1,0.01,13KDFL27
BSE,bse_cm,728RECL40,976403,D,RECl-7.28%-20-2-40-PVT,728RECL40,1,0.01,728RECL40
BSE,bse_cm,1150BRFL27,976404,D,BRFL-11.50%-12-2-27-PVT,1150BRFL27,1,0.01,1150BRFL27
BSE,bse_cm,776IHFCL30,976405,D,IHFCL-7.76%-12-2-30-PVT,776IHFCL30,1,0.01,776IHFCL30
BSE,bse_cm,781IHFCL28,976406,D,IHFCL-7.81%-12-4-28-PVT,781IHFCL28,1,0.01,781IHFCL28
BSE,bse_cm,728IRFC40,976407,D,IRFC-7.28%-14-2-40-PVT,728IRFC40,1,0.01,728IRFC40
BSE,bse_cm,11SHFL27,976409,D,SHFL-11%-14-2-27-PVT,11SHFL27,1,0.01,11SHFL27
BSE,bse_cm,95HHFLPER,976410,D,HHFL-9.5%-PER-PVT,95HHFLPER,1,0.01,95HHFLPER
BSE,bse_cm,12ACAPL28,976411,D,ACAPL-12%-14-8-28-PVT,12ACAPL28,1,0.01,12ACAPL28
BSE,bse_cm,975NWFL27,976412,D,NWFL-9.75%-16-4-27-PVT,975NWFL27,1,0.01,975NWFL27
BSE,bse_cm,734PNB35,976413,D,PNB-7.34%-14-2-35-PVT,734PNB35,1,0.01,734PNB35
BSE,bse_cm,1081BHG28,976414,D,BHGCDPL-10.81%-31-1-28-PVT,1081BHG28,1,0.01,1081BHG28
BSE,bse_cm,980CM2526,976415,D,CM2025-9.80%-17-10-26-PTC,980CM2526,100000,0.01,980CM2526
BSE,bse_cm,773TIL35,976416,D,TIL-7.73%-18-2-35-PVT,773TIL35,1,0.01,773TIL35
BSE,bse_cm,19KTPL28,976417,D,KTPL-19%-13-8-28-PVT,19KTPL28,1,0.01,19KTPL28
BSE,bse_cm,840NHL30,976418,D,NHL-8.40%-15-2-30-PVT,840NHL30,1,0.01,840NHL30
BSE,bse_cm,960IFSL27,976419,D,IFSL-9.60%-16-8-27-PVT,960IFSL27,1,0.01,960IFSL27
BSE,bse_cm,9OPL28,976420,D,OPL-9%-18-4-28-PVT,9OPL28,1,0.01,9OPL28
BSE,bse_cm,975OFS27,976421,D,OFSL-9.75%-18-2-27-PVT,975OFS27,1,0.01,975OFS27
BSE,bse_cm,77BOM35,976422,D,BOM-7.70%-18-2-35-PVT,77BOM35,1,0.01,77BOM35
BSE,bse_cm,11IML026,976423,D,IML-11%-18-8-26-PVT,11IML026,1,0.01,11IML026
BSE,bse_cm,742PFC28,976424,D,PFC-7.42%-15-4-28-PVT,742PFC28,1,0.01,742PFC28
BSE,bse_cm,738PFC32,976425,D,PFC-7.38%-15-1-32-PVT,738PFC32,1,0.01,738PFC32
BSE,bse_cm,818MCFPL28,976426,D,MCFPL-8.18%-18-2-28-PVT,818MCFPL28,1,0.01,818MCFPL28
BSE,bse_cm,1115MHF30,976427,D,MHFCL-11.15%-20-8-30-PVT,1115MHF30,1,0.01,1115MHF30
BSE,bse_cm,116MFIL27,976428,D,MFIL-11.6%-18-2-27-PVT,116MFIL27,1,0.01,116MFIL27
BSE,bse_cm,1028UCL29,976429,D,UCL-20-2-29-CP,1028UCL29,1,0.01,1028UCL29
BSE,bse_cm,94VAML27,976430,D,VAML-9.40%-20-2-27-PVT,94VAML27,1,0.01,94VAML27
BSE,bse_cm,95VAML27,976431,D,VAML-9.50%-20-8-27-PVT,95VAML27,1,0.01,95VAML27
BSE,bse_cm,765TSL30,976432,D,TSL-7.65%-21-2-30-PVT,765TSL30,1,0.01,765TSL30
BSE,bse_cm,8VPPL45,976433,D,VPPL-8%-20-2-45-PVT,8VPPL45,1,0.01,8VPPL45
BSE,bse_cm,759CHT44,976434,D,CHT-7.59%-31-3-44-INVIT,759CHT44,1,0.01,759CHT44
BSE,bse_cm,975VFL29,976435,D,VFL-9.75%-21-2-29-PVT,975VFL29,1,0.01,975VFL29
BSE,bse_cm,965VFL28,976436,D,VFL-9.65%-21-2-28-PVT,965VFL28,1,0.01,965VFL28
BSE,bse_cm,1060NFL27,976437,D,NFL-10.60%-21-5-27-PVT,1060NFL27,1,0.01,1060NFL27
BSE,bse_cm,91PFL35,976438,D,PFL-9.1%-23-2-35-PVT,91PFL35,1,0.01,91PFL35
BSE,bse_cm,1250MFL28,976439,D,MFL-12.50%-13-3-28-PVT,1250MFL28,1,0.01,1250MFL28
BSE,bse_cm,1250MFL26A,976440,D,MFL-12.50%-07-12-26-PVT,1250MFL26A,1,0.01,1250MFL26A
BSE,bse_cm,986VCL27,976443,D,VCL-9.86%-16-4-27,986VCL27,1,0.01,986VCL27
BSE,bse_cm,10NHFL29,976444,D,NHFL-10%-23-2-29-PVT,10NHFL29,1,0.01,10NHFL29
BSE,bse_cm,EFCL250225,976445,D,EFCL-27-4-27-PVT,EFCL250225,1,0.01,EFCL250225
BSE,bse_cm,1090ESP26A,976448,D,ESPL-10.90%-4-2-26-PVT,1090ESP26A,1,0.01,1090ESP26A
BSE,bse_cm,5GMRAL28,976449,D,GMRAL-5%-25-2-28-PVT,5GMRAL28,1,0.01,5GMRAL28
BSE,bse_cm,1325LFL26A,976450,D,LFL-13.25%-31-12-26-PVT,1325LFL26A,1,0.01,1325LFL26A
BSE,bse_cm,995HFSPL28,976451,D,HFSPL-9.95%-24-2-28-PVT,995HFSPL28,1,0.01,995HFSPL28
BSE,bse_cm,740IREDA36,976452,D,IREDA-7.40%-27-2-36-PVT,740IREDA36,1,0.01,740IREDA36
BSE,bse_cm,799RECPERP,976453,D,RECL-7.99%-PERPETUAL-PVT,799RECPERP,1,0.01,799RECPERP
BSE,bse_cm,830MMFSL35,976454,D,MMFSL-8.30%-27-2-35-PVT,830MMFSL35,1,0.01,830MMFSL35
BSE,bse_cm,115MFL26A,976455,D,MFL-11.5%-28-9-26-PVT,115MFL26A,1,0.01,115MFL26A
BSE,bse_cm,86TFL27,976456,D,TFL-8.6%-27-8-27-PVT,86TFL27,1,0.01,86TFL27
BSE,bse_cm,925HLFL30,976457,D,HLFL-9.25%-3-10-30-PVT,925HLFL30,1,0.01,925HLFL30
BSE,bse_cm,10MCSL28,976458,D,MCSL-10%-25-2-28-PVT,10MCSL28,1,0.01,10MCSL28
BSE,bse_cm,12LVAF27,976459,D,LVAF-12%-18-8-27-PTC,12LVAF27,10,0.01,12LVAF27
BSE,bse_cm,744PFCL30,976462,D,PFCL-7.44%-15-1-30-PVT,744PFCL30,1,0.01,744PFCL30
BSE,bse_cm,74PFCL35,976463,D,PFCL-7.4%-15-1-35-PVT,74PFCL35,1,0.01,74PFCL35
BSE,bse_cm,895AFIPL29,976464,D,AFIPL-8.95%-RESET RATE-28-2-29,895AFIPL29,1,0.01,895AFIPL29
BSE,bse_cm,12MFL27,976465,D,MFL-12%-3-3-27-PVT,12MFL27,1,0.01,12MFL27
BSE,bse_cm,1255MFL27,976466,D,MFL-12.55%-25-11-27,1255MFL27,1,0.01,1255MFL27
BSE,bse_cm,115AFL27,976467,D,AFL-11.5%-5-3-27-PVT,115AFL27,1,0.01,115AFL27
BSE,bse_cm,875JEL28,976468,D,JSW-8.75%-3-3-28-PVT,875JEL28,1,0.01,875JEL28
BSE,bse_cm,88JEL30,976469,D,JEL-8.8%-4-3-30-PVT,88JEL30,1,0.01,88JEL30
BSE,bse_cm,1135STF27,976471,D,STF-11.35%-16-7-27-PTC,1135STF27,100000,0.01,1135STF27
BSE,bse_cm,930IG04128,976472,D,INDG041-9.30%-20-8-28-PTC,930IG04128,1,0.01,930IG04128
BSE,bse_cm,990IN04128,976473,D,INDG041-20-8-28-PTC,990IN04128,1,0.01,990IN04128
BSE,bse_cm,940OPL27,976474,D,OPL-9.40%-4-3-27-PVT,940OPL27,1,0.01,940OPL27
BSE,bse_cm,777AIEY28,976475,D,AIEYPT-7.77%-6-3-28-INVIT,777AIEY28,1,0.01,777AIEY28
BSE,bse_cm,1225ICLF29,976476,D,ICLFL-12.25%-05-03-29-PVT,1225ICLF29,1,0.01,1225ICLF29
BSE,bse_cm,0ICLFL29,976477,D,ICLFL-ZC-05-03-29-PVT,0ICLFL29,1,0.01,0ICLFL29
BSE,bse_cm,0ICLFL30B,976478,D,ICLFL-ZC-05-11-30-PVT,0ICLFL30B,1,0.01,0ICLFL30B
BSE,bse_cm,11IML2026,976479,D,IML-11%-07-10-26-PVT,11IML2026,1,0.01,11IML2026
BSE,bse_cm,79413ABC28,976480,D,ABCL-7.9413%-7-8-28-PVT,79413ABC28,1,0.01,79413ABC28
BSE,bse_cm,895AFIP29,976481,D,AFIPL-8.95%-RESET RATE-6-3-29-,895AFIP29,1,0.01,895AFIP29
BSE,bse_cm,113KFL27,976483,D,KFL-11.30%-6-3-27-PVT,113KFL27,1,0.01,113KFL27
BSE,bse_cm,960SFL35,976484,D,SFL-9.60%-07-03-35-PVT,960SFL35,1,0.01,960SFL35
BSE,bse_cm,1125MHFC30,976485,D,MHFCL-11.25%-10-12-30-PVT,1125MHFC30,1,0.01,1125MHFC30
BSE,bse_cm,1035EFCL28,976486,D,EFCL-10.35%-10-3-28-PVT,1035EFCL28,1,0.01,1035EFCL28
BSE,bse_cm,875AVHFI30,976487,D,AVHFIL-RESET RATE-11-03-30-PVT,875AVHFI30,1,0.01,875AVHFI30
BSE,bse_cm,790ABHFL28,976488,D,ABHFL-7.90%-11-08-28-PVT,790ABHFL28,1,0.01,790ABHFL28
BSE,bse_cm,1060NFL26,976489,D,NFL-10.60%-10-9-26-PVT,1060NFL26,1,0.01,1060NFL26
BSE,bse_cm,737HUDCO35,976490,D,HUDCO-7.37%-12-3-35-PVT,737HUDCO35,1,0.01,737HUDCO35
BSE,bse_cm,1320IML30,976491,D,IML-13.20%-13-3-30-PVT,1320IML30,1,0.01,1320IML30
BSE,bse_cm,1175MBFL27,976492,D,MFL-11.75%-13-3-27-PVT,1175MBFL27,1,0.01,1175MBFL27
BSE,bse_cm,10KFL027,976493,D,KFL-10%-12-3-27-PVT,10KFL027,1,0.01,10KFL027
BSE,bse_cm,6HHPL28,976494,D,HHPL-65%-RESET RATE-12-3-28-PV,6HHPL28,1,0.01,6HHPL28
BSE,bse_cm,745PFCL28,976496,D,PFCL-7.45%-15-07-28-PVT,745PFCL28,1,0.01,745PFCL28
BSE,bse_cm,11RDCCL28,976497,D,RDCCL-11%-12-3-28-PVT,11RDCCL28,1,0.01,11RDCCL28
BSE,bse_cm,925ARFL35,976499,D,ARFL-9.25%-17-3-35-PVT,925ARFL35,1,0.01,925ARFL35
BSE,bse_cm,820HEGIC35,976500,D,HEGIC-8.20%-17-3-35-PVT,820HEGIC35,1,0.01,820HEGIC35
BSE,bse_cm,8016ABCL29,976501,D,ABCL-8.0163%-18-5-29-PVT,8016ABCL29,1,0.01,8016ABCL29
BSE,bse_cm,80208ABC30,976502,D,ABCL-8.0208%-18-2-30-PVT,80208ABC30,1,0.01,80208ABC30
BSE,bse_cm,744RL28,976504,D,RL-7.44%-29-2-28-PVT,744RL28,1,0.01,744RL28
BSE,bse_cm,732RL35,976505,D,RL-7.32%-28-2-35-PVT,732RL35,1,0.01,732RL35
BSE,bse_cm,12MFLPERPE,976506,D,MFL-PERPETUAL-PVT,12MFLPERPE,1,0.01,12MFLPERPE
BSE,bse_cm,9MCHICL35,976507,D,MVHICL-9%-20-3-35-PVT,9MCHICL35,1,0.01,9MCHICL35
BSE,bse_cm,875JEL028,976508,D,JEL-8.75%-20-3-28-PVT,875JEL028,1,0.01,875JEL028
BSE,bse_cm,880JEL030,976509,D,JEL-8.80%-20-3-30-PVT,880JEL030,1,0.01,880JEL030
BSE,bse_cm,1365AFFI26,976510,D,AFFIGPL-13.65%-7-12-26-PVT,1365AFFI26,1,0.01,1365AFFI26
BSE,bse_cm,975OFSL27A,976511,D,OFSL-9.75%-19-03-27-PVT,975OFSL27A,1,0.01,975OFSL27A
BSE,bse_cm,6HHPL28A,976512,D,HHPL-6%-RESET RATE-10-03-25-PV,6HHPL28A,1,0.01,6HHPL28A
BSE,bse_cm,1250MFL29,976513,D,MFL-12.50%-24-03-29-PVT,1250MFL29,1,0.01,1250MFL29
BSE,bse_cm,775HZL27,976515,D,HZL-STRP2-7.75%-20-03-27-PVT,775HZL27,1,0.01,775HZL27
BSE,bse_cm,775HZL28,976516,D,HZL-7.75%-STRP3-20-03-28-PVT,775HZL28,1,0.01,775HZL28
BSE,bse_cm,840IRDAPRP,976517,D,IREDA-8.40%-PERPETUAL-PVT,840IRDAPRP,1,0.01,840IRDAPRP
BSE,bse_cm,950HLFLPER,976518,D,HLFL-9.50%-PERPETUAL-PVT,950HLFLPER,1,0.01,950HLFLPER
BSE,bse_cm,1035AFL27,976519,D,AFL-10.35%-20-12-27-PVT,1035AFL27,1,0.01,1035AFL27
BSE,bse_cm,995AFL27,976520,D,AFL-9.95%-20-3-27-PVT,995AFL27,1,0.01,995AFL27
BSE,bse_cm,794IIL30,976521,D,IIL-7.94%-20-09-30-PVT,794IIL30,1,0.01,794IIL30
BSE,bse_cm,1225BRFL27,976522,D,BRFL-12.25%-25-11-27-PVT,1225BRFL27,1,0.01,1225BRFL27
BSE,bse_cm,9TCPIPL31,976523,D,TCPIPL-9%-27-3-31-PVT,9TCPIPL31,1,0.01,9TCPIPL31
BSE,bse_cm,830MCFPL30,976524,D,MCFPL-8.30%-18-3-30-PVT,830MCFPL30,1,0.01,830MCFPL30
BSE,bse_cm,MFSL210325,976525,D,MFSL-1 MMCLR OF IDFC FIRST Ban,MFSL210325,1,0.01,MFSL210325
BSE,bse_cm,10MMLD28,976526,D,MML-10%-21-3-28-PVT,10MMLD28,1,0.01,10MMLD28
BSE,bse_cm,10CJDPL28A,976527,D,CJDPL-10%-25-11-28-PVT,10CJDPL28A,1,0.01,10CJDPL28A
BSE,bse_cm,12EGFSL27,976528,D,EGFSL-12%-24-3-27-PVT,12EGFSL27,1,0.01,12EGFSL27
BSE,bse_cm,835CHL28,976529,D,CHL-8.35%-24-3-28-PVT,835CHL28,1,0.01,835CHL28
BSE,bse_cm,1026MFCL30,976530,D,MFCL-10.26%-24-12-30-PVT,1026MFCL30,1,0.01,1026MFCL30
BSE,bse_cm,855MOHFL28,976531,D,MOHFL-8.55%-24-03-28-PVT,855MOHFL28,1,0.01,855MOHFL28
BSE,bse_cm,874VCL31,976532,D,VCL-8.74%-24-01-31,874VCL31,1,0.01,874VCL31
BSE,bse_cm,109ESPL27,976533,D,ESPL-10.9%-4-1-27-PVT,109ESPL27,1,0.01,109ESPL27
BSE,bse_cm,1JCL28,976534,D,JCL-1%-25-03-28-PVT,1JCL28,1,0.01,1JCL28
BSE,bse_cm,EFCL25325,976535,D,EFCL-21-04-28-PVT,EFCL25325,1,0.01,EFCL25325
BSE,bse_cm,EFCL250325,976536,D,EFCL-23-04-27-PVT,EFCL250325,1,0.01,EFCL250325
BSE,bse_cm,12AFIL27A,976537,D,AFIL-12%-20-3-27-PVT,12AFIL27A,1,0.01,12AFIL27A
BSE,bse_cm,EFCL25325A,976538,D,EFCL-24-04-28-PVT,EFCL25325A,1,0.01,EFCL25325A
BSE,bse_cm,1175AFI28,976539,D,AFIL-11.75%-1-4-28-PVT,1175AFI28,1,0.01,1175AFI28
BSE,bse_cm,12AFI30,976540,D,AFIL-12%-1-4-30-PVT,12AFI30,1,0.01,12AFI30
BSE,bse_cm,125AFIL31,976541,D,AFIL-12.5%-4-2-31-PVT,125AFIL31,1,0.01,125AFIL31
BSE,bse_cm,12AFIL27B,976542,D,AFIL-12%-20-3-27-PVT,12AFIL27B,1,0.01,12AFIL27B
BSE,bse_cm,1225AFI28,976543,D,AFIL-12.25%-20-2-28-PVT,1225AFI28,1,0.01,1225AFI28
BSE,bse_cm,94PLUM28,976544,D,PLUM258-9.4%-20-8-28-PTC,94PLUM28,100000,0.01,94PLUM28
BSE,bse_cm,1235DKGF28,976545,D,DKGFSPL-12.35%-26-3-28-PVT,1235DKGF28,1,0.01,1235DKGF28
BSE,bse_cm,865RRISF29,976546,D,ISFCL-RR-8.65%-3M MCLR-25-3-29,865RRISF29,1,0.01,865RRISF29
BSE,bse_cm,1135MFL26,976547,D,MFL-11.35%-27-10-26-PVT,1135MFL26,1,0.01,1135MFL26
BSE,bse_cm,980IKFFL27,976548,D,IKFFL-9.80%-26-9-27-PVT,980IKFFL27,1,0.01,980IKFFL27
BSE,bse_cm,949KIIF29,976549,D,KIIFB-9.49%-25-03-29-PVT,949KIIF29,1,0.01,949KIIF29
BSE,bse_cm,949KIIF30,976550,D,KIIFB-9.49%-25-03-30-PVT,949KIIF30,1,0.01,949KIIF30
BSE,bse_cm,949KIIF31,976551,D,KIIFB-9.49%-25-03-31-PVT,949KIIF31,1,0.01,949KIIF31
BSE,bse_cm,949KIIF32,976552,D,KIIFB-9.49-25-03-32-PVT,949KIIF32,1,0.01,949KIIF32
BSE,bse_cm,949KIIF33,976553,D,KIIFB-9.49%-25-03-33-PVT,949KIIF33,1,0.01,949KIIF33
BSE,bse_cm,949KIIF34,976554,D,KIIFB-9.49%-25-03-34-PVT,949KIIF34,1,0.01,949KIIF34
BSE,bse_cm,949KIIF35,976555,D,KIIFB-9.49%-25-03-35-PVT,949KIIF35,1,0.01,949KIIF35
BSE,bse_cm,749IIT28,976556,D,IIT-7.49%-27-09-28-INVITS,749IIT28,1,0.01,749IIT28
BSE,bse_cm,780IIT47,976557,D,IIT-7.80%-27-03-47-INVITS,780IIT47,1,0.01,780IIT47
BSE,bse_cm,758IIT47,976558,D,IIT-7.58%-27-03-47-INVITS,758IIT47,1,0.01,758IIT47
BSE,bse_cm,1025GROT29,976559,D,GROOT-10.25%-25-9-29-PTC,1025GROT29,100000,0.01,1025GROT29
BSE,bse_cm,10DCAL27,976560,D,DCAL-10%-26-03-27-PVT,10DCAL27,1,0.01,10DCAL27
BSE,bse_cm,1002EIAL28,976561,D,EIAL-10.02%-25-3-28-PVT,1002EIAL28,1,0.01,1002EIAL28
BSE,bse_cm,774IREDA35,976562,D,IREDAL-7.74%-27-03-35-PVT,774IREDA35,1,0.01,774IREDA35
BSE,bse_cm,797AFL30,976563,D,AFL-7.97-27-03-30-PVT,797AFL30,1,0.01,797AFL30
BSE,bse_cm,95AKCFL28,976564,D,AKCFL-9.5%-27-3-28-PVT,95AKCFL28,1,0.01,95AKCFL28
BSE,bse_cm,717IRFC35,976565,D,IRFC-7.17%-27-4-35-PVT,717IRFC35,1,0.01,717IRFC35
BSE,bse_cm,728IIFCL32,976566,D,IIFCL-7.28%-27-03-32-PVT,728IIFCL32,1,0.01,728IIFCL32
BSE,bse_cm,719HUDCO35,976567,D,HUDCO-7.19%-27-3-35-PVT,719HUDCO35,1,0.01,719HUDCO35
BSE,bse_cm,1135VFPL27,976568,D,VFPL-11.35%-27-9-27-PVT,1135VFPL27,1,0.01,1135VFPL27
BSE,bse_cm,11AGAM2526,976569,D,AGAM25-11%-17-11-26-PTC,11AGAM2526,100000,0.01,11AGAM2526
BSE,bse_cm,975KFIL27,976570,D,KFIL-9.75%-27-3-27-PVT,975KFIL27,1,0.01,975KFIL27
BSE,bse_cm,940S1328,976572,D,STELLAR1234-9.40%-19-05-28-PTC,940S1328,1,0.01,940S1328
BSE,bse_cm,850SISL28,976573,D,SISL-8.50%-25-3-28-PVT,850SISL28,1,0.01,850SISL28
BSE,bse_cm,960MFSL27A,976574,D,MFSL-9.60%-28-03-27-PVT,960MFSL27A,1,0.01,960MFSL27A
BSE,bse_cm,975OFSL28,976575,D,OFSL-9.75%-27-03-28-PVT,975OFSL28,1,0.01,975OFSL28
BSE,bse_cm,975OFSL27B,976576,D,OFSL-9.75%-27-03-27-PVT,975OFSL27B,1,0.01,975OFSL27B
BSE,bse_cm,975OFSL27C,976577,D,OFSL-9.75%-27-3-27-PVT,975OFSL27C,1,0.01,975OFSL27C
BSE,bse_cm,975OFSL28A,976578,D,OFSL-9.75%-26-03-28-PVT,975OFSL28A,1,0.01,975OFSL28A
BSE,bse_cm,715NBFID35,976579,D,NBFID-7.15%-28-03-35-PVT,715NBFID35,1,0.01,715NBFID35
BSE,bse_cm,920AUSFB35,976580,D,AUSFBL-920%-28-03-35-PVT,920AUSFB35,1,0.01,920AUSFB35
BSE,bse_cm,0ICLFL29A,976581,D,ICLFL-ZC-27-11-30-PVT,0ICLFL29A,1,0.01,0ICLFL29A
BSE,bse_cm,1225ICL29,976582,D,ICLFL-12.25%-27-3-29-PVT,1225ICL29,1,0.01,1225ICL29
BSE,bse_cm,0ICLFL29B,976583,D,ICLFL-ZC-27-03-29-PVT,0ICLFL29B,1,0.01,0ICLFL29B
BSE,bse_cm,1116NFL27,976584,D,NFL-11.16%-27-6-27-PVT,1116NFL27,1,0.01,1116NFL27
BSE,bse_cm,20PRIPL29,976586,D,PRIPL-20%-28-3-29-PVT,20PRIPL29,1,0.01,20PRIPL29
BSE,bse_cm,835HHFL29,976587,D,HHFL-8.35%-27-3-29-PVT,835HHFL29,1,0.01,835HHFL29
BSE,bse_cm,10LGS8D27,976589,D,LGS8DEC24-10%-20-07-27-PTC,10LGS8D27,1,0.01,10LGS8D27
BSE,bse_cm,950RAVEN26,976590,D,RAVEN-9.50%-12-12-26-PTC,950RAVEN26,100000,0.01,950RAVEN26
BSE,bse_cm,875AVHFIRR,976591,D,AVHFIL-8.75%-RESET RATE-02-04-,875AVHFIRR,1,0.01,875AVHFIRR
BSE,bse_cm,10PLRPL35,976592,D,PLRPL-10%-27-3-35-PVT,10PLRPL35,1,0.01,10PLRPL35
BSE,bse_cm,940CGCL35,976593,D,CGCL-9.40%-09-02-35-PVT,940CGCL35,1,0.01,940CGCL35
BSE,bse_cm,1050IFSP28,976594,D,IFSPL-10.50%-02-05-28-PVT,1050IFSP28,1,0.01,1050IFSP28
BSE,bse_cm,95STELLA27,976595,D,STELLAR-9.5%-19-4-27-PTC,95STELLA27,100000,0.01,95STELLA27
BSE,bse_cm,1290MCFL27,976597,D,MCFL-12.90%-3-10-27-PVT,1290MCFL27,1,0.01,1290MCFL27
BSE,bse_cm,755BFL35,976598,D,BFL-7.55%-03-04-35-PVT,755BFL35,1,0.01,755BFL35
BSE,bse_cm,757BFL30,976599,D,BFL-7.57%-03-04-30-PVT,757BFL30,1,0.01,757BFL30
BSE,bse_cm,11RDCCIL28,976600,D,RDCCIL-11%-02-04-28-PVT,11RDCCIL28,1,0.01,11RDCCIL28
BSE,bse_cm,5GMRALD28,976601,D,GMRALD-5%-3-4-28-PVT,5GMRALD28,1,0.01,5GMRALD28
BSE,bse_cm,78618ABH28,976602,D,ABHFL-7.8618%-7-9-28-PVT,78618ABH28,1,0.01,78618ABH28
BSE,bse_cm,10PLRPL35A,976603,D,PLRPL-10%-03-04-35-PVT,10PLRPL35A,1,0.01,10PLRPL35A
BSE,bse_cm,76KMPL28,976604,D,KMPL-7.6%-19-5-28-PVT,76KMPL28,1,0.01,76KMPL28
BSE,bse_cm,703NBFID30,976605,D,NBFID-7.03%-08-04-30-PVT,703NBFID30,1,0.01,703NBFID30
BSE,bse_cm,6TL30,976606,D,TARCL-6%-31-3-30-PVT,6TL30,1,0.01,6TL30
BSE,bse_cm,704NBFID35,976607,D,NBFID-7.04%-07-04-35-PVT,704NBFID35,1,0.01,704NBFID35
BSE,bse_cm,930PFL29,976608,D,PFL-9.30%-9-4-29-PVT,930PFL29,1,0.01,930PFL29
BSE,bse_cm,8MMFSL27A,976609,D,MMFSL-8%-27-4-27-PVT,8MMFSL27A,1,0.01,8MMFSL27A
BSE,bse_cm,75BHFL35,976610,D,BHFL-7.50%-9-4-35-PVT,75BHFL35,1,0.01,75BHFL35
BSE,bse_cm,702RECL40,976611,D,RECL-7.02%-30-04-40-PVT,702RECL40,1,0.01,702RECL40
BSE,bse_cm,1150AFL27,976612,D,AFL-11.50%-19-4-27-PVT,1150AFL27,1,0.01,1150AFL27
BSE,bse_cm,7732AFL28,976613,D,AFL-7.732%-12-6-28-PVT,7732AFL28,1,0.01,7732AFL28
BSE,bse_cm,694PGCIL35,976614,D,PGCIL-6.94%-15-04-35-PVT,694PGCIL35,1,0.01,694PGCIL35
BSE,bse_cm,765HDBFS28,976615,D,HDBFSL-7.65%-05-05-28-PVT,765HDBFS28,1,0.01,765HDBFS28
BSE,bse_cm,869SFL30,976616,D,SFL-8.69%-19-7-30-PVT,869SFL30,1,0.01,869SFL30
BSE,bse_cm,87SFL28,976617,D,SFL-8.70%-9-4-28-PVT,87SFL28,1,0.01,87SFL28
BSE,bse_cm,11IML26B,976618,D,IML-11%-11-11-26-PVT,11IML26B,1,0.01,11IML26B
BSE,bse_cm,8SBVPL29,976619,D,SBVPL-8%-8-4-29-PVT,8SBVPL29,1,0.01,8SBVPL29
BSE,bse_cm,88HLFL30,976620,D,HLFL-8.8%-11-4-30-PVT,88HLFL30,1,0.01,88HLFL30
BSE,bse_cm,116SFPL28,976621,D,SFPL-11.6%-15-4-28-PVT,116SFPL28,1,0.01,116SFPL28
BSE,bse_cm,737BFL28,976622,D,BFL-7.37%-26-06-28-PVT,737BFL28,1,0.01,737BFL28
BSE,bse_cm,745ATIT35,976624,D,ATIT-7.45%-20-04-35-PVT,745ATIT35,1,0.01,745ATIT35
BSE,bse_cm,765PFL27,976626,D,PFL-7.65%-21-04-27-PVT,765PFL27,1,0.01,765PFL27
BSE,bse_cm,770PFL28,976627,D,PFL-7.70%-21-04-28-PVT,770PFL28,1,0.01,770PFL28
BSE,bse_cm,803ABHFL35,976628,D,ABHFL-8.03%-23-04-35-PVT,803ABHFL35,1,0.01,803ABHFL35
BSE,bse_cm,690HUDCO32,976629,D,HUDCO-6.90%-23-4-32-PVT,690HUDCO32,1,0.01,690HUDCO32
BSE,bse_cm,731IHFCL27,976630,D,IHFCL-7.31%-28-6-27-PVT,731IHFCL27,1,0.01,731IHFCL27
BSE,bse_cm,734IHFCL28,976631,D,IHFCL-7.34%-24-7-28-PVT,734IHFCL28,1,0.01,734IHFCL28
BSE,bse_cm,925SKF027,976632,D,SKFL-9.25%-24-10-27-PVT,925SKF027,1,0.01,925SKF027
BSE,bse_cm,761HFSL30,976633,D,HFSL-7.61%-6-5-30-PVT,761HFSL30,1,0.01,761HFSL30
BSE,bse_cm,755HFSL29,976634,D,HFSL-7.55%-4-4-29-PVT,755HFSL29,1,0.01,755HFSL29
BSE,bse_cm,810AHFL28,976635,D,AHFL-8.10%-24-8-28-PVT,810AHFL28,1,0.01,810AHFL28
BSE,bse_cm,72503CHT28,976636,D,CHT-7.2503%-25-4-28-INVIT,72503CHT28,1,0.01,72503CHT28
BSE,bse_cm,73006CHT32,976637,D,CHT-7.3006%-25-4-32-INVIT,73006CHT32,1,0.01,73006CHT32
BSE,bse_cm,678IRFC30,976638,D,IRFC-6.78%-30-4-30-PVT,678IRFC30,1,0.01,678IRFC30
BSE,bse_cm,RRAVFL30A,976639,D,AVFL-8.15%-RESET RATE-26-4-30-,RRAVFL30A,1,0.01,RRAVFL30A
BSE,bse_cm,RRAVFL30B,976640,D,AVFL-8.11%-RESET RATE-26-4-30-,RRAVFL30B,1,0.01,RRAVFL30B
BSE,bse_cm,860SANJA31,976642,D,SANJAN25T-8.60%-25-04-31-PTC,860SANJA31,100000,0.01,860SANJA31
BSE,bse_cm,738BFL30,976643,D,BFL-7.38%-28-06-30-PVT,738BFL30,1,0.01,738BFL30
BSE,bse_cm,673HPCL30,976644,D,HPCL-6.73%-29-4-30-PVT,673HPCL30,1,0.01,673HPCL30
BSE,bse_cm,755LTMRH35,976645,D,LTMRHL-7.55%-28-4-35-PVT,755LTMRH35,1,0.01,755LTMRH35
BSE,bse_cm,723BFL27,976646,D,BFL-7.23%-28-06-27-PVT,723BFL27,1,0.01,723BFL27
BSE,bse_cm,640IIT34,976647,D,IIT-6.40%-31-03-34-INvIT,640IIT34,1,0.01,640IIT34
BSE,bse_cm,1310POPL27,976648,D,POPL-13.10%-37-7-27-PVT,1310POPL27,1,0.01,1310POPL27
BSE,bse_cm,1310POP27A,976649,D,POPL-13.10%-28-7-27-PVT,1310POP27A,1,0.01,1310POP27A
BSE,bse_cm,1310POP27B,976650,D,POPL-13.10%-27-7-27-PVT,1310POP27B,1,0.01,1310POP27B
BSE,bse_cm,687REC30,976651,D,REC-6.87%-31-5-30-PVT,687REC30,1,0.01,687REC30
BSE,bse_cm,686REC35,976652,D,REC-6.86%-31-5-35-PVT,686REC35,1,0.01,686REC35
BSE,bse_cm,1130KFL27A,976653,D,KFL-11.30%-30-01-27-PVT,1130KFL27A,1,0.01,1130KFL27A
BSE,bse_cm,1120ESPL27,976654,D,ESPL-11.20%-05-04-27-PVT,1120ESPL27,1,0.01,1120ESPL27
BSE,bse_cm,9CGCL28,976655,D,CGCL-9%-31-7-28-PVT,9CGCL28,1,0.01,9CGCL28
BSE,bse_cm,736IHFCL30,976656,D,IHFCL-7.36%-02-05-30-PVT,736IHFCL30,1,0.01,736IHFCL30
BSE,bse_cm,RRNST32,976657,D,NST-7.19%-RESET RATE-2-5-32-RE,RRNST32,1,0.01,RRNST32
BSE,bse_cm,1020PLF29,976658,D,2025PLF-10.20%-25-10-29-PTC,1020PLF29,100000,0.01,1020PLF29
BSE,bse_cm,714BHFL27,976659,D,BHFL-7.14%-26-2-27-PVT,714BHFL27,1,0.01,714BHFL27
BSE,bse_cm,985ACAP26,976660,D,ACAPL-9.85%-30-10-26-PVT,985ACAP26,1,0.01,985ACAP26
BSE,bse_cm,123VFPL27,976661,D,VFPL-12.30%-27-02-27-PVT,123VFPL27,1,0.01,123VFPL27
BSE,bse_cm,1135STA27,976662,D,STA-11.35%-14-10-27-PTC,1135STA27,100000,0.01,1135STA27
BSE,bse_cm,990RGPL28,976663,D,RGPL-9.90%-02-05-28-PVT,990RGPL28,1,0.01,990RGPL28
BSE,bse_cm,7IREDAL30,976664,D,IREDAL-7%-31-05-30-PVT,7IREDAL30,1,0.01,7IREDAL30
BSE,bse_cm,686NHPCL38,976665,D,NHPCL-6.86%-06-05-38-PVT,686NHPCL38,1,0.01,686NHPCL38
BSE,bse_cm,686NHPCL39,976666,D,NHPCL-6.86%-06-05-39-PVT,686NHPCL39,1,0.01,686NHPCL39
BSE,bse_cm,686NHPCL40,976667,D,NHPCL-6.86%-06-05-40-PVT,686NHPCL40,1,0.01,686NHPCL40
BSE,bse_cm,686NHPCL31,976668,D,NHPCL-6.86%-06-05-31-PVT,686NHPCL31,1,0.01,686NHPCL31
BSE,bse_cm,686NHPCL32,976669,D,NHPCL-6.86%-06-05-32-PVT,686NHPCL32,1,0.01,686NHPCL32
BSE,bse_cm,686NHPCL33,976670,D,NHPCL-6.86%-06-05-33-PVT,686NHPCL33,1,0.01,686NHPCL33
BSE,bse_cm,686NHPCL34,976671,D,NHPCL-6.86%-06-05-34-PVT,686NHPCL34,1,0.01,686NHPCL34
BSE,bse_cm,686NHPCL35,976672,D,NHPCL-6.86%-06-05-35-PVT,686NHPCL35,1,0.01,686NHPCL35
BSE,bse_cm,686NHPCL36,976673,D,NHPCL-6.86%-06-05-36-PVT,686NHPCL36,1,0.01,686NHPCL36
BSE,bse_cm,686NHPCL37,976674,D,NHPCL-6.86%-06-05-37-PVT,686NHPCL37,1,0.01,686NHPCL37
BSE,bse_cm,1065KSL26,976675,D,KSL-10-.65%-06-11-26-PVT,1065KSL26,1,0.01,1065KSL26
BSE,bse_cm,803ABCL35,976676,D,ABCL-8.03%-4-5-35-PVT,803ABCL35,1,0.01,803ABCL35
BSE,bse_cm,69HUDC30,976677,D,HUDCO-6.90%-6-5-30-PVT,69HUDC30,1,0.01,69HUDC30
BSE,bse_cm,850HLFL30,976678,D,HLFL-8.50%-6-5-30-PVT,850HLFL30,1,0.01,850HLFL30
BSE,bse_cm,840HLFL27,976679,D,HLFL-8.40%-6-5-27-PVT,840HLFL27,1,0.01,840HLFL27
BSE,bse_cm,930PFL27A,976680,D,PFL-9.30%-07-05-27-PVT,930PFL27A,1,0.01,930PFL27A
BSE,bse_cm,919PFL28,976681,D,PFL-9.19%-08-08-28-PVT,919PFL28,1,0.01,919PFL28
BSE,bse_cm,912PFL27,976682,D,PFL-9.12%-06-08-27-PVT,912PFL27,1,0.01,912PFL27
BSE,bse_cm,1005MFL28A,976683,D,MFL-10.05%-15-6-28-PVT,1005MFL28A,1,0.01,1005MFL28A
BSE,bse_cm,684NTPC35,976684,D,NTPC-6.84%-9-5-35-PVT,684NTPC35,1,0.01,684NTPC35
BSE,bse_cm,1125MFL27,976685,D,MFL-11.25%-9-2-27-PVT,1125MFL27,1,0.01,1125MFL27
BSE,bse_cm,911LGS927,976686,D,LGS9-9.11%-20-8-27-PTC,911LGS927,1,0.01,911LGS927
BSE,bse_cm,145DKGF35,976687,D,DKGFSPL-14.5%-9-5-35-PVT,145DKGF35,1,0.01,145DKGF35
BSE,bse_cm,114QSSP30,976688,D,QSSPL-11.4%-9-5-30-PVT,114QSSP30,1,0.01,114QSSP30
BSE,bse_cm,704IIT28,976689,D,IIT-7.04%-27-09-28-TRUST,704IIT28,1,0.01,704IIT28
BSE,bse_cm,1125IML26B,976690,D,IML-11.25%-13-11-26-PVT,1125IML26B,1,0.01,1125IML26B
BSE,bse_cm,720MBPR30,976691,D,MBPR-7.20%-10-5-30-REIT,720MBPR30,1,0.01,720MBPR30
BSE,bse_cm,1175AFPL31,976692,D,AFPL-11.75%-14-5-31-PVT,1175AFPL31,1,0.01,1175AFPL31
BSE,bse_cm,719JCL28,976694,D,JCL-7.19%-15-3-28-PVT,719JCL28,1,0.01,719JCL28
BSE,bse_cm,835MASFS26,976695,D,MASFS-8.35%-16-11-26-PVT,835MASFS26,1,0.01,835MASFS26
BSE,bse_cm,925MASFS27,976696,D,MASFS-9.25%-16-5-27-PVT,925MASFS27,1,0.01,925MASFS27
BSE,bse_cm,EFCL150525,976697,D,EFCL-14-6-27-PVT,EFCL150525,1,0.01,EFCL150525
BSE,bse_cm,OPL16525,976698,D,OPL-15-6-27-PVT,OPL16525,1,0.01,OPL16525
BSE,bse_cm,721EOPR28,976699,D,EOPR-7.21%-17-3-28-REIT,721EOPR28,1,0.01,721EOPR28
BSE,bse_cm,722EOPR28,976700,D,EOPR-7.22%-16-5-28-REIT,722EOPR28,1,0.01,722EOPR28
BSE,bse_cm,12MFILD26,976701,D,MFIL-12%-25-9-26-PVT,12MFILD26,1,0.01,12MFILD26
BSE,bse_cm,1125IML26C,976702,D,IML-11.25%-19-11-26-PVT,1125IML26C,1,0.01,1125IML26C
BSE,bse_cm,665IRFC30,976703,D,IRFC-6.65%-20-5-30-PVT,665IRFC30,1,0.01,665IRFC30
BSE,bse_cm,765PFL28,976704,D,PFL-7.65%-19-6-28-PVT,765PFL28,1,0.01,765PFL28
BSE,bse_cm,965KFIL28,976705,D,KFIL-9.65%-10-03-28-PVT,965KFIL28,1,0.01,965KFIL28
BSE,bse_cm,EFCL21525,976707,D,EFCL-20-08-27-PVT,EFCL21525,1,0.01,EFCL21525
BSE,bse_cm,EFCL210525,976708,D,EFCL-20-7-28-PVT,EFCL210525,1,0.01,EFCL210525
BSE,bse_cm,661PFCL28,976709,D,PFCL-6.61%-15-07-28-PVT,661PFCL28,1,0.01,661PFCL28
BSE,bse_cm,664PFCL30,976710,D,PFCL-6.64%-15-07-30-PVT,664PFCL30,1,0.01,664PFCL30
BSE,bse_cm,73064ABH28,976711,D,ABHFL-7.3064%-22-5-28-PVT,73064ABH28,1,0.01,73064ABH28
BSE,bse_cm,1040MFL33,976712,D,MFL-10.40%-22-8-33-PVT,1040MFL33,1,0.01,1040MFL33
BSE,bse_cm,652RL28,976713,D,RL-6.52%-31-1-28-PVT,652RL28,1,0.01,652RL28
BSE,bse_cm,681RL36,976714,D,RL-6.81%-30-4-36-PVT,681RL36,1,0.01,681RL36
BSE,bse_cm,737AFL28,976715,D,AFL-7.37%-23-08-28-PVT,737AFL28,1,0.01,737AFL28
BSE,bse_cm,1325IBPL26,976716,D,IBPL-13.25%-25-9-26-PVT,1325IBPL26,1,0.01,1325IBPL26
BSE,bse_cm,719IHFCL28,976717,D,IHFCL-7.19%-22-8-28-PVT,719IHFCL28,1,0.01,719IHFCL28
BSE,bse_cm,875AVHF30,976718,D,AVHFIL-8.75%-23-5-30-PVT,875AVHF30,1,0.01,875AVHF30
BSE,bse_cm,925VJ16T34,976719,D,VJ016T-9.25%-20-6-34-PTC,925VJ16T34,1,0.01,925VJ16T34
BSE,bse_cm,747ABCL29,976720,D,ABCL-7.47%-21-11-29-PVT,747ABCL29,1,0.01,747ABCL29
BSE,bse_cm,738ABCL28,976721,D,ABCL-7.38%-14-2-28-PVT,738ABCL28,1,0.01,738ABCL28
BSE,bse_cm,702BHFL28,976722,D,BHFL-7.02%-26-5-28-PVT,702BHFL28,1,0.01,702BHFL28
BSE,bse_cm,741HDBFS30,976723,D,HDBFSL-7.41%-04-06-30-PVT,741HDBFS30,1,0.01,741HDBFS30
BSE,bse_cm,741HDBFS28,976724,D,HDBFSL-7.41%-05-06-28-PVT,741HDBFS28,1,0.01,741HDBFS28
BSE,bse_cm,950NWIL27,976725,D,NWIL-9.50%-25-3-27-PVT,950NWIL27,1,0.01,950NWIL27
BSE,bse_cm,960ICFL27,976726,D,ICFL-9.60%-26-2-27-PVT,960ICFL27,1,0.01,960ICFL27
BSE,bse_cm,1075MML027,976727,D,MML-10.75%-27-5-27-PVT,1075MML027,1,0.01,1075MML027
BSE,bse_cm,75168KID31,976728,D,KIDFL-7.5168%-28-8-31-PVT,75168KID31,1,0.01,75168KID31
BSE,bse_cm,915AFPL27,976729,D,AFPL-9.15%-27-5-27-PVT,915AFPL27,1,0.01,915AFPL27
BSE,bse_cm,125IML28,976730,D,IML-12.50%-28-5-28-PVT,125IML28,1,0.01,125IML28
BSE,bse_cm,EFCL280525,976731,D,EFCL-29-5-28-PVT,EFCL280525,1,0.01,EFCL280525
BSE,bse_cm,95IFSL027,976733,D,IFSL-9.5%-28-5-27-PVT,95IFSL027,1,0.01,95IFSL027
BSE,bse_cm,708JCL28,976734,D,JCL-7.08%-26-5-28-PVT,708JCL28,1,0.01,708JCL28
BSE,bse_cm,76PFL27,976735,D,PFL-7.60%-28-5-27-PVT,76PFL27,1,0.01,76PFL27
BSE,bse_cm,1275KFL27,976736,D,KFL-12.75%-25-11-27-PVT,1275KFL27,1,0.01,1275KFL27
BSE,bse_cm,12LVAM25,976737,D,LVAM25-12%-31-05-27-PTC,12LVAM25,1,0.01,12LVAM25
BSE,bse_cm,647IRFC28,976738,D,IRFC-6.47%-30-05-28-PVT,647IRFC28,1,0.01,647IRFC28
BSE,bse_cm,658IRFC30,976739,D,IRFC-6.58%-30-05-30-PVT,658IRFC30,1,0.01,658IRFC30
BSE,bse_cm,1675ARPL30,976740,D,ARPL-16.75%-30-04-30-PVT,1675ARPL30,1,0.01,1675ARPL30
BSE,bse_cm,911LGS1027,976741,D,LGS10-9.11%-20-8-27-PTC,911LGS1027,1,0.01,911LGS1027
BSE,bse_cm,775APSE40,976742,D,APSEZL-7.75%-30-5-40-PVT,775APSE40,1,0.01,775APSE40
BSE,bse_cm,925VT27,976744,D,VT-9.25%-20-5-27-PTC,925VT27,1,0.01,925VT27
BSE,bse_cm,925VT29A,976745,D,VT-9.25%-20-3-28-PTC,925VT29A,1,0.01,925VT29A
BSE,bse_cm,925VT31,976746,D,VT-9.25%-20-1-29-PTC,925VT31,1,0.01,925VT31
BSE,bse_cm,667NBFID30,976747,D,NBFID-6.67%-30-05-30-PVT,667NBFID30,1,0.01,667NBFID30
BSE,bse_cm,1190LMPL28,976748,D,LMPL-11.90%-30-5-28-PVT,1190LMPL28,1,0.01,1190LMPL28
BSE,bse_cm,12AFL27,976749,D,AFL-12%-19-6-27-PVT,12AFL27,1,0.01,12AFL27
BSE,bse_cm,745IIL30,976750,D,IIL-7.45%-26-6-30-PVT,745IIL30,1,0.01,745IIL30
BSE,bse_cm,1125IML27,976751,D,IML-11.25%-03-02-27-PVT,1125IML27,1,0.01,1125IML27
BSE,bse_cm,10PDL27,976752,D,PDL-10%-3-6-27-PVT,10PDL27,1,0.01,10PDL27
BSE,bse_cm,9HLFL35,976753,D,HLFL-9%-04-06-35-PVT,9HLFL35,1,0.01,9HLFL35
BSE,bse_cm,931VL27,976754,D,VL-9.31%-03-12-27-PVT,931VL27,1,0.01,931VL27
BSE,bse_cm,945VL28,976755,D,VL-9.45%-05-06-28-PVT,945VL28,1,0.01,945VL28
BSE,bse_cm,VL050625,976756,D,VL-3M OIS+SPREAD 04-06-27-PVT,VL050625,1,0.01,VL050625
BSE,bse_cm,1130MBFL27,976757,D,MBFL-11.30%-5-6-27-PVT,1130MBFL27,1,0.01,1130MBFL27
BSE,bse_cm,1135MBFL27,976758,D,MBFL-11.35%-25-11-27-PVT,1135MBFL27,1,0.01,1135MBFL27
BSE,bse_cm,818PFL35,976759,D,PFL-8.18%-05-06-35-PVT,818PFL35,1,0.01,818PFL35
BSE,bse_cm,703RTL30,976760,D,RTL-7.03%-05-06-30-PVT,703RTL30,1,0.01,703RTL30
BSE,bse_cm,776AHFL28,976761,D,AHFL-30-11-28-CP,776AHFL28,1,0.01,776AHFL28
BSE,bse_cm,JBL050625,976762,D,JBL-31-05-28-PVT,JBL050625,1,0.01,JBL050625
BSE,bse_cm,JBVL50625,976763,D,JBVL-31-5-28-PVT,JBVL50625,1,0.01,JBVL50625
BSE,bse_cm,814LDL28,976764,D,LDL-8.14%-5-6-28-PVT,814LDL28,1,0.01,814LDL28
BSE,bse_cm,656GIL30,976765,D,GIL-6.56%-06-06-30-PVT,656GIL30,1,0.01,656GIL30
BSE,bse_cm,652HUDCL28,976766,D,HUDCL-6.52%-6-6-28-PVT,652HUDCL28,1,0.01,652HUDCL28
BSE,bse_cm,986VCL27A,976767,D,VCL-9.86%-06-01-27,986VCL27A,1,0.01,986VCL27A
BSE,bse_cm,895OPL27,976768,D,OPL-8.95%-4-6-27-PVT,895OPL27,1,0.01,895OPL27
BSE,bse_cm,114AFSL28,976769,D,AFSL-11.4%-5-6-28-PVT,114AFSL28,1,0.01,114AFSL28
BSE,bse_cm,740VIT41,976771,D,VIT-7.40%-31-12-41-INVIT,740VIT41,1,0.01,740VIT41
BSE,bse_cm,627PFCL27,976772,D,PFCL-6.27%-15-07-27-PVT,627PFCL27,1,0.01,627PFCL27
BSE,bse_cm,778ABSL35,976773,D,ABSLICL-7.78%-11-6-35-PVT,778ABSL35,1,0.01,778ABSL35
BSE,bse_cm,659PFCL30,976774,D,PFCL-6.59%-15-10-30-PVT,659PFCL30,1,0.01,659PFCL30
BSE,bse_cm,10SPPL28,976775,D,SPPL-10%-11-6-28-PVT,10SPPL28,1,0.01,10SPPL28
BSE,bse_cm,112KFL26,976776,D,KFL-11.20%-11-12-26-PVT,112KFL26,1,0.01,112KFL26
BSE,bse_cm,CFSL110625,976777,D,CFSL-3Months T Bill+250 basis ,CFSL110625,1,0.01,CFSL110625
BSE,bse_cm,1025NBSP26,976778,D,NBSPL-10.25%-12-12-26-PVT,1025NBSP26,1,0.01,1025NBSP26
BSE,bse_cm,637RECL27,976779,D,RECL-6.37%-31-03-27-PVT,637RECL27,1,0.01,637RECL27
BSE,bse_cm,670RECL29,976780,D,RECL-6.70%-31-12-29-PVT,670RECL29,1,0.01,670RECL29
BSE,bse_cm,690BHFL27,976781,D,BHFL-6.90%-12-8-27-PVT,690BHFL27,1,0.01,690BHFL27
BSE,bse_cm,708BHFL30,976782,D,BHFL-7.08%-12-6-30-PVT,708BHFL30,1,0.01,708BHFL30
BSE,bse_cm,12MML026,976783,D,MML-12%-13-9-26-PVT,12MML026,1,0.01,12MML026
BSE,bse_cm,742DCBL32,976784,D,DCBL-7.42%-12-6-32-PVT,742DCBL32,1,0.01,742DCBL32
BSE,bse_cm,749DCBL35,976785,D,DCBL-7.49%-12-6-35-PVT,749DCBL35,1,0.01,749DCBL35
BSE,bse_cm,JSWEL12625,976786,D,JSWEL-1M MCLR KMBL-12-6-28-PVT,JSWEL12625,1,0.01,JSWEL12625
BSE,bse_cm,12MFLPERC,976787,D,MFL-12%-PERPETUAL-PVT,12MFLPERC,1,0.01,12MFLPERC
BSE,bse_cm,975MML27A,976788,D,MML-9.75%-12-6-27-PVT,975MML27A,1,0.01,975MML27A
BSE,bse_cm,970AXFPL28,976789,D,AXFPL-9.70%-13-6-28-PVT,970AXFPL28,1,0.01,970AXFPL28
BSE,bse_cm,758PFL28,976790,D,PFL-7.58%-12-9-28-PVT,758PFL28,1,0.01,758PFL28
BSE,bse_cm,950OFSL26,976791,D,OFSL-9.50%-14-12-26-PVT,950OFSL26,1,0.01,950OFSL26
BSE,bse_cm,960OFSL27,976792,D,OFSL-9.60%-14-6-27-PVT,960OFSL27,1,0.01,960OFSL27
BSE,bse_cm,85JMFC28,976793,D,JMFCSL-8.5%-13-6-28-PVT,85JMFC28,1,0.01,85JMFC28
BSE,bse_cm,905ONEP28,976794,D,360OPL-9.05%-13-6-28-PVT,905ONEP28,1,0.01,905ONEP28
BSE,bse_cm,915BML27,976795,D,BML-9.15%-17-6-27-PVT,915BML27,1,0.01,915BML27
BSE,bse_cm,SCKL130625,976796,D,SCKL-MIFOR-12-6-31-PVT,SCKL130625,1,0.01,SCKL130625
BSE,bse_cm,SCKL13625,976797,D,SCKL-12MMIFOR-12-6-31-PVT,SCKL13625,1,0.01,SCKL13625
BSE,bse_cm,SCKL13625A,976798,D,SCKL-12MMIFOR-12-6-31-PVT,SCKL13625A,1,0.01,SCKL13625A
BSE,bse_cm,1125IML027,976799,D,IML-11.25%-17-3-27-PVT,1125IML027,1,0.01,1125IML027
BSE,bse_cm,95PICAS27,976801,D,PICASA-9.5%-23-2-27-PTC,95PICAS27,100000,0.01,95PICAS27
BSE,bse_cm,1150MBFL27,976802,D,MBFL-11.50%-17-2-27-PVT,1150MBFL27,1,0.01,1150MBFL27
BSE,bse_cm,915PFL27,976803,D,PFL-9.15%-17-6-27-PVT,915PFL27,1,0.01,915PFL27
BSE,bse_cm,925PFL30,976804,D,PFL-9.25%-17-6-30-PVT,925PFL30,1,0.01,925PFL30
BSE,bse_cm,91PFL27,976805,D,PFL-9.10%-16-4-27-PVT,91PFL27,1,0.01,91PFL27
BSE,bse_cm,10MCSLD27,976806,D,MCSL-17-6-27-CP,10MCSLD27,1,0.01,10MCSLD27
BSE,bse_cm,725JDFI27,976807,D,JDFIPL-7.25%-18-6-27-PVT,725JDFI27,1,0.01,725JDFI27
BSE,bse_cm,1075NFL28,976808,D,NFL-10.75%-19-8-28-PVT,1075NFL28,1,0.01,1075NFL28
BSE,bse_cm,728IGIT35,976809,D,IGIT-7.28%-20-6-35-InvIT,728IGIT35,1,0.01,728IGIT35
BSE,bse_cm,707IGIT30,976810,D,IGIT-7.07%-20-6-30-InvIT,707IGIT30,1,0.01,707IGIT30
BSE,bse_cm,701IGIT29,976811,D,IGIT-7.01%-20-6-29-InvIT,701IGIT29,1,0.01,701IGIT29
BSE,bse_cm,1230VFPL29,976812,D,VFPL-12.30%-17-04-29-PVT,1230VFPL29,1,0.01,1230VFPL29
BSE,bse_cm,940ISCFL27,976813,D,ISCFL-9.40%-19-7-27-PVT,940ISCFL27,1,0.01,940ISCFL27
BSE,bse_cm,94ISCFL27,976814,D,ISCFL-9.40%-18-6-27-PVT,94ISCFL27,1,0.01,94ISCFL27
BSE,bse_cm,820HLFL28,976815,D,HLFL-8.20%-19-6-28-PVT,820HLFL28,1,0.01,820HLFL28
BSE,bse_cm,716KMPL28,976816,D,KMPL-7.1554%-19-06-28-PVT,716KMPL28,1,0.01,716KMPL28
BSE,bse_cm,795HDBFS35,976817,D,HDBFSL-7.95%-04-06-35-PVT,795HDBFS35,1,0.01,795HDBFS35
BSE,bse_cm,950SCL30,976818,D,SCL-9.5%-19-6-30-PVT,950SCL30,1,0.01,950SCL30
BSE,bse_cm,975SCL35,976819,D,SCL-9.75%-19-6-35-PVT,975SCL35,1,0.01,975SCL35
BSE,bse_cm,945SCL28,976820,D,SCL-9.45%-19-6-28-PVT,945SCL28,1,0.01,945SCL28
BSE,bse_cm,945SCL29,976821,D,SCL-9.45%-19-6-29-PVT,945SCL29,1,0.01,945SCL29
BSE,bse_cm,11AFL29,976822,D,AFL-11%-17-4-29-PVT,11AFL29,1,0.01,11AFL29
BSE,bse_cm,114KFL28,976823,D,KFL-11.4%-23-6-28-PVT,114KFL28,1,0.01,114KFL28
BSE,bse_cm,1070SISL27,976824,D,SISL-10.70%-10-06-27-PVT,1070SISL27,1,0.01,1070SISL27
BSE,bse_cm,1075SISL27,976825,D,SISL-10.75%-10-06-27-PVT,1075SISL27,1,0.01,1075SISL27
BSE,bse_cm,660RECL27,976826,D,RECL-6.60%-30-06-27-PVT,660RECL27,1,0.01,660RECL27
BSE,bse_cm,706RECL35,976827,D,RECL-7.06%-30-06-35-PVT,706RECL35,1,0.01,706RECL35
BSE,bse_cm,1142BFL27,976828,D,BFL-11.42%-26-6-27-PVT,1142BFL27,1,0.01,1142BFL27
BSE,bse_cm,915HLFLPER,976829,D,HLFL-9.15%-PERPETUAL-PVT,915HLFLPER,1,0.01,915HLFLPER
BSE,bse_cm,93VCL28,976830,D,VCL-9.3%-23-6-28,93VCL28,1,0.01,93VCL28
BSE,bse_cm,1140KFL28,976831,D,KFL-11.40%-25-06-28-PVT,1140KFL28,1,0.01,1140KFL28
BSE,bse_cm,965VCL27,976832,D,VCL-9.65%-5-2-27,965VCL27,1,0.01,965VCL27
BSE,bse_cm,14PCL29,976834,D,PCL-14%-18-1-29-UL-PVT,14PCL29,1,0.01,14PCL29
BSE,bse_cm,13PCL29,976835,D,PCL-13%-23-2-29-UL-PVT,13PCL29,1,0.01,13PCL29
BSE,bse_cm,14PCLD29,976836,D,PCL-14%-1-3-29-UL-PVT,14PCLD29,1,0.01,14PCLD29
BSE,bse_cm,13PCLD29,976840,D,PCL-13%-23-3-29-UL-PVT,13PCLD29,1,0.01,13PCLD29
BSE,bse_cm,13PCL2029,976841,D,PCL-13%-28-3-29-UL-PVT,13PCL2029,1,0.01,13PCL2029
BSE,bse_cm,13PCL2029A,976845,D,PCL-13%-21-6-29-UL-PVT,13PCL2029A,1,0.01,13PCL2029A
BSE,bse_cm,1175MFL27,976851,D,MFL-11.75%-25-06-27-PVT,1175MFL27,1,0.01,1175MFL27
BSE,bse_cm,965MFL028,976852,D,MFL-9.65%-26-6-28-PVT,965MFL028,1,0.01,965MFL028
BSE,bse_cm,ABHF26625,976853,D,ABHFL-12MTBILL+SPREAD-26-6-30-,ABHF26625,1,0.01,ABHF26625
BSE,bse_cm,695VIT28,976854,D,VIT-6.95%-26-6-28-InVits,695VIT28,1,0.01,695VIT28
BSE,bse_cm,10NFL27,976855,D,NFL-10%-25-03-27-PVT,10NFL27,1,0.01,10NFL27
BSE,bse_cm,740AVFL30,976856,D,AVFL-7.40%-26-6-30-PVT,740AVFL30,1,0.01,740AVFL30
BSE,bse_cm,1025HFL30,976857,D,HFL-10.25%-26-12-30-PVT,1025HFL30,1,0.01,1025HFL30
BSE,bse_cm,770PFL30,976858,D,PFL-7.70%-25-06-30-PVT,770PFL30,1,0.01,770PFL30
BSE,bse_cm,10HFL29,976859,D,HFL-10%-26-2-29-PVT,10HFL29,1,0.01,10HFL29
BSE,bse_cm,680SMIL30,976861,D,SMIL-6.80%-27-06-30-PVT,680SMIL30,1,0.01,680SMIL30
BSE,bse_cm,1180VFPL29,976862,D,VFPL-11.80%-27-06-29-PVT,1180VFPL29,1,0.01,1180VFPL29
BSE,bse_cm,1225LXAA28,976863,D,LXAA25-12.25%-13-8-28-PTC,1225LXAA28,1,0.01,1225LXAA28
BSE,bse_cm,697EOPRE27,976864,D,EOPREIT-6.97%-19-3-27-REIT,697EOPRE27,1,0.01,697EOPRE27
BSE,bse_cm,1125MBFL27,976865,D,MBFL-11.25%-27-7-27-PVT,1125MBFL27,1,0.01,1125MBFL27
BSE,bse_cm,865AKCFL28,976866,D,AKCFL-8.65%-30-6-28-PVT,865AKCFL28,1,0.01,865AKCFL28
BSE,bse_cm,749RCFL28,976867,D,RCFL-7.49%-30-06-28-PVT,749RCFL28,1,0.01,749RCFL28
BSE,bse_cm,125ACAP28,976868,D,ACAPL-12.5%-27-12-28-PVT,125ACAP28,1,0.01,125ACAP28
BSE,bse_cm,875OPL27,976869,D,360ONEPRIMELTD-8.75%-25-6-27-P,875OPL27,1,0.01,875OPL27
BSE,bse_cm,10MML2028,976870,D,MML-10%-27-06-28-PVT,10MML2028,1,0.01,10MML2028
BSE,bse_cm,1125BFL27,976871,D,BFL-11.25%-30-06-27-PVT,1125BFL27,1,0.01,1125BFL27
BSE,bse_cm,1025AFL27,976872,D,AFL-10.25%-30-06-27-PVT,1025AFL27,1,0.01,1025AFL27
BSE,bse_cm,1040AFL28,976873,D,AFL-10.40%-30-03-28-PVT,1040AFL28,1,0.01,1040AFL28
BSE,bse_cm,1010VCL26,976874,D,VCL-10.10%-30-10-26,1010VCL26,1,0.01,1010VCL26
BSE,bse_cm,10KFL2027,976875,D,KFL-10%-31-12-27-PVT,10KFL2027,1,0.01,10KFL2027
BSE,bse_cm,99FRIEZA26,976876,D,FRIEZA-9.90%-17-12-26-PTC,99FRIEZA26,100000,0.01,99FRIEZA26
BSE,bse_cm,8HLFL27,976877,D,HLFL-8%-30-6-27-PVT,8HLFL27,1,0.01,8HLFL27
BSE,bse_cm,729KMIL27,976878,D,KMIL-7.29%-20-07-27-PVT,729KMIL27,1,0.01,729KMIL27
BSE,bse_cm,733KMIL28,976879,D,KMIL-7.33%-11-08-28-PVT,733KMIL28,1,0.01,733KMIL28
BSE,bse_cm,865LGS1227,976880,D,LGS12-8.65%-22-12-27-PTC,865LGS1227,1,0.01,865LGS1227
BSE,bse_cm,14DONN2527,976881,D,DONN25-14%-17-01-27-PTC,14DONN2527,1,0.01,14DONN2527
BSE,bse_cm,1110AFSL30,976882,D,AFSL-11.10%-1-7-30-PVT,1110AFSL30,1,0.01,1110AFSL30
BSE,bse_cm,784LBTL44,976883,D,LBTL-7.84%-30-9-44-PVT,784LBTL44,1,0.01,784LBTL44
BSE,bse_cm,77LBTL43,976884,D,LBTL-7.70%-31-3-43-PVT,77LBTL43,1,0.01,77LBTL43
BSE,bse_cm,LGS300625,976885,D,LGS-8.65%-22-12-27-PTC,LGS300625,1,0.01,LGS300625
BSE,bse_cm,8EPPL45,976886,D,EPPL-8%-03-07-45-PVT,8EPPL45,1,0.01,8EPPL45
BSE,bse_cm,8VPPL45A,976887,D,VPPL-8%-3-7-45-PVT,8VPPL45A,1,0.01,8VPPL45A
BSE,bse_cm,11RSL26,976888,D,RST-11.10%-31-8-26-PTC,11RSL26,1,0.01,11RSL26
BSE,bse_cm,1275RST26,976889,D,RST-12.75%-31-8-26-PTC,1275RST26,1,0.01,1275RST26
BSE,bse_cm,1195ESCP29,976890,D,ESSPL-11.95%-17-04-29-PVT,1195ESCP29,1,0.01,1195ESCP29
BSE,bse_cm,85JMF28,976891,D,JMFCSL-8.5%-30-5-28-PVT,85JMF28,1,0.01,85JMF28
BSE,bse_cm,85JMF28A,976892,D,JMFCSL-8.5%-28-6-28-PVT,85JMF28A,1,0.01,85JMF28A
BSE,bse_cm,10VCL28,976893,D,VCL-10%-04-07-28,10VCL28,1,0.01,10VCL28
BSE,bse_cm,915AKCF28,976894,D,AKCFL-9.15%-7-7-28-PVT,915AKCF28,1,0.01,915AKCF28
BSE,bse_cm,796LDL28,976895,D,LDL-7.96%-07-07-28-PVT,796LDL28,1,0.01,796LDL28
BSE,bse_cm,1062KFL27,976896,D,KFL-10.62%-09-07-27-PVT,1062KFL27,1,0.01,1062KFL27
BSE,bse_cm,1062KFL27A,976897,D,KFL-10.62%-09-07-27-PVT,1062KFL27A,1,0.01,1062KFL27A
BSE,bse_cm,1035MCSL27,976898,D,MCSL-10.35%-3-4-27-PVT,1035MCSL27,1,0.01,1035MCSL27
BSE,bse_cm,770WXTL43,976899,D,WXTL-7.70%-31-3-43-PVT,770WXTL43,1,0.01,770WXTL43
BSE,bse_cm,784WXTL44,976900,D,WXTL-7.84%-30-9-44-PVT,784WXTL44,1,0.01,784WXTL44
BSE,bse_cm,925CGCL28,976901,D,CGCL-9.25%-8-7-28-PVT,925CGCL28,1,0.01,925CGCL28
BSE,bse_cm,711BFL28,976902,D,BFL-7.11%-10-7-28-PVT,711BFL28,1,0.01,711BFL28
BSE,bse_cm,842LGS1327,976903,D,LGS13J25-8.42%-20-10-27-PTC,842LGS1327,1,0.01,842LGS1327
BSE,bse_cm,12ICLFL28A,976904,D,ICLFL-12%-10-07-28-PVT,12ICLFL28A,1,0.01,12ICLFL28A
BSE,bse_cm,985ACAPL27,976905,D,ACAPL-9.85%-11-1-27-PVT,985ACAPL27,1,0.01,985ACAPL27
BSE,bse_cm,7AHL45,976906,D,AHL-7%-11-7-45-PVT,7AHL45,1,0.01,7AHL45
BSE,bse_cm,ICLFL10725,976907,D,ICLFL-10-07-28-PVT,ICLFL10725,1,0.01,ICLFL10725
BSE,bse_cm,ICLF10725,976908,D,ICLFL-10-03-31-PVT,ICLF10725,1,0.01,ICLF10725
BSE,bse_cm,71ABHFL27,976909,D,ABHFL-7.1104%-30-07-27-PVT,71ABHFL27,1,0.01,71ABHFL27
BSE,bse_cm,113KFL027,976910,D,KFL-11.3%-11-4-27-PVT,113KFL027,1,0.01,113KFL027
BSE,bse_cm,920NWIL27,976911,D,NWIL-9.20%-20-12-27-PVT,920NWIL27,1,0.01,920NWIL27
BSE,bse_cm,705KMPL28,976912,D,KMPL-7.05%-10-04-28-PVT,705KMPL28,1,0.01,705KMPL28
BSE,bse_cm,1162LVJ025,976913,D,LVJ25-11.62%-25-2-27-PTC,1162LVJ025,1,0.01,1162LVJ025
BSE,bse_cm,705MMFSL27,976914,D,MMFSL-7.05%-29-06-27-PVT,705MMFSL27,1,0.01,705MMFSL27
BSE,bse_cm,114KF27,976915,D,KFL-11.40%-15-1-27-PVT,114KF27,1,0.01,114KF27
BSE,bse_cm,753PFL27,976916,D,PFL-7.53%-24-9-27-PVT,753PFL27,1,0.01,753PFL27
BSE,bse_cm,664HUDCO28,976917,D,HUDCO-6.64%-17-7-28-PVT,664HUDCO28,1,0.01,664HUDCO28
BSE,bse_cm,697BHFL28,976918,D,BHFL-6.97%-17-07-28-PVT,697BHFL28,1,0.01,697BHFL28
BSE,bse_cm,1075SCNL30,976919,D,SCNL-10.75%-15-7-30-PVT,1075SCNL30,1,0.01,1075SCNL30
BSE,bse_cm,743PFCLPER,976921,D,PFCL-7.43%-PERPETUAL-PVT,743PFCLPER,1,0.01,743PFCLPER
BSE,bse_cm,1210NFL29,976922,D,NFL-12.10%-17-4-29,1210NFL29,1,0.01,1210NFL29
BSE,bse_cm,LDL210725,976923,D,LDL-Reset Rate-21-01-28-PVT,LDL210725,1,0.01,LDL210725
BSE,bse_cm,11DKGFS27,976924,D,DKGFSPL-11%-18-7-27-PVT,11DKGFS27,1,0.01,11DKGFS27
BSE,bse_cm,745TIL35,976925,D,TIL-7.45%-22-7-35-PVT,745TIL35,1,0.01,745TIL35
BSE,bse_cm,ICFSL18725,976926,D,ICFSL-GOLD-MCX-15-1-29-PVT,ICFSL18725,1,0.01,ICFSL18725
BSE,bse_cm,1095AFP27,976927,D,AFPL-10.95%-22-07-27-PVT,1095AFP27,1,0.01,1095AFP27
BSE,bse_cm,1125IMLD27,976928,D,IML-11.25%-23-4-27-PVT,1125IMLD27,1,0.01,1125IMLD27
BSE,bse_cm,12IML28,976929,D,IML-12%-23-7-28-PVT,12IML28,1,0.01,12IML28
BSE,bse_cm,1040KSL27,976930,D,KSL-10.40%-25-1-27-PVT,1040KSL27,1,0.01,1040KSL27
BSE,bse_cm,76ABCL35,976931,D,ABCL-7.60%-20-7-35-PVT,76ABCL35,1,0.01,76ABCL35
BSE,bse_cm,1025MFL31,976932,D,MFL-10.25%-23-01-31-PVT,1025MFL31,1,0.01,1025MFL31
BSE,bse_cm,95MCSL27,976933,D,MCSL-9.5%-23-7-27-PVT,95MCSL27,1,0.01,95MCSL27
BSE,bse_cm,858KFC31,976934,D,KFC-8.58%-22-7-31-PVT,858KFC31,1,0.01,858KFC31
BSE,bse_cm,1120ESP27A,976935,D,ESPL-11.20%-07-07-27-PVT,1120ESP27A,1,0.01,1120ESP27A
BSE,bse_cm,858KFC32,976936,D,KFL-8.58%-22-7-32-PVT,858KFC32,1,0.01,858KFC32
BSE,bse_cm,858KFC33,976937,D,KFC-8.58%-22-7-33-PVT,858KFC33,1,0.01,858KFC33
BSE,bse_cm,858KFC34,976938,D,KFC-8.58%-21-7-34-PVT,858KFC34,1,0.01,858KFC34
BSE,bse_cm,858KFC35,976939,D,KFC-8.58%-20-7-35-PVT,858KFC35,1,0.01,858KFC35
BSE,bse_cm,1150SCNL31,976940,D,SCNL-11.50%-24-01-31-PVT,1150SCNL31,1,0.01,1150SCNL31
BSE,bse_cm,IFSL220725,976941,D,IFSL-GOLD-MCX-19-1-29-PVT,IFSL220725,1,0.01,IFSL220725
BSE,bse_cm,715MRHFL28,976942,D,MRHFL-7.15%-21-07-28-PVT,715MRHFL28,1,0.01,715MRHFL28
BSE,bse_cm,1120KFPL27,976943,D,KFPL-11.20%-03-04-27-PVT,1120KFPL27,1,0.01,1120KFPL27
BSE,bse_cm,759GHFL27,976944,D,GHFL-7.59%-24-8-27-PVT,759GHFL27,1,0.01,759GHFL27
BSE,bse_cm,749GHFL27,976945,D,GIC-7.49%-24-2-27-PVT,749GHFL27,1,0.01,749GHFL27
BSE,bse_cm,RREOPR35,976946,D,EOPR-RR-24-7-35-REIT,RREOPR35,1,0.01,RREOPR35
BSE,bse_cm,825AFPL28,976947,D,AFPL-8.25%-25-7-28-PVT,825AFPL28,1,0.01,825AFPL28
BSE,bse_cm,990OFSL28,976948,D,OFSL-9.90%-24-07-28-PVT,990OFSL28,1,0.01,990OFSL28
BSE,bse_cm,9AFSL28,976949,D,AFSL-9%-24-7-28-PVT,9AFSL28,1,0.01,9AFSL28
BSE,bse_cm,89AFSL27,976950,D,AFSL-8.9%-10-9-27-PVT,89AFSL27,1,0.01,89AFSL27
BSE,bse_cm,91USGI35,976951,D,USGICL-9.1%-24-7-35-PVT,91USGI35,1,0.01,91USGI35
BSE,bse_cm,715SEIT30,976952,D,SEIT-7.15%-27-7-30-INVIT,715SEIT30,1,0.01,715SEIT30
BSE,bse_cm,72728SEI32,976953,D,SEIT-7.2728-27-7-32-INVIT,72728SEI32,1,0.01,72728SEI32
BSE,bse_cm,NWFL24725,976954,D,NWFL-NIFTY-22-1-29-PVT,NWFL24725,1,0.01,NWFL24725
BSE,bse_cm,9PFL27,976955,D,PFL-9%-28-6-27-PVT,9PFL27,1,0.01,9PFL27
BSE,bse_cm,91PFL30,976956,D,PFL-9.10%-28-6-30-PVT,91PFL30,1,0.01,91PFL30
BSE,bse_cm,8424ABCPRP,976957,D,ABCL-8.4240%-PERPETUAL-PVT,8424ABCPRP,1,0.01,8424ABCPRP
BSE,bse_cm,692DCCD28,976958,D,DCCDL-6.92%-28-7-28-PVT,692DCCD28,1,0.01,692DCCD28
BSE,bse_cm,925VFIP28,976959,D,VFIPL-9.25%-28-7-28-PVT,925VFIP28,1,0.01,925VFIP28
BSE,bse_cm,925VFIP27,976960,D,VFIPL-9.25%-28-7-27-PVT,925VFIP27,1,0.01,925VFIP27
BSE,bse_cm,925VFIP28A,976961,D,VFIPL-9.25%-28-1-28-PVT,925VFIP28A,1,0.01,925VFIP28A
BSE,bse_cm,955CIFL28,976963,D,CIFL-9.55%-28-7-28-PVT,955CIFL28,1,0.01,955CIFL28
BSE,bse_cm,1125NFL31,976964,D,NFL-11.25%-29-7-31,1125NFL31,1,0.01,1125NFL31
BSE,bse_cm,10MCSL2027,976965,D,MCSL-10%-29-07-27-PVT,10MCSL2027,1,0.01,10MCSL2027
BSE,bse_cm,705SCPSL28,976966,D,SBICPSL-7.05%-28-07-28-PVT,705SCPSL28,1,0.01,705SCPSL28
BSE,bse_cm,EFCL30725,976967,D,EFCL-30-10-28-PVT,EFCL30725,1,0.01,EFCL30725
BSE,bse_cm,EFCL300725,976968,D,EFCL-30-10-28-PVT,EFCL300725,1,0.01,EFCL300725
BSE,bse_cm,975MFSL27,976969,D,MASFSL-9.75%-15-06-27-PVT,975MFSL27,1,0.01,975MFSL27
BSE,bse_cm,1025NBSP27,976970,D,NBSPL-10.25%-30-01-27-PVT,1025NBSP27,1,0.01,1025NBSP27
BSE,bse_cm,707BFL28,976971,D,BFL-7.07%-21-9-28-PVT,707BFL28,1,0.01,707BFL28
BSE,bse_cm,7345IGIT47,976972,D,IGIT-7.3450%-31-7-47-INVIT,7345IGIT47,1,0.01,7345IGIT47
BSE,bse_cm,699IIFCL30,976973,D,IIFCL-6.99%-31-7-30-PVT,699IIFCL30,1,0.01,699IIFCL30
BSE,bse_cm,72959ABC28,976974,D,ABCL-7.2959%-15-9-28-PVT,72959ABC28,1,0.01,72959ABC28
BSE,bse_cm,74242ABC30,976975,D,ABCL-7.4242%-31-7-30-PVT,74242ABC30,1,0.01,74242ABC30
BSE,bse_cm,1070ESPL27,976976,D,ESPL-10.70%-5-3-27-PVT,1070ESPL27,1,0.01,1070ESPL27
BSE,bse_cm,865UTJ29,976977,D,UTJ-8.65%-25-1-29-PTC,865UTJ29,100000,0.01,865UTJ29
BSE,bse_cm,980NJCPL28,976978,D,NJCPL-9.80%-25-07-28-PVT,980NJCPL28,1,0.01,980NJCPL28
BSE,bse_cm,960ESFBL30,976979,D,ESFBL-9.60%-31-07-30-PVT,960ESFBL30,1,0.01,960ESFBL30
BSE,bse_cm,940MFL28,976980,D,MFL-9.40%-01-08-28-PVT,940MFL28,1,0.01,940MFL28
BSE,bse_cm,699IHFC28,976981,D,IHFC-6.99%-1-11-28-PVT,699IHFC28,1,0.01,699IHFC28
BSE,bse_cm,758ABHFL35,976982,D,ABHFL-7.58%-31-07-35-PVT,758ABHFL35,1,0.01,758ABHFL35
BSE,bse_cm,920SCL28,976983,D,SCL-9.20%-04-08-28-PVT,920SCL28,1,0.01,920SCL28
BSE,bse_cm,1250I04432,976984,D,INDIGO044-12.50%-20-06-32-PTC,1250I04432,1,0.01,1250I04432
BSE,bse_cm,0MCIBPL27,976985,D,MCIBPL-ZC-05-08-27-PVT,0MCIBPL27,1,0.01,0MCIBPL27
BSE,bse_cm,20KFMSPL29,976986,D,KFMSPL-20%-01-01-29-PVT,20KFMSPL29,1,0.01,20KFMSPL29
BSE,bse_cm,11VITPPL55,976987,D,VITPPL-11%-3-8-55-PVT,11VITPPL55,1,0.01,11VITPPL55
BSE,bse_cm,12AFIL30A,976988,D,AFIL-12%-01-08-30-PVT,12AFIL30A,1,0.01,12AFIL30A
BSE,bse_cm,1175AFI28B,976989,D,AFIL-11.75%-01-08-28-PVT,1175AFI28B,1,0.01,1175AFI28B
BSE,bse_cm,1225AFI28C,976990,D,AFIL-12.25%-01-08-28-PVT,1225AFI28C,1,0.01,1225AFI28C
BSE,bse_cm,12AFIL27D,976991,D,AFIL-12%-31-07-27-PVT,12AFIL27D,1,0.01,12AFIL27D
BSE,bse_cm,1116AMFL26,976992,D,AMFL-11.16%-19-8-26-PVT,1116AMFL26,1,0.01,1116AMFL26
BSE,bse_cm,12AFIL27E,976993,D,AFIL-12%-31-07-27-PVT,12AFIL27E,1,0.01,12AFIL27E
BSE,bse_cm,125AFIL31F,976994,D,AFIL-12.50%-12-06-31-PVT,125AFIL31F,1,0.01,125AFIL31F
BSE,bse_cm,1225LB2532,976995,D,LXBJ25-12.25%-28-01-32-PTC,1225LB2532,1,0.01,1225LB2532
BSE,bse_cm,908IND4329,976996,D,INDIGO043-9.08%-20-12-29-PTC,908IND4329,1,0.01,908IND4329
BSE,bse_cm,990IND4329,976997,D,INDIGO043-9.90%-20-12-29-PTC,990IND4329,1,0.01,990IND4329
BSE,bse_cm,741JDFIP29,976998,D,JDFIPL-7.41%-05-02-29-PVT,741JDFIP29,1,0.01,741JDFIP29
BSE,bse_cm,1020NFL27,976999,D,NFL-10.20%-05-08-27-PVT,1020NFL27,1,0.01,1020NFL27
BSE,bse_cm,1062KFL28,977000,D,KFL-10.62%-7-8-28-PVT,1062KFL28,1,0.01,1062KFL28
BSE,bse_cm,1062KFLD28,977001,D,KFLD-10.62%-7-2-28-PVT,1062KFLD28,1,0.01,1062KFLD28
BSE,bse_cm,10EFL31,977002,D,EFL-10%-7-8-31-PVT,10EFL31,1,0.01,10EFL31
BSE,bse_cm,850MOFSL27,977003,D,MOFSL-8.50%-06-08-27-PVT,850MOFSL27,1,0.01,850MOFSL27
BSE,bse_cm,975PDL28,977004,D,PDL-9.75%-8-8-28-PVT,975PDL28,1,0.01,975PDL28
BSE,bse_cm,804AFL35,977005,D,AFL-8.04%-8-8-35-PVT,804AFL35,1,0.01,804AFL35
BSE,bse_cm,967KIIFB29,977006,D,KIIFB-9.67%-8-8-29-PVT,967KIIFB29,1,0.01,967KIIFB29
BSE,bse_cm,967KIIFB30,977007,D,KIIFB-9.67%-8-8-30-PVT,967KIIFB30,1,0.01,967KIIFB30
BSE,bse_cm,967KIIFB31,977008,D,KIIFB-9.67%-8-8-31-PVT,967KIIFB31,1,0.01,967KIIFB31
BSE,bse_cm,967KIIFB32,977009,D,KIIFB-9.67%-8-8-32-PVT,967KIIFB32,1,0.01,967KIIFB32
BSE,bse_cm,967KIIFB33,977010,D,KIIFB-9.67%-8-8-33-PVT,967KIIFB33,1,0.01,967KIIFB33
BSE,bse_cm,967KIIFB34,977011,D,KIIFB-9.67%-8-8-34-PVT,967KIIFB34,1,0.01,967KIIFB34
BSE,bse_cm,967KIIFB35,977012,D,KIIFB-9.67%-8-8-35-PVT,967KIIFB35,1,0.01,967KIIFB35
BSE,bse_cm,85ABDFVL27,977013,D,ABDFVL-8.5%-8-8-27-PVT,85ABDFVL27,1,0.01,85ABDFVL27
BSE,bse_cm,790TFL28,977014,D,TFL-7.90%-8-8-28-PVT,790TFL28,1,0.01,790TFL28
BSE,bse_cm,698PGCIL35,977015,D,PGCIL-6.98%-12-8-35-PVT,698PGCIL35,1,0.01,698PGCIL35
BSE,bse_cm,920BML28,977016,D,BML-9.20%-12-8-28-PVT,920BML28,1,0.01,920BML28
BSE,bse_cm,1030NFL27,977017,D,NFL-10.30%-30-09-27-PVT,1030NFL27,1,0.01,1030NFL27
BSE,bse_cm,870AML28,977018,D,AML-8.70%-12-08-28-PVT,870AML28,1,0.01,870AML28
BSE,bse_cm,910BML27,977019,D,BML-9.10%-12-8-27-PVT,910BML27,1,0.01,910BML27
BSE,bse_cm,91BML27,977020,D,BML-9.1%-12-8-27-PVT,91BML27,1,0.01,91BML27
BSE,bse_cm,640NHPCL27,977021,D,NHPCL-6.40%-12-8-27-PVT,640NHPCL27,1,0.01,640NHPCL27
BSE,bse_cm,1065KSL27,977022,D,KSL-10.65%-12-08-27-PVT,1065KSL27,1,0.01,1065KSL27
BSE,bse_cm,11CFPL27,977023,D,CFPL-11%-11-8-27-PVT,11CFPL27,1,0.01,11CFPL27
BSE,bse_cm,9NWFL27,977024,D,NWFL-9%-11-06-27-PVT,9NWFL27,1,0.01,9NWFL27
BSE,bse_cm,91HLFL31,977025,D,HLFL-9.1%-11-4-31-PVT,91HLFL31,1,0.01,91HLFL31
BSE,bse_cm,5GMRAL27,977026,D,GMRAL-5%-13-2-27-PVT,5GMRAL27,1,0.01,5GMRAL27
BSE,bse_cm,5GMRAL28A,977027,D,GMRAL-5%-13-8-28-PVT,5GMRAL28A,1,0.01,5GMRAL28A
BSE,bse_cm,1050NCL28,977028,D,NCL-10.50%-12-2-28-PVT,1050NCL28,1,0.01,1050NCL28
BSE,bse_cm,1140KFL27A,977029,D,KFL-11.40%-12-05-27-PVT,1140KFL27A,1,0.01,1140KFL27A
BSE,bse_cm,960SCL35,977030,D,SCL-9.60%-14-08-35-PVT,960SCL35,1,0.01,960SCL35
BSE,bse_cm,718HDBFS28,977031,D,HDBFSL-7.18%-22-09-28-PVT,718HDBFS28,1,0.01,718HDBFS28
BSE,bse_cm,1225PFSP28,977032,D,PFSPL-12.25%-14-8-28-PVT,1225PFSP28,1,0.01,1225PFSP28
BSE,bse_cm,1175FFSL28,977033,D,FFSL-11.75%-13-8-28-CP,1175FFSL28,1,0.01,1175FFSL28
BSE,bse_cm,842ABCLPER,977034,D,ABCL-8.42%-PERPETUAL-PVT,842ABCLPER,1,0.01,842ABCLPER
BSE,bse_cm,360OP19825,977035,D,360OPL-21-06-27-PVT,360OP19825,1,0.01,360OP19825
BSE,bse_cm,693CHT29,977036,D,CHT-6.93%-20-2-29-INVIT,693CHT29,1,0.01,693CHT29
BSE,bse_cm,73015CHT35,977037,D,CHT-7.3015%-20-8-35-INVIT,73015CHT35,1,0.01,73015CHT35
BSE,bse_cm,10KFL2027A,977038,D,KFL-10%-30-11-27-PVT,10KFL2027A,1,0.01,10KFL2027A
BSE,bse_cm,10KFL2028,977039,D,KFL-10%-31-05-28-PVT,10KFL2028,1,0.01,10KFL2028
BSE,bse_cm,1095MBFL27,977040,D,MBFL-10.95%-20-10-27-PVT,1095MBFL27,1,0.01,1095MBFL27
BSE,bse_cm,725KMPL30,977041,D,KMPL-7.25%-20-08-30-PVT,725KMPL30,1,0.01,725KMPL30
BSE,bse_cm,1010VCL27,977042,D,VCL-10.10%-19-08-27,1010VCL27,1,0.01,1010VCL27
BSE,bse_cm,741MBPR33,977043,D,MBPR-7.41%-REST RATE-19-8-33-R,741MBPR33,1,0.01,741MBPR33
BSE,bse_cm,111KFL27,977044,D,KFL-11.10%-19-8-27-PVT,111KFL27,1,0.01,111KFL27
BSE,bse_cm,712UML26,977045,D,UML-7.12%-29-10-26-PVT,712UML26,1,0.01,712UML26
BSE,bse_cm,711UML26,977046,D,UML-7.11%-27-11-26-PVT,711UML26,1,0.01,711UML26
BSE,bse_cm,12MML2026,977047,D,MML-12%-19-11-26-PVT,12MML2026,1,0.01,12MML2026
BSE,bse_cm,115SCNL32,977048,D,SCNL-11.5%-21-8-32-PVT,115SCNL32,1,0.01,115SCNL32
BSE,bse_cm,SFL200825,977049,D,SFL-20-8-27-PVT,SFL200825,1,0.01,SFL200825
BSE,bse_cm,734KMIL28,977050,D,KMIL-7.34%-28-8-28-PVT,734KMIL28,1,0.01,734KMIL28
BSE,bse_cm,1225AX25,977051,D,AX2025-12.25%-24-12-26-PTC,1225AX25,100000,0.01,1225AX25
BSE,bse_cm,1330ACAP27,977052,D,ACAPL-13.30%- 21-02-27-PVT,1330ACAP27,1,0.01,1330ACAP27
BSE,bse_cm,9NWIL27,977053,D,NWIL-9%-22-06-27-PVT,9NWIL27,1,0.01,9NWIL27
BSE,bse_cm,9NWIL27A,977054,D,NWIL-9%-20-08-27-PVT,9NWIL27A,1,0.01,9NWIL27A
BSE,bse_cm,9NWFL027,977055,D,NWFL-9%-22-7-27-PVT,9NWFL027,1,0.01,9NWFL027
BSE,bse_cm,8HLFL28,977056,D,HLFL-8%-25-08-28-PVT,8HLFL28,1,0.01,8HLFL28
BSE,bse_cm,752PFL28,977057,D,PFL-7.52%-25-2-28-PVT,752PFL28,1,0.01,752PFL28
BSE,bse_cm,1290DKGF29,977058,D,DKGFSPL-12.90%-13-07-29-PVT,1290DKGF29,1,0.01,1290DKGF29
BSE,bse_cm,725MRHF27,977059,D,MRHFL-7.25%-27-8-27-PVT,725MRHF27,1,0.01,725MRHF27
BSE,bse_cm,760IIL37,977060,D,IIL-7.60%-28-08-37-PVT,760IIL37,1,0.01,760IIL37
BSE,bse_cm,10NFL26,977061,D,NFL-10%-30-10-26-PVT,10NFL26,1,0.01,10NFL26
BSE,bse_cm,1170AX2526,977062,D,AX25-11.70%-20-8-26-PTC,1170AX2526,100000,0.01,1170AX2526
BSE,bse_cm,855HGIEL28,977063,D,HGIEL-8.55%-29-8-28-PVT,855HGIEL28,1,0.01,855HGIEL28
BSE,bse_cm,91MFSL27,977064,D,MFSL-9.10%-29-8-27-PVT,91MFSL27,1,0.01,91MFSL27
BSE,bse_cm,10KFLD27,977065,D,KFL-10%-29-8-27-PVT,10KFLD27,1,0.01,10KFLD27
BSE,bse_cm,87AML28,977066,D,AML-8.7%-29-8-28-PVT,87AML28,1,0.01,87AML28
BSE,bse_cm,169BFPL29,977067,D,BIPL-16.90%-31-8-29-PVT,169BFPL29,1,0.01,169BFPL29
BSE,bse_cm,1095BRFL27,977068,D,BRFL-10.95%-29-8-27-PVT,1095BRFL27,1,0.01,1095BRFL27
BSE,bse_cm,789HLFL27,977070,D,HLFL-7.89%-27-8-27-PVT,789HLFL27,1,0.01,789HLFL27
BSE,bse_cm,ZCHDBFS28,977071,D,HDBFSL-ZC-04-10-28-PVT,ZCHDBFS28,1,0.01,ZCHDBFS28
BSE,bse_cm,1353TERP28,977072,D,TERPL-13.53%-31-08-28-PVT,1353TERP28,1,0.01,1353TERP28
BSE,bse_cm,1070ESP27,977073,D,ESPL-10.70%-6-8-27-PVT,1070ESP27,1,0.01,1070ESP27
BSE,bse_cm,123LVJ29,977074,D,LVJ-12.3%-26-7-29-PTC,123LVJ29,1,0.01,123LVJ29
BSE,bse_cm,1025NBFS27,977075,D,NBFSPL-10.25%-02-03-27-PVT,1025NBFS27,1,0.01,1025NBFS27
BSE,bse_cm,1152SRGH31,977076,D,SRGHFL-11.52%-01-03-31-PVT,1152SRGH31,1,0.01,1152SRGH31
BSE,bse_cm,1290AFPL27,977077,D,AFPL-12.90%-31-03-27-PVT,1290AFPL27,1,0.01,1290AFPL27
BSE,bse_cm,1150MA2528,977078,D,MA2025-11.50%-28-07-28-PTC,1150MA2528,1,0.01,1150MA2528
BSE,bse_cm,115MA2528,977079,D,MA2025-11.50%-28-07-28-PTC,115MA2528,1,0.01,115MA2528
BSE,bse_cm,10PLRPLD35,977080,D,PLRPL-10%-1-9-35-PVT,10PLRPLD35,1,0.01,10PLRPLD35
BSE,bse_cm,ABCL020925,977081,D,ABCL-0%-30-5-29-PVT,ABCL020925,1,0.01,ABCL020925
BSE,bse_cm,875SPHIR26,977082,D,SPHIR-8.75%-20-8-26-PTC,875SPHIR26,100000,0.01,875SPHIR26
BSE,bse_cm,990SPHIR28,977083,D,SPHIR-9.90%-20-3-28-PTC,990SPHIR28,100000,0.01,990SPHIR28
BSE,bse_cm,1125SPHR28,977084,D,SPHIR-11.25%-20-3-28-PTC,1125SPHR28,100000,0.01,1125SPHR28
BSE,bse_cm,RRDIAL40,977085,D,DIAL-Reset Rate-8.75%-1-9-40-P,RRDIAL40,1,0.01,RRDIAL40
BSE,bse_cm,1155KFL26,977086,D,KFL-11.55%-05-12-26-PVT,1155KFL26,1,0.01,1155KFL26
BSE,bse_cm,1850PCKR29,977087,D,PCKRPPL-18.5%-3-9-29-PVT,1850PCKR29,1,0.01,1850PCKR29
BSE,bse_cm,9VCL26,977088,D,VCL-9%-04-11-26,9VCL26,1,0.01,9VCL26
BSE,bse_cm,915VCL27,977089,D,VCL-9.15%-04-11-27,915VCL27,1,0.01,915VCL27
BSE,bse_cm,925VCL28,977090,D,VCL-9.25%-04-05-28,925VCL28,1,0.01,925VCL28
BSE,bse_cm,1325SRFC30,977091,D,SRFCPL-13.25%-09-12-30-PVT,1325SRFC30,1,0.01,1325SRFC30
BSE,bse_cm,1116AFL26,977092,D,AFL-11.16%-12-12-26-PVT,1116AFL26,1,0.01,1116AFL26
BSE,bse_cm,0MSFL27,977093,D,MSFL-0%-9-9-27-PVT,0MSFL27,1,0.01,0MSFL27
BSE,bse_cm,1120KSL27,977094,D,KSL-11.20%-10-3-27-PVT,1120KSL27,1,0.01,1120KSL27
BSE,bse_cm,1095SFL27,977095,D,SFL-10.95%-10-3-27-PVT,1095SFL27,1,0.01,1095SFL27
BSE,bse_cm,1475ACAP27,977096,D,ACAPL-14.75%-10-4-27-PVT,1475ACAP27,1,0.01,1475ACAP27
BSE,bse_cm,10PDL28,977097,D,PDL-10%-10-9-28-PVT,10PDL28,1,0.01,10PDL28
BSE,bse_cm,1125UFL27,977098,D,UFL-11.25%-11-03-27-PVT,1125UFL27,1,0.01,1125UFL27
BSE,bse_cm,875OPLD27,977099,D,360OPL-8.75%-10-9-27-PVT,875OPLD27,1,0.01,875OPLD27
BSE,bse_cm,895NACL27,977100,D,NACL-8.95%-10-3-27-PVT,895NACL27,1,0.01,895NACL27
BSE,bse_cm,758PFL28A,977101,D,PFL-7.58%-8-9-28-PVT,758PFL28A,1,0.01,758PFL28A
BSE,bse_cm,11MGFL26,977102,D,MGFL-11%-11-12-26-PVT,11MGFL26,1,0.01,11MGFL26
BSE,bse_cm,761ABCL35,977103,D,ABCL-7.61-11-09-35-PVT,761ABCL35,1,0.01,761ABCL35
BSE,bse_cm,880PFL28,977104,D,PFL-8.80%-11-8-28-PVT,880PFL28,1,0.01,880PFL28
BSE,bse_cm,73274HDB28,977105,D,HDBFSL-7.3274%-4-8-28-PVT,73274HDB28,1,0.01,73274HDB28
BSE,bse_cm,19SHTPL28,977106,D,SHTPL-19%-30-9-28-PVT,19SHTPL28,1,0.01,19SHTPL28
BSE,bse_cm,1140KFLD28,977107,D,KFL-11.40%-11-4-28-PVT,1140KFLD28,1,0.01,1140KFLD28
BSE,bse_cm,940IKFFL27,977108,D,IKFFL-9.40%-12-08-27-PVT,940IKFFL27,1,0.01,940IKFFL27
BSE,bse_cm,12AFIL28,977109,D,AFIL-12%-9-9-28-PVT,12AFIL28,1,0.01,12AFIL28
BSE,bse_cm,AFIL110925,977110,D,AFIL-10-9-27-PVT,AFIL110925,1,0.01,AFIL110925
BSE,bse_cm,1010AFL28,977111,D,AFL-10.10%-12-03-28-PVT,1010AFL28,1,0.01,1010AFL28
BSE,bse_cm,903MHPL27,977112,D,MHPL-9.03%-12-9-27-PVT,903MHPL27,1,0.01,903MHPL27
BSE,bse_cm,1005AFL27,977113,D,AFL-10.05%-12-09-27-PVT,1005AFL27,1,0.01,1005AFL27
BSE,bse_cm,724BFL28,977114,D,BFL-7.24%-12-12-28-PVT,724BFL28,1,0.01,724BFL28
BSE,bse_cm,770IREDPRP,977115,D,IREDAL-7.70%-PERPETUAL-PVT,770IREDPRP,1,0.01,770IREDPRP
BSE,bse_cm,98MML27,977116,D,MML-9.8%-12-9-27-PVT,98MML27,1,0.01,98MML27
BSE,bse_cm,1165UCL31,977117,D,UCL-11.65%-15-3-31-PVT,1165UCL31,1,0.01,1165UCL31
BSE,bse_cm,7299KMPL28,977118,D,KMPL-7.299%-22-9-28-PVT,7299KMPL28,1,0.01,7299KMPL28
BSE,bse_cm,7288KMPL28,977119,D,KMPL-7.288%-24-10-28-PVT,7288KMPL28,1,0.01,7288KMPL28
BSE,bse_cm,7MBPR27,977120,D,MBPR-7%-14-9-27-REIT,7MBPR27,1,0.01,7MBPR27
BSE,bse_cm,773SST29,977121,D,SST-7.73%-28-9-29-PTC,773SST29,1,0.01,773SST29
BSE,bse_cm,71BHFL28,977122,D,BHFL-7.10%-16-10-28-PVT,71BHFL28,1,0.01,71BHFL28
BSE,bse_cm,1045KSL27,977123,D,KSL-10.45%-16-03-27-PVT,1045KSL27,1,0.01,1045KSL27
BSE,bse_cm,766RKST28,977124,D,RKST-7.66%-28-9-28-PTC,766RKST28,1,0.01,766RKST28
BSE,bse_cm,780SST30,977125,D,SST-7.80%-28-9-30-PTC,780SST30,1,0.01,780SST30
BSE,bse_cm,12ACAPL27,977126,D,ACAPL-12%-16-9-27-PVT,12ACAPL27,1,0.01,12ACAPL27
BSE,bse_cm,12ACAPL027,977127,D,ACAPL-12%-16-9-27-PVT,12ACAPL027,1,0.01,12ACAPL027
BSE,bse_cm,1026MFL31,977128,D,MFL-10.26%-18-7-31-PVT,1026MFL31,1,0.01,1026MFL31
BSE,bse_cm,9087NWIL27,977131,D,NWIL-9.087%-18-10-27-PVT,9087NWIL27,1,0.01,9087NWIL27
BSE,bse_cm,925MMLD27,977132,D,MML-9.25%-18-9-27-PVT,925MMLD27,1,0.01,925MMLD27
BSE,bse_cm,885VFL29,977133,D,VFL-8.85%-19-09-29-PVT,885VFL29,1,0.01,885VFL29
BSE,bse_cm,885VFL29A,977134,D,VFL-8.85%-19-09-29-PVT,885VFL29A,1,0.01,885VFL29A
BSE,bse_cm,86AML27,977135,D,AML-8.6%-19-9-27-PVT,86AML27,1,0.01,86AML27
BSE,bse_cm,87AML028,977136,D,AML-8.7%-19-9-28-PVT,87AML028,1,0.01,87AML028
BSE,bse_cm,849CFSL30,977137,D,CFSL-8.49%-19-09-30-PVT,849CFSL30,1,0.01,849CFSL30
BSE,bse_cm,875OPL27A,977138,D,OPL-8.75%-17-9-27-PVT,875OPL27A,1,0.01,875OPL27A
BSE,bse_cm,1375KFL28,977139,D,KFL-13.75%-15-9-28-PVT,1375KFL28,1,0.01,1375KFL28
BSE,bse_cm,11PPL26,977140,D,PPL-11%-4-10-26-PVT,11PPL26,1,0.01,11PPL26
BSE,bse_cm,0ACAPL26,977141,D,ACAPL-0%-28-9-26-PVT,0ACAPL26,1,0.01,0ACAPL26
BSE,bse_cm,980MML28,977142,D,MML-9.80%-23-09-28-PVT,980MML28,1,0.01,980MML28
BSE,bse_cm,119NFL30,977143,D,NFL-11.9%-31-12-30-PVT,119NFL30,1,0.01,119NFL30
BSE,bse_cm,1025NBS27,977144,D,NBSPL-10.25%-23-3-27-PVT,1025NBS27,1,0.01,1025NBS27
BSE,bse_cm,11SFPL27,977145,D,SFPL-11%-23-3-27-PVT,11SFPL27,1,0.01,11SFPL27
BSE,bse_cm,ABCRESET28,977146,D,ABCL-6.92%-24-3-28-PVT,ABCRESET28,1,0.01,ABCRESET28
BSE,bse_cm,752ABCL30,977147,D,ABCL-7.52%-24-9-30-PVT,752ABCL30,1,0.01,752ABCL30
BSE,bse_cm,744GSFP28,977148,D,GSFPL-7.44%-22-9-28-PVT,744GSFP28,1,0.01,744GSFP28
BSE,bse_cm,673PFCL27,977149,D,PFCL-6.73%-15-10-27-PVT,673PFCL27,1,0.01,673PFCL27
BSE,bse_cm,76RCFL29,977150,D,RCFL-7.6%-25-7-29-PVT,76RCFL29,1,0.01,76RCFL29
BSE,bse_cm,1165UCL031,977151,D,UCL-11.65%-25-3-31-PVT,1165UCL031,1,0.01,1165UCL031
BSE,bse_cm,11BRFL28,977152,D,BRFL-11%-25-9-28-PVT,11BRFL28,1,0.01,11BRFL28
BSE,bse_cm,745AREP30,977153,D,AREPL-7.45%-25-9-30-PVT,745AREP30,1,0.01,745AREP30
BSE,bse_cm,735MCFPL28,977154,D,MCFPL-7.35%-25-9-28-PVT,735MCFPL28,1,0.01,735MCFPL28
BSE,bse_cm,1275FCPL27,977155,D,FCPL-12.75%-26-9-27-PVT,1275FCPL27,1,0.01,1275FCPL27
BSE,bse_cm,1099IGIC35,977156,D,IGICL-10.99%-26-9-35-PVT,1099IGIC35,1,0.01,1099IGIC35
BSE,bse_cm,737BFL30,977157,D,BFL-7.37%-27-9-30-PVT,737BFL30,1,0.01,737BFL30
BSE,bse_cm,72KRT28,977158,D,KRT-7.2%-26-9-28-PVT,72KRT28,1,0.01,72KRT28
BSE,bse_cm,99SRFCPL27,977159,D,SRFCPL-9.9%-26-10-27-PVT,99SRFCPL27,1,0.01,99SRFCPL27
BSE,bse_cm,11PPL27,977160,D,PPL-11%-26-01-27-PVT,11PPL27,1,0.01,11PPL27
BSE,bse_cm,970OFSL28,977161,D,OFSL-9.70%-26-09-28-PVT,970OFSL28,1,0.01,970OFSL28
BSE,bse_cm,1050GFL27,977162,D,GFL-10.50%-29-9-27-PVT,1050GFL27,1,0.01,1050GFL27
BSE,bse_cm,810LDL30,977163,D,LDL-8.10%-29-09-30-PVT,810LDL30,1,0.01,810LDL30
BSE,bse_cm,1075MCSL31,977164,D,MCSL-10.75%-28-3-31-PVT,1075MCSL31,1,0.01,1075MCSL31
BSE,bse_cm,910HLFL32,977165,D,HLFL-9.10%-30-9-32-PVT,910HLFL32,1,0.01,910HLFL32
BSE,bse_cm,1175TT2527,977166,D,TTS25-11.75%-21-9-27-PTC,1175TT2527,1,0.01,1175TT2527
BSE,bse_cm,722AFL27,977167,D,AFL-7.22%-25-10-27-PVT,722AFL27,1,0.01,722AFL27
BSE,bse_cm,1350EIL31,977168,D,EIL-13.50%-31-03-31-PVT,1350EIL31,1,0.01,1350EIL31
BSE,bse_cm,1095SFLD27,977169,D,SFL-10.95%-29-9-27-PVT,1095SFLD27,1,0.01,1095SFLD27
BSE,bse_cm,1125CWCP27,977170,D,CWCPL-11.25%-29-09-27-PVT,1125CWCP27,1,0.01,1125CWCP27
BSE,bse_cm,0JMTL30,977171,D,JMTL-ZC-30-4-30-PVT,0JMTL30,1,0.01,0JMTL30
BSE,bse_cm,1075MML27A,977172,D,MML-10.75%-30-9-27-PVT,1075MML27A,1,0.01,1075MML27A
BSE,bse_cm,11MBF28,977173,D,MFL-11%-13-3-28-PVT,11MBF28,1,0.01,11MBF28
BSE,bse_cm,95KRL28,977174,D,KRL-9.5%-29-9-28-PVT,95KRL28,1,0.01,95KRL28
BSE,bse_cm,691DLFCC28,977175,D,DLFCYDL-6.91%-29-09-28-PVT,691DLFCC28,1,0.01,691DLFCC28
BSE,bse_cm,1435ACAP26,977176,D,ACAPL-14.35%-28-10-26-PVT,1435ACAP26,1,0.01,1435ACAP26
BSE,bse_cm,1130NFL28,977177,D,NFL-11.30%-30-09-28,1130NFL28,1,0.01,1130NFL28
BSE,bse_cm,1475ATPL26,977178,D,ATPL-14.75%-30-12-26-PVT,1475ATPL26,1,0.01,1475ATPL26
BSE,bse_cm,1735ATPL29,977179,D,ATPL-17.35%-30-09-29-PVT,1735ATPL29,1,0.01,1735ATPL29
BSE,bse_cm,91LGS28,977180,D,LGS-9.1%-20-1-28-PTC,91LGS28,1,0.01,91LGS28
BSE,bse_cm,1050LGS28,977181,D,LGS-10.50%-20-1-28-PTC,1050LGS28,100000,0.01,1050LGS28
BSE,bse_cm,115MFIL28,977182,D,MFIL-11.5%-30-12-28-PVT,115MFIL28,1,0.01,115MFIL28
BSE,bse_cm,1175NCPL27,977183,D,NCPL-11.75%-13-3-27-PVT,1175NCPL27,1,0.01,1175NCPL27
BSE,bse_cm,98OFSL28,977184,D,OFSL-9.8%-30-9-28-PVT,98OFSL28,1,0.01,98OFSL28
BSE,bse_cm,963CHL30,977185,D,CHL-9.63%-03-10-30-PVT,963CHL30,1,0.01,963CHL30
BSE,bse_cm,99SFCPL27,977186,D,SRFCPL-9.9%-1-11-27-PVT,99SFCPL27,1,0.01,99SFCPL27
BSE,bse_cm,1025SRFC28,977187,D,SRFCPL-10.25%-1-4-28-PVT,1025SRFC28,1,0.01,1025SRFC28
BSE,bse_cm,IFSL300925,977188,D,IFSL-Near month Future of Gold,IFSL300925,1,0.01,IFSL300925
BSE,bse_cm,NWFL300925,977189,D,NWFL-NIFTY50-31-8-35-PVT,NWFL300925,1,0.01,NWFL300925
BSE,bse_cm,SFL29928,977190,D,SFL-Reset Rate-29-09-28-PVT,SFL29928,1,0.01,SFL29928
BSE,bse_cm,1425CSAI27,977191,D,CSAIPL-14.25%-05-04-27-PVT,1425CSAI27,1,0.01,1425CSAI27
BSE,bse_cm,1725CPPL30,977192,D,CPIPL-17.25%-30-9-30-PVT,1725CPPL30,1,0.01,1725CPPL30
BSE,bse_cm,875360OP27,977193,D,360OPL-8.75%-07-10-27-PVT,875360OP27,1,0.01,875360OP27
BSE,bse_cm,870AEL28,977194,D,AEL-8.70%-24-03-28-PVT,870AEL28,1,0.01,870AEL28
BSE,bse_cm,910SKFL28,977195,D,SKFL-9.10%-09-10-28-PVT,910SKFL28,1,0.01,910SKFL28
BSE,bse_cm,908NWFL27,977196,D,NWFL-9.08%-09-12-27-PVT,908NWFL27,1,0.01,908NWFL27
BSE,bse_cm,1150IFL28A,977197,D,IFL-11.50%-8-10-28-PVT,1150IFL28A,1,0.01,1150IFL28A
BSE,bse_cm,0IFL29,977198,D,IFL-12.25%-8-10-29-PVT,0IFL29,1,0.01,0IFL29
BSE,bse_cm,0IFL31,977199,D,IFL-12.6%-8-8-31-PVT,0IFL31,1,0.01,0IFL31
BSE,bse_cm,925HLFL31,977200,D,HLFL-9.25%-9-7-31-PVT,925HLFL31,1,0.01,925HLFL31
BSE,bse_cm,916INDIG29,977201,D,INDIGO045-9.16%-10-10-29-PTC,916INDIG29,1,0.01,916INDIG29
BSE,bse_cm,IFSL81025,977202,D,IFSL-NIFTY 50 INDEX-08-12-27-P,IFSL81025,1,0.01,IFSL81025
BSE,bse_cm,875PFL27,977203,D,PFL-8.75%-29-10-27-PVT,875PFL27,1,0.01,875PFL27
BSE,bse_cm,695BHFL28,977204,D,BHFL-6.95%-28-01-28-PVT,695BHFL28,1,0.01,695BHFL28
BSE,bse_cm,12ACAPL27A,977205,D,ACAPL-12%-13-04-27-PVT,12ACAPL27A,1,0.01,12ACAPL27A
BSE,bse_cm,705JCL27,977206,D,JCL-7.05%-13-10-27-PVT,705JCL27,1,0.01,705JCL27
BSE,bse_cm,1140VFPL30,977208,D,VFPL-11.40%-16-5-30-UL-PVT,1140VFPL30,1,0.01,1140VFPL30
BSE,bse_cm,7264KMPL30,977209,D,KMPL-7.2640%-14-10-30-PVT,7264KMPL30,1,0.01,7264KMPL30
BSE,bse_cm,11PPL027,977210,D,PPL-11%-13-1-27-PVT,11PPL027,1,0.01,11PPL027
BSE,bse_cm,855AML27,977211,D,AML-8.55%-14-10-27-PVT,855AML27,1,0.01,855AML27
BSE,bse_cm,723KMIL28,977212,D,KMIL-7.23%-26-05-28-PVT,723KMIL28,1,0.01,723KMIL28
BSE,bse_cm,719KMIL28,977213,D,KMIL-7.19-11-02-28-PVT,719KMIL28,1,0.01,719KMIL28
BSE,bse_cm,20ISPL28,977214,D,ISPL-20%-30-9-28-PVT,20ISPL28,1,0.01,20ISPL28
BSE,bse_cm,NWFL131025,977215,D,NWFL-NIFTY-13-10-28-PVT,NWFL131025,1,0.01,NWFL131025
BSE,bse_cm,775BPRL35,977216,D,BPRL-7.75%-30-9-35,775BPRL35,1,0.01,775BPRL35
BSE,bse_cm,785BPRL30,977217,D,BPRL-7.85%-31-3-30,785BPRL30,1,0.01,785BPRL30
BSE,bse_cm,11SGIL29,977218,D,SGIL-11%-15-1-29-PVT,11SGIL29,1,0.01,11SGIL29
BSE,bse_cm,745BFL35,977219,D,BFL-7.45%-15-10-35-PVT,745BFL35,1,0.01,745BFL35
BSE,bse_cm,930SCL2035,977220,D,SCL-9.30-16-10-35-PVT,930SCL2035,1,0.01,930SCL2035
BSE,bse_cm,915SCL30,977221,D,SCL-9.15%-16-10-30-PVT,915SCL30,1,0.01,915SCL30
BSE,bse_cm,696IT45,977222,D,IT-6.96-RESET RATE-31-03-45-PV,696IT45,1,0.01,696IT45
BSE,bse_cm,73IT2045,977223,D,IT-7.30-RESET RATE-31-03-45-PV,73IT2045,1,0.01,73IT2045
BSE,bse_cm,755PFL27,977224,D,PFL-7.55%-25-3-27-PVT,755PFL27,1,0.01,755PFL27
BSE,bse_cm,1050GFL027,977225,D,GFL-10.50%-20-10-27-PVT,1050GFL027,1,0.01,1050GFL027
BSE,bse_cm,1350LLD29,977226,D,LLDL-13.50%-30-01-29-PVT,1350LLD29,1,0.01,1350LLD29
BSE,bse_cm,1025MBFL27,977227,D,MBFL-10.25%-16-10-27-PVT,1025MBFL27,1,0.01,1025MBFL27
BSE,bse_cm,975UCL27,977228,D,UCL-9.75%-15-10-27-PVT,975UCL27,1,0.01,975UCL27
BSE,bse_cm,1055JSFB35,977229,D,JSFBL-10.55%-16-10-35-PVT,1055JSFB35,1,0.01,1055JSFB35
BSE,bse_cm,IFSL151025,977230,D,IFSL-GOLDFUTURES-13-10-28-PVT,IFSL151025,1,0.01,IFSL151025
BSE,bse_cm,KPDL161025,977231,D,KPDL-15-10-35-PVT,KPDL161025,1,0.01,KPDL161025
BSE,bse_cm,770ATSTL26,977232,D,ATSTL-7.70%-31-12-26-PVT,770ATSTL26,1,0.01,770ATSTL26
BSE,bse_cm,770ATSTL27,977233,D,ATSTL-7.70%-30-9-27-PVT,770ATSTL27,1,0.01,770ATSTL27
BSE,bse_cm,693SBI35,977234,D,SBI-6.93%-20-10-35-PVT,693SBI35,1,0.01,693SBI35
BSE,bse_cm,770ATSTL28,977235,D,ATSTL-7.70%-30-9-28-PVT,770ATSTL28,1,0.01,770ATSTL28
BSE,bse_cm,775ATSTL29,977236,D,ATSTL-7.75%-30-9-29-PVT,775ATSTL29,1,0.01,775ATSTL29
BSE,bse_cm,775ATSTL30,977237,D,ATSTL-7.75%-30-9-30-PVT,775ATSTL30,1,0.01,775ATSTL30
BSE,bse_cm,780ATSTL40,977238,D,ATSTL-7.80%-30-9-40-PVT,780ATSTL40,1,0.01,780ATSTL40
BSE,bse_cm,799ATSTL42,977239,D,ATSTL-7.99%-30-9-42-PVT,799ATSTL42,1,0.01,799ATSTL42
BSE,bse_cm,12MFL35,977240,D,MFL-12%-23-10-35-PVT,12MFL35,1,0.01,12MFL35
BSE,bse_cm,1140KRFL27,977241,D,KRFL-11.40%-24-10-27-PVT,1140KRFL27,1,0.01,1140KRFL27
BSE,bse_cm,1152SRHF31,977242,D,SRGHFL-11.52%-24-4-31-PVT,1152SRHF31,1,0.01,1152SRHF31
BSE,bse_cm,723AFL28,977243,D,AFL-7.23%-24-10-28-PVT,723AFL28,1,0.01,723AFL28
BSE,bse_cm,733HDBFS30,977244,D,HDBFSL-7.33%-04-10-30-PVT,733HDBFS30,1,0.01,733HDBFS30
BSE,bse_cm,11SSFL28,977245,D,SSFL-11%-30-04-28-PVT,11SSFL28,1,0.01,11SSFL28
BSE,bse_cm,907NWIL28,977246,D,NWIL-9.07-23-05-28-PVT,907NWIL28,1,0.01,907NWIL28
BSE,bse_cm,12VMVPL29,977247,D,VMVPL-12%-30-4-29-PVT,12VMVPL29,1,0.01,12VMVPL29
BSE,bse_cm,925MML27A,977248,D,MML-9.25%-27-10-27-PVT,925MML27A,1,0.01,925MML27A
BSE,bse_cm,930MML28,977249,D,MML-9.30%-27-1-28-PVT,930MML28,1,0.01,930MML28
BSE,bse_cm,975MMLD28,977250,D,MML-9.75%-27-10-28-PVT,975MMLD28,1,0.01,975MMLD28
BSE,bse_cm,18VPIL29,977251,D,VPIL-18%-RESET RATE-27-04-29-P,18VPIL29,1,0.01,18VPIL29
BSE,bse_cm,915MFL28A,977252,D,MFL-9.15%-29-10-28-PVT,915MFL28A,1,0.01,915MFL28A
BSE,bse_cm,885MFL28,977253,D,MFL-8.85%-29-10-28-PVT,885MFL28,1,0.01,885MFL28
BSE,bse_cm,699OPAL30,977254,D,OPAL-6.99%-30-10-30-PVT,699OPAL30,1,0.01,699OPAL30
BSE,bse_cm,1135NMFL27,977255,D,NMFL-11.35%-5-11-27-PVT,1135NMFL27,1,0.01,1135NMFL27
BSE,bse_cm,NWFL281025,977256,D,NWFL-NIFTY50 INDEX-28-09-35-PV,NWFL281025,1,0.01,NWFL281025
BSE,bse_cm,753GWHP39,977257,D,GWHPL-7.53%-30-6-39-PVT,753GWHP39,1,0.01,753GWHP39
BSE,bse_cm,77GWHPL39,977258,D,GWHPL-7.7%-30-6-39-PVT,77GWHPL39,1,0.01,77GWHPL39
BSE,bse_cm,1115PPL27,977259,D,PPL-11.15%-29-07-27-PVT,1115PPL27,1,0.01,1115PPL27
BSE,bse_cm,13ACAPL28,977260,D,ACAPL-13%-29-10-28-PVT,13ACAPL28,1,0.01,13ACAPL28
BSE,bse_cm,1070ESPL28,977261,D,ESPL-10.70%-08-01-28-PVT,1070ESPL28,1,0.01,1070ESPL28
BSE,bse_cm,1150KSL27,977262,D,KSL-11.50%-29-03-27-PVT,1150KSL27,1,0.01,1150KSL27
BSE,bse_cm,95KFIL27,977263,D,KFIL-9.5%-30-10-27-PVT,95KFIL27,1,0.01,95KFIL27
BSE,bse_cm,73MRHF28,977264,D,MRHFL-7.3%-26-9-28-PVT,73MRHF28,1,0.01,73MRHF28
BSE,bse_cm,0360OPL28,977265,D,360OPL-ZC-31-05-28-PVT,0360OPL28,1,0.01,0360OPL28
BSE,bse_cm,NWFL301025,977266,D,NWFL-GOLDFUTURE-30-4-29-PVT,NWFL301025,1,0.01,NWFL301025
BSE,bse_cm,1020CMEE27,977267,D,CMEESL-10.20%-30-6-27-PVT,1020CMEE27,1,0.01,1020CMEE27
BSE,bse_cm,79PFL31,977268,D,PFL-7.9%-30-4-31-PVT,79PFL31,1,0.01,79PFL31
BSE,bse_cm,79PFL30,977269,D,PFL-7.9%-31-10-30-PVT,79PFL30,1,0.01,79PFL30
BSE,bse_cm,10NFL2027,977270,D,NFL-10%-31-01-27-PVT,10NFL2027,1,0.01,10NFL2027
BSE,bse_cm,71PFCL40,977271,D,PFCL-7.1%-12-11-40-PVT,71PFCL40,1,0.01,71PFCL40
BSE,bse_cm,11MGFL27,977272,D,MGFL-11%-03-02-27-PVT,11MGFL27,1,0.01,11MGFL27
BSE,bse_cm,9MFL28,977273,D,MFL-9%-04-02-28-PVT,9MFL28,1,0.01,9MFL28
BSE,bse_cm,735IIF30,977274,D,IRBINVITFUND-7.35%-4-11-30-INV,735IIF30,1,0.01,735IIF30
BSE,bse_cm,74IIF35,977275,D,IRBINVITFUND-7.4%-4-11-35-INVI,74IIF35,1,0.01,74IIF35
BSE,bse_cm,74IIF40,977276,D,IRBINVITFUND-7.4%-4-11-40-INVI,74IIF40,1,0.01,74IIF40
BSE,bse_cm,765GICHF28,977277,D,GICHFL-7.65%-29-02-28-PVT,765GICHF28,1,0.01,765GICHF28
BSE,bse_cm,850PDL28,977278,D,PDL-8.50%-06-11-28-PVT,850PDL28,1,0.01,850PDL28
BSE,bse_cm,845PDL27,977279,D,PDL-8.45%-06-11-27-PVT,845PDL27,1,0.01,845PDL27
BSE,bse_cm,98MML27A,977280,D,MML-9.8%-4-11-27-PVT,98MML27A,1,0.01,98MML27A
BSE,bse_cm,1165UCL31A,977281,D,UCL-11.65%-6-5-31-PVT,1165UCL31A,1,0.01,1165UCL31A
BSE,bse_cm,805HHFL30,977282,D,HHFL-8.05%-10-11-30-PVT,805HHFL30,1,0.01,805HHFL30
BSE,bse_cm,4AHPL29,977283,D,AHPL-4%-6-5-29-PVT,4AHPL29,1,0.01,4AHPL29
BSE,bse_cm,RRGHDPL28,977284,D,GHDPL-RESET RATE-31-10-28-PVT,RRGHDPL28,1,0.01,RRGHDPL28
BSE,bse_cm,RRGHDPL29,977285,D,GHDPL-RESET RATE-31-10-29-PVT,RRGHDPL29,1,0.01,RRGHDPL29
BSE,bse_cm,975RSIL30,977286,D,RSIL-9.75%-11-11-30-PVT,975RSIL30,1,0.01,975RSIL30
BSE,bse_cm,365JPL30,977287,D,JSWPL-3.65%-10-11-35-PVT,365JPL30,1,0.01,365JPL30
BSE,bse_cm,99MML27,977288,D,MML-9.9%-4-11-27-PVT,99MML27,1,0.01,99MML27
BSE,bse_cm,10MML28,977289,D,MML-10%-11-11-28-PVT,10MML28,1,0.01,10MML28
BSE,bse_cm,907KMPL28,977290,D,KMPL-9.07%-21-08-28-PVT,907KMPL28,1,0.01,907KMPL28
BSE,bse_cm,805JSWEL28,977291,D,JSWEL-10-11-28-PVT,805JSWEL28,1,0.01,805JSWEL28
BSE,bse_cm,1140NFL27,977292,D,NFL-11.40%-11-11-27-PVT,1140NFL27,1,0.01,1140NFL27
BSE,bse_cm,LDL131125,977293,D,LDL-TBILLS-13-11-28-PVT,LDL131125,1,0.01,LDL131125
BSE,bse_cm,686NBFID30,977294,D,NBFIL-6.86%-13-11-30-PVT,686NBFID30,1,0.01,686NBFID30
BSE,bse_cm,715NBFID40,977295,D,NBFID-7.15%-13-11-40-PVT,715NBFID40,1,0.01,715NBFID40
BSE,bse_cm,925MML027,977296,D,MML-9.25%-13-11-27-PVT,925MML027,1,0.01,925MML027
BSE,bse_cm,71485MBR30,977297,D,MBPR-7.1485%-15-11-30-REIT,71485MBR30,1,0.01,71485MBR30
BSE,bse_cm,12ACAPL28A,977298,D,ACAPL-12%-17-11-28-PVT,12ACAPL28A,1,0.01,12ACAPL28A
BSE,bse_cm,72841ABH30,977299,D,ABHFL-7.2841%-18-11-30-PVT,72841ABH30,1,0.01,72841ABH30
BSE,bse_cm,1165UCL31B,977300,D,UCL-11.65%-17-5-31-PVT,1165UCL31B,1,0.01,1165UCL31B
BSE,bse_cm,10AFPL28,977301,D,AFPL-10%-18-11-28-PVT,10AFPL28,1,0.01,10AFPL28
BSE,bse_cm,840JFSL27,977302,D,JFSL-8.40%-18-11-27-PVT,840JFSL27,1,0.01,840JFSL27
BSE,bse_cm,849JFSL28,977303,D,JFSL-8.49%-17-11-28-PVT,849JFSL28,1,0.01,849JFSL28
BSE,bse_cm,726JCL30,977304,D,JCL-7.26%-18-11-30-PVT,726JCL30,1,0.01,726JCL30
BSE,bse_cm,970AFPL28,977305,D,AFPL-9.70%-18-11-28-PVT,970AFPL28,1,0.01,970AFPL28
BSE,bse_cm,12MML27,977306,D,MML-12%-4-4-27-PVT,12MML27,1,0.01,12MML27
BSE,bse_cm,895NWFL28,977307,D,NWFL-8.95%-19-05-28-PVT,895NWFL28,1,0.01,895NWFL28
BSE,bse_cm,745MRHFL30,977308,D,MRHFL-7.45%-21-11-30-PVT,745MRHFL30,1,0.01,745MRHFL30
BSE,bse_cm,12ACAPL27B,977309,D,ACAPL-12%-21-05-27-PVT,12ACAPL27B,1,0.01,12ACAPL27B
BSE,bse_cm,144AFIL27,977310,D,AFIL-14.4%-31-5-27-PVT,144AFIL27,1,0.01,144AFIL27
BSE,bse_cm,735AFL30,977311,D,AFL-7.35%-21-11-30-PVT,735AFL30,1,0.01,735AFL30
BSE,bse_cm,838ABCLPER,977312,D,ABCL-8.38%-PERPETUAL-PVT,838ABCLPER,1,0.01,838ABCLPER
BSE,bse_cm,921SKFL30,977313,D,SKFL-9.21%-25-11-30-PVT,921SKFL30,1,0.01,921SKFL30
BSE,bse_cm,925CGCL28B,977314,D,CGCL-9.25%-24-5-28-PVT,925CGCL28B,1,0.01,925CGCL28B
BSE,bse_cm,1115FFSL27,977315,D,FFSL-11.15%-25-11-27-PVT,1115FFSL27,1,0.01,1115FFSL27
BSE,bse_cm,11KFL31,977316,D,KFL-11%-25-5-31-PVT,11KFL31,1,0.01,11KFL31
BSE,bse_cm,1125FFSL28,977317,D,FFSL-11.25%-25-11-28-PVT,1125FFSL28,1,0.01,1125FFSL28
BSE,bse_cm,1085MGFL26,977318,D,MGFL-10.85%-26-12-26-PVT,1085MGFL26,1,0.01,1085MGFL26
BSE,bse_cm,739AIEY36,977319,D,AIEYPT-7.39%-25-11-36-INVIT,739AIEY36,1,0.01,739AIEY36
BSE,bse_cm,727ABL35,977320,D,ABL-7.27%-26-11-35-PVT,727ABL35,1,0.01,727ABL35
BSE,bse_cm,708PFCL35,977321,D,PFCL-7.08%-27-11-35-PVT,708PFCL35,1,0.01,708PFCL35
BSE,bse_cm,NWFL251125,977322,D,NWFL-26-10-35-PVT,NWFL251125,1,0.01,NWFL251125
BSE,bse_cm,785ISFCL30,977323,D,ISFCL-7.85%-26-11-30-PVT,785ISFCL30,1,0.01,785ISFCL30
BSE,bse_cm,795AVHFL30,977324,D,AVHFIL-7.95%-27-11-30-PVT,795AVHFL30,1,0.01,795AVHFL30
BSE,bse_cm,1075MML27B,977325,D,MML-10.75%-27-11-27-PVT,1075MML27B,1,0.01,1075MML27B
BSE,bse_cm,950UCL27,977326,D,UCL-9.50%-27-02-27-PVT,950UCL27,1,0.01,950UCL27
BSE,bse_cm,1425CIPL27,977327,D,CSAIPL-14.25%-25-8-27-PVT,1425CIPL27,1,0.01,1425CIPL27
BSE,bse_cm,830JMFSL27,977328,D,JMFSL-8.30%-27-05-27-PVT,830JMFSL27,1,0.01,830JMFSL27
BSE,bse_cm,89MFSL27,977329,D,MFSL-8.9%-28-11-27-PVT,89MFSL27,1,0.01,89MFSL27
BSE,bse_cm,1020MFL27,977330,D,MFL-10.20%-28-11-27-PVT,1020MFL27,1,0.01,1020MFL27
BSE,bse_cm,1050KSL27,977331,D,KSL-10.50%-2-12-27-PVT,1050KSL27,1,0.01,1050KSL27
BSE,bse_cm,739IIL31,977332,D,IIL-7.39%-27-5-31-PVT,739IIL31,1,0.01,739IIL31
BSE,bse_cm,1155KFL27,977333,D,KFL-11.55%-28-11-27-PVT,1155KFL27,1,0.01,1155KFL27
BSE,bse_cm,0IRFC35,977334,D,0IRFC-ZC-1-12-35-PVT,0IRFC35,1,0.01,0IRFC35
BSE,bse_cm,SFL011225,977335,D,SFL-3-5-29-PVT,SFL011225,1,0.01,SFL011225
BSE,bse_cm,1050HFL29,977336,D,HFL-10.50%-02-08-29-PVT,1050HFL29,1,0.01,1050HFL29
BSE,bse_cm,11HFL31,977337,D,HFL-11%-02-06-231-PVT,11HFL31,1,0.01,11HFL31
BSE,bse_cm,115RFALE28,977338,D,RAFALE-11.50%-17-5-28-PTC,115RFALE28,100000,0.01,115RFALE28
BSE,bse_cm,SGHPL29,977339,D,SGHPL-RR-29-07-29-PVT,SGHPL29,1,0.01,SGHPL29
BSE,bse_cm,89CGL27,977340,D,CGL-8.9%-1-6-27-PVT,89CGL27,1,0.01,89CGL27
BSE,bse_cm,1116AFL27A,977341,D,AFL-11.16%-26-8-27-PVT,1116AFL27A,1,0.01,1116AFL27A
BSE,bse_cm,970MML27,977342,D,MML-9.70%-3-12-27-PVT,970MML27,1,0.01,970MML27
BSE,bse_cm,886OPL28,977343,D,360OPL-8.86%-1-12-28-PVT,886OPL28,1,0.01,886OPL28
BSE,bse_cm,1025STL27,977344,D,STL-10.25%-2-9-27-PVT,1025STL27,1,0.01,1025STL27
BSE,bse_cm,1135AFSL27,977345,D,AFSL-11.35%-05-12-27-PVT,1135AFSL27,1,0.01,1135AFSL27
BSE,bse_cm,895NWIL28,977346,D,NWIL-8.95%-04-01-28-PVT,895NWIL28,1,0.01,895NWIL28
BSE,bse_cm,1175MGFL30,977347,D,MGFL-11.75%-26-11-30-PVT,1175MGFL30,1,0.01,1175MGFL30
BSE,bse_cm,SGHPL29A,977348,D,SGHPL-RR-31-07-29-PVT,SGHPL29A,1,0.01,SGHPL29A
BSE,bse_cm,76SFL32,977349,D,SFL-7.6%-8-12-32-PVT,76SFL32,1,0.01,76SFL32
BSE,bse_cm,69601MBP28,977350,D,MBPR-6.9601%-8-12-28-REIT,69601MBP28,1,0.01,69601MBP28
BSE,bse_cm,0KPDL35,977351,D,KPDL-ZC-30-10-35-PVT,0KPDL35,1,0.01,0KPDL35
BSE,bse_cm,0360OAM27,977352,D,360OAM-3-12-27-PVT,0360OAM27,1,0.01,0360OAM27
BSE,bse_cm,880IFSL27,977353,D,IFSL-8.80%-6-12-27-PVT,880IFSL27,1,0.01,880IFSL27
BSE,bse_cm,879SCL30,977354,D,SCL-8.79%-09-12-30-PVT,879SCL30,1,0.01,879SCL30
BSE,bse_cm,886SCL30,977355,D,SCL-8.86%-09-12-30-PVT,886SCL30,1,0.01,886SCL30
BSE,bse_cm,1025NBS27A,977356,D,NBS-10.25%-9-6-27-PVT,1025NBS27A,1,0.01,1025NBS27A
BSE,bse_cm,751THDC28,977357,D,THDCL-7.51%-8-12-28-PVT,751THDC28,1,0.01,751THDC28
BSE,bse_cm,85PDL28,977358,D,PDL-8.5%-9-12-28-PVT,85PDL28,1,0.01,85PDL28
BSE,bse_cm,725RJCL28,977359,D,RJCL-7.25%-8-12-28-PVT,725RJCL28,1,0.01,725RJCL28
BSE,bse_cm,1002AFPL30,977360,D,AFPL-10.02%-10-12-30-PVT,1002AFPL30,1,0.01,1002AFPL30
BSE,bse_cm,1107FCL27,977361,D,FCL-11.07%-9-12-27-PVT,1107FCL27,1,0.01,1107FCL27
BSE,bse_cm,895NWIL27,977362,D,NWIL-8.95%-10-9-27-PVT,895NWIL27,1,0.01,895NWIL27
BSE,bse_cm,1225FCPL28,977363,D,FCPL-12.25%-11-6-28-PVT,1225FCPL28,1,0.01,1225FCPL28
BSE,bse_cm,702PGCIL35,977364,D,PGCIL-7.02%-12-12-35-PVT,702PGCIL35,1,0.01,702PGCIL35
BSE,bse_cm,1156NFL30,977365,D,NFL-11.56%-11-12-30,1156NFL30,1,0.01,1156NFL30
BSE,bse_cm,73SCCL29,977366,D,SCCL-7.3%-9-1-29-PVT,73SCCL29,1,0.01,73SCCL29
BSE,bse_cm,12ACAP27,977367,D,ACAPL-12%-11-6-27-PVT,12ACAP27,1,0.01,12ACAP27
BSE,bse_cm,880MFL2028,977368,D,MFL-8.80%-12-12-28-PVT,880MFL2028,1,0.01,880MFL2028
BSE,bse_cm,1375MML28,977369,D,MML-13.75%-15-12-28-PVT,1375MML28,1,0.01,1375MML28
BSE,bse_cm,698HUDC32,977370,D,HUDCL-6.98%-12-12-32-PVT,698HUDC32,1,0.01,698HUDC32
BSE,bse_cm,845PDL2027,977371,D,PDL-8.45%-15-12-27-PVT,845PDL2027,1,0.01,845PDL2027
BSE,bse_cm,698NST35,977372,D,NST-Rest Rate-14-12-35-PVT,698NST35,1,0.01,698NST35
BSE,bse_cm,824CFSL27,977373,D,CFSL-8.24%-15-6-27-PVT,824CFSL27,1,0.01,824CFSL27
BSE,bse_cm,837CFSL28,977374,D,CFSL-8.37%-15-3-28-PVT,837CFSL28,1,0.01,837CFSL28
BSE,bse_cm,IFSL121225,977375,D,IFSL-NIFTY-50-INDEX-11-2-28-PV,IFSL121225,1,0.01,IFSL121225
BSE,bse_cm,NSL151225,977376,D,NSL-Reset Rate-13-12-35-PVT,NSL151225,1,0.01,NSL151225
BSE,bse_cm,8MPFL27,977377,D,MPFL-8%-15-12-27-PVT,8MPFL27,1,0.01,8MPFL27
BSE,bse_cm,AHRT151225,977378,D,AHRT-3M-MIBOR-20-12-33-PTC,AHRT151225,1,0.01,AHRT151225
BSE,bse_cm,995MML28,977379,D,MML-9.95%-16-12-28-PVT,995MML28,1,0.01,995MML28
BSE,bse_cm,985MML27,977380,D,MML-9.85%-16-12-27-PVT,985MML27,1,0.01,985MML27
BSE,bse_cm,1095FFL28,977381,D,FFL-10.95%-16-12-28-PVT,1095FFL28,1,0.01,1095FFL28
BSE,bse_cm,999UCL29,977382,D,UCL-9.99%-16-06-29-PVT,999UCL29,1,0.01,999UCL29
BSE,bse_cm,1250ACAP27,977383,D,ACAPL-12.50%-17-01-27-PVT,1250ACAP27,1,0.01,1250ACAP27
BSE,bse_cm,698DLFC30,977384,D,DLFCCDL-6.98%-17-6-30-PVT,698DLFC30,1,0.01,698DLFC30
BSE,bse_cm,0MCHP30,977385,D,MCHPPL-ZC-15-12-30-PVT,0MCHP30,1,0.01,0MCHP30
BSE,bse_cm,0MML30,977386,D,MML-0%-18-12-30-PVT,0MML30,1,0.01,0MML30
BSE,bse_cm,1125SSFL27,977387,D,SSFL-11.25%-17-12-27-PVT,1125SSFL27,1,0.01,1125SSFL27
BSE,bse_cm,1125EGFS27,977388,D,EGFSL-11.25%-18-12-27-PVT,1125EGFS27,1,0.01,1125EGFS27
BSE,bse_cm,705TPCL28,977389,D,TPCL-7.05%-19-12-28-PVT,705TPCL28,1,0.01,705TPCL28
BSE,bse_cm,725TPCL30,977390,D,TPCL-7.25%-19-12-30-PVT,725TPCL30,1,0.01,725TPCL30
BSE,bse_cm,89NWFL28,977391,D,NWFL-8.9%-18-4-28-PVT,89NWFL28,1,0.01,89NWFL28
BSE,bse_cm,115VFPL30,977392,D,VFPL-11.5%-18-12-30-PVT,115VFPL30,1,0.01,115VFPL30
BSE,bse_cm,BIREI30RR,977393,D,BIRET-7.06%-20-12-30-REIT,BIREI30RR,1,0.01,BIREI30RR
BSE,bse_cm,1050GFL27A,977394,D,GFL-10.50%-23-12-27-PVT,1050GFL27A,1,0.01,1050GFL27A
BSE,bse_cm,1080NCPL31,977395,D,NCPL-10.80%-19-12-31-NCD,1080NCPL31,1,0.01,1080NCPL31
BSE,bse_cm,1050SRFC28,977396,D,SRFCPL-10.50%-22-01-28-PVT,1050SRFC28,1,0.01,1050SRFC28
BSE,bse_cm,1065SRFC28,977397,D,SFCPL-10.65%-22-6-28-PVT,1065SRFC28,1,0.01,1065SRFC28
BSE,bse_cm,896AKCFL28,977398,D,AKCFL-8.96%-24-12-28-PVT,896AKCFL28,1,0.01,896AKCFL28
BSE,bse_cm,12CVL27,977399,D,CVL-12%-23-6-27-PVT,12CVL27,1,0.01,12CVL27
BSE,bse_cm,EEL221225,977400,D,EEL-NIFTY 50-19-12-35-PVT,EEL221225,1,0.01,EEL221225
BSE,bse_cm,76841PFL28,977401,D,PFL-7.6841%-20-3-28-PVT,76841PFL28,1,0.01,76841PFL28
BSE,bse_cm,122FCPL29,977402,D,FCPL-12.2%-17-4-29-PVT,122FCPL29,1,0.01,122FCPL29
BSE,bse_cm,115SSFL28,977403,D,SSFL-11.50%-30-6-28-PVT,115SSFL28,1,0.01,115SSFL28
BSE,bse_cm,11SSFL28A,977404,D,SSFL-11%-31-3-28-PVT,11SSFL28A,1,0.01,11SSFL28A
BSE,bse_cm,1150SSFL28,977405,D,SSFL-11.50%-30-6-28-PVT,1150SSFL28,1,0.01,1150SSFL28
BSE,bse_cm,14AFIL28,977406,D,AFIL-14%-20-4-28-PVT,14AFIL28,1,0.01,14AFIL28
BSE,bse_cm,983OFSL27,977407,D,OFSL-9.83%-24-12-27-PVT,983OFSL27,1,0.01,983OFSL27
BSE,bse_cm,875NJCPL27,977408,D,NJCPL-8.75%-26-12-27-PVT,875NJCPL27,1,0.01,875NJCPL27
BSE,bse_cm,NWFL231225,977409,D,NWFL-NIFTY50-23-11-35-PVT,NWFL231225,1,0.01,NWFL231225
BSE,bse_cm,1115AFPL27,977410,D,AFPL-11.15%-30-6-27-PVT,1115AFPL27,1,0.01,1115AFPL27
BSE,bse_cm,11MGFLD27,977411,D,MGFLD-11%-29-8-27-PVT,11MGFLD27,1,0.01,11MGFLD27
BSE,bse_cm,1095FFL28A,977412,D,FFL-10.95%-29-6-28-PVT,1095FFL28A,1,0.01,1095FFL28A
BSE,bse_cm,11CFPL27A,977413,D,CFPL-11%-26-12-27-PVT,11CFPL27A,1,0.01,11CFPL27A
BSE,bse_cm,955SLICL35,977414,D,SLICL-9.55%-28-12-35-PVT,955SLICL35,1,0.01,955SLICL35
BSE,bse_cm,1325SRFC31,977415,D,SRFCPL-13.25%-30-3-31-PVT,1325SRFC31,1,0.01,1325SRFC31
BSE,bse_cm,760TFL30,977416,D,TFL-7.60%-29-12-30-PVT,760TFL30,1,0.01,760TFL30
BSE,bse_cm,1135NFL27,977417,D,NFL-11.35%-30-12-27-PVT,1135NFL27,1,0.01,1135NFL27
BSE,bse_cm,1175AFPL32,977418,D,AFPL-11.75%-14-04-32-PVT,1175AFPL32,1,0.01,1175AFPL32
BSE,bse_cm,1170MML27,977419,D,MML-11.70%-30-06-27-PVT,1170MML27,1,0.01,1170MML27
BSE,bse_cm,1095SFL27A,977420,D,SFL-10.95%-30-6-27-PVT,1095SFL27A,1,0.01,1095SFL27A
BSE,bse_cm,815MPFL27,977421,D,MPFL-8.15%-30-12-27-PVT,815MPFL27,1,0.01,815MPFL27
BSE,bse_cm,875MFSL28,977422,D,MFSL-8.75%-30-12-28-PVT,875MFSL28,1,0.01,875MFSL28
BSE,bse_cm,115KFL29,977423,D,KFL-11.5%-28-3-29-PVT,115KFL29,1,0.01,115KFL29
BSE,bse_cm,0MCIBPL27A,977424,D,MCIBPL-ZC-31-12-27-PVT,0MCIBPL27A,1,0.01,0MCIBPL27A
BSE,bse_cm,1175FCPL28,977425,D,FCPL-11.75%-30-06-28-PVT,1175FCPL28,1,0.01,1175FCPL28
BSE,bse_cm,1180FCPL29,977426,D,FCPL-11.80%-30-04-29-PVT,1180FCPL29,1,0.01,1180FCPL29
BSE,bse_cm,1116FFSL27,977427,D,FFSL-11.16-07-07-27-PVT,1116FFSL27,1,0.01,1116FFSL27
BSE,bse_cm,737KMIL28,977428,D,KMIL-7.37%-27-1-28-PVT,737KMIL28,1,0.01,737KMIL28
BSE,bse_cm,734KMIL27,977429,D,KMIL-7.34%-26-11-27-PVT,734KMIL27,1,0.01,734KMIL27
BSE,bse_cm,105SISL27,977430,D,SISL-10.5%-10-12-27-PVT,105SISL27,1,0.01,105SISL27
BSE,bse_cm,1050ESPL28,977431,D,ESPL-10.50%-9-3-28-PVT,1050ESPL28,1,0.01,1050ESPL28
BSE,bse_cm,RROFSL28,977432,D,OFSL-TBILL+SPREAD-RR-3-1-28-PV,RROFSL28,1,0.01,RROFSL28
BSE,bse_cm,725AIPPL29,977433,D,AIPPL-7.25%-2-1-29-PVT,725AIPPL29,1,0.01,725AIPPL29
BSE,bse_cm,NWFL311225,977434,D,NWFL-NIFTY50-1-12-35-PVT,NWFL311225,1,0.01,NWFL311225
BSE,bse_cm,123ACAP27,977435,D,ACAPL-12.3%-3-1-27-PVT,123ACAP27,1,0.01,123ACAP27
BSE,bse_cm,842LGS1728,977436,D,LGS17-8.42%-20-04-28-PTC,842LGS1728,1,0.01,842LGS1728
BSE,bse_cm,957LGS1728,977437,D,LGS17-9.57%-20-04-28-PTC,957LGS1728,1,0.01,957LGS1728
BSE,bse_cm,1140IRWL27,977438,D,IRONWELL-11.40%-19-11-27-PTC,1140IRWL27,1,0.01,1140IRWL27
BSE,bse_cm,1116AFL28,977439,D,AFL-11.16%-19-1-28-PVT,1116AFL28,1,0.01,1116AFL28
BSE,bse_cm,13LLDL29,977440,D,LLDL-13%-30-1-29-PVT,13LLDL29,1,0.01,13LLDL29
BSE,bse_cm,1150GFL27,977441,D,GFL-11.50%-30-04-27-UL-PVT,1150GFL27,1,0.01,1150GFL27
BSE,bse_cm,FFS060126A,977442,D,FFS-3MTB+SPREAD-5-1-29-PVT,FFS060126A,1,0.01,FFS060126A
BSE,bse_cm,1085SFL27,977443,D,SFL-10.85%-7-7-27-PVT,1085SFL27,1,0.01,1085SFL27
BSE,bse_cm,RRSGL30,977444,D,SGL-REST RATE-31-12-30-PVT,RRSGL30,1,0.01,RRSGL30
BSE,bse_cm,11DKGFSF28,977445,D,DKGFSF-11%-7-1-28-PVT,11DKGFSF28,1,0.01,11DKGFSF28
BSE,bse_cm,945KFIL28,977446,D,KFIL-9.45%-7-7-28-PVT,945KFIL28,1,0.01,945KFIL28
BSE,bse_cm,RRUMPL30,977447,D,UMPL-RESET RATE-31-12-30-PVT,RRUMPL30,1,0.01,RRUMPL30
BSE,bse_cm,12AFIL31,977448,D,AFIL-12%-07-01-2031-PVT,12AFIL31,1,0.01,12AFIL31
BSE,bse_cm,1175AFIL29,977449,D,AFIL-11.75%-6-1-29-PVT,1175AFIL29,1,0.01,1175AFIL29
BSE,bse_cm,125AFIL30A,977450,D,AFIL-12.5%-7-1-30-PVT,125AFIL30A,1,0.01,125AFIL30A
BSE,bse_cm,1275AFIL31,977451,D,AFIL-12.75%-8-10-31-PVT,1275AFIL31,1,0.01,1275AFIL31
BSE,bse_cm,1225PFL28,977452,D,PFL-12.25%-12-01-28-PVT,1225PFL28,1,0.01,1225PFL28
BSE,bse_cm,11KFL2031,977453,D,KFL-11%-13-7-31-PVT,11KFL2031,1,0.01,11KFL2031
BSE,bse_cm,745KMPL31,977455,D,KMPL-7.45%-13-1-31-PVT,745KMPL31,1,0.01,745KMPL31
BSE,bse_cm,1015SCNL28,977456,D,SCNL-10.15%-13-7-28-PVT,1015SCNL28,1,0.01,1015SCNL28
BSE,bse_cm,812AFLPER,977458,D,AFL-8.12%-PERPETUAL-PVT,812AFLPER,1,0.01,812AFLPER
BSE,bse_cm,9IFSL27,977459,D,IFSL-9%-24-12-27-PVT,9IFSL27,1,0.01,9IFSL27
BSE,bse_cm,812HLFL31,977460,D,HLFL-8.12%-14-1-31-PVT,812HLFL31,1,0.01,812HLFL31
BSE,bse_cm,892NWFL28,977461,D,NWFL-8.9188%-13-07-28-PVT,892NWFL28,1,0.01,892NWFL28
BSE,bse_cm,925MML28,977462,D,MML-9.25%-13-1-28-PVT,925MML28,1,0.01,925MML28
BSE,bse_cm,905SCL36,977463,D,SCL-9.05%-16-01-36-PVT,905SCL36,1,0.01,905SCL36
BSE,bse_cm,1125EFL31,977464,D,EFL-11.25%-16-7-31-PVT,1125EFL31,1,0.01,1125EFL31
BSE,bse_cm,83710ABCPER,977465,D,ABCL-8.3710%-PERPETUAL-PVT,83710ABCPER,1,0.01,83710ABCPER
BSE,bse_cm,1273IML30,977466,D,IML-12.73%-18-7-30-PVT,1273IML30,1,0.01,1273IML30
BSE,bse_cm,10DCAL29,977467,D,DCAL-10%-20-01-29-PVT,10DCAL29,1,0.01,10DCAL29
BSE,bse_cm,930KIIFB30,977468,D,KIIFB-9.30%-21-01-30-PVT,930KIIFB30,1,0.01,930KIIFB30
BSE,bse_cm,930KIIFB31,977469,D,KIIFB-9.30%-21-01-31-PVT,930KIIFB31,1,0.01,930KIIFB31
BSE,bse_cm,930KIIFB32,977470,D,KIIFB-9.30%-21-01-32-PVT,930KIIFB32,1,0.01,930KIIFB32
BSE,bse_cm,930KIIFB33,977471,D,KIIFB-9.30%-21-01-33-PVT,930KIIFB33,1,0.01,930KIIFB33
BSE,bse_cm,930KIIFB34,977472,D,KIIFB-9.30%-21-01-34-PVT,930KIIFB34,1,0.01,930KIIFB34
BSE,bse_cm,930KIIFB35,977473,D,KIIFB-9.30%-21-01-35-PVT,930KIIFB35,1,0.01,930KIIFB35
BSE,bse_cm,930KIIFB36,977474,D,KIIFB-9.30%-21-01-36-PVT,930KIIFB36,1,0.01,930KIIFB36
BSE,bse_cm,NWFL19126,977475,D,NWFL-NR MNTH FUTURE GOLD-19-7-,NWFL19126,1,0.01,NWFL19126
BSE,bse_cm,7426KMPL29,977476,D,KMPL-7.426%-25-5-29-PVT,7426KMPL29,1,0.01,7426KMPL29
BSE,bse_cm,1075NFL28A,977477,D,NFL-10.75%-31-12-28-PVT,1075NFL28A,1,0.01,1075NFL28A
BSE,bse_cm,76091KMI29,977478,D,KMIL-7.6091%-23-5-29-PVT,76091KMI29,1,0.01,76091KMI29
BSE,bse_cm,76101KMI29,977479,D,KMIL-7.6101%-21-2-29-PVT,76101KMI29,1,0.01,76101KMI29
BSE,bse_cm,RRGHIAL41,977480,D,GHIAL-7.60%-RESET RATE-22-1-41,RRGHIAL41,1,0.01,RRGHIAL41
BSE,bse_cm,892NWIL28,977481,D,NWIL-8.9188%-21-07-28-PVT,892NWIL28,1,0.01,892NWIL28
BSE,bse_cm,725BHFL29,977482,D,BHFL-7.25%-22-1-29-PVT,725BHFL29,1,0.01,725BHFL29
BSE,bse_cm,RRVFSPL33,977483,D,VFSPL-9.15%-22-01-33-PVT,RRVFSPL33,1,0.01,RRVFSPL33
BSE,bse_cm,RRKFL29,977484,D,KFL-10.0%-RESET RATE-16-3-29-P,RRKFL29,1,0.01,RRKFL29
BSE,bse_cm,1050IML28,977485,D,IML-10.50%-23-1-28-PVT,1050IML28,1,0.01,1050IML28
BSE,bse_cm,11IML29,977486,D,IML-11%-23-1-29-PVT,11IML29,1,0.01,11IML29
BSE,bse_cm,1175IML31,977487,D,IML-11.75%-23-1-31-PVT,1175IML31,1,0.01,1175IML31
BSE,bse_cm,12SCNL31,977488,D,SCNL-12%-23-07-31-PVT,12SCNL31,1,0.01,12SCNL31
BSE,bse_cm,990SRFCP28,977489,D,SRFCPL-9.90%-22-01-28-PVT,990SRFCP28,1,0.01,990SRFCP28
BSE,bse_cm,990SRFCP29,977490,D,SRFCPL-9.90%-22-01-29-PVT,990SRFCP29,1,0.01,990SRFCP29
BSE,bse_cm,89OPL29,977491,D,OPL-8.90%-22-1-29-PVT,89OPL29,1,0.01,89OPL29
BSE,bse_cm,780IOB36,977492,D,IOB-7.80%-23-1-36-PVT,780IOB36,1,0.01,780IOB36
BSE,bse_cm,960HLFLPRP,977493,D,HLFL-9.60%-PERPETUAL-PVT,960HLFLPRP,1,0.01,960HLFLPRP
BSE,bse_cm,97MML28,977494,D,MML-9.7%-23-1-28-PVT,97MML28,1,0.01,97MML28
BSE,bse_cm,0EFCL29,977495,D,EFCL-ZC-30-4-29-PVT,0EFCL29,1,0.01,0EFCL29
BSE,bse_cm,1050ESP28,977496,D,ESPL-10.50%-28-01-28-PVT,1050ESP28,1,0.01,1050ESP28
BSE,bse_cm,765BFL36,977497,D,BFL-7.65%-25-1-36-PVT,765BFL36,1,0.01,765BFL36
BSE,bse_cm,8APL28,977498,D,APL-8%-27-01-28-PVT,8APL28,1,0.01,8APL28
BSE,bse_cm,820APL29,977499,D,APL-8.20%-25-01-29-PVT,820APL29,1,0.01,820APL29
BSE,bse_cm,830APL30,977500,D,APL-8.30%-25-01-30-PVT,830APL30,1,0.01,830APL30
BSE,bse_cm,840APL31,977501,D,APL-8.40%-27-01-31-PVT,840APL31,1,0.01,840APL31
BSE,bse_cm,1160KFL28,977502,D,KFL-11.60%-27-1-28-PVT,1160KFL28,1,0.01,1160KFL28
BSE,bse_cm,0MML2027,977504,D,MML-ZC-28-04-27-PVT,0MML2027,1,0.01,0MML2027
BSE,bse_cm,1295LMPL28,977505,D,LMPL-12.95%-28-7-28-PVT,1295LMPL28,1,0.01,1295LMPL28
BSE,bse_cm,1065MFL28,977506,D,MFL-10.65%-26-3-28-PVT,1065MFL28,1,0.01,1065MFL28
BSE,bse_cm,NWFL270126,977507,D,NWFL-Nifty-50-31-3-35-PVT,NWFL270126,1,0.01,NWFL270126
BSE,bse_cm,1135AFSL28,977508,D,AFSL-11.35%-29-07-28-PVT,1135AFSL28,1,0.01,1135AFSL28
BSE,bse_cm,10PPL27,977509,D,PPL-10%-30-7-27-PVT,10PPL27,1,0.01,10PPL27
BSE,bse_cm,9CGCL2028,977510,D,CGCL-9%-28-01-28-PVT,9CGCL2028,1,0.01,9CGCL2028
BSE,bse_cm,14RFL27,977511,D,RFL-14%-2-2-27-PVT,14RFL27,1,0.01,14RFL27
BSE,bse_cm,1050GFL28,977512,D,GFL-10.50%-30-3-28-PVT,1050GFL28,1,0.01,1050GFL28
BSE,bse_cm,911SMRTS28,977513,D,SMRTST-9.11%-14-8-28-PTC,911SMRTS28,1,0.01,911SMRTS28
BSE,bse_cm,880OPL28,977514,D,OPL-8.80%-22-6-28-PVT,880OPL28,1,0.01,880OPL28
BSE,bse_cm,10SCNL28,977515,D,SCNL-10%-30-01-28-PVT,10SCNL28,1,0.01,10SCNL28
BSE,bse_cm,11DKGFSP29,977516,D,DKGFSPL-11%-30-1-29-PVT,11DKGFSP29,1,0.01,11DKGFSP29
BSE,bse_cm,1035STLN28,977517,D,STLNL-10.35%-30-6-28-PVT,1035STLN28,1,0.01,1035STLN28
BSE,bse_cm,11PPL27A,977518,D,PPL-11%-30-7-27-PVT,11PPL27A,1,0.01,11PPL27A
BSE,bse_cm,11PKTPL36,977519,D,PKTPL-11%-1-2-36-PVT,11PKTPL36,1,0.01,11PKTPL36
BSE,bse_cm,715HZL28,977520,D,HZL-7.15%-2-2-28-STRPP 1-PVT,715HZL28,1,0.01,715HZL28
BSE,bse_cm,715HZL29,977521,D,HZL-7.15%-2-2-29-STRPP 2-PVT,715HZL29,1,0.01,715HZL29
BSE,bse_cm,1225AXCH27,977522,D,AGRIXCHANG5 2025-12.25%-PTC,1225AXCH27,100000,0.01,1225AXCH27
BSE,bse_cm,135IDG4828,977523,D,INDIGO 048-13.50%-20-6-28-PTC,135IDG4828,100000,0.01,135IDG4828
BSE,bse_cm,83VAJRA35,977524,D,VAJRA018TRUST-8.3%-20-4-35-PTC,83VAJRA35,1,0.01,83VAJRA35
BSE,bse_cm,875DFPL27,977525,D,DFPL-8.75%-4-2-27-PVT,875DFPL27,1,0.01,875DFPL27
BSE,bse_cm,801PFL36,977526,D,PFL-8.01%-5-2-36-PVT,801PFL36,1,0.01,801PFL36
BSE,bse_cm,880VFL30,977527,D,VFL-8.80%-5-2-30-PVT,880VFL30,1,0.01,880VFL30
BSE,bse_cm,9OPL29,977528,D,360OPL-9%-16-4-29-PVT,9OPL29,1,0.01,9OPL29
BSE,bse_cm,970MML28,977529,D,MML-9.70%-6-2-28-PVT,970MML28,1,0.01,970MML28
BSE,bse_cm,11UFL27,977530,D,UFL-11%-6-8-27-PVT,11UFL27,1,0.01,11UFL27
BSE,bse_cm,12CIPL31,977531,D,CIPL-12%-4-2-31-PVT,12CIPL31,1,0.01,12CIPL31
BSE,bse_cm,0MSAFL28,977532,D,MSAFL-ZC-6-2-28-PVT,0MSAFL28,1,0.01,0MSAFL28
BSE,bse_cm,780NFL36,977533,D,NFL-7.80%-06-02-36-PVT,780NFL36,1,0.01,780NFL36
BSE,bse_cm,1250ACAPL29,977534,D,ACAPL-12.50%-06-02-29-PVT,1250ACAPL29,1,0.01,1250ACAPL29
BSE,bse_cm,1075SFL28,977535,D,SFL-10.75%-6-2-28-PVT,1075SFL28,1,0.01,1075SFL28
BSE,bse_cm,75378KRT29,977536,D,KRT-7.5378%-8-5-29-REIT,75378KRT29,1,0.01,75378KRT29
BSE,bse_cm,896AKCFL29,977537,D,AKCFL-8.96%-11-2-29-PVT,896AKCFL29,1,0.01,896AKCFL29
BSE,bse_cm,RRAFPL28,977538,D,AFPL-3M TBILL+SPREAD-11-8-28-P,RRAFPL28,1,0.01,RRAFPL28
BSE,bse_cm,1030EFCL29,977539,D,EFCL-10.30%-13-4-29-PVT,1030EFCL29,1,0.01,1030EFCL29
BSE,bse_cm,1365POPL30,977540,D,POPL-13.65%-25-12-30-PVT,1365POPL30,1,0.01,1365POPL30
BSE,bse_cm,12KFL28,977541,D,KFL-12%-10-5-28-KFL,12KFL28,1,0.01,12KFL28
BSE,bse_cm,1365POP30,977542,D,POPL-13.65%-25-12-30-PVT,1365POP30,1,0.01,1365POP30
BSE,bse_cm,1365POP30A,977543,D,POPL-13.65%-25-12-30-PVT,1365POP30A,1,0.01,1365POP30A
BSE,bse_cm,845AAHL29,977544,D,AAHL-8.45%-12-2-29-PVT,845AAHL29,1,0.01,845AAHL29
BSE,bse_cm,745NBFID36,977545,D,NBFID-7.45%-12-02-36-PVT,745NBFID36,1,0.01,745NBFID36
BSE,bse_cm,10MGFL27,977546,D,MGFL-10%-11-05-27-PVT,10MGFL27,1,0.01,10MGFL27
BSE,bse_cm,1116FFS27A,977547,D,FFSL-11.16%-12-11-27-PVT,1116FFS27A,1,0.01,1116FFS27A
BSE,bse_cm,95EFSL29,977548,D,EFSL-9.5%-12-2-29-PVT,95EFSL29,1,0.01,95EFSL29
BSE,bse_cm,731BFL28,977549,D,BFL-7.31%-11-2-28-PVT,731BFL28,1,0.01,731BFL28
BSE,bse_cm,785AVHFI31,977550,D,AVHF-7.85%-12-2-31-PVT,785AVHFI31,1,0.01,785AVHFI31
BSE,bse_cm,787HUDCPRP,977551,D,HUDC-7.87%-PERPETUAL-PVT,787HUDCPRP,1,0.01,787HUDCPRP
BSE,bse_cm,910SKFL29,977552,D,SKFL-9.10%-16-2-29-PVT,910SKFL29,1,0.01,910SKFL29
BSE,bse_cm,692PFCL28,977553,D,PFC-6.92%-16-02-28-PVT,692PFCL28,1,0.01,692PFCL28
BSE,bse_cm,724PFCL31,977554,D,PFCL-7.24%-17-2-31-PVT,724PFCL31,1,0.01,724PFCL31
BSE,bse_cm,883LGS1828,977555,D,LGS18-8.83%-20-5-28-PTC,883LGS1828,1,0.01,883LGS1828
BSE,bse_cm,980LGS1828,977556,D,LGS18-9.80%-20-5-28-PTC,980LGS1828,100000,0.01,980LGS1828
BSE,bse_cm,12IOPPL30,977557,D,IOPPL-12%-16-8-30-PVT,12IOPPL30,1,0.01,12IOPPL30
BSE,bse_cm,11FCPL28,977558,D,FCPL-11%-26-8-28-PVT,11FCPL28,1,0.01,11FCPL28
BSE,bse_cm,1030EEL29,977559,D,EEL-10.30%-23-4-29-PVT,1030EEL29,1,0.01,1030EEL29
BSE,bse_cm,9IFSL28,977560,D,IFSL-9%-14-8-28-PVT,9IFSL28,1,0.01,9IFSL28
BSE,bse_cm,77SCCL27,977561,D,SCCL-7.7%-30-4-27-PVT,77SCCL27,1,0.01,77SCCL27
BSE,bse_cm,13AGXC2627,977562,D,AGXCHNGE26-13%-10-9-27-PTC,13AGXC2627,100000,0.01,13AGXC2627
BSE,bse_cm,104MFL33,977564,D,MFL-10.4%-30-12-33-PVT,104MFL33,1,0.01,104MFL33
BSE,bse_cm,755BFL31,977565,D,BFL-7.55%-20-2-31-PVT,755BFL31,1,0.01,755BFL31
BSE,bse_cm,740BFL29,977566,D,BFL-7.40%-12-3-29-PVT,740BFL29,1,0.01,740BFL29
BSE,bse_cm,742MRHFL28,977567,D,MRHFL-7.42%-23-2-28-PVT,742MRHFL28,1,0.01,742MRHFL28
BSE,bse_cm,695RECL28,977568,D,RECL-6.95%-18-2-28-PVT,695RECL28,1,0.01,695RECL28
BSE,bse_cm,NWFL20226,977569,D,NWFL-NIFTY 50-21-08-29-PVT,NWFL20226,1,0.01,NWFL20226
BSE,bse_cm,1035MFSP28,977570,D,MFSPL-10.35%-20-2-28-PVT,1035MFSP28,1,0.01,1035MFSP28
BSE,bse_cm,1140AFL27,977571,D,AFL-11.40%-25-5-27-PVT,1140AFL27,1,0.01,1140AFL27
BSE,bse_cm,761IIL31,977572,D,IIL-7.61%-25-08-31-PVT,761IIL31,1,0.01,761IIL31
BSE,bse_cm,752APSEZ31,977573,D,APSEZ-7.52%-21-2-31-PVT,752APSEZ31,1,0.01,752APSEZ31
BSE,bse_cm,1050LIFL29,977574,D,LIFL-10.50%-24-02-29-PVT,1050LIFL29,1,0.01,1050LIFL29
BSE,bse_cm,CSAI240226,977575,D,CSAIPL-14.40%-23-12-27-PVT,CSAI240226,1,0.01,CSAI240226
BSE,bse_cm,13UCIL27,977576,D,UCIL-13%-24-5-27-PVT,13UCIL27,1,0.01,13UCIL27
BSE,bse_cm,758KMIL29,977577,D,KMIL-7.5836%-29-08-29-PVT,758KMIL29,1,0.01,758KMIL29
BSE,bse_cm,747KMIL28,977578,D,KMIL-7.4735%-30-10-28-PVT,747KMIL28,1,0.01,747KMIL28
BSE,bse_cm,GHFL240226,977579,D,GICHFL-7.59%-10-6-27-PVT,GHFL240226,1,0.01,GHFL240226
BSE,bse_cm,1160KDFL28,977580,D,KDFL-11.60%-23-2-28-PVT,1160KDFL28,1,0.01,1160KDFL28
BSE,bse_cm,NWFL24226,977581,D,NWFL-NIFTY 50 INDEX-30-3-35-PV,NWFL24226,1,0.01,NWFL24226
BSE,bse_cm,12FFSL28,977582,D,FFSL-12%-26-2-28-PVT,12FFSL28,1,0.01,12FFSL28
BSE,bse_cm,965MML28,977583,D,MML-9.65%-25-8-28-PVT,965MML28,1,0.01,965MML28
BSE,bse_cm,9AKCFL29,977584,D,AKCFL-9%-27-2-29-PVT,9AKCFL29,1,0.01,9AKCFL29
BSE,bse_cm,925MML28A,977585,D,MML-9.25%-25-2-28-PVT,925MML28A,1,0.01,925MML28A
BSE,bse_cm,729NHPCL32,977586,D,NHPCL-7.29%-27-02-32-CP,729NHPCL32,1,0.01,729NHPCL32
BSE,bse_cm,729NHPCL33,977587,D,NHPC-7.29%-25-02-33-PVT,729NHPCL33,1,0.01,729NHPCL33
BSE,bse_cm,729NHPCL34,977588,D,NHPL-7.29%-27-02-34-PVT,729NHPCL34,1,0.01,729NHPCL34
BSE,bse_cm,729NHPC35,977589,D,NHPC-7.29%-27-02-35-PVT,729NHPC35,1,0.01,729NHPC35
BSE,bse_cm,729NHPCL36,977590,D,NHPCL-7.29%-27-02-36-PVT,729NHPCL36,1,0.01,729NHPCL36
BSE,bse_cm,729NHPCL37,977591,D,NHPCL-7.29%-27-02-37-PVT,729NHPCL37,1,0.01,729NHPCL37
BSE,bse_cm,729NHPCL38,977592,D,NHPCL-7.29%-26-02-38-PVT,729NHPCL38,1,0.01,729NHPCL38
BSE,bse_cm,729NHPCL39,977593,D,NHPCL-7.29%-25-02-39-PVT,729NHPCL39,1,0.01,729NHPCL39
BSE,bse_cm,729NHPCL40,977594,D,NHPCL-7.29%-27-02-40-PVT,729NHPCL40,1,0.01,729NHPCL40
BSE,bse_cm,729NHPCL41,977595,D,NHPCL-7.29%-27-02-41-PVT,729NHPCL41,1,0.01,729NHPCL41
BSE,bse_cm,105ESPL28,977596,D,ESPL-10.50%-09-06-28-PVT,105ESPL28,1,0.01,105ESPL28
BSE,bse_cm,12VFPL29,977597,D,VFPL-12%-17-04-29-PVT,12VFPL29,1,0.01,12VFPL29
BSE,bse_cm,1075SFL28A,977598,D,SFL-10.75%-26-2-28-PVT,1075SFL28A,1,0.01,1075SFL28A
BSE,bse_cm,86IFSL28,977599,D,IFSL-8.6%-6-3-28-PVT,86IFSL28,1,0.01,86IFSL28
BSE,bse_cm,124PFSPL28,977600,D,PFSPL-12.4%-23-1-28-PVT,124PFSPL28,1,0.01,124PFSPL28
BSE,bse_cm,772KKRL37,977601,D,KKRL-7.72%-31-10-37-PVT,772KKRL37,1,0.01,772KKRL37
BSE,bse_cm,782KKRL29,977602,D,KKRL-7.82%-31-10-29-PVT,782KKRL29,1,0.01,782KKRL29
BSE,bse_cm,837ABCPERP,977603,D,ABCL-8.37%-PERPETUAL-PVT,837ABCPERP,1,0.01,837ABCPERP
BSE,bse_cm,696PFCL28,977604,D,PFCL-6.96%-02-03-28-PVT,696PFCL28,1,0.01,696PFCL28
BSE,bse_cm,731PFCL36,977605,D,PFCL-7.31%-03-03-26-PVT,731PFCL36,1,0.01,731PFCL36
BSE,bse_cm,749EOPR36,977606,D,EOPR-7.49%-27-02-36-REIT,749EOPR36,1,0.01,749EOPR36
BSE,bse_cm,NWFL27226,977607,D,NWFL-NIFTY 50 INDEX-29-4-30-PV,NWFL27226,1,0.01,NWFL27226
BSE,bse_cm,1150PW2628,977608,D,PW26-11.50%-17-08-28-PTC,1150PW2628,100000,0.01,1150PW2628
BSE,bse_cm,710BOB33,977609,D,BOB-7.10%-5-3-33-GB-PVT,710BOB33,1,0.01,710BOB33
BSE,bse_cm,920SCL36,977610,D,SCL-9.20%-05-03-36-PVT,920SCL36,1,0.01,920SCL36
BSE,bse_cm,89IND04930,977611,D,INDIGO 049-8.90%-20-7-30-PTC,89IND04930,1,0.01,89IND04930
BSE,bse_cm,96IND04930,977612,D,INDIGO 049-9.60%-20-7-30-PTC,96IND04930,1,0.01,96IND04930
BSE,bse_cm,1440AFIL28,977613,D,AFIL-14.40%-31-5-28-PVT,1440AFIL28,1,0.01,1440AFIL28
BSE,bse_cm,71652MBR29,977614,D,MBR-7.1652%-5-3-29-REIT,71652MBR29,1,0.01,71652MBR29
BSE,bse_cm,875MFL29,977615,D,MFL-8.75%-06-03-29-PVT,875MFL29,1,0.01,875MFL29
BSE,bse_cm,0MCHPPL30,977616,D,MCHPPL-ZC-15-12-30-PVT,0MCHPPL30,1,0.01,0MCHPPL30
BSE,bse_cm,1050BFCL27,977617,D,BFCL-10.50%-16-03-27-PVT,1050BFCL27,1,0.01,1050BFCL27
BSE,bse_cm,750ATIT33,977618,D,ATIT-7.50%-09-03-33-InvIT,750ATIT33,1,0.01,750ATIT33
BSE,bse_cm,RCPL060326,977619,D,RCPL-EBLR+SPREAD-6-3-32-PVT,RCPL060326,1,0.01,RCPL060326
BSE,bse_cm,790ABSLI36,977620,D,ABSLI-7.90%-9-3-36-PVT,790ABSLI36,1,0.01,790ABSLI36
BSE,bse_cm,1075SFLD28,977621,D,SFL-10.75%-10-3-28-PVT,1075SFLD28,1,0.01,1075SFLD28
BSE,bse_cm,1125NFL28,977622,D,NFL-11.25%-11-09-28-PVT,1125NFL28,1,0.01,1125NFL28
BSE,bse_cm,85IFL28,977623,D,IFL-8.5%-10-3-28-PVT,85IFL28,1,0.01,85IFL28
BSE,bse_cm,774AFL36,977624,D,AFL-7.74%-10-3-36-PVT,774AFL36,1,0.01,774AFL36
BSE,bse_cm,11CFPL28,977625,D,CFPL-11%-12-3-28-PVT,11CFPL28,1,0.01,11CFPL28
BSE,bse_cm,759NEEPC36,977626,D,NEEPCL-7.59%-11-03-26-PVT,759NEEPC36,1,0.01,759NEEPC36
BSE,bse_cm,1051SFCP27,977627,D,SFCPL-10.51%-24-2-27-UL-PVT,1051SFCP27,1,0.01,1051SFCP27
BSE,bse_cm,1425CIPL28,977628,D,CIPL-14.25%-11-3-28-PVT,1425CIPL28,1,0.01,1425CIPL28
BSE,bse_cm,760HFSL31,977629,D,HFSL-7.60%-4-3-31-PVT,760HFSL31,1,0.01,760HFSL31
BSE,bse_cm,840RHFL29,977630,D,RHFL-8.40%-13-3-29-PVT,840RHFL29,1,0.01,840RHFL29
BSE,bse_cm,990OFSL29,977631,D,OFSL-9.90%-13-03-29-PVT,990OFSL29,1,0.01,990OFSL29
BSE,bse_cm,719RECL31,977632,D,RECL-7.19%-15-03-31-PVT,719RECL31,1,0.01,719RECL31
BSE,bse_cm,1250TCL30,977633,D,TCL-12.50%-12-3-30-PVT,1250TCL30,1,0.01,1250TCL30
BSE,bse_cm,11FCPL2028,977634,D,FCPL-11%-16-9-28-PVT,11FCPL2028,1,0.01,11FCPL2028
BSE,bse_cm,1050HFL29A,977635,D,HFL-10.5%-16-11-29-PVT,1050HFL29A,1,0.01,1050HFL29A
BSE,bse_cm,1110FCPL29,977636,D,FCPL-11.10%-16-7-29-PVT,1110FCPL29,1,0.01,1110FCPL29
BSE,bse_cm,11HFL31A,977637,D,HFL-11%-16-9-31-PVT,11HFL31A,1,0.01,11HFL31A
BSE,bse_cm,766JCL31,977638,D,JCL-7.66%-16-3-31-PVT,766JCL31,1,0.01,766JCL31
BSE,bse_cm,895VL29,977639,D,VL-8.95%-16-3-29-PVT,895VL29,1,0.01,895VL29
BSE,bse_cm,10IML28,977640,D,IML-10%-17-04-28-PVT,10IML28,1,0.01,10IML28
BSE,bse_cm,1260NFL27,977641,D,NFL-12.60%-27-3-27-PVT,1260NFL27,1,0.01,1260NFL27
BSE,bse_cm,12SSFBL31,977642,D,SSFBL-12%-17-12-31-PVT,12SSFBL31,1,0.01,12SSFBL31
BSE,bse_cm,925PDL28,977643,D,PDL-9.25%-18-9-28-PVT,925PDL28,1,0.01,925PDL28
BSE,bse_cm,756IIL31,977644,D,IIL-7.56%-17-4-31-PVT,756IIL31,1,0.01,756IIL31
BSE,bse_cm,95UCL27,977645,D,UCL-9.5%-18-4-27-PVT,95UCL27,1,0.01,95UCL27
BSE,bse_cm,135SDL30,977646,D,SDL-13.5%-31-8-30-PVT,135SDL30,1,0.01,135SDL30
BSE,bse_cm,925MCML28,977647,D,MCL-9.25%-18-05-28-PVT,925MCML28,1,0.01,925MCML28
BSE,bse_cm,930MMCL28,977648,D,MML-9.30%-17-06-28-PVT,930MMCL28,1,0.01,930MMCL28
BSE,bse_cm,965MMCL28,977649,D,MML-9.65%-18-09-28-PVT,965MMCL28,1,0.01,965MMCL28
BSE,bse_cm,722ABLBL29,977650,D,ABLBL-7.22%-16-03-29-PVT,722ABLBL29,1,0.01,722ABLBL29
BSE,bse_cm,11CFPL2028,977651,D,CFPL-11%-18-03-28-PVT,11CFPL2028,1,0.01,11CFPL2028
BSE,bse_cm,1375KFL29,977652,D,KFL-13.75-15-3-29-PVT,1375KFL29,1,0.01,1375KFL29
BSE,bse_cm,11RCL34,977653,D,RCL-11%-28-3-34-UL-PVT,11RCL34,1,0.01,11RCL34
BSE,bse_cm,11RCL34A,977654,D,RCL-11%-31-3-34-UL-PVT,11RCL34A,1,0.01,11RCL34A
BSE,bse_cm,705SBI36,977655,D,SBI-7.05%-20-3-36-PVT,705SBI36,1,0.01,705SBI36
BSE,bse_cm,12MFLPRP,977656,D,MFL-12%-PERPETUAL-PVT,12MFLPRP,1,0.01,12MFLPRP
BSE,bse_cm,125BCSL29,977657,D,BCSL-12.5%-18-3-29-PVT,125BCSL29,1,0.01,125BCSL29
BSE,bse_cm,125ING5129,977658,D,ING51-12.5%-20-3-29-PTC,125ING5129,100000,0.01,125ING5129
BSE,bse_cm,1175MCFL28,977659,D,MCFL-11.75%-23-9-28-PVT,1175MCFL28,1,0.01,1175MCFL28
BSE,bse_cm,0JSWKSL31,977660,D,JSWKSL-0%-23-3-31-PVT,0JSWKSL31,1,0.01,0JSWKSL31
BSE,bse_cm,ZCJSWKSL31,977661,D,JSWKSL-ZC-24-3-31-PVT,ZCJSWKSL31,1,0.01,ZCJSWKSL31
BSE,bse_cm,1025SFL28A,977662,D,SFL-10.25%-20-3-28-PVT,1025SFL28A,1,0.01,1025SFL28A
BSE,bse_cm,1250RIST33,977663,D,RIST261-12.50%-23-01-33-PTC,1250RIST33,1,0.01,1250RIST33
BSE,bse_cm,125RIST33,977664,D,RIST26-12.50%-23-01-33-PTC,125RIST33,1,0.01,125RIST33
BSE,bse_cm,1116FFS27,977665,D,FFS-11.16%-26-12-27-PVT,1116FFS27,1,0.01,1116FFS27
BSE,bse_cm,135ING5028,977666,D,ING50-13.5%-20-8-28-PTC,135ING5028,100000,0.01,135ING5028
BSE,bse_cm,720BIL29,977667,D,BIL-7.20%-23-3-29-PVT,720BIL29,1,0.01,720BIL29
BSE,bse_cm,738BIL30,977668,D,BIL-7.38%-22-3-30-PVT,738BIL30,1,0.01,738BIL30
BSE,bse_cm,755BIL31,977669,D,BIL-7.55%-21-3-31-PVT,755BIL31,1,0.01,755BIL31
BSE,bse_cm,880360OP28,977670,D,360OPL-8.80%-18-05-28-PVT,880360OP28,1,0.01,880360OP28
BSE,bse_cm,EFCL24326,977671,D,EFCL-ZC-25-06-29-PVT,EFCL24326,1,0.01,EFCL24326
BSE,bse_cm,1350EIIL31,977672,D,EIIL-13.50%-31-03-31-PVT,1350EIIL31,1,0.01,1350EIIL31
BSE,bse_cm,875VFIPL28,977673,D,VFIPL-8.75%-23-3-28-PVT,875VFIPL28,1,0.01,875VFIPL28
BSE,bse_cm,875VFIP28A,977674,D,VFIPL-8.75%-23-9-28-PVT,875VFIP28A,1,0.01,875VFIP28A
BSE,bse_cm,875VFIPL29,977675,D,VFIPL-8.75%-23-3-29-PVT,875VFIPL29,1,0.01,875VFIPL29
BSE,bse_cm,14RFL2027,977676,D,RFL-14%-23-6-27-PVT,14RFL2027,1,0.01,14RFL2027
BSE,bse_cm,10SGHPL29A,977677,D,SGHPL-10%-30-7-29-PVT,10SGHPL29A,1,0.01,10SGHPL29A
BSE,bse_cm,109AFSL28,977678,D,AFSL-10.9%-25-9-28-PVT,109AFSL28,1,0.01,109AFSL28
BSE,bse_cm,860MASFS29,977679,D,MASFSL-8.60%-25-03-29-PVT,860MASFS29,1,0.01,860MASFS29
BSE,bse_cm,105ESPL28A,977680,D,ESPL-10.5%-4-7-28-PVT,105ESPL28A,1,0.01,105ESPL28A
BSE,bse_cm,11KFL27,977681,D,KFL-11%-25-06-27-PVT,11KFL27,1,0.01,11KFL27
BSE,bse_cm,885FFSL33,977682,D,FFSL-8.85%-21-10-33-PVT,885FFSL33,1,0.01,885FFSL33
BSE,bse_cm,890FFSL33,977683,D,FFSL-8.90%-21-11-33-PVT,890FFSL33,1,0.01,890FFSL33
BSE,bse_cm,1190AX2627,977684,D,AX726-11.90%-22-03-27-PTC,1190AX2627,100000,0.01,1190AX2627
BSE,bse_cm,12KFL28A,977685,D,KFL-12%-25-6-28-PVT,12KFL28A,1,0.01,12KFL28A
BSE,bse_cm,811PIICL29,977686,D,PIICL-8.11%-24-4-29-PVT,811PIICL29,1,0.01,811PIICL29
BSE,bse_cm,735MCFPL27,977687,D,MCFPL-7.35%-24-09-27-PVT,735MCFPL27,1,0.01,735MCFPL27
BSE,bse_cm,893AKCFL29,977688,D,AKCFL-8.93%-30-03-29-PVT,893AKCFL29,1,0.01,893AKCFL29
BSE,bse_cm,905AKCFL29,977689,D,AKCFL-9.05%-30-3-29-PVT,905AKCFL29,1,0.01,905AKCFL29
BSE,bse_cm,925CGCL36,977690,D,CGCL-9.25%-10-3-36-PVT,925CGCL36,1,0.01,925CGCL36
BSE,bse_cm,890CGCL29,977691,D,CGCL-8.90%-30-9-29-PVT,890CGCL29,1,0.01,890CGCL29
BSE,bse_cm,1050SFL28,977692,D,SFL-10.50%-27-03-28-PVT,1050SFL28,1,0.01,1050SFL28
BSE,bse_cm,1325UCL32,977693,D,UCL-13.25%-5-4-32-PVT,1325UCL32,1,0.01,1325UCL32
BSE,bse_cm,12SCCNL31,977694,D,SCCNL-12%-30-09-31-PVT,12SCCNL31,1,0.01,12SCCNL31
BSE,bse_cm,1025MFL31A,977695,D,MFL-10.25%-30-9-31-PVT,1025MFL31A,1,0.01,1025MFL31A
BSE,bse_cm,11CWCPL28,977696,D,CWCPL-11%-30-3-28-PVT,11CWCPL28,1,0.01,11CWCPL28
BSE,bse_cm,NWFL250326,977697,D,NWFL-NIFTY50-30-3-35-PVT,NWFL250326,1,0.01,NWFL250326
BSE,bse_cm,1190MML28,977698,D,MML-11.90%-30-4-28-PVT,1190MML28,1,0.01,1190MML28
BSE,bse_cm,12NGCPL27,977699,D,NGCPL-12%-30-04-27-PVT,12NGCPL27,1,0.01,12NGCPL27
BSE,bse_cm,1250BCSL29,977700,D,BCSL-12.50%-30-3-29-PVT,1250BCSL29,1,0.01,1250BCSL29
BSE,bse_cm,94OFSL29,977701,D,OFSL-9.40%-15-3-29-PVT,94OFSL29,1,0.01,94OFSL29
BSE,bse_cm,98OFSL27,977702,D,OFSL-9.8%-30-12-27-PVT,98OFSL27,1,0.01,98OFSL27
BSE,bse_cm,772ABCL31,977703,D,ABCL-7.72%-13-5-31-PVT,772ABCL31,1,0.01,772ABCL31
BSE,bse_cm,901HFSPL29,977704,D,HFSPL-9.01%-30-03-29-PVT,901HFSPL29,1,0.01,901HFSPL29
BSE,bse_cm,1050PPL27,977705,D,PPL-10.50%-30-12-27-PVT,1050PPL27,1,0.01,1050PPL27
BSE,bse_cm,910AML28,977706,D,AML-9.10%-30-03-28-PVT,910AML28,1,0.01,910AML28
BSE,bse_cm,1099IGIC36,977707,D,IGICL-10.99%-30-3-36-PVT,1099IGIC36,1,0.01,1099IGIC36
BSE,bse_cm,IFSL30326A,977708,D,IFSL-NIFTY 50-30-5-28-PVT,IFSL30326A,1,0.01,IFSL30326A
BSE,bse_cm,RSETP27326,977709,D,RSETPL-3M TBILL+SPREAD-30-9-30,RSETP27326,1,0.01,RSETP27326
BSE,bse_cm,11UFL28,977710,D,UFL-11%-2-4-28-PVT,11UFL28,1,0.01,11UFL28
BSE,bse_cm,10SPPL30,977711,D,SPPL-10%-30-3-30-PVT,10SPPL30,1,0.01,10SPPL30
BSE,bse_cm,10KFL29A,977712,D,KFL-10%-6-1-29-PVT,10KFL29A,1,0.01,10KFL29A
BSE,bse_cm,1450KFL31,977713,D,KFL-14.50%-2-5-31-PVT,1450KFL31,1,0.01,1450KFL31
BSE,bse_cm,18VPL31,977714,D,VPL-18%-31-3-31-PVT,18VPL31,1,0.01,18VPL31
BSE,bse_cm,1250PFL31,977715,D,PFL-12.50%-06-02-31-UL-PVT,1250PFL31,1,0.01,1250PFL31
BSE,bse_cm,1116ABFL27,977716,D,ABFL-11.16%-26-11-27-PVT,1116ABFL27,1,0.01,1116ABFL27
BSE,bse_cm,980NFL27,977717,D,NFL-9.80%-08-10-27-PVT,980NFL27,1,0.01,980NFL27
BSE,bse_cm,PFL06426,977718,D,PFL-12.50%-06-05-31-PVT,PFL06426,1,0.01,PFL06426
BSE,bse_cm,1020MBFL28,977719,D,MBFL-10.20%-8-4-28-PVT,1020MBFL28,1,0.01,1020MBFL28
BSE,bse_cm,12SFL28,977720,D,SFL-12%-12-4-28-PVT,12SFL28,1,0.01,12SFL28
BSE,bse_cm,12VMVPL029,977721,D,VMVPL-12%-29-4-29-UL-PVT,12VMVPL029,1,0.01,12VMVPL029
BSE,bse_cm,1071RST27,977722,D,RST-10.71%-6-10-26-PTC,1071RST27,1,0.01,1071RST27
BSE,bse_cm,1236RST27,977723,D,RST-12.36%-6-10-26-PTC,1236RST27,1,0.01,1236RST27
BSE,bse_cm,895AKCFL28,977724,D,AKCFL-8.95%-17-4-28-PVT,895AKCFL28,1,0.01,895AKCFL28
BSE,bse_cm,1050IML29,977725,D,IML-10.50%-17-4-29-PVT,1050IML29,1,0.01,1050IML29
BSE,bse_cm,770AFL29,977726,D,AFL-7.70%-17-04-29-PVT,770AFL29,1,0.01,770AFL29
BSE,bse_cm,777BFL29,977727,D,BFL-7.77%-17-4-29-PVT,777BFL29,1,0.01,777BFL29
BSE,bse_cm,860MFL28,977728,D,MFL-8.60%-24-3-28-PVT,860MFL28,1,0.01,860MFL28
BSE,bse_cm,12LMPL27,977729,D,LMPL-12%-31-10-27-PVT,12LMPL27,1,0.01,12LMPL27
BSE,bse_cm,1030NFL28,977730,D,NFL-10.30%-31-5-28-PVT,1030NFL28,1,0.01,1030NFL28
BSE,bse_cm,77545HFS29,977731,D,HFSL-7.7545%-4-5-29-PVT,77545HFS29,1,0.01,77545HFS29
BSE,bse_cm,12KFL27,977732,D,KFL-12%-22-09-27-PVT,12KFL27,1,0.01,12KFL27
BSE,bse_cm,1420CIPL28,977733,D,CIPL-14.20%-22-4-28-PVT,1420CIPL28,1,0.01,1420CIPL28
BSE,bse_cm,774KMPL29,977734,D,KMPL-7.74%-9-7-29-PVT,774KMPL29,1,0.01,774KMPL29
BSE,bse_cm,1090NFL28,977735,D,NFL-10.90%-24-04-28-PVT,1090NFL28,1,0.01,1090NFL28
BSE,bse_cm,1295LLDL29,977736,D,LLDL-12.95%-30-1-29-PVT,1295LLDL29,1,0.01,1295LLDL29
BSE,bse_cm,84308PFL36,977737,D,PFL-8.4308%-24-4-36-PVT,84308PFL36,1,0.01,84308PFL36
BSE,bse_cm,10IML2028,977738,D,IML-10%-24-05-28-PVT,10IML2028,1,0.01,10IML2028
BSE,bse_cm,7AHL46,977739,D,AHL-7%-24-04-46-PVT,7AHL46,1,0.01,7AHL46
BSE,bse_cm,13UCIL28,977740,D,UCIL-13%-23-4-28-PVT,13UCIL28,1,0.01,13UCIL28
BSE,bse_cm,1115CWCP28,977741,D,CWCP-11.15%-26-4-28-PVT,1115CWCP28,1,0.01,1115CWCP28
BSE,bse_cm,1175AFIL29A,977742,D,AFIL-11.75%-1-5-29-PVT,1175AFIL29A,1,0.01,1175AFIL29A
BSE,bse_cm,12AFIL31A,977743,D,AFIL-12%-1-5-31-PVT,12AFIL31A,1,0.01,12AFIL31A
BSE,bse_cm,1250AFIL30A,977744,D,AFIL-12.50%-23-4-30-PVT,1250AFIL30A,1,0.01,1250AFIL30A
BSE,bse_cm,1275AFIL32,977745,D,AFIL-12.75%-27-1-32-PVT,1275AFIL32,1,0.01,1275AFIL32
BSE,bse_cm,7616ABHF29,977746,D,ABHFL-7.6164%-25-1-29-PVT,7616ABHF29,1,0.01,7616ABHF29
BSE,bse_cm,758MRHL28,977747,D,MRHL-7.58%-27-3-28-PVT,758MRHL28,1,0.01,758MRHL28
BSE,bse_cm,12PFL28,977748,D,PFL-12%-26-4-28-PVT,12PFL28,1,0.01,12PFL28
BSE,bse_cm,1325DKGF29,977749,D,DKGFSL-13.25%-24-04-29-PVT,1325DKGF29,1,0.01,1325DKGF29
BSE,bse_cm,1050TCPL31,977750,D,TCPL-10.50%-27-4-31-PVT,1050TCPL31,1,0.01,1050TCPL31
BSE,bse_cm,758HFSL28,977751,D,HFSL-7.58%-29-5-28-PVT,758HFSL28,1,0.01,758HFSL28
BSE,bse_cm,1350I05228,977752,D,INDIGO052-13.50%-20-10-28-PTC,1350I05228,100000,0.01,1350I05228
BSE,bse_cm,1125SSFL28,977753,D,SSFL-11.25%-26-24-28-PVT,1125SSFL28,1,0.01,1125SSFL28
BSE,bse_cm,850MML28,977754,D,MML-8.50%-29-09-28-PVT,850MML28,1,0.01,850MML28
BSE,bse_cm,11NFL28,977755,D,NFL-11%-27-10-28-PVT,11NFL28,1,0.01,11NFL28
BSE,bse_cm,771MMFSL29,977756,D,MMFSL-7.71%-28-3-29-PVT,771MMFSL29,1,0.01,771MMFSL29
BSE,bse_cm,1175SFL27,977757,D,SFL-11.75%-28-10-27-PVT,1175SFL27,1,0.01,1175SFL27
BSE,bse_cm,11CFL28,977758,D,CFL-11%-20-4-28-PVT,11CFL28,1,0.01,11CFL28
BSE,bse_cm,807ABCL36,977759,D,ABCL-8.07%-30-04-36-PVT,807ABCL36,1,0.01,807ABCL36
BSE,bse_cm,980AFPL31,977760,D,AFPL-9.80%-29-04-31-PVT,980AFPL31,1,0.01,980AFPL31
BSE,bse_cm,12KFL29,977761,D,KFL-12%-27-04-29-PVT,12KFL29,1,0.01,12KFL29
BSE,bse_cm,860MFL28A,977762,D,MFL-8.60%-27-3-28-PVT,860MFL28A,1,0.01,860MFL28A
BSE,bse_cm,NWFL280426,977763,D,NWFL-NIFTY 50 INDEX-30-3-35-PV,NWFL280426,1,0.01,NWFL280426
BSE,bse_cm,880LGS2329,977764,D,LGS23-8.80%-22-1-29-PTC,880LGS2329,100000,0.01,880LGS2329
BSE,bse_cm,975LGS2329,977765,D,LGS23-9.75%-22-1-29-PTC,975LGS2329,100000,0.01,975LGS2329
BSE,bse_cm,11KFL031,977766,D,KFL-11%-07-11-31-PVT,11KFL031,1,0.01,11KFL031
BSE,bse_cm,10MML33,977767,D,MML-10%-4-4-33-PVT,10MML33,1,0.01,10MML33
BSE,bse_cm,1050MML33,977768,D,MML-10.50%-4-4-33-PVT,1050MML33,1,0.01,1050MML33
BSE,bse_cm,1075MML36,977769,D,MML-10.75%-4-4-36-PVT,1075MML36,1,0.01,1075MML36
BSE,bse_cm,1125MML36,977770,D,MML-11.25%-4-4-36-PVT,1125MML36,1,0.01,1125MML36
BSE,bse_cm,763MBPR36,977771,D,MBPR-7.63%-6-5-36-REIT,763MBPR36,1,0.01,763MBPR36
BSE,bse_cm,HFSPL8526,977772,D,HFSPL-Reset Rate-8-05-29-PVT,HFSPL8526,1,0.01,HFSPL8526
BSE,bse_cm,1280ACAP28,977773,D,ACAP-12.80%-7-5-28-PVT,1280ACAP28,1,0.01,1280ACAP28
BSE,bse_cm,12ACAP27A,977774,D,ACAP-12%-7-11-27-PVT,12ACAP27A,1,0.01,12ACAP27A
BSE,bse_cm,825PFL28,977775,D,PFL-8.25%-11-5-28-PVT,825PFL28,1,0.01,825PFL28
BSE,bse_cm,945KFIL028,977776,D,KFIL-9.45%-24-3-28-PVT,945KFIL028,1,0.01,945KFIL028
BSE,bse_cm,105SRFC28,977777,D,SRFCPL-10.50%-12-6-28-PVT,105SRFC28,1,0.01,105SRFC28
BSE,bse_cm,790MMFSL28,977778,D,MMFSL-7.90%-21-2-28-PVT,790MMFSL28,1,0.01,790MMFSL28
BSE,bse_cm,790BHFL31,977779,D,BHFL-7.90%-12-05-31-PVT,790BHFL31,1,0.01,790BHFL31
BSE,bse_cm,8KMPL31,977780,D,KMPL-8%-16-04-31-PVT,8KMPL31,1,0.01,8KMPL31
BSE,bse_cm,8BFL31,977781,D,BFL-8%-12-5-31-PVT,8BFL31,1,0.01,8BFL31
BSE,bse_cm,1075NFL028,977782,D,NFL-10.75%-13-11-28-PVT,1075NFL028,1,0.01,1075NFL028
BSE,bse_cm,ZC360AAM29,977783,D,360OAAML-ZC-11-5-29-PVT,ZC360AAM29,1,0.01,ZC360AAM29
BSE,bse_cm,11RDCL28,977784,D,RDCL-11%-13-11-28-PVT,11RDCL28,1,0.01,11RDCL28
BSE,bse_cm,860IKFL28,977785,D,IKFFL-8.60%-13-11-28-PVT,860IKFL28,1,0.01,860IKFL28
BSE,bse_cm,90733NWI28,977786,D,NWIL-9.0733%-13-11-28-PVT,90733NWI28,1,0.01,90733NWI28
BSE,bse_cm,930HLFL32,977787,D,HLFL-9.30%-14-12-32-PVT,930HLFL32,1,0.01,930HLFL32
BSE,bse_cm,1133FFSL28,977788,D,FFSL-11.33%-13-8-28-PVT,1133FFSL28,1,0.01,1133FFSL28
BSE,bse_cm,774NBFID36,977789,D,NBFID-7.74%-14-5-36-PVT,774NBFID36,1,0.01,774NBFID36
BSE,bse_cm,760KVTL27,977790,D,KVTL-7.60%-30-6-27-PVT,760KVTL27,1,0.01,760KVTL27
BSE,bse_cm,774KVTL28,977791,D,KVTL-7.74%-31-3-28-PVT,774KVTL28,1,0.01,774KVTL28
BSE,bse_cm,8KVTL29,977792,D,KVTL-8%-31-3-29-PVT,8KVTL29,1,0.01,8KVTL29
BSE,bse_cm,815KVTL30,977793,D,KVTL-8.15%-31-3-30-PVT,815KVTL30,1,0.01,815KVTL30
BSE,bse_cm,84KVTL31,977794,D,KVTL-8.4%-31-3-31-PVT,84KVTL31,1,0.01,84KVTL31
BSE,bse_cm,855KVTL44,977795,D,KVTL-8.55%-RESET RATE-31-12-20,855KVTL44,1,0.01,855KVTL44
BSE,bse_cm,856KVTL45,977796,D,KVTL-8.56%-31-12-45-PVT,856KVTL45,1,0.01,856KVTL45
BSE,bse_cm,1240SRFC29,977797,D,SRFCPL-12.40%-17-4-29-UL-PVT,1240SRFC29,1,0.01,1240SRFC29
BSE,bse_cm,783BHFL29,977798,D,BHFL-7.83%-18-05-29-PVT,783BHFL29,1,0.01,783BHFL29
BSE,bse_cm,HFSL180526,977799,D,HFSL-3M TBILL+SPREAD-18-5-29-P,HFSL180526,1,0.01,HFSL180526
BSE,bse_cm,MMFSL19526,977800,D,MMFSL-3MTBILL+2.10%SPREAD-18-5,MMFSL19526,1,0.01,MMFSL19526
BSE,bse_cm,930MML2028,977801,D,MML-9.30%-20-11-28-PVT,930MML2028,1,0.01,930MML2028
BSE,bse_cm,990MFSL31,977802,D,MFSL-9.90%-20-05-31-PVT,990MFSL31,1,0.01,990MFSL31
BSE,bse_cm,975IML28,977803,D,IML-9.75%-30-3-28-PVT,975IML28,1,0.01,975IML28
BSE,bse_cm,890NWIL28,977804,D,NWIL-8.90%-15-3-28-PVT,890NWIL28,1,0.01,890NWIL28
BSE,bse_cm,IHFCL21526,977805,D,IHFCL-RESET RATE-21-05-29-PVT,IHFCL21526,1,0.01,IHFCL21526
BSE,bse_cm,13UCIL2028,977806,D,UCIL-13%-20-5-28-PVT,13UCIL2028,1,0.01,13UCIL2028
BSE,bse_cm,11CSLFL28,977807,D,CSLFL-11%-21-05-28-PVT,11CSLFL28,1,0.01,11CSLFL28
BSE,bse_cm,1175MCF28,977808,D,MCFL-11.75%-20-2-28-PVT,1175MCF28,1,0.01,1175MCF28
BSE,bse_cm,8KPL2030,977809,D,KPL-8%-31-5-30-PVT,8KPL2030,1,0.01,8KPL2030
BSE,bse_cm,808BFL36,977810,D,BFL-8.08%-20-5-36-PVT,808BFL36,1,0.01,808BFL36
BSE,bse_cm,1050GFL28A,977811,D,GFL-10.50%-26-5-28-PVT,1050GFL28A,1,0.01,1050GFL28A
BSE,bse_cm,1325DKG29,977812,D,DKGFSL-13.25%-19-05-29-PVT,1325DKG29,1,0.01,1325DKG29
BSE,bse_cm,MRHF22526,977813,D,MRHFL-TBILL+SPREAD-22-5-29-PVT,MRHF22526,1,0.01,MRHF22526
BSE,bse_cm,IFSL20526,977814,D,IFSL-NIFTY 50-14-05-29-PVT,IFSL20526,1,0.01,IFSL20526
BSE,bse_cm,975UCL2027,977815,D,UCL-9.75%-26-11-27-PVT,975UCL2027,1,0.01,975UCL2027
BSE,bse_cm,1240PFSP30,977816,D,PFSPL-12.4%-26-4-30-PVT,1240PFSP30,1,0.01,1240PFSP30
BSE,bse_cm,1280SCNL33,977817,D,SCNL-12.80%-26-5-33-PVT,1280SCNL33,1,0.01,1280SCNL33
BSE,bse_cm,1120MFIL29,977818,D,MFIL-11.20%-26-11-29-PVT,1120MFIL29,1,0.01,1120MFIL29
BSE,bse_cm,1075AML33,977819,D,AML-10.75%-26-5-33-PVT,1075AML33,1,0.01,1075AML33
BSE,bse_cm,828KMPL31,977820,D,KMPL-8.28%-20-6-31-PVT,828KMPL31,1,0.01,828KMPL31
BSE,bse_cm,NWIL26526,977821,D,NWIL-NIFTY 50-28-04-36-PVT,NWIL26526,1,0.01,NWIL26526
BSE,bse_cm,890IFSL28A,977822,D,IFSL-8.90%-17-03-28-PVT,890IFSL28A,1,0.01,890IFSL28A
BSE,bse_cm,FCPL27526,977823,D,FCPL-REPO RATE+SPREAD-20-11-29,FCPL27526,1,0.01,FCPL27526
BSE,bse_cm,825BHFL31,977824,D,BHFL-8.25%-27-05-31-PVT,825BHFL31,1,0.01,825BHFL31
BSE,bse_cm,767NHPCL34,977825,D,NHPCL-7.67%-29-5-34-PVT,767NHPCL34,1,0.01,767NHPCL34
BSE,bse_cm,767NHPCL37,977826,D,NHPCL-7.67%-29-5-37-PVT,767NHPCL37,1,0.01,767NHPCL37
BSE,bse_cm,767NHPCL32,977827,D,NHPCL-7.67%-29-5-32-PVT,767NHPCL32,1,0.01,767NHPCL32
BSE,bse_cm,767NHPCL33,977828,D,NHPCL-7.67%-27-5-33-PVT,767NHPCL33,1,0.01,767NHPCL33
BSE,bse_cm,767NHPCL35,977829,D,NHPCL-7.67%-29-5-35-PVT,767NHPCL35,1,0.01,767NHPCL35
BSE,bse_cm,767NHPCL39,977830,D,NHPCL-7.67%-27-5-39-PVT,767NHPCL39,1,0.01,767NHPCL39
BSE,bse_cm,767NHPCL40,977831,D,NHPCL-7.67%-29-5-40-PVT,767NHPCL40,1,0.01,767NHPCL40
BSE,bse_cm,767NHPCL41,977832,D,NHPCL-7.67%-29-5-41-PVT,767NHPCL41,1,0.01,767NHPCL41
BSE,bse_cm,767NHPCL38,977833,D,NHPCL-7.67%-29-5-38-PVT,767NHPCL38,1,0.01,767NHPCL38
BSE,bse_cm,767NHPCL36,977834,D,NHPCL-7.67%-29-5-36-PVT,767NHPCL36,1,0.01,767NHPCL36
BSE,bse_cm,1150NFL31,977835,D,NFL-11.50%-28-11-31-PVT,1150NFL31,1,0.01,1150NFL31
BSE,bse_cm,975GRNGR29,977836,D,GRANGER-9.75%-20-4-29-PTC,975GRNGR29,1,0.01,975GRNGR29
BSE,bse_cm,1050ESP28A,977837,D,ESSPL-10.50%-09-08-28-PVT,1050ESP28A,1,0.01,1050ESP28A
BSE,bse_cm,OPL29526,977838,D,OPL-3M TBILL+SPREAD-25-7-28-PV,OPL29526,1,0.01,OPL29526
BSE,bse_cm,1065MML28,977839,D,MML-10.65%-01-06-28-PVT,1065MML28,1,0.01,1065MML28
BSE,bse_cm,IFSL260526,977840,D,IFSL-NIFTY 50-29-7-27-PVT,IFSL260526,1,0.01,IFSL260526
BSE,bse_cm,0MCHPP30,977841,D,MCHPP-ZC-15-12-30-PVT,0MCHPP30,1,0.01,0MCHPP30
BSE,bse_cm,910AML2028,977842,D,AML-9.10%-02-06-28-PVT,910AML2028,1,0.01,910AML2028
BSE,bse_cm,15RFL28,977843,D,RFL-15%-1-1-28-PVT,15RFL28,1,0.01,15RFL28
BSE,bse_cm,18RTHPL30,977844,D,RTHPL-18%-01-06-30-PVT,18RTHPL30,1,0.01,18RTHPL30
BSE,bse_cm,9IFSL2028,977845,D,IFSL-9%-05-12-28-PVT,9IFSL2028,1,0.01,9IFSL2028
BSE,bse_cm,12KFL2028,977846,D,KFL-12%-4-9-28-PVT,12KFL2028,1,0.01,12KFL2028
BSE,bse_cm,950MGIL36,977847,D,MGIL-9.50%-3-6-36-PVT,950MGIL36,1,0.01,950MGIL36
BSE,bse_cm,9506CFSL31,977848,D,CFSL-9.5060%-4-6-31-PVT,9506CFSL31,1,0.01,9506CFSL31
BSE,bse_cm,825ABHFL31,977849,D,ABHFL-8.25%-5-6-31-PVT,825ABHFL31,1,0.01,825ABHFL31
BSE,bse_cm,822ABHFL29,977850,D,ABHFL-8.22%-5-6-29-PVT,822ABHFL29,1,0.01,822ABHFL29
BSE,bse_cm,12MML27A,977851,D,MML-12%-5-9-27-PVT,12MML27A,1,0.01,12MML27A
BSE,bse_cm,1205ACAP29,977852,D,ACAP-12.05%-5-6-29-PVT,1205ACAP29,1,0.01,1205ACAP29
BSE,bse_cm,828HFSL31,977853,D,HFSL-8.2845%-4-6-31-PVT,828HFSL31,1,0.01,828HFSL31
BSE,bse_cm,11RDCL2028,977854,D,RDCL-11%-8-12-28-PVT,11RDCL2028,1,0.01,11RDCL2028
BSE,bse_cm,1225IML32,977855,D,IML-12.25%-9-6-32-PVT,1225IML32,1,0.01,1225IML32
BSE,bse_cm,738RECL29,977856,D,RECL-7.38%-28-2-29-PVT,738RECL29,1,0.01,738RECL29
BSE,bse_cm,11MGFL027,977857,D,MGFL-11%-12-9-27-PVT,11MGFL027,1,0.01,11MGFL027
BSE,bse_cm,12NGCPL27A,977858,D,NGCPL-12%-9-12-27-PVT,12NGCPL27A,1,0.01,12NGCPL27A
BSE,bse_cm,10DCAL2027,977859,D,DCAL-10%-09-12-27-PVT,10DCAL2027,1,0.01,10DCAL2027
BSE,bse_cm,823HFSL29,977860,D,HFSL-8.2301%-5-7-29-PVT,823HFSL29,1,0.01,823HFSL29
BSE,bse_cm,1075SF2028,977861,D,SFL-10.75%-10-6-28-PVT,1075SF2028,1,0.01,1075SF2028
BSE,bse_cm,RRAFL29,977862,D,AFL-RESET RATE-11-01-29-PVT,RRAFL29,1,0.01,RRAFL29
BSE,bse_cm,RRAIPL31,977863,D,AIPL-RESET RATE-31-3-31-PVT,RRAIPL31,1,0.01,RRAIPL31
BSE,bse_cm,RRCAGL28,977864,D,CAGL-RESET RATE-12-06-28-PVT,RRCAGL28,1,0.01,RRCAGL28
BSE,bse_cm,12ACAPL028,977865,D,ACAPL-12%-12-6-28-PVT,12ACAPL028,1,0.01,12ACAPL028
BSE,bse_cm,793BFL29,977866,D,BFL-7.93%-12-6-29-PVT,793BFL29,1,0.01,793BFL29
BSE,bse_cm,797KMPL29,977867,D,KMPL-7.97%-24-8-29-PVT,797KMPL29,1,0.01,797KMPL29
BSE,bse_cm,1030NFL028,977868,D,NFL-10.30%-31-3-28-PVT,1030NFL028,1,0.01,1030NFL028
BSE,bse_cm,1075NFL29,977869,D,NFL-10.75%-31-8-29-PVT,1075NFL29,1,0.01,1075NFL29
BSE,bse_cm,737NBFID29,977870,D,NBFID-7.37%-16-7-29-PVT,737NBFID29,1,0.01,737NBFID29
BSE,bse_cm,766NBFID36,977871,D,NBFID-7.66%-16-6-36-PVT,766NBFID36,1,0.01,766NBFID36
BSE,bse_cm,826ABCL31,977872,D,ABCL-8.26%-16-6-31-PVT,826ABCL31,1,0.01,826ABCL31
BSE,bse_cm,880IFSL28,977873,D,IFSL-8.8%-12-6-28-PVT,880IFSL28,1,0.01,880IFSL28
BSE,bse_cm,MCIBP15626,977874,D,MCIBP-NIFTY 150-14-6-29-PVT,MCIBP15626,1,0.01,MCIBP15626
BSE,bse_cm,MCIB15626,977875,D,MCIB-NIFTY 150-14-6-29-PVT,MCIB15626,1,0.01,MCIB15626
BSE,bse_cm,815JCL31,977876,D,JCL-8.15%-16-6-31-PVT,815JCL31,1,0.01,815JCL31
BSE,bse_cm,1133FFS28,977877,D,FFSL-11.33%-16-6-28-PVT,1133FFS28,1,0.01,1133FFS28
BSE,bse_cm,18MVL31,977878,D,MVL-18%-31-3-31-PVT,18MVL31,1,0.01,18MVL31
BSE,bse_cm,1170MGFL29,977879,D,MGFL-11.70%-15-6-29-PVT,1170MGFL29,1,0.01,1170MGFL29
BSE,bse_cm,0ANSPL28,977880,D,ANSPL-ZC-17-06-28-PVT,0ANSPL28,1,0.01,0ANSPL28
BSE,bse_cm,746RECL36,977881,D,RECL-7.46%-1-7-36-PVT,746RECL36,1,0.01,746RECL36
BSE,bse_cm,1215NCPL27,977882,D,NCPL-12.15%-18-12-27-PVT,1215NCPL27,1,0.01,1215NCPL27
BSE,bse_cm,790MMFSL29,977883,D,MMFSL-7.90%-18-06-29-PVT,790MMFSL29,1,0.01,790MMFSL29
BSE,bse_cm,723HUDCL29,977884,D,HUDCL-7.23%-18-7-29-PVT,723HUDCL29,1,0.01,723HUDCL29
BSE,bse_cm,AHFL18626,977885,D,AHFL-3M TBILL+SPREAD-3-8-29-PV,AHFL18626,1,0.01,AHFL18626
BSE,bse_cm,1115CWC28,977886,D,CWC-11.15%-19-6-28-PVT,1115CWC28,1,0.01,1115CWC28
BSE,bse_cm,RRVFSPL33A,977887,D,VFSPL-RESET RATE-18-06-33-PVT,RRVFSPL33A,1,0.01,RRVFSPL33A
BSE,bse_cm,75397KRT29,977888,D,KRT-7.5397%-21-2-29-REIT,75397KRT29,1,0.01,75397KRT29
BSE,bse_cm,805MRHFL31,977889,D,MRHFL-8.05%-19-06-31-PVT,805MRHFL31,1,0.01,805MRHFL31
BSE,bse_cm,922NWFL28,977890,D,NWFL-9.22%-20-11-28-PVT,922NWFL28,1,0.01,922NWFL28
BSE,bse_cm,1440AFIL27,977891,D,AFIL-14.40%-30-6-27-PVT,1440AFIL27,1,0.01,1440AFIL27
BSE,bse_cm,1370MFSPL27,977892,D,MFSPL-13.70%-19-7-27-PVT,1370MFSPL27,1,0.01,1370MFSPL27
BSE,bse_cm,915OPL29,977893,D,OPL-9.15%-19-6-29-PVT,915OPL29,1,0.01,915OPL29
BSE,bse_cm,13RFL28,977894,D,RFL-13%-19-12-28-PVT,13RFL28,1,0.01,13RFL28
BSE,bse_cm,1060RAKC29,977895,D,RAKCIPL-10.60%-19-06-29-PVT,1060RAKC29,1,0.01,1060RAKC29
BSE,bse_cm,NWFL19626,977896,D,NWFL-NIFTY MIDCAP-18-12-29-PVT,NWFL19626,1,0.01,NWFL19626
BSE,bse_cm,925CAGL28,977897,D,CAGL-9.25%-26-6-28-PVT,925CAGL28,1,0.01,925CAGL28
BSE,bse_cm,734IREDA29,977898,D,IREDAL-7.34%-30-6-29-PVT,734IREDA29,1,0.01,734IREDA29
BSE,bse_cm,792IIL31,977899,D,IIL-7.92%-23-12-31-PVT,792IIL31,1,0.01,792IIL31
BSE,bse_cm,87MFSL28,977900,D,MFSL-8.7%-24-6-28-PVT,87MFSL28,1,0.01,87MFSL28
BSE,bse_cm,749EOPR29,977901,D,EOPR-7.49%-22-6-29-REIT,749EOPR29,1,0.01,749EOPR29
BSE,bse_cm,103EEL29,977902,D,EEL-10.3%-24-4-29-PVT,103EEL29,1,0.01,103EEL29
BSE,bse_cm,1025MHFC29,977903,D,MHFC-10.25%-23-6-29-PVT,1025MHFC29,1,0.01,1025MHFC29
BSE,bse_cm,985OFSL29,977904,D,OFSL-9.85%-24-06-29-PVT,985OFSL29,1,0.01,985OFSL29
BSE,bse_cm,895CFSL28,977905,D,CFSL-8.95%-22-6-28-PVT,895CFSL28,1,0.01,895CFSL28
BSE,bse_cm,NWFL230626,977906,D,NWFL-NIFTY 50 INDEX-23-5-36-PV,NWFL230626,1,0.01,NWFL230626
BSE,bse_cm,1030ESPL29,977907,D,ESPL-10.30%-7-6-29-PVT,1030ESPL29,1,0.01,1030ESPL29
BSE,bse_cm,TFL250626,977908,D,TFL-3M TBILL+SPREAD-25-6-29-PV,TFL250626,1,0.01,TFL250626
BSE,bse_cm,1033KSL27,977909,D,KSL-10.33%-24-12-27-PVT,1033KSL27,1,0.01,1033KSL27
BSE,bse_cm,1025MFL031,977910,D,MFL-10.25%-24-12-31-PVT,1025MFL031,1,0.01,1025MFL031
BSE,bse_cm,792BFL31,977911,D,BFL-7.92%-24-06-31-PVT,792BFL31,1,0.01,792BFL31
BSE,bse_cm,1049AFL31,977912,D,AFL-10.49%-25-06-31-PVT,1049AFL31,1,0.01,1049AFL31
BSE,bse_cm,0MCIBPL280M,977913,D,MCIBPL-ZC-28-06-28-PVT,0MCIBPL280M,1,0.01,0MCIBPL280M
BSE,bse_cm,105GFL28,977914,D,GFL-10.50%-29-6-28-PVT,105GFL28,1,0.01,105GFL28
BSE,bse_cm,105GFL2028,977915,D,GFL-10.50%-29-9-28-PVT,105GFL2028,1,0.01,105GFL2028
BSE,bse_cm,1015MHFCL27,977916,D,MHFCL-10.15%-29-12-27-PVT,1015MHFCL27,1,0.01,1015MHFCL27
BSE,bse_cm,73925CHT38,977917,D,CHT-7.3925%-31-3-38-INVIT,73925CHT38,1,0.01,73925CHT38
BSE,bse_cm,0ABCL31,977918,D,ABCL-ZC-25-6-31-PVT,0ABCL31,1,0.01,0ABCL31
BSE,bse_cm,890VFL28,977919,D,VFL-8.90%-29-6-28-PVT,890VFL28,1,0.01,890VFL28
BSE,bse_cm,905VFL29,977920,D,VFL-9.05%-29-6-29-PVT,905VFL29,1,0.01,905VFL29
BSE,bse_cm,MFIL290626,977921,D,MFIL-REPO RATE+SPREAD-29-9-31-,MFIL290626,1,0.01,MFIL290626
BSE,bse_cm,1050HFL30A,977922,D,HFL-10.50%-25-3-30-PVT,1050HFL30A,1,0.01,1050HFL30A
BSE,bse_cm,11HFL31B,977923,D,HFL-11%-25-12-31-PVT,11HFL31B,1,0.01,11HFL31B
BSE,bse_cm,1048NHFL27,977924,D,NHFL-10.48%-26-6-27-PVT,1048NHFL27,1,0.01,1048NHFL27
BSE,bse_cm,1155FFSL29,977925,D,FFSL-11.55%-17-4-29-PVT,1155FFSL29,1,0.01,1155FFSL29
BSE,bse_cm,MFSL300626,977926,D,MFSL-IDFC FIRST Bank Rate+Spre,MFSL300626,1,0.01,MFSL300626
BSE,bse_cm,1215NCPL28,977927,D,NGCPL-12.15%-23-12-28-PVT,1215NCPL28,1,0.01,1215NCPL28
BSE,bse_cm,717RECL31,977928,D,RECL-7.17%-1-7-31-PVT,717RECL31,1,0.01,717RECL31
BSE,bse_cm,925MCSL28,977929,D,MCSL-9.25%-30-6-28-PVT,925MCSL28,1,0.01,925MCSL28
BSE,bse_cm,890AFSL28,977930,D,AFSL-8.90%-29-12-28-PVT,890AFSL28,1,0.01,890AFSL28
BSE,bse_cm,764BHFL30,977931,D,BHFL-7.64%-1-7-30-PVT,764BHFL30,1,0.01,764BHFL30
BSE,bse_cm,12BCSL27,977932,D,BCSL-12%-30-09-27-PVT,12BCSL27,1,0.01,12BCSL27
BSE,bse_cm,1250BCSL28,977933,D,BCSL-12.50%-30-09-28-PVT,1250BCSL28,1,0.01,1250BCSL28
BSE,bse_cm,1275BCSL29,977934,D,BCSL-12.75%-30-06-29-PVT,1275BCSL29,1,0.01,1275BCSL29
BSE,bse_cm,1440MFSP27,977935,D,MFSP-14.40%-1-10-27-PVT,1440MFSP27,1,0.01,1440MFSP27
BSE,bse_cm,865APTCS28,977936,D,APTCSG1-8.65%-20-10-28-PTC,865APTCS28,100000,0.01,865APTCS28
BSE,bse_cm,957APTCS28,977937,D,APTCSG1-9.57%-20-10-28-PTC,957APTCS28,100000,0.01,957APTCS28
BSE,bse_cm,1026AT2629,977938,D,AT2629-10.26%-29-11-29-PTC,1026AT2629,100000,0.01,1026AT2629
BSE,bse_cm,78998HFS29,977939,D,HFSL-7.8998%-4-6-29-PVT,78998HFS29,1,0.01,78998HFS29
BSE,bse_cm,97VCL27,977940,D,VCL-9.70%-29-10-27-PVT,97VCL27,1,0.01,97VCL27
BSE,bse_cm,99VCL28,977941,D,VCL-9.90%-28-7-28-PVT,99VCL28,1,0.01,99VCL28
BSE,bse_cm,125RIST233,977942,D,RIST2-12.5%-23-5-33-PTC,125RIST233,1,0.01,125RIST233
BSE,bse_cm,1250RST233,977943,D,RST2-12.50%-23-5-33-PTC,1250RST233,1,0.01,1250RST233
BSE,bse_cm,895VFIPL28,977944,D,VFIPL-8.95%-3-7-28-PVT,895VFIPL28,1,0.01,895VFIPL28
BSE,bse_cm,895VFIPL29,977945,D,VFIPL-8.95%-3-1-29-PVT,895VFIPL29,1,0.01,895VFIPL29
BSE,bse_cm,895VFPL29,977946,D,VFPL-8.95%-3-7-29-PVT,895VFPL29,1,0.01,895VFPL29
BSE,bse_cm,8056PFL28,977947,D,PFL-8.056%-30-10-28-PVT,8056PFL28,1,0.01,8056PFL28
BSE,bse_cm,1026MFL031,977948,D,MFL-10.26%-31-12-31-PVT,1026MFL031,1,0.01,1026MFL031
BSE,bse_cm,781AFL29,977949,D,AFL-7.81%-3-8-29-PVT,781AFL29,1,0.01,781AFL29
BSE,bse_cm,779BFL36,977950,D,BFL-7.79%-4-7-36-PVT,779BFL36,1,0.01,779BFL36
BSE,bse_cm,770BFL29,977951,D,BFL-7.70%-20-9-29-PVT,770BFL29,1,0.01,770BFL29
BSE,bse_cm,753BHFL29,977952,D,BHFL-7.53%-28-9-29-PVT,753BHFL29,1,0.01,753BHFL29
BSE,bse_cm,725IIFCL31,977953,D,IIFCL-7.25%-09-06-31-PVT,725IIFCL31,1,0.01,725IIFCL31
BSE,bse_cm,778JCL29,977954,D,JCL-7.78%-7-7-29-PVT,778JCL29,1,0.01,778JCL29
BSE,bse_cm,1050SISL27,977955,D,SISL-10.50%-10-10-27-PVT,1050SISL27,1,0.01,1050SISL27
BSE,bse_cm,1048NHF27,977956,D,NHFL-10.48%-08-07-27-PVT,1048NHF27,1,0.01,1048NHF27
BSE,bse_cm,NWFL060726,977957,D,NWFL-NIFTY 50-4-1-30-PVT,NWFL060726,1,0.01,NWFL060726
BSE,bse_cm,142CIPL28,977958,D,CIPL-14.2%-8-8-28-PVT,142CIPL28,1,0.01,142CIPL28
BSE,bse_cm,91SKFL28,977959,D,SKFL-9.1%-9-7-28-PVT,91SKFL28,1,0.01,91SKFL28
BSE,bse_cm,77861HDB36,977960,D,HDBFSL-7.7861%-4-7-36-PVT,77861HDB36,1,0.01,77861HDB36
BSE,bse_cm,MFSL090726,977961,D,MFSL-3 Month T-Bills+Spread-12,MFSL090726,1,0.01,MFSL090726
BSE,bse_cm,1250ICLF27,977962,D,ICLFL-12.50%-09-08-27-PVT,1250ICLF27,1,0.01,1250ICLF27
BSE,bse_cm,780SFL29,977963,D,SFL-7.80%-7-9-29-PVT,780SFL29,1,0.01,780SFL29
BSE,bse_cm,99SRFCPL28,977964,D,SRFCPL-9.9%-12-8-28-PVT,99SRFCPL28,1,0.01,99SRFCPL28
BSE,bse_cm,11SCCSPL28,977965,D,SCCSPL-11%-13-7-28-PVT,11SCCSPL28,1,0.01,11SCCSPL28
BSE,bse_cm,890V019T35,977966,D,V019T-8.90%-20-11-35-PTC,890V019T35,1,0.01,890V019T35
BSE,bse_cm,750TPCL31,977967,D,TPCL-7.50%-14-7-31-PVT,750TPCL31,1,0.01,750TPCL31
BSE,bse_cm,810MCFPL31,977968,D,MCFPL-8.10%-14-7-31-PVT,810MCFPL31,1,0.01,810MCFPL31
BSE,bse_cm,RRWEPL29,977969,D,WEPL-RR-15-1-29-PVT,RRWEPL29,1,0.01,RRWEPL29
BSE,bse_cm,925SKFL29,977970,D,SKFL-9.25%-16-7-29-PVT,925SKFL29,1,0.01,925SKFL29
BSE,bse_cm,112RST1227,977971,D,RST12-11.26%-19-7-27-PTC,112RST1227,1,0.01,112RST1227
BSE,bse_cm,127RST1227,977972,D,RST12-12.75%-19-7-27-PTC,127RST1227,1,0.01,127RST1227
BSE,bse_cm,910NWFL29,977973,D,NWFL-9.10%-15-1-29-PVT,910NWFL29,1,0.01,910NWFL29
BSE,bse_cm,814PFL29,977974,D,PFL-8.14%-26-09-29-PVT,814PFL29,1,0.01,814PFL29
BSE,bse_cm,RRIHFC29,977975,D,IHFC-3M TBILLS+SPREAD-16-7-29-,RRIHFC29,1,0.01,RRIHFC29
BSE,bse_cm,7832HFSL31,977976,D,HFSL-7.83%-4-7-31-PVT,7832HFSL31,1,0.01,7832HFSL31
BSE,bse_cm,730RL31,977977,D,RECL-7.30%-01-07-31-PVT,730RL31,1,0.01,730RL31
BSE,bse_cm,RRAHFL31,977978,D,AHFL-3M MIBOR OIS+SPREAD-15-7-,RRAHFL31,1,0.01,RRAHFL31
BSE,bse_cm,0EFCL2029,977979,D,EFCL-ZC-19-10-29-PVT,0EFCL2029,1,0.01,0EFCL2029
BSE,bse_cm,910IFSL29,977980,D,IFSL-9.1%-16-7-29-PVT,910IFSL29,1,0.01,910IFSL29
BSE,bse_cm,885ABDFV29,977981,D,ABDFV-8.85%-20-9-29-PVT,885ABDFV29,1,0.01,885ABDFV29
BSE,bse_cm,9ABDFVL29,977982,D,ABDFVL-9%-20-7-29-PVT,9ABDFVL29,1,0.01,9ABDFVL29
BSE,bse_cm,1075MFL28,977983,D,MFL-10.75%-21-7-28-PVT,1075MFL28,1,0.01,1075MFL28
BSE,bse_cm,10MGFL27A,977984,D,MGFL-10%-21-10-27-PVT,10MGFL27A,1,0.01,10MGFL27A
BSE,bse_cm,905HLFL36,977985,D,HLFL-9.05%-21-7-36-PVT,905HLFL36,1,0.01,905HLFL36
BSE,bse_cm,1370MFSP27,977986,D,MFSPL-13.70%-30-09-27-PVT,1370MFSP27,1,0.01,1370MFSP27
BSE,bse_cm,1125EFL32,977987,D,EFL-11.25%-22-1-32-PVT,1125EFL32,1,0.01,1125EFL32
BSE,bse_cm,96738AML27,977988,D,AML-9.6738%-30-12-27-PVT,96738AML27,1,0.01,96738AML27
BSE,bse_cm,880LGS2529,977989,D,LGS25-8.80%-20-10-29-PTC,880LGS2529,100000,0.01,880LGS2529
BSE,bse_cm,1025LGS2529,977990,D,LGS25-10.25%-20-10-29-PTC,1025LGS2529,100000,0.01,1025LGS2529
BSE,bse_cm,14RFL027,977991,D,RFL-14%-28-7-27-PVT,14RFL027,1,0.01,14RFL027
BSE,bse_cm,1090SFL28,977992,D,SFL-10.90%-26-4-28-PVT,1090SFL28,1,0.01,1090SFL28
BSE,bse_cm,9MFSL28,977993,D,MFSL-9%-18-12-28-PVT,9MFSL28,1,0.01,9MFSL28
BSE,bse_cm,12BCSL2027,977994,D,BCSL-12%-24-10-27-PVT,12BCSL2027,1,0.01,12BCSL2027
BSE,bse_cm,1225BCSL28,977995,D,BCSL-12.25%-24-10-28-PVT,1225BCSL28,1,0.01,1225BCSL28
BSE,bse_cm,1250BCS29,977996,D,BCSL-12.50%-24-07-29-PVT,1250BCS29,1,0.01,1250BCS29
BSE,bse_cm,950OFSL29,977997,D,OFSL-9.50%-15-7-29-PVT,950OFSL29,1,0.01,950OFSL29
BSE,bse_cm,1175AFI29,977998,D,AFIL-11.75%-24-7-29-PVT,1175AFI29,1,0.01,1175AFI29
BSE,bse_cm,12AFIL2031,977999,D,AFIL-12%-24-7-31-PVT,12AFIL2031,1,0.01,12AFIL2031
BSE,bse_cm,1250AFI30,978000,D,AFIL-12.50%-24-7-30-PVT,1250AFI30,1,0.01,1250AFI30
BSE,bse_cm,9IKFL29,978001,D,IKFL-9%-27-7-29-PVT,9IKFL29,1,0.01,9IKFL29
BSE,bse_cm,1275AFI32,978002,D,AFIL-12.75%-24-7-32-PVT,1275AFI32,1,0.01,1275AFI32
BSE,bse_cm,915ISFL29,978003,D,ISFL-9.15%-27-7-29-PVT,915ISFL29,1,0.01,915ISFL29
BSE,bse_cm,905ISFL28,978004,D,ISFL-9.05%-27-7-28-PVT,905ISFL28,1,0.01,905ISFL28
BSE,bse_cm,88AFSL27,978005,D,AFSL-8.8%-28-10-27-PVT,88AFSL27,1,0.01,88AFSL27
BSE,bse_cm,1025MHF29A,978006,D,MHFCL-10.25%-28-7-29-PVT,1025MHF29A,1,0.01,1025MHF29A
BSE,bse_cm,12UCIL28,978007,D,UCIL-12%-28-01-28-PVT,12UCIL28,1,0.01,12UCIL28
BSE,bse_cm,815GHFL28,978009,D,GHFL-8.15%-28-1-28-PVT,815GHFL28,1,0.01,815GHFL28
BSE,bse_cm,1095SFL28,978010,D,SFL-10.95%-29-6-28-PVT,1095SFL28,1,0.01,1095SFL28
BSE,bse_cm,1190PFL28,978011,D,PFL-11.90%-5-12-28-PVT,1190PFL28,1,0.01,1190PFL28
BSE,bse_cm,IVZGOLDINAV,199017,E,INAV INVESCIndGolxchanger,IVZGOLDINAV,1,0.01,IVZGOLDINAV
BSE,bse_cm,HDFCETFINAV,199018,E,INAVHDFCMUTUAL-HDFC GOLD E,HDFCETFINAV,1,0.01,HDFCETFINAV
BSE,bse_cm,ICICIGDINAV,199019,E,INAVICICI Prudential Gold ETF,ICICIGDINAV,1,0.01,ICICIGDINAV
BSE,bse_cm,MON100INAV,199020,E,INAVMOTILALOSWALMOSTSHARNASD,MON100INAV,1,0.01,MON100INAV
BSE,bse_cm,BSLGOLDINAV,199021,E,INAVAdityaBirlaSunLifMutual,BSLGOLDINAV,1,0.01,BSLGOLDINAV
BSE,bse_cm,AXISGOLDINV,199022,E,INAVAXIS MUTUAL AXIS GOLD E,AXISGOLDINV,1,0.01,AXISGOLDINV
BSE,bse_cm,IDBIGDINAV,199023,E,INAVIDBI MUTUAL - IDBI GOLD E,IDBIGDINAV,1,0.01,IDBIGDINAV
BSE,bse_cm,ICICISINAV,199024,E,INAVICICI PrudentiMutual Fund,ICICISINAV,1,0.01,ICICISINAV
BSE,bse_cm,GOLDBSINAV,199025,E,INAVNIPPON INDI ETFGOLDBEES,GOLDBSINAV,1,0.01,GOLDBSINAV
BSE,bse_cm,KOTAKGDINAV,199026,E,INAVKOTAK MAHINDRA MUTUAL,KOTAKGDINAV,1,0.01,KOTAKGDINAV
BSE,bse_cm,SBIGETSINAV,199027,E,INAVSBI MUTUAL GOLD EXC,SBIGETSINAV,1,0.01,SBIGETSINAV
BSE,bse_cm,QGOLDLFINV,199028,E,INAVQUANTUM GOLDEXCHANGE T,QGOLDLFINV,1,0.01,QGOLDLFINV
BSE,bse_cm,GOLDSHAINV,199029,E,INAVUTI  GOLD EXC,GOLDSHAINV,1,0.01,GOLDSHAINV
BSE,bse_cm,HNGSNGINAV,199030,E,INAVNIPPONETF HANG SENG BEE,HNGSNGINAV,1,0.01,HNGSNGINAV
BSE,bse_cm,SILVERINAV,199031,E,INAVAditya BirSunLifeMutual,SILVERINAV,1,0.01,SILVERINAV
BSE,bse_cm,KTKSENSINAV,199032,E,INAV KOTAK SENSEX ETF,KTKSENSINAV,1,0.01,KTKSENSINAV
BSE,bse_cm,SBISENSINAV,199033,E,INAV- SBI ETF SENS,SBISENSINAV,1,0.01,SBISENSINAV
BSE,bse_cm,MOM100INAV,199034,E,INAV - Motilal Oswal MOSt S,MOM100INAV,1,0.01,MOM100INAV
BSE,bse_cm,ICICINIINAV,199035,E,INAV ICICIPrudential Nifty,ICICINIINAV,1,0.01,ICICINIINAV
BSE,bse_cm,ICICINFINAV,199036,E,INAV ICICI PrudentialNift,ICICINFINAV,1,0.01,ICICINFINAV
BSE,bse_cm,NIF100BINAV,199037,E,INAV NIPPON INDIA ETF NIFTY,NIF100BINAV,1,0.01,NIF100BINAV
BSE,bse_cm,KOTAKNIINAV,199038,E,INAV  - Kotak Nifty ETF,KOTAKNIINAV,1,0.01,KOTAKNIINAV
BSE,bse_cm,CPSEETFINAV,199039,E,INAV- CPSE ETF,CPSEETFINAV,1,0.01,CPSEETFINAV
BSE,bse_cm,SENSEXBINAV,199040,E,INAV NIPPO INDIA ETF SENSE,SENSEXBINAV,1,0.01,SENSEXBINAV
BSE,bse_cm,SETFBSEINAV,199041,E,INAV - SBI ETF BSE 100,SETFBSEINAV,1,0.01,SETFBSEINAV
BSE,bse_cm,UTISENSINAV,199042,E,INAV UTI- SENSEX ETF,UTISENSINAV,1,0.01,UTISENSINAV
BSE,bse_cm,UTINIFTINAV,199043,E,INAV UTI NIFTY ETF,UTINIFTINAV,1,0.01,UTINIFTINAV
BSE,bse_cm,LICE50INAV,199044,E,INAV -LIC MF ETF NIFTY 50,LICE50INAV,1,0.01,LICE50INAV
BSE,bse_cm,LICETFINAV,199045,E,INAV -LIC MF ETF- SENSEX,LICETFINAV,1,0.01,LICETFINAV
BSE,bse_cm,HDNIFINAV,199046,E,INAV HDFC Nifty ETF,HDNIFINAV,1,0.01,HDNIFINAV
BSE,bse_cm,SXETFINAV,199047,E,INAV HDFC SENSEX ETF - OPEN,SXETFINAV,1,0.01,SXETFINAV
BSE,bse_cm,LICFNHINAV,199048,E,INAV -LIC MF ETF Nifty 100,LICFNHINAV,1,0.01,LICFNHINAV
BSE,bse_cm,ICICINVINAV,199049,E,INAV ICICI Prudential NV20,ICICINVINAV,1,0.01,ICICINVINAV
BSE,bse_cm,ICICIMCINAV,199050,E,INAV ICICI Prudntial Midca,ICICIMCINAV,1,0.01,ICICIMCINAV
BSE,bse_cm,BSLSENEINAV,199051,E,INAV BIRLA SUN LIFE SENSEX,BSLSENEINAV,1,0.01,BSLSENEINAV
BSE,bse_cm,IDFSENSINAV,199052,E,INAV IDFC SENSEX ETF,IDFSENSINAV,1,0.01,IDFSENSINAV
BSE,bse_cm,ICICILOINAV,199053,E,INAV ICICI Prudentil Nifty,ICICILOINAV,1,0.01,ICICILOINAV
BSE,bse_cm,UTINEXTINAV,199054,E,INAV UTI Nifty Next 50 ETF,UTINEXTINAV,1,0.01,UTINEXTINAV
BSE,bse_cm,ICICIB2INAV,199055,E,INAV BHARAT 22 ETF,ICICIB2INAV,1,0.01,ICICIB2INAV
BSE,bse_cm,LIQUIDEINAV,199056,E,INAV DSP LIQUID ETF,LIQUIDEINAV,1,0.01,LIQUIDEINAV
BSE,bse_cm,ICICI50INAV,199057,E,INAV ICICI Prudential S&P B,ICICI50INAV,1,0.01,ICICI50INAV
BSE,bse_cm,ICICINXINAV,199058,E,INAV ICICIPrudentialNifty,ICICINXINAV,1,0.01,ICICINXINAV
BSE,bse_cm,ICICILIINAV,199059,E,INAV ICICI PRUDENTIAL LIQUI,ICICILIINAV,1,0.01,ICICILIINAV
BSE,bse_cm,SETFSN5INAV,199060,E,INAV SBI - ETF - SENSEX NEX,SETFSN5INAV,1,0.01,SETFSN5INAV
BSE,bse_cm,MAN50ETINAV,199061,E,INAV Mirae Asset Nifty 50 E,MAN50ETINAV,1,0.01,MAN50ETINAV
BSE,bse_cm,ABSLNN5INAV,199062,E,INAV Aditya BirlaSun Life,ABSLNN5INAV,1,0.01,ABSLNN5INAV
BSE,bse_cm,UTISXN5INAV,199063,E,INAV UTI S&P BSE Sensex Nex,UTISXN5INAV,1,0.01,UTISXN5INAV
BSE,bse_cm,ICICIPBINAV,199064,E,INAV ICICI Prudential Bank,ICICIPBINAV,1,0.01,ICICIPBINAV
BSE,bse_cm,SNXT50BINAV,199065,E,INAV NIPPON INDIA ETF SENSE,SNXT50BINAV,1,0.01,SNXT50BINAV
BSE,bse_cm,ICICIBAINAV,199066,E,INAV ICICI Prudential Priva,ICICIBAINAV,1,0.01,ICICIBAINAV
BSE,bse_cm,ABSLBANINAV,199067,E,INAV ADITYA BIRLA SUN LIFE,ABSLBANINAV,1,0.01,ABSLBANINAV
BSE,bse_cm,EBBET0INAV,199068,E,INAV BHARAT Bond ETF - Apri,EBBET0INAV,1,0.01,EBBET0INAV
BSE,bse_cm,EBETF0INAV,199069,E,INAV BHARAT BondETF - Apri,EBETF0INAV,1,0.01,EBETF0INAV
BSE,bse_cm,ICICIM1INAV,199070,E,INAV ICICI Prudential Midca,ICICIM1INAV,1,0.01,ICICIM1INAV
BSE,bse_cm,MANXT50INAV,199071,E,INAV Mirae Asset Nifty Next,MANXT50INAV,1,0.01,MANXT50INAV
BSE,bse_cm,EBBETAINAV,199072,E,INAV BHARATBOND ETF APRI,EBBETAINAV,1,0.01,EBBETAINAV
BSE,bse_cm,EBBETF0INAV,199073,E,INAV BHARAT BOND ETF APRIL,EBBETF0INAV,1,0.01,EBBETF0INAV
BSE,bse_cm,ICICIALINAV,199074,E,INAV ICICI Prudential Alph,ICICIALINAV,1,0.01,ICICIALINAV
BSE,bse_cm,ICICITEINAV,199075,E,INAV ICICI Prudential IT ET,ICICITEINAV,1,0.01,ICICITEINAV
BSE,bse_cm,HBANKETINAV,199076,E,INAV HDFC Banking ETF,HBANKETINAV,1,0.01,HBANKETINAV
BSE,bse_cm,UTIBANKINAV,199077,E,INAV UTI Bank Exchange Trad,UTIBANKINAV,1,0.01,UTIBANKINAV
BSE,bse_cm,MAESGETINAV,199078,E,INAV Mirae Asset ESG Sector,MAESGETINAV,1,0.01,MAESGETINAV
BSE,bse_cm,MOGSECINAV,199079,E,INAV Motilal Oswal 5 Year G,MOGSECINAV,1,0.01,MOGSECINAV
BSE,bse_cm,INFRABEINAV,199080,E,INAV NIPPON INDIA  ETF INFR,INFRABEINAV,1,0.01,INFRABEINAV
BSE,bse_cm,MAFANGINAV,199081,E,INAV Mirae Asset NYSE FANG+,MAFANGINAV,1,0.01,MAFANGINAV
BSE,bse_cm,ICICIPHINAV,199082,E,INAV ICICI Prudential Healt,ICICIPHINAV,1,0.01,ICICIPHINAV
BSE,bse_cm,MAFSETFINAV,199083,E,INAV Mirae Asset Nifty Fina,MAFSETFINAV,1,0.01,MAFSETFINAV
BSE,bse_cm,ICICIFMINAV,199084,E,INAV ICICI Prudential FMCG,ICICIFMINAV,1,0.01,ICICIFMINAV
BSE,bse_cm,AXISTECINAV,199085,E,INAV AXIS TECHNOLOGY ETF,AXISTECINAV,1,0.01,AXISTECINAV
BSE,bse_cm,AXISHETINAV,199086,E,INAV AXIS HEALTHCARE ETF,AXISHETINAV,1,0.01,AXISHETINAV
BSE,bse_cm,AXISCETINAV,199087,E,INAV AXIS CONSUMPTION ETF,AXISCETINAV,1,0.01,AXISCETINAV
BSE,bse_cm,MASPTOPINAV,199088,E,INAV Mirae Asset S&P 500 To,MASPTOPINAV,1,0.01,MASPTOPINAV
BSE,bse_cm,ICICICOINAV,199089,E,INAV ICICI Prudential Consu,ICICICOINAV,1,0.01,ICICICOINAV
BSE,bse_cm,DSPNEWEINAV,199090,E,INAV DSP Nifty 50 Equal Wei,DSPNEWEINAV,1,0.01,DSPNEWEINAV
BSE,bse_cm,MAHKTECINAV,199091,E,INAV Mirae Asset Hang Seng,MAHKTECINAV,1,0.01,MAHKTECINAV
BSE,bse_cm,BBETF04INAV,199092,E,INAV Bharat Bond ETF- Apri,BBETF04INAV,1,0.01,BBETF04INAV
BSE,bse_cm,MONQ50INAV,199093,E,INAV Motilal Oswal Nasdaq Q,MONQ50INAV,1,0.01,MONQ50INAV
BSE,bse_cm,DSPQ50EINAV,199094,E,INAV DSP Nifty Midcap 150 Q,DSPQ50EINAV,1,0.01,DSPQ50EINAV
BSE,bse_cm,DSPN50INAV,199095,E,INAV DSP Nifty 50 ETF,DSPN50INAV,1,0.01,DSPN50INAV
BSE,bse_cm,ICICIAUINAV,199096,E,INAVICICI PrudentialNifty,ICICIAUINAV,1,0.01,ICICIAUINAV
BSE,bse_cm,MAMFGETINAV,199097,E,INAV Mirae Asset Nifty Indi,MAMFGETINAV,1,0.01,MAMFGETINAV
BSE,bse_cm,MOMOMENINAV,199098,E,INAV Motilal Oswal Nifty 20,MOMOMENINAV,1,0.01,MOMOMENINAV
BSE,bse_cm,TECHINAV,199099,E,INAV Aditya Birla Sunlife N,TECHINAV,1,0.01,TECHINAV
BSE,bse_cm,HEALTHYINAV,199100,E,INAV Aditya Birla SunLife,HEALTHYINAV,1,0.01,HEALTHYINAV
BSE,bse_cm,BSLNIFTINAV,199101,E,INAV AdityaBirla Sun Life,BSLNIFTINAV,1,0.01,BSLNIFTINAV
BSE,bse_cm,ICICI5GINAV,199102,E,INAV ICICI Prudential 5 YEA,ICICI5GINAV,1,0.01,ICICI5GINAV
BSE,bse_cm,MAM150EINAV,199103,E,INAV Mirae Asset Nifty Midc,MAM150EINAV,1,0.01,MAM150EINAV
BSE,bse_cm,MOLOWVOINAV,199104,E,INAV Motilal Oswal S&P BSE,MOLOWVOINAV,1,0.01,MOLOWVOINAV
BSE,bse_cm,ICICSENNAV,199105,E,INAV ICICI Prudential Sense,ICICSENNAV,1,0.01,ICICSENNAV
BSE,bse_cm,LIQUIDBINAV,199106,E,INAV NIPPON INDIA ETF LIQUI,LIQUIDBINAV,1,0.01,LIQUIDBINAV
BSE,bse_cm,NIFTYBEINAV,199107,E,INAV NIPPONINDIA ETF NIFTY,NIFTYBEINAV,1,0.01,NIFTYBEINAV
BSE,bse_cm,JUNIORBINAV,199108,E,INAV NIPPON INDIA ETF JUNIO,JUNIORBINAV,1,0.01,JUNIORBINAV
BSE,bse_cm,BANKBEEINAV,199109,E,INAV NIPPON INDIA ETF BANK,BANKBEEINAV,1,0.01,BANKBEEINAV
BSE,bse_cm,KOTAKPSINAV,199110,E,INAV KOTAK PSU BK ETF,KOTAKPSINAV,1,0.01,KOTAKPSINAV
BSE,bse_cm,PSUBNKBINAV,199111,E,INAV NIPPON INDIA ETF PSU B,PSUBNKBINAV,1,0.01,PSUBNKBINAV
BSE,bse_cm,SHARIABINAV,199112,E,INAV NIPPON INDIA ETF SHARI,SHARIABINAV,1,0.01,SHARIABINAV
BSE,bse_cm,QNIFTYINAV,199113,E,INAV QUANTUM INDX ETF,QNIFTYINAV,1,0.01,QNIFTYINAV
BSE,bse_cm,MOM50INAV,199114,E,INAV Motilal Oswal M50 ETF,MOM50INAV,1,0.01,MOM50INAV
BSE,bse_cm,KOTAKBKINAV,199115,E,INAV Kotak Banking ETF - Di,KOTAKBKINAV,1,0.01,KOTAKBKINAV
BSE,bse_cm,SETFNIFINAV,199116,E,INAV SBI-ETF NIFTY BANK,SETFNIFINAV,1,0.01,SETFNIFINAV
BSE,bse_cm,SETFN50INAV,199117,E,INAV SBI-ETF NIFTY 50,SETFN50INAV,1,0.01,SETFN50INAV
BSE,bse_cm,MOHEALTINAV,199118,E,INAVMotilalOswS&PBSEHealthcETF,MOHEALTINAV,1,0.01,MOHEALTINAV
BSE,bse_cm,ICMOM30INAV,199119,E,INAVICICIPruNi200MomETF,ICMOM30INAV,1,0.01,ICMOM30INAV
BSE,bse_cm,HDFF100INAV,199120,E,INAVHDFC NIFTY 100 ETF,HDFF100INAV,1,0.01,HDFF100INAV
BSE,bse_cm,HDFNX50INAV,199121,E,INAV HDFC NIFTY Next 50 ETF,HDFNX50INAV,1,0.01,HDFNX50INAV
BSE,bse_cm,ICICINFNAV,199122,E,INAV ICICI PRU NIFTY INFRA ETF,ICICINFNAV,1,0.01,ICICINFNAV
BSE,bse_cm,DSPSILINAV,199123,E,INAVDSPSILVERETF,DSPSILINAV,1,0.01,DSPSILINAV
BSE,bse_cm,NIFQTYINAV,199124,E,INAV ABSL NIFTY 200 QTY 30 ETF,NIFQTYINAV,1,0.01,NIFQTYINAV
BSE,bse_cm,MOM30INAV,199125,E,INAV ABSL NIFTY 200 MOM 30 ETF,MOM30INAV,1,0.01,MOM30INAV
BSE,bse_cm,MOQUALTINAV,199126,E,INAV MO S&P BSE QUALITY ETF,MOQUALTINAV,1,0.01,MOQUALTINAV
BSE,bse_cm,MOVALUEINAV,199127,E,INAV MO S&P BSE EN VALUE ETF,MOVALUEINAV,1,0.01,MOVALUEINAV
BSE,bse_cm,HDFCSIINAV,199128,E,INAVHDFCSILVERETF,HDFCSIINAV,1,0.01,HDFCSIINAV
BSE,bse_cm,HDFQUALINAV,199129,E,INAVHDFCQUALETF,HDFQUALINAV,1,0.01,HDFQUALINAV
BSE,bse_cm,HDFGROWINAV,199130,E,INAVHDFCGROWETF,HDFGROWINAV,1,0.01,HDFGROWINAV
BSE,bse_cm,HDFVALUINAV,199131,E,INAV HDFCVALUEETF,HDFVALUINAV,1,0.01,HDFVALUINAV
BSE,bse_cm,HDFMOMEINAV,199132,E,INAVHDFCMOMENT,HDFMOMEINAV,1,0.01,HDFMOMEINAV
BSE,bse_cm,HDFCLOLINAV,199133,E,INAVHDFCLOWVOL,HDFCLOLINAV,1,0.01,HDFCLOLINAV
BSE,bse_cm,HDFCBANINAV,199134,E,INAVHDFCPVTBAN,HDFCBANINAV,1,0.01,HDFCBANINAV
BSE,bse_cm,HDFCNITINAV,199135,E,INAVHDFCNIFIT,HDFCNITINAV,1,0.01,HDFCNITINAV
BSE,bse_cm,ICICINAV,199136,E,INAVICICI Prudential Mutual ,ICICINAV,1,0.01,ICICINAV
BSE,bse_cm,EBBEINAV,199137,E,INAVEdelweiss Mutual Fund,EBBEINAV,1,0.01,EBBEINAV
BSE,bse_cm,ICIC01INAV,199138,E,INAVICICI Prudential Mutual 01,ICIC01INAV,1,0.01,ICIC01INAV
BSE,bse_cm,ICIC02INAV,199139,E,INAVICICI Prudential Mutual 02,ICIC02INAV,1,0.01,ICIC02INAV
BSE,bse_cm,DSPBINAV,199140,E,INAVDSP Mutual Fund,DSPBINAV,1,0.01,DSPBINAV
BSE,bse_cm,HDFCINAV,199141,E,INAVHDFC Mutual Fund,HDFCINAV,1,0.01,HDFCINAV
BSE,bse_cm,HDFC01INAV,199142,E,INAVHDFC Mutual Fund01,HDFC01INAV,1,0.01,HDFC01INAV
BSE,bse_cm,HDFC02INAV,199143,E,INAVHDFC Mutual Fund02,HDFC02INAV,1,0.01,HDFC02INAV
BSE,bse_cm,MAGOINAV,199144,E,INAVMirae Asset Mutual Fund,MAGOINAV,1,0.01,MAGOINAV
BSE,bse_cm,PSUBINAV,199145,E,INAVICICI Prudential Mutual ,PSUBINAV,1,0.01,PSUBINAV
BSE,bse_cm,ABSLINAV,199146,E,INAVAditya Birla Sun Life Mu,ABSLINAV,1,0.01,ABSLINAV
BSE,bse_cm,AXISINAV,199147,E,INAVAxis Mutual Fund,AXISINAV,1,0.01,AXISINAV
BSE,bse_cm,MANVINAV,199148,E,INAVMirae Asset Mutual Fund,MANVINAV,1,0.01,MANVINAV
BSE,bse_cm,MAGSINAV,199149,E,INAVMirae Asset Mutual Fund,MAGSINAV,1,0.01,MAGSINAV
BSE,bse_cm,SILVINAV,199150,E,INAVUTI Mutual Fund,SILVINAV,1,0.01,SILVINAV
BSE,bse_cm,DSPGINAV,199151,E,INAVDSP Mutual Fund,DSPGINAV,1,0.01,DSPGINAV
BSE,bse_cm,MASIINAV,199152,E,INAVMirae Asset Mutual Fund,MASIINAV,1,0.01,MASIINAV
BSE,bse_cm,DSPIINAV,199153,E,INAVDSP Mutual Fund,DSPIINAV,1,0.01,DSPIINAV
BSE,bse_cm,BANKINAV,199154,E,INAVMirae Asset Mutual Fund,BANKINAV,1,0.01,BANKINAV
BSE,bse_cm,LIQUINAV,199155,E,INAVMirae Asset Mutual Fund,LIQUINAV,1,0.01,LIQUINAV
BSE,bse_cm,DSPPINAV,199156,E,INAVDSP Mutual Fund,DSPPINAV,1,0.01,DSPPINAV
BSE,bse_cm,DSPSINAV,199157,E,INAVDSP Mutual Fund,DSPSINAV,1,0.01,DSPSINAV
BSE,bse_cm,DSPP01INAV,199158,E,INAVDSP Mutual Fund01,DSPP01INAV,1,0.01,DSPP01INAV
BSE,bse_cm,ICIC03INAV,199159,E,INAVICICI Prudential Mutual 03,ICIC03INAV,1,0.01,ICIC03INAV
BSE,bse_cm,HDFC03INAV,199160,E,INAVHDFC Mutual Fund03,HDFC03INAV,1,0.01,HDFC03INAV
BSE,bse_cm,NIFMINAV,199161,E,INAVUTI Mutual Fund,NIFMINAV,1,0.01,NIFMINAV
BSE,bse_cm,NAVIINAV,199162,E,INAVNavi Mutual Fund,NAVIINAV,1,0.01,NAVIINAV
BSE,bse_cm,SENSINAV,199163,E,INAVMirae Asset Mutual Fund,SENSINAV,1,0.01,SENSINAV
BSE,bse_cm,ALPHINAV,199164,E,INAVMirae Asset Mutual Fund,ALPHINAV,1,0.01,ALPHINAV
BSE,bse_cm,ITETINAV,199165,E,INAVMirae Asset Mutual Fund,ITETINAV,1,0.01,ITETINAV
BSE,bse_cm,LIQU01INAV,199166,E,INAVSBI Mutual Fund01,LIQU01INAV,1,0.01,LIQU01INAV
BSE,bse_cm,BBNPINAV,199167,E,INAVBARODA BNP PARIBAS MUTUA,BBNPINAV,1,0.01,BBNPINAV
BSE,bse_cm,LIQU02INAV,199168,E,INAVZerodha Mutual Fund02,LIQU02INAV,1,0.01,LIQU02INAV
BSE,bse_cm,BANK01INAV,199169,E,INAVBajaj Finserv Mutual Fun01,BANK01INAV,1,0.01,BANK01INAV
BSE,bse_cm,NIFTINAV,199170,E,INAVBajaj Finserv Mutual Fun,NIFTINAV,1,0.01,NIFTINAV
BSE,bse_cm,NIFIINAV,199171,E,INAVUTI Mutual Fund,NIFIINAV,1,0.01,NIFIINAV
BSE,bse_cm,NIF1INAV,199172,E,INAVUTI Mutual Fund,NIF1INAV,1,0.01,NIF1INAV
BSE,bse_cm,NIF5INAV,199173,E,INAVUTI Mutual Fund,NIF5INAV,1,0.01,NIF5INAV
BSE,bse_cm,HEALINAV,199174,E,INAVDSP Mutual Fund,HEALINAV,1,0.01,HEALINAV
BSE,bse_cm,HDFC04INAV,199175,E,INAVHDFC Mutual Fund04,HDFC04INAV,1,0.01,HDFC04INAV
BSE,bse_cm,LICNINAV,199176,E,INAVLIC Mutual Fund,LICNINAV,1,0.01,LICNINAV
BSE,bse_cm,SMALINAV,199177,E,INAVMirae Asset Mutual Fund,SMALINAV,1,0.01,SMALINAV
BSE,bse_cm,GOLDINAV,199178,E,INAVZerodha Mutual Fund,GOLDINAV,1,0.01,GOLDINAV
BSE,bse_cm,LIQU03INAV,199179,E,INAVDSP Mutual Fund03,LIQU03INAV,1,0.01,LIQU03INAV
BSE,bse_cm,MIDSINAV,199180,E,INAVMirae Asset Mutual Fund,MIDSINAV,1,0.01,MIDSINAV
BSE,bse_cm,LIQU04INAV,199181,E,INAVBajaj Finserv Mutual Fun04,LIQU04INAV,1,0.01,LIQU04INAV
BSE,bse_cm,TOP1INAV,199182,E,INAVZerodha Mutual Fund,TOP1INAV,1,0.01,TOP1INAV
BSE,bse_cm,MID1INAV,199183,E,INAVZerodha Mutual Fund,MID1INAV,1,0.01,MID1INAV
BSE,bse_cm,BBNP01INAV,199184,E,INAVBARODA BNP PARIBAS MUTUA01,BBNP01INAV,1,0.01,BBNP01INAV
BSE,bse_cm,SBISINAV,199185,E,INAVSBI Mutual Fund,SBISINAV,1,0.01,SBISINAV
BSE,bse_cm,LIQU05INAV,199186,E,INAVShriram Mutual Fund05,LIQU05INAV,1,0.01,LIQU05INAV
BSE,bse_cm,ABGSINAV,199187,E,INAVAditya Birla Sun Life Mu,ABGSINAV,1,0.01,ABGSINAV
BSE,bse_cm,EVININAV,199188,E,INAVMirae Asset Mutual Fund,EVININAV,1,0.01,EVININAV
BSE,bse_cm,SBININAV,199189,E,INAVSBI Mutual Fund,SBININAV,1,0.01,SBININAV
BSE,bse_cm,OILIINAV,199190,E,INAVICICI Prudential Mutual ,OILIINAV,1,0.01,OILIINAV
BSE,bse_cm,ABSL01INAV,199191,E,INAVAditya Birla Sun Life Mu01,ABSL01INAV,1,0.01,ABSL01INAV
BSE,bse_cm,GSECINAV,199192,E,INAVAditya Birla Sun Life Mu,GSECINAV,1,0.01,GSECINAV
BSE,bse_cm,METAINAV,199193,E,INAVICICI Prudential Mutual ,METAINAV,1,0.01,METAINAV
BSE,bse_cm,MULTINAV,199194,E,INAVMirae Asset Mutual Fund,MULTINAV,1,0.01,MULTINAV
BSE,bse_cm,TOP101INAV,199195,E,INAVDSP Mutual Fund01,TOP101INAV,1,0.01,TOP101INAV
BSE,bse_cm,BANK02INAV,199196,E,INAVMirae Asset Mutual Fund02,BANK02INAV,1,0.01,BANK02INAV
BSE,bse_cm,META01INAV,199197,E,INAVMirae Asset Mutual Fund01,META01INAV,1,0.01,META01INAV
BSE,bse_cm,VAL3INAV,199198,E,INAVICICI Prudential Mutual ,VAL3INAV,1,0.01,VAL3INAV
BSE,bse_cm,LIQU06INAV,199199,E,INAVMirae Asset Mutual Fund06,LIQU06INAV,1,0.01,LIQU06INAV
BSE,bse_cm,CONSINAV,199200,E,INAVMirae Asset Mutual Fund,CONSINAV,1,0.01,CONSINAV
BSE,bse_cm,ECAPINAV,199201,E,INAVEdelweiss Mutual Fund,ECAPINAV,1,0.01,ECAPINAV
BSE,bse_cm,NEXTINAV,199202,E,INAVDSP Mutual Fund,NEXTINAV,1,0.01,NEXTINAV
BSE,bse_cm,UNIOINAV,199203,E,INAVUNION MUTUAL FUND,UNIOINAV,1,0.01,UNIOINAV
BSE,bse_cm,GOLD01INAV,199204,E,INAV360 ONE Mutual Fund01,GOLD01INAV,1,0.01,GOLD01INAV
BSE,bse_cm,SELEINAV,199205,E,INAVMirae Asset Mutual Fund,SELEINAV,1,0.01,SELEINAV
BSE,bse_cm,EQUAINAV,199206,E,INAVMirae Asset Mutual Fund,EQUAINAV,1,0.01,EQUAINAV
BSE,bse_cm,CASHINAV,199207,E,INAVICICI Prudential Mutual ,CASHINAV,1,0.01,CASHINAV
BSE,bse_cm,AXIS01INAV,199208,E,INAVAxis Mutual Fund01,AXIS01INAV,1,0.01,AXIS01INAV
BSE,bse_cm,SILV01INAV,199209,E,INAVZerodha Mutual Fund01,SILV01INAV,1,0.01,SILV01INAV
BSE,bse_cm,SBIBINAV,199210,E,INAVSBI Mutual Fund,SBIBINAV,1,0.01,SBIBINAV
BSE,bse_cm,SILV02INAV,199211,E,INAV360 ONE Mutual Fund02,SILV02INAV,1,0.01,SILV02INAV
BSE,bse_cm,EVIEINAV,199212,E,INAVICICI Prudential Mutual ,EVIEINAV,1,0.01,EVIEINAV
BSE,bse_cm,EQUA01INAV,199213,E,INAVMirae Asset Mutual Fund01,EQUA01INAV,1,0.01,EQUA01INAV
BSE,bse_cm,SNXTINAV,199214,E,INAVNippon India Mutual Fund,SNXTINAV,1,0.01,SNXTINAV
BSE,bse_cm,TOP102INAV,199215,E,INAVICICI Prudential Mutual 02,TOP102INAV,1,0.01,TOP102INAV
BSE,bse_cm,INTEINAV,199216,E,INAVMirae Asset Mutual Fund,INTEINAV,1,0.01,INTEINAV
BSE,bse_cm,GROWINAV,199217,E,INAVGroww Mutual Fund,GROWINAV,1,0.01,GROWINAV
BSE,bse_cm,SBILINAV,199218,E,INAVSBI Mutual Fund,SBILINAV,1,0.01,SBILINAV
BSE,bse_cm,LTGIINAV,199219,E,INAVZerodha Mutual Fund,LTGIINAV,1,0.01,LTGIINAV
BSE,bse_cm,MANUINAV,199220,E,INAVNippon India Mutual Fund,MANUINAV,1,0.01,MANUINAV
BSE,bse_cm,LIQU07INAV,199221,E,INAVKotak Mahindra Mutual Fu07,LIQU07INAV,1,0.01,LIQU07INAV
BSE,bse_cm,TATAINAV,199222,E,INAVTata Mutual Fund - Permi,TATAINAV,1,0.01,TATAINAV
BSE,bse_cm,SML1INAV,199223,E,INAVZerodha Mutual Fund,SML1INAV,1,0.01,SML1INAV
BSE,bse_cm,ITBEINAV,199224,E,INAVNippon India Mutual Fund,ITBEINAV,1,0.01,ITBEINAV
BSE,bse_cm,SILV03INAV,199225,E,INAVNippon India Mutual Fund03,SILV03INAV,1,0.01,SILV03INAV
BSE,bse_cm,PHARINAV,199226,E,INAVNippon India Mutual Fund,PHARINAV,1,0.01,PHARINAV
BSE,bse_cm,LTGI01INAV,199227,E,INAVNippon India Mutual Fund01,LTGI01INAV,1,0.01,LTGI01INAV
BSE,bse_cm,MID101INAV,199228,E,INAVNippon India Mutual Fund01,MID101INAV,1,0.01,MID101INAV
BSE,bse_cm,ELIQINAV,199229,E,INAVEdelweiss Mutual Fund,ELIQINAV,1,0.01,ELIQINAV
BSE,bse_cm,FLEXINAV,199230,E,INAVDSP Mutual Fund,FLEXINAV,1,0.01,FLEXINAV
BSE,bse_cm,NIFT01INAV,199231,E,INAVZerodha Mutual Fund01,NIFT01INAV,1,0.01,NIFT01INAV
BSE,bse_cm,CHOIINAV,199232,E,INAVChoice Mutual Fund,CHOIINAV,1,0.01,CHOIINAV
BSE,bse_cm,ENERINAV,199233,E,INAVMirae Asset Mutual Fund,ENERINAV,1,0.01,ENERINAV
BSE,bse_cm,SMAL01INAV,199234,E,INAVMirae Asset Mutual Fund01,SMAL01INAV,1,0.01,SMAL01INAV
BSE,bse_cm,ESENINAV,199235,E,INAVEdelweiss Mutual Fund,ESENINAV,1,0.01,ESENINAV
BSE,bse_cm,MSCIINAV,199236,E,INAVDSP Mutual Fund,MSCIINAV,1,0.01,MSCIINAV
BSE,bse_cm,GOLD02INAV,199237,E,INAVBandhan Mutual Fund02,GOLD02INAV,1,0.01,GOLD02INAV
BSE,bse_cm,SILV04INAV,199238,E,INAVBandhan Mutual Fund04,SILV04INAV,1,0.01,SILV04INAV
BSE,bse_cm,TSIFINAV,199239,E,INAVTata Mutual Fund,TSIFINAV,1,0.01,TSIFINAV
BSE,bse_cm,TSIF01INAV,199240,E,INAVTata Mutual Fund01,TSIF01INAV,1,0.01,TSIF01INAV
BSE,bse_cm,TSIF02INAV,199241,E,INAVTata Mutual Fund02,TSIF02INAV,1,0.01,TSIF02INAV
BSE,bse_cm,TSIF03INAV,199242,E,INAVTata Mutual Fund03,TSIF03INAV,1,0.01,TSIF03INAV
BSE,bse_cm,TSIF04INAV,199243,E,INAVTata Mutual Fund04,TSIF04INAV,1,0.01,TSIF04INAV
BSE,bse_cm,SMAL02INAV,199244,E,INAVDSP Mutual Fund02,SMAL02INAV,1,0.01,SMAL02INAV
BSE,bse_cm,MIDCINAV,199245,E,INAVDSP Mutual Fund,MIDCINAV,1,0.01,MIDCINAV
BSE,bse_cm,DIVIINAV,199246,E,INAVMirae Asset Mutual Fund,DIVIINAV,1,0.01,DIVIINAV
BSE,bse_cm,TOP2INAV,199247,E,INAVMirae Asset Mutual Fund,TOP2INAV,1,0.01,TOP2INAV
BSE,bse_cm,TWCGINAV,199248,E,INAVThe Wealth Company Mutua,TWCGINAV,1,0.01,TWCGINAV
BSE,bse_cm,NEXT01INAV,199249,E,INAVDSP Mutual Fund01,NEXT01INAV,1,0.01,NEXT01INAV
BSE,bse_cm,MOSMINAV,199250,E,INAVMotilal Oswal Mutual Fun,MOSMINAV,1,0.01,MOSMINAV
BSE,bse_cm,MOGOINAV,199251,E,INAVMotilal Oswal Mutual Fun,MOGOINAV,1,0.01,MOGOINAV
BSE,bse_cm,MOCAINAV,199252,E,INAVMotilal Oswal Mutual Fun,MOCAINAV,1,0.01,MOCAINAV
BSE,bse_cm,MODEINAV,199253,E,INAVMotilal Oswal Mutual Fun,MODEINAV,1,0.01,MODEINAV
BSE,bse_cm,MOMEINAV,199254,E,INAVMotilal Oswal Mutual Fun,MOMEINAV,1,0.01,MOMEINAV
BSE,bse_cm,MOSIINAV,199255,E,INAVMotilal Oswal Mutual Fun,MOSIINAV,1,0.01,MOSIINAV
BSE,bse_cm,MONIINAV,199256,E,INAVMotilal Oswal Mutual Fun,MONIINAV,1,0.01,MONIINAV
BSE,bse_cm,MOREINAV,199257,E,INAVMotilal Oswal Mutual Fun,MOREINAV,1,0.01,MOREINAV
BSE,bse_cm,ALPH01INAV,199258,E,INAVKotak Mahindra Mutual Fu01,ALPH01INAV,1,0.01,ALPH01INAV
BSE,bse_cm,HEAL01INAV,199259,E,INAVMirae Asset Mutual Fund01,HEAL01INAV,1,0.01,HEAL01INAV
BSE,bse_cm,INFRINAV,199260,E,INAVMirae Asset Mutual Fund,INFRINAV,1,0.01,INFRINAV
BSE,bse_cm,DEFEINAV,199261,E,INAVMirae Asset Mutual Fund,DEFEINAV,1,0.01,DEFEINAV
BSE,bse_cm,ABSL02INAV,199262,E,INAVAditya Birla Sun Life Mu02,ABSL02INAV,1,0.01,ABSL02INAV
BSE,bse_cm,ABSL03INAV,199263,E,INAVAditya Birla Sun Life Mu03,ABSL03INAV,1,0.01,ABSL03INAV
BSE,bse_cm,GROW01INAV,199264,E,INAVGroww Mutual Fund01,GROW01INAV,1,0.01,GROW01INAV
BSE,bse_cm,SBIMINAV,199265,E,INAVSBI Mutual Fund,SBIMINAV,1,0.01,SBIMINAV
BSE,bse_cm,BANK03INAV,199266,E,INAVDSP Mutual Fund03,BANK03INAV,1,0.01,BANK03INAV
BSE,bse_cm,VALUINAV,199267,E,INAVMirae Asset Mutual Fund,VALUINAV,1,0.01,VALUINAV
BSE,bse_cm,HSBCINAV,199268,E,INAVHSBC Mutual Fund,HSBCINAV,1,0.01,HSBCINAV
BSE,bse_cm,SBIN01INAV,199269,E,INAVSBI Mutual Fund01,SBIN01INAV,1,0.01,SBIN01INAV
BSE,bse_cm,GROW02INAV,199270,E,INAVGROWW MUTUAL FUND  PERMI02,GROW02INAV,1,0.01,GROW02INAV
BSE,bse_cm,GROW03INAV,199271,E,INAVGROWW MUTUAL FUND  PERMI03,GROW03INAV,1,0.01,GROW03INAV
BSE,bse_cm,GROW04INAV,199272,E,INAVGROWW MUTUAL FUND  PERMI04,GROW04INAV,1,0.01,GROW04INAV
BSE,bse_cm,GROW05INAV,199273,E,INAVGROWW MUTUAL FUND  PERMI05,GROW05INAV,1,0.01,GROW05INAV
BSE,bse_cm,GROW06INAV,199274,E,INAVGROWW MUTUAL FUND  PERMI06,GROW06INAV,1,0.01,GROW06INAV
BSE,bse_cm,FMCGINAV,199275,E,INAVDSP Mutual Fund,FMCGINAV,1,0.01,FMCGINAV
BSE,bse_cm,ENEXINAV,199276,E,INAVEdelweiss Mutual Fund,ENEXINAV,1,0.01,ENEXINAV
BSE,bse_cm,SBIVINAV,199277,E,INAVSBI Mutual Fund,SBIVINAV,1,0.01,SBIVINAV
BSE,bse_cm,SBIS01INAV,199278,E,INAVSBI Mutual Fund01,SBIS01INAV,1,0.01,SBIS01INAV
BSE,bse_cm,NETFINAV,199279,E,INAVTata Mutual Fund - Permi,NETFINAV,1,0.01,NETFINAV
BSE,bse_cm,TATSINAV,199280,E,INAVTata Mutual Fund - Permi,TATSINAV,1,0.01,TATSINAV
BSE,bse_cm,MSCI01INAV,199281,E,INAV360 ONE Mutual Fund01,MSCI01INAV,1,0.01,MSCI01INAV
BSE,bse_cm,SMAL03INAV,199282,E,INAVICICI Prudential Mutual 03,SMAL03INAV,1,0.01,SMAL03INAV
BSE,bse_cm,BANK04INAV,199283,E,INAVBajaj Finserv Mutual Fun04,BANK04INAV,1,0.01,BANK04INAV
BSE,bse_cm,LIQU08INAV,199284,E,INAVUTI Mutual Fund08,LIQU08INAV,1,0.01,LIQU08INAV
BSE,bse_cm,MOMMINAV,199285,E,INAVMirae Asset Mutual Fund,MOMMINAV,1,0.01,MOMMINAV
BSE,bse_cm,HYBRINAV,199286,E,INAVMirae Asset Mutual Fund,HYBRINAV,1,0.01,HYBRINAV
BSE,bse_cm,HDFC05INAV,199287,E,INAVHDFC Mutual Fund05,HDFC05INAV,1,0.01,HDFC05INAV
,,,,,,,,,
